circuit_reference,circuit_name,circuit_location,circuit_country,circuit_lat,circuit_lng,circuit_alt,raceId,year,race_name,race_date,race_time
albert_park,Albert Park Grand Prix Circuit,Melbourne,Australia,-37.8497,144.968,10,1,2009,Australian Grand Prix,3/29/2009,6:00:00
albert_park,Albert Park Grand Prix Circuit,Melbourne,Australia,-37.8497,144.968,10,18,2008,Australian Grand Prix,3/16/2008,4:30:00
albert_park,Albert Park Grand Prix Circuit,Melbourne,Australia,-37.8497,144.968,10,36,2007,Australian Grand Prix,3/18/2007,3:00:00
albert_park,Albert Park Grand Prix Circuit,Melbourne,Australia,-37.8497,144.968,10,55,2006,Australian Grand Prix,4/2/2006,14:00:00
albert_park,Albert Park Grand Prix Circuit,Melbourne,Australia,-37.8497,144.968,10,71,2005,Australian Grand Prix,3/6/2005,14:00:00
albert_park,Albert Park Grand Prix Circuit,Melbourne,Australia,-37.8497,144.968,10,90,2004,Australian Grand Prix,3/7/2004,\N
albert_park,Albert Park Grand Prix Circuit,Melbourne,Australia,-37.8497,144.968,10,108,2003,Australian Grand Prix,3/9/2003,\N
albert_park,Albert Park Grand Prix Circuit,Melbourne,Australia,-37.8497,144.968,10,124,2002,Australian Grand Prix,3/3/2002,\N
albert_park,Albert Park Grand Prix Circuit,Melbourne,Australia,-37.8497,144.968,10,141,2001,Australian Grand Prix,3/4/2001,\N
albert_park,Albert Park Grand Prix Circuit,Melbourne,Australia,-37.8497,144.968,10,158,2000,Australian Grand Prix,3/12/2000,\N
albert_park,Albert Park Grand Prix Circuit,Melbourne,Australia,-37.8497,144.968,10,175,1999,Australian Grand Prix,3/7/1999,\N
albert_park,Albert Park Grand Prix Circuit,Melbourne,Australia,-37.8497,144.968,10,191,1998,Australian Grand Prix,3/8/1998,\N
albert_park,Albert Park Grand Prix Circuit,Melbourne,Australia,-37.8497,144.968,10,207,1997,Australian Grand Prix,3/9/1997,\N
albert_park,Albert Park Grand Prix Circuit,Melbourne,Australia,-37.8497,144.968,10,224,1996,Australian Grand Prix,3/10/1996,\N
albert_park,Albert Park Grand Prix Circuit,Melbourne,Australia,-37.8497,144.968,10,338,2010,Australian Grand Prix,3/28/2010,6:00:00
albert_park,Albert Park Grand Prix Circuit,Melbourne,Australia,-37.8497,144.968,10,841,2011,Australian Grand Prix,3/27/2011,6:00:00
albert_park,Albert Park Grand Prix Circuit,Melbourne,Australia,-37.8497,144.968,10,860,2012,Australian Grand Prix,3/18/2012,6:00:00
albert_park,Albert Park Grand Prix Circuit,Melbourne,Australia,-37.8497,144.968,10,880,2013,Australian Grand Prix,3/17/2013,6:00:00
albert_park,Albert Park Grand Prix Circuit,Melbourne,Australia,-37.8497,144.968,10,900,2014,Australian Grand Prix,3/16/2014,6:00:00
albert_park,Albert Park Grand Prix Circuit,Melbourne,Australia,-37.8497,144.968,10,926,2015,Australian Grand Prix,3/15/2015,5:00:00
albert_park,Albert Park Grand Prix Circuit,Melbourne,Australia,-37.8497,144.968,10,948,2016,Australian Grand Prix,3/20/2016,5:00:00
albert_park,Albert Park Grand Prix Circuit,Melbourne,Australia,-37.8497,144.968,10,969,2017,Australian Grand Prix,3/26/2017,5:00:00
albert_park,Albert Park Grand Prix Circuit,Melbourne,Australia,-37.8497,144.968,10,989,2018,Australian Grand Prix,3/25/2018,5:10:00
albert_park,Albert Park Grand Prix Circuit,Melbourne,Australia,-37.8497,144.968,10,1010,2019,Australian Grand Prix,3/17/2019,5:10:00
albert_park,Albert Park Grand Prix Circuit,Melbourne,Australia,-37.8497,144.968,10,1076,2022,Australian Grand Prix,4/10/2022,5:00:00
sepang,Sepang International Circuit,Kuala Lumpur,Malaysia,2.76083,101.738,18,2,2009,Malaysian Grand Prix,4/5/2009,9:00:00
sepang,Sepang International Circuit,Kuala Lumpur,Malaysia,2.76083,101.738,18,19,2008,Malaysian Grand Prix,3/23/2008,7:00:00
sepang,Sepang International Circuit,Kuala Lumpur,Malaysia,2.76083,101.738,18,37,2007,Malaysian Grand Prix,4/8/2007,7:00:00
sepang,Sepang International Circuit,Kuala Lumpur,Malaysia,2.76083,101.738,18,54,2006,Malaysian Grand Prix,3/19/2006,15:00:00
sepang,Sepang International Circuit,Kuala Lumpur,Malaysia,2.76083,101.738,18,72,2005,Malaysian Grand Prix,3/20/2005,15:00:00
sepang,Sepang International Circuit,Kuala Lumpur,Malaysia,2.76083,101.738,18,91,2004,Malaysian Grand Prix,3/21/2004,\N
sepang,Sepang International Circuit,Kuala Lumpur,Malaysia,2.76083,101.738,18,109,2003,Malaysian Grand Prix,3/23/2003,\N
sepang,Sepang International Circuit,Kuala Lumpur,Malaysia,2.76083,101.738,18,125,2002,Malaysian Grand Prix,3/17/2002,\N
sepang,Sepang International Circuit,Kuala Lumpur,Malaysia,2.76083,101.738,18,142,2001,Malaysian Grand Prix,3/18/2001,\N
sepang,Sepang International Circuit,Kuala Lumpur,Malaysia,2.76083,101.738,18,174,2000,Malaysian Grand Prix,10/22/2000,\N
sepang,Sepang International Circuit,Kuala Lumpur,Malaysia,2.76083,101.738,18,189,1999,Malaysian Grand Prix,10/17/1999,\N
sepang,Sepang International Circuit,Kuala Lumpur,Malaysia,2.76083,101.738,18,339,2010,Malaysian Grand Prix,4/4/2010,8:00:00
sepang,Sepang International Circuit,Kuala Lumpur,Malaysia,2.76083,101.738,18,842,2011,Malaysian Grand Prix,4/10/2011,8:00:00
sepang,Sepang International Circuit,Kuala Lumpur,Malaysia,2.76083,101.738,18,861,2012,Malaysian Grand Prix,3/25/2012,8:00:00
sepang,Sepang International Circuit,Kuala Lumpur,Malaysia,2.76083,101.738,18,881,2013,Malaysian Grand Prix,3/24/2013,8:00:00
sepang,Sepang International Circuit,Kuala Lumpur,Malaysia,2.76083,101.738,18,901,2014,Malaysian Grand Prix,3/30/2014,8:00:00
sepang,Sepang International Circuit,Kuala Lumpur,Malaysia,2.76083,101.738,18,927,2015,Malaysian Grand Prix,3/29/2015,7:00:00
sepang,Sepang International Circuit,Kuala Lumpur,Malaysia,2.76083,101.738,18,963,2016,Malaysian Grand Prix,10/2/2016,7:00:00
sepang,Sepang International Circuit,Kuala Lumpur,Malaysia,2.76083,101.738,18,983,2017,Malaysian Grand Prix,10/1/2017,7:00:00
bahrain,Bahrain International Circuit,Sakhir,Bahrain,26.0325,50.5106,7,4,2009,Bahrain Grand Prix,4/26/2009,12:00:00
bahrain,Bahrain International Circuit,Sakhir,Bahrain,26.0325,50.5106,7,20,2008,Bahrain Grand Prix,4/6/2008,11:30:00
bahrain,Bahrain International Circuit,Sakhir,Bahrain,26.0325,50.5106,7,38,2007,Bahrain Grand Prix,4/15/2007,11:30:00
bahrain,Bahrain International Circuit,Sakhir,Bahrain,26.0325,50.5106,7,53,2006,Bahrain Grand Prix,3/12/2006,14:30:00
bahrain,Bahrain International Circuit,Sakhir,Bahrain,26.0325,50.5106,7,73,2005,Bahrain Grand Prix,4/3/2005,14:30:00
bahrain,Bahrain International Circuit,Sakhir,Bahrain,26.0325,50.5106,7,92,2004,Bahrain Grand Prix,4/4/2004,\N
bahrain,Bahrain International Circuit,Sakhir,Bahrain,26.0325,50.5106,7,337,2010,Bahrain Grand Prix,3/14/2010,12:00:00
bahrain,Bahrain International Circuit,Sakhir,Bahrain,26.0325,50.5106,7,863,2012,Bahrain Grand Prix,4/22/2012,12:00:00
bahrain,Bahrain International Circuit,Sakhir,Bahrain,26.0325,50.5106,7,883,2013,Bahrain Grand Prix,4/21/2013,12:00:00
bahrain,Bahrain International Circuit,Sakhir,Bahrain,26.0325,50.5106,7,902,2014,Bahrain Grand Prix,4/6/2014,15:00:00
bahrain,Bahrain International Circuit,Sakhir,Bahrain,26.0325,50.5106,7,929,2015,Bahrain Grand Prix,4/19/2015,15:00:00
bahrain,Bahrain International Circuit,Sakhir,Bahrain,26.0325,50.5106,7,949,2016,Bahrain Grand Prix,4/3/2016,15:00:00
bahrain,Bahrain International Circuit,Sakhir,Bahrain,26.0325,50.5106,7,971,2017,Bahrain Grand Prix,4/16/2017,15:00:00
bahrain,Bahrain International Circuit,Sakhir,Bahrain,26.0325,50.5106,7,990,2018,Bahrain Grand Prix,4/8/2018,15:10:00
bahrain,Bahrain International Circuit,Sakhir,Bahrain,26.0325,50.5106,7,1011,2019,Bahrain Grand Prix,3/31/2019,15:10:00
bahrain,Bahrain International Circuit,Sakhir,Bahrain,26.0325,50.5106,7,1045,2020,Bahrain Grand Prix,11/29/2020,14:10:00
bahrain,Bahrain International Circuit,Sakhir,Bahrain,26.0325,50.5106,7,1046,2020,Sakhir Grand Prix,12/6/2020,17:10:00
bahrain,Bahrain International Circuit,Sakhir,Bahrain,26.0325,50.5106,7,1074,2022,Bahrain Grand Prix,3/20/2022,15:00:00
bahrain,Bahrain International Circuit,Sakhir,Bahrain,26.0325,50.5106,7,1052,2021,Bahrain Grand Prix,3/28/2021,15:00:00
catalunya,Circuit de Barcelona-Catalunya,Montmeló,Spain,41.57,2.26111,109,5,2009,Spanish Grand Prix,5/10/2009,12:00:00
catalunya,Circuit de Barcelona-Catalunya,Montmeló,Spain,41.57,2.26111,109,21,2008,Spanish Grand Prix,4/27/2008,12:00:00
catalunya,Circuit de Barcelona-Catalunya,Montmeló,Spain,41.57,2.26111,109,39,2007,Spanish Grand Prix,5/13/2007,12:00:00
catalunya,Circuit de Barcelona-Catalunya,Montmeló,Spain,41.57,2.26111,109,58,2006,Spanish Grand Prix,5/14/2006,14:00:00
catalunya,Circuit de Barcelona-Catalunya,Montmeló,Spain,41.57,2.26111,109,75,2005,Spanish Grand Prix,5/8/2005,14:00:00
catalunya,Circuit de Barcelona-Catalunya,Montmeló,Spain,41.57,2.26111,109,94,2004,Spanish Grand Prix,5/9/2004,\N
catalunya,Circuit de Barcelona-Catalunya,Montmeló,Spain,41.57,2.26111,109,112,2003,Spanish Grand Prix,5/4/2003,\N
catalunya,Circuit de Barcelona-Catalunya,Montmeló,Spain,41.57,2.26111,109,128,2002,Spanish Grand Prix,4/28/2002,\N
catalunya,Circuit de Barcelona-Catalunya,Montmeló,Spain,41.57,2.26111,109,145,2001,Spanish Grand Prix,4/29/2001,\N
catalunya,Circuit de Barcelona-Catalunya,Montmeló,Spain,41.57,2.26111,109,162,2000,Spanish Grand Prix,5/7/2000,\N
catalunya,Circuit de Barcelona-Catalunya,Montmeló,Spain,41.57,2.26111,109,179,1999,Spanish Grand Prix,5/30/1999,\N
catalunya,Circuit de Barcelona-Catalunya,Montmeló,Spain,41.57,2.26111,109,195,1998,Spanish Grand Prix,5/10/1998,\N
catalunya,Circuit de Barcelona-Catalunya,Montmeló,Spain,41.57,2.26111,109,212,1997,Spanish Grand Prix,5/25/1997,\N
catalunya,Circuit de Barcelona-Catalunya,Montmeló,Spain,41.57,2.26111,109,230,1996,Spanish Grand Prix,6/2/1996,\N
catalunya,Circuit de Barcelona-Catalunya,Montmeló,Spain,41.57,2.26111,109,243,1995,Spanish Grand Prix,5/14/1995,\N
catalunya,Circuit de Barcelona-Catalunya,Montmeló,Spain,41.57,2.26111,109,261,1994,Spanish Grand Prix,5/29/1994,\N
catalunya,Circuit de Barcelona-Catalunya,Montmeló,Spain,41.57,2.26111,109,277,1993,Spanish Grand Prix,5/9/1993,\N
catalunya,Circuit de Barcelona-Catalunya,Montmeló,Spain,41.57,2.26111,109,292,1992,Spanish Grand Prix,5/3/1992,\N
catalunya,Circuit de Barcelona-Catalunya,Montmeló,Spain,41.57,2.26111,109,318,1991,Spanish Grand Prix,9/29/1991,\N
catalunya,Circuit de Barcelona-Catalunya,Montmeló,Spain,41.57,2.26111,109,341,2010,Spanish Grand Prix,5/9/2010,12:00:00
catalunya,Circuit de Barcelona-Catalunya,Montmeló,Spain,41.57,2.26111,109,845,2011,Spanish Grand Prix,5/22/2011,12:00:00
catalunya,Circuit de Barcelona-Catalunya,Montmeló,Spain,41.57,2.26111,109,864,2012,Spanish Grand Prix,5/13/2012,12:00:00
catalunya,Circuit de Barcelona-Catalunya,Montmeló,Spain,41.57,2.26111,109,884,2013,Spanish Grand Prix,5/12/2013,12:00:00
catalunya,Circuit de Barcelona-Catalunya,Montmeló,Spain,41.57,2.26111,109,904,2014,Spanish Grand Prix,5/11/2014,12:00:00
catalunya,Circuit de Barcelona-Catalunya,Montmeló,Spain,41.57,2.26111,109,930,2015,Spanish Grand Prix,5/10/2015,12:00:00
catalunya,Circuit de Barcelona-Catalunya,Montmeló,Spain,41.57,2.26111,109,952,2016,Spanish Grand Prix,5/15/2016,12:00:00
catalunya,Circuit de Barcelona-Catalunya,Montmeló,Spain,41.57,2.26111,109,973,2017,Spanish Grand Prix,5/14/2017,12:00:00
catalunya,Circuit de Barcelona-Catalunya,Montmeló,Spain,41.57,2.26111,109,993,2018,Spanish Grand Prix,5/13/2018,13:10:00
catalunya,Circuit de Barcelona-Catalunya,Montmeló,Spain,41.57,2.26111,109,1014,2019,Spanish Grand Prix,5/12/2019,13:10:00
catalunya,Circuit de Barcelona-Catalunya,Montmeló,Spain,41.57,2.26111,109,1036,2020,Spanish Grand Prix,8/16/2020,13:10:00
catalunya,Circuit de Barcelona-Catalunya,Montmeló,Spain,41.57,2.26111,109,1055,2021,Spanish Grand Prix,5/9/2021,13:00:00
catalunya,Circuit de Barcelona-Catalunya,Montmeló,Spain,41.57,2.26111,109,1079,2022,Spanish Grand Prix,5/22/2022,13:00:00
istanbul,Istanbul Park,Istanbul,Turkey,40.9517,29.405,130,7,2009,Turkish Grand Prix,6/7/2009,12:00:00
istanbul,Istanbul Park,Istanbul,Turkey,40.9517,29.405,130,22,2008,Turkish Grand Prix,5/11/2008,12:00:00
istanbul,Istanbul Park,Istanbul,Turkey,40.9517,29.405,130,47,2007,Turkish Grand Prix,8/26/2007,12:00:00
istanbul,Istanbul Park,Istanbul,Turkey,40.9517,29.405,130,66,2006,Turkish Grand Prix,8/27/2006,15:00:00
istanbul,Istanbul Park,Istanbul,Turkey,40.9517,29.405,130,84,2005,Turkish Grand Prix,8/21/2005,15:00:00
istanbul,Istanbul Park,Istanbul,Turkey,40.9517,29.405,130,343,2010,Turkish Grand Prix,5/30/2010,11:00:00
istanbul,Istanbul Park,Istanbul,Turkey,40.9517,29.405,130,844,2011,Turkish Grand Prix,5/8/2011,12:00:00
istanbul,Istanbul Park,Istanbul,Turkey,40.9517,29.405,130,1044,2020,Turkish Grand Prix,11/15/2020,10:10:00
istanbul,Istanbul Park,Istanbul,Turkey,40.9517,29.405,130,1067,2021,Turkish Grand Prix,10/10/2021,12:00:00
monaco,Circuit de Monaco,Monte-Carlo,Monaco,43.7347,7.42056,7,6,2009,Monaco Grand Prix,5/24/2009,12:00:00
monaco,Circuit de Monaco,Monte-Carlo,Monaco,43.7347,7.42056,7,23,2008,Monaco Grand Prix,5/25/2008,12:00:00
monaco,Circuit de Monaco,Monte-Carlo,Monaco,43.7347,7.42056,7,40,2007,Monaco Grand Prix,5/27/2007,12:00:00
monaco,Circuit de Monaco,Monte-Carlo,Monaco,43.7347,7.42056,7,59,2006,Monaco Grand Prix,5/28/2006,14:00:00
monaco,Circuit de Monaco,Monte-Carlo,Monaco,43.7347,7.42056,7,76,2005,Monaco Grand Prix,5/22/2005,14:00:00
monaco,Circuit de Monaco,Monte-Carlo,Monaco,43.7347,7.42056,7,95,2004,Monaco Grand Prix,5/23/2004,\N
monaco,Circuit de Monaco,Monte-Carlo,Monaco,43.7347,7.42056,7,114,2003,Monaco Grand Prix,6/1/2003,\N
monaco,Circuit de Monaco,Monte-Carlo,Monaco,43.7347,7.42056,7,130,2002,Monaco Grand Prix,5/26/2002,\N
monaco,Circuit de Monaco,Monte-Carlo,Monaco,43.7347,7.42056,7,147,2001,Monaco Grand Prix,5/27/2001,\N
monaco,Circuit de Monaco,Monte-Carlo,Monaco,43.7347,7.42056,7,164,2000,Monaco Grand Prix,6/4/2000,\N
monaco,Circuit de Monaco,Monte-Carlo,Monaco,43.7347,7.42056,7,178,1999,Monaco Grand Prix,5/16/1999,\N
monaco,Circuit de Monaco,Monte-Carlo,Monaco,43.7347,7.42056,7,196,1998,Monaco Grand Prix,5/24/1998,\N
monaco,Circuit de Monaco,Monte-Carlo,Monaco,43.7347,7.42056,7,211,1997,Monaco Grand Prix,5/11/1997,\N
monaco,Circuit de Monaco,Monte-Carlo,Monaco,43.7347,7.42056,7,229,1996,Monaco Grand Prix,5/19/1996,\N
monaco,Circuit de Monaco,Monte-Carlo,Monaco,43.7347,7.42056,7,244,1995,Monaco Grand Prix,5/28/1995,\N
monaco,Circuit de Monaco,Monte-Carlo,Monaco,43.7347,7.42056,7,260,1994,Monaco Grand Prix,5/15/1994,\N
monaco,Circuit de Monaco,Monte-Carlo,Monaco,43.7347,7.42056,7,278,1993,Monaco Grand Prix,5/23/1993,\N
monaco,Circuit de Monaco,Monte-Carlo,Monaco,43.7347,7.42056,7,294,1992,Monaco Grand Prix,5/31/1992,\N
monaco,Circuit de Monaco,Monte-Carlo,Monaco,43.7347,7.42056,7,308,1991,Monaco Grand Prix,5/12/1991,\N
monaco,Circuit de Monaco,Monte-Carlo,Monaco,43.7347,7.42056,7,324,1990,Monaco Grand Prix,5/27/1990,\N
monaco,Circuit de Monaco,Monte-Carlo,Monaco,43.7347,7.42056,7,342,2010,Monaco Grand Prix,5/16/2010,12:00:00
monaco,Circuit de Monaco,Monte-Carlo,Monaco,43.7347,7.42056,7,358,1989,Monaco Grand Prix,5/7/1989,\N
monaco,Circuit de Monaco,Monte-Carlo,Monaco,43.7347,7.42056,7,374,1988,Monaco Grand Prix,5/15/1988,\N
monaco,Circuit de Monaco,Monte-Carlo,Monaco,43.7347,7.42056,7,391,1987,Monaco Grand Prix,5/31/1987,\N
monaco,Circuit de Monaco,Monte-Carlo,Monaco,43.7347,7.42056,7,407,1986,Monaco Grand Prix,5/11/1986,\N
monaco,Circuit de Monaco,Monte-Carlo,Monaco,43.7347,7.42056,7,423,1985,Monaco Grand Prix,5/19/1985,\N
monaco,Circuit de Monaco,Monte-Carlo,Monaco,43.7347,7.42056,7,441,1984,Monaco Grand Prix,6/3/1984,\N
monaco,Circuit de Monaco,Monte-Carlo,Monaco,43.7347,7.42056,7,456,1983,Monaco Grand Prix,5/15/1983,\N
monaco,Circuit de Monaco,Monte-Carlo,Monaco,43.7347,7.42056,7,472,1982,Monaco Grand Prix,5/23/1982,\N
monaco,Circuit de Monaco,Monte-Carlo,Monaco,43.7347,7.42056,7,488,1981,Monaco Grand Prix,5/31/1981,\N
monaco,Circuit de Monaco,Monte-Carlo,Monaco,43.7347,7.42056,7,503,1980,Monaco Grand Prix,5/18/1980,\N
monaco,Circuit de Monaco,Monte-Carlo,Monaco,43.7347,7.42056,7,518,1979,Monaco Grand Prix,5/27/1979,\N
monaco,Circuit de Monaco,Monte-Carlo,Monaco,43.7347,7.42056,7,531,1978,Monaco Grand Prix,5/7/1978,\N
monaco,Circuit de Monaco,Monte-Carlo,Monaco,43.7347,7.42056,7,548,1977,Monaco Grand Prix,5/22/1977,\N
monaco,Circuit de Monaco,Monte-Carlo,Monaco,43.7347,7.42056,7,565,1976,Monaco Grand Prix,5/30/1976,\N
monaco,Circuit de Monaco,Monte-Carlo,Monaco,43.7347,7.42056,7,580,1975,Monaco Grand Prix,5/11/1975,\N
monaco,Circuit de Monaco,Monte-Carlo,Monaco,43.7347,7.42056,7,595,1974,Monaco Grand Prix,5/26/1974,\N
monaco,Circuit de Monaco,Monte-Carlo,Monaco,43.7347,7.42056,7,610,1973,Monaco Grand Prix,6/3/1973,\N
monaco,Circuit de Monaco,Monte-Carlo,Monaco,43.7347,7.42056,7,623,1972,Monaco Grand Prix,5/14/1972,\N
monaco,Circuit de Monaco,Monte-Carlo,Monaco,43.7347,7.42056,7,634,1971,Monaco Grand Prix,5/23/1971,\N
monaco,Circuit de Monaco,Monte-Carlo,Monaco,43.7347,7.42056,7,645,1970,Monaco Grand Prix,5/10/1970,\N
monaco,Circuit de Monaco,Monte-Carlo,Monaco,43.7347,7.42056,7,658,1969,Monaco Grand Prix,5/18/1969,\N
monaco,Circuit de Monaco,Monte-Carlo,Monaco,43.7347,7.42056,7,669,1968,Monaco Grand Prix,5/26/1968,\N
monaco,Circuit de Monaco,Monte-Carlo,Monaco,43.7347,7.42056,7,680,1967,Monaco Grand Prix,5/7/1967,\N
monaco,Circuit de Monaco,Monte-Carlo,Monaco,43.7347,7.42056,7,690,1966,Monaco Grand Prix,5/22/1966,\N
monaco,Circuit de Monaco,Monte-Carlo,Monaco,43.7347,7.42056,7,700,1965,Monaco Grand Prix,5/30/1965,\N
monaco,Circuit de Monaco,Monte-Carlo,Monaco,43.7347,7.42056,7,709,1964,Monaco Grand Prix,5/10/1964,\N
monaco,Circuit de Monaco,Monte-Carlo,Monaco,43.7347,7.42056,7,719,1963,Monaco Grand Prix,5/26/1963,\N
monaco,Circuit de Monaco,Monte-Carlo,Monaco,43.7347,7.42056,7,730,1962,Monaco Grand Prix,6/3/1962,\N
monaco,Circuit de Monaco,Monte-Carlo,Monaco,43.7347,7.42056,7,738,1961,Monaco Grand Prix,5/14/1961,\N
monaco,Circuit de Monaco,Monte-Carlo,Monaco,43.7347,7.42056,7,747,1960,Monaco Grand Prix,5/29/1960,\N
monaco,Circuit de Monaco,Monte-Carlo,Monaco,43.7347,7.42056,7,756,1959,Monaco Grand Prix,5/10/1959,\N
monaco,Circuit de Monaco,Monte-Carlo,Monaco,43.7347,7.42056,7,766,1958,Monaco Grand Prix,5/18/1958,\N
monaco,Circuit de Monaco,Monte-Carlo,Monaco,43.7347,7.42056,7,777,1957,Monaco Grand Prix,5/19/1957,\N
monaco,Circuit de Monaco,Monte-Carlo,Monaco,43.7347,7.42056,7,785,1956,Monaco Grand Prix,5/13/1956,\N
monaco,Circuit de Monaco,Monte-Carlo,Monaco,43.7347,7.42056,7,793,1955,Monaco Grand Prix,5/22/1955,\N
monaco,Circuit de Monaco,Monte-Carlo,Monaco,43.7347,7.42056,7,834,1950,Monaco Grand Prix,5/21/1950,\N
monaco,Circuit de Monaco,Monte-Carlo,Monaco,43.7347,7.42056,7,846,2011,Monaco Grand Prix,5/29/2011,12:00:00
monaco,Circuit de Monaco,Monte-Carlo,Monaco,43.7347,7.42056,7,865,2012,Monaco Grand Prix,5/27/2012,12:00:00
monaco,Circuit de Monaco,Monte-Carlo,Monaco,43.7347,7.42056,7,885,2013,Monaco Grand Prix,5/26/2013,12:00:00
monaco,Circuit de Monaco,Monte-Carlo,Monaco,43.7347,7.42056,7,905,2014,Monaco Grand Prix,5/25/2014,12:00:00
monaco,Circuit de Monaco,Monte-Carlo,Monaco,43.7347,7.42056,7,931,2015,Monaco Grand Prix,5/24/2015,12:00:00
monaco,Circuit de Monaco,Monte-Carlo,Monaco,43.7347,7.42056,7,953,2016,Monaco Grand Prix,5/29/2016,12:00:00
monaco,Circuit de Monaco,Monte-Carlo,Monaco,43.7347,7.42056,7,974,2017,Monaco Grand Prix,5/28/2017,12:00:00
monaco,Circuit de Monaco,Monte-Carlo,Monaco,43.7347,7.42056,7,994,2018,Monaco Grand Prix,5/27/2018,13:10:00
monaco,Circuit de Monaco,Monte-Carlo,Monaco,43.7347,7.42056,7,1015,2019,Monaco Grand Prix,5/26/2019,13:10:00
monaco,Circuit de Monaco,Monte-Carlo,Monaco,43.7347,7.42056,7,1056,2021,Monaco Grand Prix,5/23/2021,13:00:00
monaco,Circuit de Monaco,Monte-Carlo,Monaco,43.7347,7.42056,7,1080,2022,Monaco Grand Prix,5/29/2022,13:00:00
villeneuve,Circuit Gilles Villeneuve,Montreal,Canada,45.5,-73.5228,13,24,2008,Canadian Grand Prix,6/8/2008,17:00:00
villeneuve,Circuit Gilles Villeneuve,Montreal,Canada,45.5,-73.5228,13,41,2007,Canadian Grand Prix,6/10/2007,17:00:00
villeneuve,Circuit Gilles Villeneuve,Montreal,Canada,45.5,-73.5228,13,61,2006,Canadian Grand Prix,6/25/2006,13:00:00
villeneuve,Circuit Gilles Villeneuve,Montreal,Canada,45.5,-73.5228,13,78,2005,Canadian Grand Prix,6/12/2005,13:00:00
villeneuve,Circuit Gilles Villeneuve,Montreal,Canada,45.5,-73.5228,13,97,2004,Canadian Grand Prix,6/13/2004,\N
villeneuve,Circuit Gilles Villeneuve,Montreal,Canada,45.5,-73.5228,13,115,2003,Canadian Grand Prix,6/15/2003,\N
villeneuve,Circuit Gilles Villeneuve,Montreal,Canada,45.5,-73.5228,13,131,2002,Canadian Grand Prix,6/9/2002,\N
villeneuve,Circuit Gilles Villeneuve,Montreal,Canada,45.5,-73.5228,13,148,2001,Canadian Grand Prix,6/10/2001,\N
villeneuve,Circuit Gilles Villeneuve,Montreal,Canada,45.5,-73.5228,13,165,2000,Canadian Grand Prix,6/18/2000,\N
villeneuve,Circuit Gilles Villeneuve,Montreal,Canada,45.5,-73.5228,13,180,1999,Canadian Grand Prix,6/13/1999,\N
villeneuve,Circuit Gilles Villeneuve,Montreal,Canada,45.5,-73.5228,13,197,1998,Canadian Grand Prix,6/7/1998,\N
villeneuve,Circuit Gilles Villeneuve,Montreal,Canada,45.5,-73.5228,13,213,1997,Canadian Grand Prix,6/15/1997,\N
villeneuve,Circuit Gilles Villeneuve,Montreal,Canada,45.5,-73.5228,13,231,1996,Canadian Grand Prix,6/16/1996,\N
villeneuve,Circuit Gilles Villeneuve,Montreal,Canada,45.5,-73.5228,13,245,1995,Canadian Grand Prix,6/11/1995,\N
villeneuve,Circuit Gilles Villeneuve,Montreal,Canada,45.5,-73.5228,13,262,1994,Canadian Grand Prix,6/12/1994,\N
villeneuve,Circuit Gilles Villeneuve,Montreal,Canada,45.5,-73.5228,13,279,1993,Canadian Grand Prix,6/13/1993,\N
villeneuve,Circuit Gilles Villeneuve,Montreal,Canada,45.5,-73.5228,13,295,1992,Canadian Grand Prix,6/14/1992,\N
villeneuve,Circuit Gilles Villeneuve,Montreal,Canada,45.5,-73.5228,13,309,1991,Canadian Grand Prix,6/2/1991,\N
villeneuve,Circuit Gilles Villeneuve,Montreal,Canada,45.5,-73.5228,13,325,1990,Canadian Grand Prix,6/10/1990,\N
villeneuve,Circuit Gilles Villeneuve,Montreal,Canada,45.5,-73.5228,13,344,2010,Canadian Grand Prix,6/13/2010,16:00:00
villeneuve,Circuit Gilles Villeneuve,Montreal,Canada,45.5,-73.5228,13,361,1989,Canadian Grand Prix,6/18/1989,\N
villeneuve,Circuit Gilles Villeneuve,Montreal,Canada,45.5,-73.5228,13,376,1988,Canadian Grand Prix,6/12/1988,\N
villeneuve,Circuit Gilles Villeneuve,Montreal,Canada,45.5,-73.5228,13,409,1986,Canadian Grand Prix,6/15/1986,\N
villeneuve,Circuit Gilles Villeneuve,Montreal,Canada,45.5,-73.5228,13,424,1985,Canadian Grand Prix,6/16/1985,\N
villeneuve,Circuit Gilles Villeneuve,Montreal,Canada,45.5,-73.5228,13,442,1984,Canadian Grand Prix,6/17/1984,\N
villeneuve,Circuit Gilles Villeneuve,Montreal,Canada,45.5,-73.5228,13,459,1983,Canadian Grand Prix,6/12/1983,\N
villeneuve,Circuit Gilles Villeneuve,Montreal,Canada,45.5,-73.5228,13,474,1982,Canadian Grand Prix,6/13/1982,\N
villeneuve,Circuit Gilles Villeneuve,Montreal,Canada,45.5,-73.5228,13,496,1981,Canadian Grand Prix,9/27/1981,\N
villeneuve,Circuit Gilles Villeneuve,Montreal,Canada,45.5,-73.5228,13,510,1980,Canadian Grand Prix,9/28/1980,\N
villeneuve,Circuit Gilles Villeneuve,Montreal,Canada,45.5,-73.5228,13,525,1979,Canadian Grand Prix,9/30/1979,\N
villeneuve,Circuit Gilles Villeneuve,Montreal,Canada,45.5,-73.5228,13,542,1978,Canadian Grand Prix,10/8/1978,\N
villeneuve,Circuit Gilles Villeneuve,Montreal,Canada,45.5,-73.5228,13,847,2011,Canadian Grand Prix,6/12/2011,17:00:00
villeneuve,Circuit Gilles Villeneuve,Montreal,Canada,45.5,-73.5228,13,866,2012,Canadian Grand Prix,6/10/2012,18:00:00
villeneuve,Circuit Gilles Villeneuve,Montreal,Canada,45.5,-73.5228,13,886,2013,Canadian Grand Prix,6/9/2013,18:00:00
villeneuve,Circuit Gilles Villeneuve,Montreal,Canada,45.5,-73.5228,13,906,2014,Canadian Grand Prix,6/8/2014,18:00:00
villeneuve,Circuit Gilles Villeneuve,Montreal,Canada,45.5,-73.5228,13,932,2015,Canadian Grand Prix,6/7/2015,18:00:00
villeneuve,Circuit Gilles Villeneuve,Montreal,Canada,45.5,-73.5228,13,954,2016,Canadian Grand Prix,6/12/2016,18:00:00
villeneuve,Circuit Gilles Villeneuve,Montreal,Canada,45.5,-73.5228,13,975,2017,Canadian Grand Prix,6/11/2017,18:00:00
villeneuve,Circuit Gilles Villeneuve,Montreal,Canada,45.5,-73.5228,13,995,2018,Canadian Grand Prix,6/10/2018,18:10:00
villeneuve,Circuit Gilles Villeneuve,Montreal,Canada,45.5,-73.5228,13,1016,2019,Canadian Grand Prix,6/9/2019,18:10:00
villeneuve,Circuit Gilles Villeneuve,Montreal,Canada,45.5,-73.5228,13,1082,2022,Canadian Grand Prix,6/19/2022,18:00:00
magny_cours,Circuit de Nevers Magny-Cours,Magny Cours,France,46.8642,3.16361,228,25,2008,French Grand Prix,6/22/2008,12:00:00
magny_cours,Circuit de Nevers Magny-Cours,Magny Cours,France,46.8642,3.16361,228,43,2007,French Grand Prix,7/1/2007,12:00:00
magny_cours,Circuit de Nevers Magny-Cours,Magny Cours,France,46.8642,3.16361,228,63,2006,French Grand Prix,7/16/2006,14:00:00
magny_cours,Circuit de Nevers Magny-Cours,Magny Cours,France,46.8642,3.16361,228,80,2005,French Grand Prix,7/3/2005,14:00:00
magny_cours,Circuit de Nevers Magny-Cours,Magny Cours,France,46.8642,3.16361,228,99,2004,French Grand Prix,7/4/2004,\N
magny_cours,Circuit de Nevers Magny-Cours,Magny Cours,France,46.8642,3.16361,228,117,2003,French Grand Prix,7/6/2003,\N
magny_cours,Circuit de Nevers Magny-Cours,Magny Cours,France,46.8642,3.16361,228,134,2002,French Grand Prix,7/21/2002,\N
magny_cours,Circuit de Nevers Magny-Cours,Magny Cours,France,46.8642,3.16361,228,150,2001,French Grand Prix,7/1/2001,\N
magny_cours,Circuit de Nevers Magny-Cours,Magny Cours,France,46.8642,3.16361,228,166,2000,French Grand Prix,7/2/2000,\N
magny_cours,Circuit de Nevers Magny-Cours,Magny Cours,France,46.8642,3.16361,228,181,1999,French Grand Prix,6/27/1999,\N
magny_cours,Circuit de Nevers Magny-Cours,Magny Cours,France,46.8642,3.16361,228,198,1998,French Grand Prix,6/28/1998,\N
magny_cours,Circuit de Nevers Magny-Cours,Magny Cours,France,46.8642,3.16361,228,214,1997,French Grand Prix,6/29/1997,\N
magny_cours,Circuit de Nevers Magny-Cours,Magny Cours,France,46.8642,3.16361,228,232,1996,French Grand Prix,6/30/1996,\N
magny_cours,Circuit de Nevers Magny-Cours,Magny Cours,France,46.8642,3.16361,228,246,1995,French Grand Prix,7/2/1995,\N
magny_cours,Circuit de Nevers Magny-Cours,Magny Cours,France,46.8642,3.16361,228,263,1994,French Grand Prix,7/3/1994,\N
magny_cours,Circuit de Nevers Magny-Cours,Magny Cours,France,46.8642,3.16361,228,280,1993,French Grand Prix,7/4/1993,\N
magny_cours,Circuit de Nevers Magny-Cours,Magny Cours,France,46.8642,3.16361,228,296,1992,French Grand Prix,7/5/1992,\N
magny_cours,Circuit de Nevers Magny-Cours,Magny Cours,France,46.8642,3.16361,228,311,1991,French Grand Prix,7/7/1991,\N
silverstone,Silverstone Circuit,Silverstone,UK,52.0786,-1.01694,153,8,2009,British Grand Prix,6/21/2009,12:00:00
silverstone,Silverstone Circuit,Silverstone,UK,52.0786,-1.01694,153,26,2008,British Grand Prix,7/6/2008,12:00:00
silverstone,Silverstone Circuit,Silverstone,UK,52.0786,-1.01694,153,44,2007,British Grand Prix,7/8/2007,12:00:00
silverstone,Silverstone Circuit,Silverstone,UK,52.0786,-1.01694,153,60,2006,British Grand Prix,6/11/2006,12:00:00
silverstone,Silverstone Circuit,Silverstone,UK,52.0786,-1.01694,153,81,2005,British Grand Prix,7/10/2005,14:00:00
silverstone,Silverstone Circuit,Silverstone,UK,52.0786,-1.01694,153,100,2004,British Grand Prix,7/11/2004,\N
silverstone,Silverstone Circuit,Silverstone,UK,52.0786,-1.01694,153,118,2003,British Grand Prix,7/20/2003,\N
silverstone,Silverstone Circuit,Silverstone,UK,52.0786,-1.01694,153,133,2002,British Grand Prix,7/7/2002,\N
silverstone,Silverstone Circuit,Silverstone,UK,52.0786,-1.01694,153,151,2001,British Grand Prix,7/15/2001,\N
silverstone,Silverstone Circuit,Silverstone,UK,52.0786,-1.01694,153,161,2000,British Grand Prix,4/23/2000,\N
silverstone,Silverstone Circuit,Silverstone,UK,52.0786,-1.01694,153,182,1999,British Grand Prix,7/11/1999,\N
silverstone,Silverstone Circuit,Silverstone,UK,52.0786,-1.01694,153,199,1998,British Grand Prix,7/12/1998,\N
silverstone,Silverstone Circuit,Silverstone,UK,52.0786,-1.01694,153,215,1997,British Grand Prix,7/13/1997,\N
silverstone,Silverstone Circuit,Silverstone,UK,52.0786,-1.01694,153,233,1996,British Grand Prix,7/14/1996,\N
silverstone,Silverstone Circuit,Silverstone,UK,52.0786,-1.01694,153,247,1995,British Grand Prix,7/16/1995,\N
silverstone,Silverstone Circuit,Silverstone,UK,52.0786,-1.01694,153,264,1994,British Grand Prix,7/10/1994,\N
silverstone,Silverstone Circuit,Silverstone,UK,52.0786,-1.01694,153,281,1993,British Grand Prix,7/11/1993,\N
silverstone,Silverstone Circuit,Silverstone,UK,52.0786,-1.01694,153,297,1992,British Grand Prix,7/12/1992,\N
silverstone,Silverstone Circuit,Silverstone,UK,52.0786,-1.01694,153,312,1991,British Grand Prix,7/14/1991,\N
silverstone,Silverstone Circuit,Silverstone,UK,52.0786,-1.01694,153,328,1990,British Grand Prix,7/15/1990,\N
silverstone,Silverstone Circuit,Silverstone,UK,52.0786,-1.01694,153,346,2010,British Grand Prix,7/11/2010,12:00:00
silverstone,Silverstone Circuit,Silverstone,UK,52.0786,-1.01694,153,363,1989,British Grand Prix,7/16/1989,\N
silverstone,Silverstone Circuit,Silverstone,UK,52.0786,-1.01694,153,379,1988,British Grand Prix,7/10/1988,\N
silverstone,Silverstone Circuit,Silverstone,UK,52.0786,-1.01694,153,394,1987,British Grand Prix,7/12/1987,\N
silverstone,Silverstone Circuit,Silverstone,UK,52.0786,-1.01694,153,427,1985,British Grand Prix,7/21/1985,\N
silverstone,Silverstone Circuit,Silverstone,UK,52.0786,-1.01694,153,460,1983,British Grand Prix,7/16/1983,\N
silverstone,Silverstone Circuit,Silverstone,UK,52.0786,-1.01694,153,491,1981,British Grand Prix,7/18/1981,\N
silverstone,Silverstone Circuit,Silverstone,UK,52.0786,-1.01694,153,520,1979,British Grand Prix,7/14/1979,\N
silverstone,Silverstone Circuit,Silverstone,UK,52.0786,-1.01694,153,552,1977,British Grand Prix,7/16/1977,\N
silverstone,Silverstone Circuit,Silverstone,UK,52.0786,-1.01694,153,585,1975,British Grand Prix,7/19/1975,\N
silverstone,Silverstone Circuit,Silverstone,UK,52.0786,-1.01694,153,613,1973,British Grand Prix,7/14/1973,\N
silverstone,Silverstone Circuit,Silverstone,UK,52.0786,-1.01694,153,637,1971,British Grand Prix,7/17/1971,\N
silverstone,Silverstone Circuit,Silverstone,UK,52.0786,-1.01694,153,661,1969,British Grand Prix,7/19/1969,\N
silverstone,Silverstone Circuit,Silverstone,UK,52.0786,-1.01694,153,684,1967,British Grand Prix,7/15/1967,\N
silverstone,Silverstone Circuit,Silverstone,UK,52.0786,-1.01694,153,703,1965,British Grand Prix,7/10/1965,\N
silverstone,Silverstone Circuit,Silverstone,UK,52.0786,-1.01694,153,723,1963,British Grand Prix,7/20/1963,\N
silverstone,Silverstone Circuit,Silverstone,UK,52.0786,-1.01694,153,752,1960,British Grand Prix,7/16/1960,\N
silverstone,Silverstone Circuit,Silverstone,UK,52.0786,-1.01694,153,771,1958,British Grand Prix,7/19/1958,\N
silverstone,Silverstone Circuit,Silverstone,UK,52.0786,-1.01694,153,789,1956,British Grand Prix,7/14/1956,\N
silverstone,Silverstone Circuit,Silverstone,UK,52.0786,-1.01694,153,803,1954,British Grand Prix,7/17/1954,\N
silverstone,Silverstone Circuit,Silverstone,UK,52.0786,-1.01694,153,813,1953,British Grand Prix,7/18/1953,\N
silverstone,Silverstone Circuit,Silverstone,UK,52.0786,-1.01694,153,821,1952,British Grand Prix,7/19/1952,\N
silverstone,Silverstone Circuit,Silverstone,UK,52.0786,-1.01694,153,829,1951,British Grand Prix,7/14/1951,\N
silverstone,Silverstone Circuit,Silverstone,UK,52.0786,-1.01694,153,833,1950,British Grand Prix,5/13/1950,\N
silverstone,Silverstone Circuit,Silverstone,UK,52.0786,-1.01694,153,849,2011,British Grand Prix,7/10/2011,12:00:00
silverstone,Silverstone Circuit,Silverstone,UK,52.0786,-1.01694,153,868,2012,British Grand Prix,7/8/2012,12:00:00
silverstone,Silverstone Circuit,Silverstone,UK,52.0786,-1.01694,153,887,2013,British Grand Prix,6/30/2013,12:00:00
silverstone,Silverstone Circuit,Silverstone,UK,52.0786,-1.01694,153,908,2014,British Grand Prix,7/6/2014,12:00:00
silverstone,Silverstone Circuit,Silverstone,UK,52.0786,-1.01694,153,934,2015,British Grand Prix,7/5/2015,12:00:00
silverstone,Silverstone Circuit,Silverstone,UK,52.0786,-1.01694,153,957,2016,British Grand Prix,7/10/2016,12:00:00
silverstone,Silverstone Circuit,Silverstone,UK,52.0786,-1.01694,153,978,2017,British Grand Prix,7/16/2017,12:00:00
silverstone,Silverstone Circuit,Silverstone,UK,52.0786,-1.01694,153,998,2018,British Grand Prix,7/8/2018,13:10:00
silverstone,Silverstone Circuit,Silverstone,UK,52.0786,-1.01694,153,1019,2019,British Grand Prix,7/14/2019,13:10:00
silverstone,Silverstone Circuit,Silverstone,UK,52.0786,-1.01694,153,1034,2020,British Grand Prix,8/2/2020,13:10:00
silverstone,Silverstone Circuit,Silverstone,UK,52.0786,-1.01694,153,1035,2020,70th Anniversary Grand Prix,8/9/2020,13:10:00
silverstone,Silverstone Circuit,Silverstone,UK,52.0786,-1.01694,153,1061,2021,British Grand Prix,7/18/2021,14:00:00
silverstone,Silverstone Circuit,Silverstone,UK,52.0786,-1.01694,153,1083,2022,British Grand Prix,7/3/2022,14:00:00
hockenheimring,Hockenheimring,Hockenheim,Germany,49.3278,8.56583,103,27,2008,German Grand Prix,7/20/2008,12:00:00
hockenheimring,Hockenheimring,Hockenheim,Germany,49.3278,8.56583,103,64,2006,German Grand Prix,7/30/2006,14:00:00
hockenheimring,Hockenheimring,Hockenheim,Germany,49.3278,8.56583,103,82,2005,German Grand Prix,7/24/2005,14:00:00
hockenheimring,Hockenheimring,Hockenheim,Germany,49.3278,8.56583,103,101,2004,German Grand Prix,7/25/2004,\N
hockenheimring,Hockenheimring,Hockenheim,Germany,49.3278,8.56583,103,119,2003,German Grand Prix,8/3/2003,\N
hockenheimring,Hockenheimring,Hockenheim,Germany,49.3278,8.56583,103,135,2002,German Grand Prix,7/28/2002,\N
hockenheimring,Hockenheimring,Hockenheim,Germany,49.3278,8.56583,103,152,2001,German Grand Prix,7/29/2001,\N
hockenheimring,Hockenheimring,Hockenheim,Germany,49.3278,8.56583,103,168,2000,German Grand Prix,7/30/2000,\N
hockenheimring,Hockenheimring,Hockenheim,Germany,49.3278,8.56583,103,184,1999,German Grand Prix,8/1/1999,\N
hockenheimring,Hockenheimring,Hockenheim,Germany,49.3278,8.56583,103,201,1998,German Grand Prix,8/2/1998,\N
hockenheimring,Hockenheimring,Hockenheim,Germany,49.3278,8.56583,103,216,1997,German Grand Prix,7/27/1997,\N
hockenheimring,Hockenheimring,Hockenheim,Germany,49.3278,8.56583,103,234,1996,German Grand Prix,7/28/1996,\N
hockenheimring,Hockenheimring,Hockenheim,Germany,49.3278,8.56583,103,248,1995,German Grand Prix,7/30/1995,\N
hockenheimring,Hockenheimring,Hockenheim,Germany,49.3278,8.56583,103,265,1994,German Grand Prix,7/31/1994,\N
hockenheimring,Hockenheimring,Hockenheim,Germany,49.3278,8.56583,103,282,1993,German Grand Prix,7/25/1993,\N
hockenheimring,Hockenheimring,Hockenheim,Germany,49.3278,8.56583,103,298,1992,German Grand Prix,7/26/1992,\N
hockenheimring,Hockenheimring,Hockenheim,Germany,49.3278,8.56583,103,313,1991,German Grand Prix,7/28/1991,\N
hockenheimring,Hockenheimring,Hockenheim,Germany,49.3278,8.56583,103,329,1990,German Grand Prix,7/29/1990,\N
hockenheimring,Hockenheimring,Hockenheim,Germany,49.3278,8.56583,103,347,2010,German Grand Prix,7/25/2010,12:00:00
hockenheimring,Hockenheimring,Hockenheim,Germany,49.3278,8.56583,103,364,1989,German Grand Prix,7/30/1989,\N
hockenheimring,Hockenheimring,Hockenheim,Germany,49.3278,8.56583,103,380,1988,German Grand Prix,7/24/1988,\N
hockenheimring,Hockenheimring,Hockenheim,Germany,49.3278,8.56583,103,395,1987,German Grand Prix,7/26/1987,\N
hockenheimring,Hockenheimring,Hockenheim,Germany,49.3278,8.56583,103,413,1986,German Grand Prix,7/27/1986,\N
hockenheimring,Hockenheimring,Hockenheim,Germany,49.3278,8.56583,103,446,1984,German Grand Prix,8/5/1984,\N
hockenheimring,Hockenheimring,Hockenheim,Germany,49.3278,8.56583,103,461,1983,German Grand Prix,8/7/1983,\N
hockenheimring,Hockenheimring,Hockenheim,Germany,49.3278,8.56583,103,478,1982,German Grand Prix,8/8/1982,\N
hockenheimring,Hockenheimring,Hockenheim,Germany,49.3278,8.56583,103,492,1981,German Grand Prix,8/2/1981,\N
hockenheimring,Hockenheimring,Hockenheim,Germany,49.3278,8.56583,103,506,1980,German Grand Prix,8/10/1980,\N
hockenheimring,Hockenheimring,Hockenheim,Germany,49.3278,8.56583,103,521,1979,German Grand Prix,7/29/1979,\N
hockenheimring,Hockenheimring,Hockenheim,Germany,49.3278,8.56583,103,537,1978,German Grand Prix,7/30/1978,\N
hockenheimring,Hockenheimring,Hockenheim,Germany,49.3278,8.56583,103,553,1977,German Grand Prix,7/31/1977,\N
hockenheimring,Hockenheimring,Hockenheim,Germany,49.3278,8.56583,103,650,1970,German Grand Prix,8/2/1970,\N
hockenheimring,Hockenheimring,Hockenheim,Germany,49.3278,8.56583,103,869,2012,German Grand Prix,7/22/2012,12:00:00
hockenheimring,Hockenheimring,Hockenheim,Germany,49.3278,8.56583,103,909,2014,German Grand Prix,7/20/2014,12:00:00
hockenheimring,Hockenheimring,Hockenheim,Germany,49.3278,8.56583,103,959,2016,German Grand Prix,7/31/2016,12:00:00
hockenheimring,Hockenheimring,Hockenheim,Germany,49.3278,8.56583,103,999,2018,German Grand Prix,7/22/2018,13:10:00
hockenheimring,Hockenheimring,Hockenheim,Germany,49.3278,8.56583,103,1020,2019,German Grand Prix,7/28/2019,13:10:00
hungaroring,Hungaroring,Budapest,Hungary,47.5789,19.2486,264,10,2009,Hungarian Grand Prix,7/26/2009,12:00:00
hungaroring,Hungaroring,Budapest,Hungary,47.5789,19.2486,264,28,2008,Hungarian Grand Prix,8/3/2008,12:00:00
hungaroring,Hungaroring,Budapest,Hungary,47.5789,19.2486,264,46,2007,Hungarian Grand Prix,8/5/2007,12:00:00
hungaroring,Hungaroring,Budapest,Hungary,47.5789,19.2486,264,65,2006,Hungarian Grand Prix,8/6/2006,14:00:00
hungaroring,Hungaroring,Budapest,Hungary,47.5789,19.2486,264,83,2005,Hungarian Grand Prix,7/31/2005,14:00:00
hungaroring,Hungaroring,Budapest,Hungary,47.5789,19.2486,264,102,2004,Hungarian Grand Prix,8/15/2004,\N
hungaroring,Hungaroring,Budapest,Hungary,47.5789,19.2486,264,120,2003,Hungarian Grand Prix,8/24/2003,\N
hungaroring,Hungaroring,Budapest,Hungary,47.5789,19.2486,264,136,2002,Hungarian Grand Prix,8/18/2002,\N
hungaroring,Hungaroring,Budapest,Hungary,47.5789,19.2486,264,153,2001,Hungarian Grand Prix,8/19/2001,\N
hungaroring,Hungaroring,Budapest,Hungary,47.5789,19.2486,264,169,2000,Hungarian Grand Prix,8/13/2000,\N
hungaroring,Hungaroring,Budapest,Hungary,47.5789,19.2486,264,185,1999,Hungarian Grand Prix,8/15/1999,\N
hungaroring,Hungaroring,Budapest,Hungary,47.5789,19.2486,264,202,1998,Hungarian Grand Prix,8/16/1998,\N
hungaroring,Hungaroring,Budapest,Hungary,47.5789,19.2486,264,217,1997,Hungarian Grand Prix,8/10/1997,\N
hungaroring,Hungaroring,Budapest,Hungary,47.5789,19.2486,264,235,1996,Hungarian Grand Prix,8/11/1996,\N
hungaroring,Hungaroring,Budapest,Hungary,47.5789,19.2486,264,249,1995,Hungarian Grand Prix,8/13/1995,\N
hungaroring,Hungaroring,Budapest,Hungary,47.5789,19.2486,264,266,1994,Hungarian Grand Prix,8/14/1994,\N
hungaroring,Hungaroring,Budapest,Hungary,47.5789,19.2486,264,283,1993,Hungarian Grand Prix,8/15/1993,\N
hungaroring,Hungaroring,Budapest,Hungary,47.5789,19.2486,264,299,1992,Hungarian Grand Prix,8/16/1992,\N
hungaroring,Hungaroring,Budapest,Hungary,47.5789,19.2486,264,314,1991,Hungarian Grand Prix,8/11/1991,\N
hungaroring,Hungaroring,Budapest,Hungary,47.5789,19.2486,264,330,1990,Hungarian Grand Prix,8/12/1990,\N
hungaroring,Hungaroring,Budapest,Hungary,47.5789,19.2486,264,348,2010,Hungarian Grand Prix,8/1/2010,12:00:00
hungaroring,Hungaroring,Budapest,Hungary,47.5789,19.2486,264,365,1989,Hungarian Grand Prix,8/13/1989,\N
hungaroring,Hungaroring,Budapest,Hungary,47.5789,19.2486,264,381,1988,Hungarian Grand Prix,8/7/1988,\N
hungaroring,Hungaroring,Budapest,Hungary,47.5789,19.2486,264,396,1987,Hungarian Grand Prix,8/9/1987,\N
hungaroring,Hungaroring,Budapest,Hungary,47.5789,19.2486,264,414,1986,Hungarian Grand Prix,8/10/1986,\N
hungaroring,Hungaroring,Budapest,Hungary,47.5789,19.2486,264,851,2011,Hungarian Grand Prix,7/31/2011,12:00:00
hungaroring,Hungaroring,Budapest,Hungary,47.5789,19.2486,264,870,2012,Hungarian Grand Prix,7/29/2012,12:00:00
hungaroring,Hungaroring,Budapest,Hungary,47.5789,19.2486,264,890,2013,Hungarian Grand Prix,7/28/2013,12:00:00
hungaroring,Hungaroring,Budapest,Hungary,47.5789,19.2486,264,910,2014,Hungarian Grand Prix,7/27/2014,12:00:00
hungaroring,Hungaroring,Budapest,Hungary,47.5789,19.2486,264,936,2015,Hungarian Grand Prix,7/26/2015,12:00:00
hungaroring,Hungaroring,Budapest,Hungary,47.5789,19.2486,264,958,2016,Hungarian Grand Prix,7/24/2016,12:00:00
hungaroring,Hungaroring,Budapest,Hungary,47.5789,19.2486,264,979,2017,Hungarian Grand Prix,7/30/2017,12:00:00
hungaroring,Hungaroring,Budapest,Hungary,47.5789,19.2486,264,1000,2018,Hungarian Grand Prix,7/29/2018,13:10:00
hungaroring,Hungaroring,Budapest,Hungary,47.5789,19.2486,264,1021,2019,Hungarian Grand Prix,8/4/2019,13:10:00
hungaroring,Hungaroring,Budapest,Hungary,47.5789,19.2486,264,1033,2020,Hungarian Grand Prix,7/19/2020,13:10:00
hungaroring,Hungaroring,Budapest,Hungary,47.5789,19.2486,264,1062,2021,Hungarian Grand Prix,8/1/2021,13:00:00
hungaroring,Hungaroring,Budapest,Hungary,47.5789,19.2486,264,1086,2022,Hungarian Grand Prix,7/31/2022,13:00:00
valencia,Valencia Street Circuit,Valencia,Spain,39.4589,-0.331667,4,11,2009,European Grand Prix,8/23/2009,12:00:00
valencia,Valencia Street Circuit,Valencia,Spain,39.4589,-0.331667,4,29,2008,European Grand Prix,8/24/2008,12:00:00
valencia,Valencia Street Circuit,Valencia,Spain,39.4589,-0.331667,4,345,2010,European Grand Prix,6/27/2010,12:00:00
valencia,Valencia Street Circuit,Valencia,Spain,39.4589,-0.331667,4,848,2011,European Grand Prix,6/26/2011,12:00:00
valencia,Valencia Street Circuit,Valencia,Spain,39.4589,-0.331667,4,867,2012,European Grand Prix,6/24/2012,12:00:00
spa,Circuit de Spa-Francorchamps,Spa,Belgium,50.4372,5.97139,401,12,2009,Belgian Grand Prix,8/30/2009,12:00:00
spa,Circuit de Spa-Francorchamps,Spa,Belgium,50.4372,5.97139,401,30,2008,Belgian Grand Prix,9/7/2008,12:00:00
spa,Circuit de Spa-Francorchamps,Spa,Belgium,50.4372,5.97139,401,49,2007,Belgian Grand Prix,9/16/2007,12:00:00
spa,Circuit de Spa-Francorchamps,Spa,Belgium,50.4372,5.97139,401,86,2005,Belgian Grand Prix,9/11/2005,14:00:00
spa,Circuit de Spa-Francorchamps,Spa,Belgium,50.4372,5.97139,401,103,2004,Belgian Grand Prix,8/29/2004,\N
spa,Circuit de Spa-Francorchamps,Spa,Belgium,50.4372,5.97139,401,137,2002,Belgian Grand Prix,9/1/2002,\N
spa,Circuit de Spa-Francorchamps,Spa,Belgium,50.4372,5.97139,401,154,2001,Belgian Grand Prix,9/2/2001,\N
spa,Circuit de Spa-Francorchamps,Spa,Belgium,50.4372,5.97139,401,170,2000,Belgian Grand Prix,8/27/2000,\N
spa,Circuit de Spa-Francorchamps,Spa,Belgium,50.4372,5.97139,401,186,1999,Belgian Grand Prix,8/29/1999,\N
spa,Circuit de Spa-Francorchamps,Spa,Belgium,50.4372,5.97139,401,203,1998,Belgian Grand Prix,8/30/1998,\N
spa,Circuit de Spa-Francorchamps,Spa,Belgium,50.4372,5.97139,401,218,1997,Belgian Grand Prix,8/24/1997,\N
spa,Circuit de Spa-Francorchamps,Spa,Belgium,50.4372,5.97139,401,236,1996,Belgian Grand Prix,8/25/1996,\N
spa,Circuit de Spa-Francorchamps,Spa,Belgium,50.4372,5.97139,401,250,1995,Belgian Grand Prix,8/27/1995,\N
spa,Circuit de Spa-Francorchamps,Spa,Belgium,50.4372,5.97139,401,267,1994,Belgian Grand Prix,8/28/1994,\N
spa,Circuit de Spa-Francorchamps,Spa,Belgium,50.4372,5.97139,401,284,1993,Belgian Grand Prix,8/29/1993,\N
spa,Circuit de Spa-Francorchamps,Spa,Belgium,50.4372,5.97139,401,300,1992,Belgian Grand Prix,8/30/1992,\N
spa,Circuit de Spa-Francorchamps,Spa,Belgium,50.4372,5.97139,401,315,1991,Belgian Grand Prix,8/25/1991,\N
spa,Circuit de Spa-Francorchamps,Spa,Belgium,50.4372,5.97139,401,331,1990,Belgian Grand Prix,8/26/1990,\N
spa,Circuit de Spa-Francorchamps,Spa,Belgium,50.4372,5.97139,401,349,2010,Belgian Grand Prix,8/29/2010,12:00:00
spa,Circuit de Spa-Francorchamps,Spa,Belgium,50.4372,5.97139,401,366,1989,Belgian Grand Prix,8/27/1989,\N
spa,Circuit de Spa-Francorchamps,Spa,Belgium,50.4372,5.97139,401,382,1988,Belgian Grand Prix,8/28/1988,\N
spa,Circuit de Spa-Francorchamps,Spa,Belgium,50.4372,5.97139,401,390,1987,Belgian Grand Prix,5/17/1987,\N
spa,Circuit de Spa-Francorchamps,Spa,Belgium,50.4372,5.97139,401,408,1986,Belgian Grand Prix,5/25/1986,\N
spa,Circuit de Spa-Francorchamps,Spa,Belgium,50.4372,5.97139,401,432,1985,Belgian Grand Prix,9/15/1985,\N
spa,Circuit de Spa-Francorchamps,Spa,Belgium,50.4372,5.97139,401,457,1983,Belgian Grand Prix,5/22/1983,\N
spa,Circuit de Spa-Francorchamps,Spa,Belgium,50.4372,5.97139,401,646,1970,Belgian Grand Prix,6/7/1970,\N
spa,Circuit de Spa-Francorchamps,Spa,Belgium,50.4372,5.97139,401,670,1968,Belgian Grand Prix,6/9/1968,\N
spa,Circuit de Spa-Francorchamps,Spa,Belgium,50.4372,5.97139,401,682,1967,Belgian Grand Prix,6/18/1967,\N
spa,Circuit de Spa-Francorchamps,Spa,Belgium,50.4372,5.97139,401,691,1966,Belgian Grand Prix,6/12/1966,\N
spa,Circuit de Spa-Francorchamps,Spa,Belgium,50.4372,5.97139,401,701,1965,Belgian Grand Prix,6/13/1965,\N
spa,Circuit de Spa-Francorchamps,Spa,Belgium,50.4372,5.97139,401,711,1964,Belgian Grand Prix,6/14/1964,\N
spa,Circuit de Spa-Francorchamps,Spa,Belgium,50.4372,5.97139,401,720,1963,Belgian Grand Prix,6/9/1963,\N
spa,Circuit de Spa-Francorchamps,Spa,Belgium,50.4372,5.97139,401,731,1962,Belgian Grand Prix,6/17/1962,\N
spa,Circuit de Spa-Francorchamps,Spa,Belgium,50.4372,5.97139,401,740,1961,Belgian Grand Prix,6/18/1961,\N
spa,Circuit de Spa-Francorchamps,Spa,Belgium,50.4372,5.97139,401,750,1960,Belgian Grand Prix,6/19/1960,\N
spa,Circuit de Spa-Francorchamps,Spa,Belgium,50.4372,5.97139,401,769,1958,Belgian Grand Prix,6/15/1958,\N
spa,Circuit de Spa-Francorchamps,Spa,Belgium,50.4372,5.97139,401,787,1956,Belgian Grand Prix,6/3/1956,\N
spa,Circuit de Spa-Francorchamps,Spa,Belgium,50.4372,5.97139,401,795,1955,Belgian Grand Prix,6/5/1955,\N
spa,Circuit de Spa-Francorchamps,Spa,Belgium,50.4372,5.97139,401,801,1954,Belgian Grand Prix,6/20/1954,\N
spa,Circuit de Spa-Francorchamps,Spa,Belgium,50.4372,5.97139,401,811,1953,Belgian Grand Prix,6/21/1953,\N
spa,Circuit de Spa-Francorchamps,Spa,Belgium,50.4372,5.97139,401,819,1952,Belgian Grand Prix,6/22/1952,\N
spa,Circuit de Spa-Francorchamps,Spa,Belgium,50.4372,5.97139,401,827,1951,Belgian Grand Prix,6/17/1951,\N
spa,Circuit de Spa-Francorchamps,Spa,Belgium,50.4372,5.97139,401,837,1950,Belgian Grand Prix,6/18/1950,\N
spa,Circuit de Spa-Francorchamps,Spa,Belgium,50.4372,5.97139,401,852,2011,Belgian Grand Prix,8/28/2011,12:00:00
spa,Circuit de Spa-Francorchamps,Spa,Belgium,50.4372,5.97139,401,871,2012,Belgian Grand Prix,9/2/2012,12:00:00
spa,Circuit de Spa-Francorchamps,Spa,Belgium,50.4372,5.97139,401,891,2013,Belgian Grand Prix,8/25/2013,12:00:00
spa,Circuit de Spa-Francorchamps,Spa,Belgium,50.4372,5.97139,401,911,2014,Belgian Grand Prix,8/24/2014,12:00:00
spa,Circuit de Spa-Francorchamps,Spa,Belgium,50.4372,5.97139,401,937,2015,Belgian Grand Prix,8/23/2015,12:00:00
spa,Circuit de Spa-Francorchamps,Spa,Belgium,50.4372,5.97139,401,960,2016,Belgian Grand Prix,8/28/2016,12:00:00
spa,Circuit de Spa-Francorchamps,Spa,Belgium,50.4372,5.97139,401,980,2017,Belgian Grand Prix,8/27/2017,12:00:00
spa,Circuit de Spa-Francorchamps,Spa,Belgium,50.4372,5.97139,401,1001,2018,Belgian Grand Prix,8/26/2018,13:10:00
spa,Circuit de Spa-Francorchamps,Spa,Belgium,50.4372,5.97139,401,1022,2019,Belgian Grand Prix,9/1/2019,13:10:00
spa,Circuit de Spa-Francorchamps,Spa,Belgium,50.4372,5.97139,401,1037,2020,Belgian Grand Prix,8/30/2020,13:10:00
spa,Circuit de Spa-Francorchamps,Spa,Belgium,50.4372,5.97139,401,1063,2021,Belgian Grand Prix,8/29/2021,13:00:00
spa,Circuit de Spa-Francorchamps,Spa,Belgium,50.4372,5.97139,401,1087,2022,Belgian Grand Prix,8/28/2022,13:00:00
monza,Autodromo Nazionale di Monza,Monza,Italy,45.6156,9.28111,162,13,2009,Italian Grand Prix,9/13/2009,12:00:00
monza,Autodromo Nazionale di Monza,Monza,Italy,45.6156,9.28111,162,31,2008,Italian Grand Prix,9/14/2008,12:00:00
monza,Autodromo Nazionale di Monza,Monza,Italy,45.6156,9.28111,162,48,2007,Italian Grand Prix,9/9/2007,12:00:00
monza,Autodromo Nazionale di Monza,Monza,Italy,45.6156,9.28111,162,67,2006,Italian Grand Prix,9/10/2006,14:00:00
monza,Autodromo Nazionale di Monza,Monza,Italy,45.6156,9.28111,162,85,2005,Italian Grand Prix,9/4/2005,14:00:00
monza,Autodromo Nazionale di Monza,Monza,Italy,45.6156,9.28111,162,104,2004,Italian Grand Prix,9/12/2004,\N
monza,Autodromo Nazionale di Monza,Monza,Italy,45.6156,9.28111,162,121,2003,Italian Grand Prix,9/14/2003,\N
monza,Autodromo Nazionale di Monza,Monza,Italy,45.6156,9.28111,162,138,2002,Italian Grand Prix,9/15/2002,\N
monza,Autodromo Nazionale di Monza,Monza,Italy,45.6156,9.28111,162,155,2001,Italian Grand Prix,9/16/2001,\N
monza,Autodromo Nazionale di Monza,Monza,Italy,45.6156,9.28111,162,171,2000,Italian Grand Prix,9/10/2000,\N
monza,Autodromo Nazionale di Monza,Monza,Italy,45.6156,9.28111,162,187,1999,Italian Grand Prix,9/12/1999,\N
monza,Autodromo Nazionale di Monza,Monza,Italy,45.6156,9.28111,162,204,1998,Italian Grand Prix,9/13/1998,\N
monza,Autodromo Nazionale di Monza,Monza,Italy,45.6156,9.28111,162,219,1997,Italian Grand Prix,9/7/1997,\N
monza,Autodromo Nazionale di Monza,Monza,Italy,45.6156,9.28111,162,237,1996,Italian Grand Prix,9/8/1996,\N
monza,Autodromo Nazionale di Monza,Monza,Italy,45.6156,9.28111,162,251,1995,Italian Grand Prix,9/10/1995,\N
monza,Autodromo Nazionale di Monza,Monza,Italy,45.6156,9.28111,162,268,1994,Italian Grand Prix,9/11/1994,\N
monza,Autodromo Nazionale di Monza,Monza,Italy,45.6156,9.28111,162,285,1993,Italian Grand Prix,9/12/1993,\N
monza,Autodromo Nazionale di Monza,Monza,Italy,45.6156,9.28111,162,301,1992,Italian Grand Prix,9/13/1992,\N
monza,Autodromo Nazionale di Monza,Monza,Italy,45.6156,9.28111,162,316,1991,Italian Grand Prix,9/8/1991,\N
monza,Autodromo Nazionale di Monza,Monza,Italy,45.6156,9.28111,162,332,1990,Italian Grand Prix,9/9/1990,\N
monza,Autodromo Nazionale di Monza,Monza,Italy,45.6156,9.28111,162,350,2010,Italian Grand Prix,9/12/2010,12:00:00
monza,Autodromo Nazionale di Monza,Monza,Italy,45.6156,9.28111,162,367,1989,Italian Grand Prix,9/10/1989,\N
monza,Autodromo Nazionale di Monza,Monza,Italy,45.6156,9.28111,162,383,1988,Italian Grand Prix,9/11/1988,\N
monza,Autodromo Nazionale di Monza,Monza,Italy,45.6156,9.28111,162,398,1987,Italian Grand Prix,9/6/1987,\N
monza,Autodromo Nazionale di Monza,Monza,Italy,45.6156,9.28111,162,416,1986,Italian Grand Prix,9/7/1986,\N
monza,Autodromo Nazionale di Monza,Monza,Italy,45.6156,9.28111,162,431,1985,Italian Grand Prix,9/8/1985,\N
monza,Autodromo Nazionale di Monza,Monza,Italy,45.6156,9.28111,162,449,1984,Italian Grand Prix,9/9/1984,\N
monza,Autodromo Nazionale di Monza,Monza,Italy,45.6156,9.28111,162,464,1983,Italian Grand Prix,9/11/1983,\N
monza,Autodromo Nazionale di Monza,Monza,Italy,45.6156,9.28111,162,481,1982,Italian Grand Prix,9/12/1982,\N
monza,Autodromo Nazionale di Monza,Monza,Italy,45.6156,9.28111,162,495,1981,Italian Grand Prix,9/13/1981,\N
monza,Autodromo Nazionale di Monza,Monza,Italy,45.6156,9.28111,162,524,1979,Italian Grand Prix,9/9/1979,\N
monza,Autodromo Nazionale di Monza,Monza,Italy,45.6156,9.28111,162,540,1978,Italian Grand Prix,9/10/1978,\N
monza,Autodromo Nazionale di Monza,Monza,Italy,45.6156,9.28111,162,556,1977,Italian Grand Prix,9/11/1977,\N
monza,Autodromo Nazionale di Monza,Monza,Italy,45.6156,9.28111,162,572,1976,Italian Grand Prix,9/12/1976,\N
monza,Autodromo Nazionale di Monza,Monza,Italy,45.6156,9.28111,162,588,1975,Italian Grand Prix,9/7/1975,\N
monza,Autodromo Nazionale di Monza,Monza,Italy,45.6156,9.28111,162,602,1974,Italian Grand Prix,9/8/1974,\N
monza,Autodromo Nazionale di Monza,Monza,Italy,45.6156,9.28111,162,617,1973,Italian Grand Prix,9/9/1973,\N
monza,Autodromo Nazionale di Monza,Monza,Italy,45.6156,9.28111,162,629,1972,Italian Grand Prix,9/10/1972,\N
monza,Autodromo Nazionale di Monza,Monza,Italy,45.6156,9.28111,162,640,1971,Italian Grand Prix,9/5/1971,\N
monza,Autodromo Nazionale di Monza,Monza,Italy,45.6156,9.28111,162,652,1970,Italian Grand Prix,9/6/1970,\N
monza,Autodromo Nazionale di Monza,Monza,Italy,45.6156,9.28111,162,663,1969,Italian Grand Prix,9/7/1969,\N
monza,Autodromo Nazionale di Monza,Monza,Italy,45.6156,9.28111,162,675,1968,Italian Grand Prix,9/8/1968,\N
monza,Autodromo Nazionale di Monza,Monza,Italy,45.6156,9.28111,162,687,1967,Italian Grand Prix,9/10/1967,\N
monza,Autodromo Nazionale di Monza,Monza,Italy,45.6156,9.28111,162,696,1966,Italian Grand Prix,9/4/1966,\N
monza,Autodromo Nazionale di Monza,Monza,Italy,45.6156,9.28111,162,706,1965,Italian Grand Prix,9/12/1965,\N
monza,Autodromo Nazionale di Monza,Monza,Italy,45.6156,9.28111,162,716,1964,Italian Grand Prix,9/6/1964,\N
monza,Autodromo Nazionale di Monza,Monza,Italy,45.6156,9.28111,162,725,1963,Italian Grand Prix,9/8/1963,\N
monza,Autodromo Nazionale di Monza,Monza,Italy,45.6156,9.28111,162,735,1962,Italian Grand Prix,9/16/1962,\N
monza,Autodromo Nazionale di Monza,Monza,Italy,45.6156,9.28111,162,744,1961,Italian Grand Prix,9/10/1961,\N
monza,Autodromo Nazionale di Monza,Monza,Italy,45.6156,9.28111,162,754,1960,Italian Grand Prix,9/4/1960,\N
monza,Autodromo Nazionale di Monza,Monza,Italy,45.6156,9.28111,162,763,1959,Italian Grand Prix,9/13/1959,\N
monza,Autodromo Nazionale di Monza,Monza,Italy,45.6156,9.28111,162,774,1958,Italian Grand Prix,9/7/1958,\N
monza,Autodromo Nazionale di Monza,Monza,Italy,45.6156,9.28111,162,783,1957,Italian Grand Prix,9/8/1957,\N
monza,Autodromo Nazionale di Monza,Monza,Italy,45.6156,9.28111,162,791,1956,Italian Grand Prix,9/2/1956,\N
monza,Autodromo Nazionale di Monza,Monza,Italy,45.6156,9.28111,162,798,1955,Italian Grand Prix,9/11/1955,\N
monza,Autodromo Nazionale di Monza,Monza,Italy,45.6156,9.28111,162,806,1954,Italian Grand Prix,9/5/1954,\N
monza,Autodromo Nazionale di Monza,Monza,Italy,45.6156,9.28111,162,816,1953,Italian Grand Prix,9/13/1953,\N
monza,Autodromo Nazionale di Monza,Monza,Italy,45.6156,9.28111,162,824,1952,Italian Grand Prix,9/7/1952,\N
monza,Autodromo Nazionale di Monza,Monza,Italy,45.6156,9.28111,162,831,1951,Italian Grand Prix,9/16/1951,\N
monza,Autodromo Nazionale di Monza,Monza,Italy,45.6156,9.28111,162,839,1950,Italian Grand Prix,9/3/1950,\N
monza,Autodromo Nazionale di Monza,Monza,Italy,45.6156,9.28111,162,853,2011,Italian Grand Prix,9/11/2011,12:00:00
monza,Autodromo Nazionale di Monza,Monza,Italy,45.6156,9.28111,162,872,2012,Italian Grand Prix,9/9/2012,12:00:00
monza,Autodromo Nazionale di Monza,Monza,Italy,45.6156,9.28111,162,892,2013,Italian Grand Prix,9/8/2013,12:00:00
monza,Autodromo Nazionale di Monza,Monza,Italy,45.6156,9.28111,162,912,2014,Italian Grand Prix,9/7/2014,12:00:00
monza,Autodromo Nazionale di Monza,Monza,Italy,45.6156,9.28111,162,938,2015,Italian Grand Prix,9/6/2015,12:00:00
monza,Autodromo Nazionale di Monza,Monza,Italy,45.6156,9.28111,162,961,2016,Italian Grand Prix,9/4/2016,12:00:00
monza,Autodromo Nazionale di Monza,Monza,Italy,45.6156,9.28111,162,981,2017,Italian Grand Prix,9/3/2017,12:00:00
monza,Autodromo Nazionale di Monza,Monza,Italy,45.6156,9.28111,162,1002,2018,Italian Grand Prix,9/2/2018,13:10:00
monza,Autodromo Nazionale di Monza,Monza,Italy,45.6156,9.28111,162,1023,2019,Italian Grand Prix,9/8/2019,13:10:00
monza,Autodromo Nazionale di Monza,Monza,Italy,45.6156,9.28111,162,1038,2020,Italian Grand Prix,9/6/2020,13:10:00
monza,Autodromo Nazionale di Monza,Monza,Italy,45.6156,9.28111,162,1065,2021,Italian Grand Prix,9/12/2021,13:00:00
monza,Autodromo Nazionale di Monza,Monza,Italy,45.6156,9.28111,162,1089,2022,Italian Grand Prix,9/11/2022,13:00:00
marina_bay,Marina Bay Street Circuit,Marina Bay,Singapore,1.2914,103.864,18,14,2009,Singapore Grand Prix,9/27/2009,12:00:00
marina_bay,Marina Bay Street Circuit,Marina Bay,Singapore,1.2914,103.864,18,32,2008,Singapore Grand Prix,9/28/2008,12:00:00
marina_bay,Marina Bay Street Circuit,Marina Bay,Singapore,1.2914,103.864,18,351,2010,Singapore Grand Prix,9/26/2010,12:00:00
marina_bay,Marina Bay Street Circuit,Marina Bay,Singapore,1.2914,103.864,18,854,2011,Singapore Grand Prix,9/25/2011,12:00:00
marina_bay,Marina Bay Street Circuit,Marina Bay,Singapore,1.2914,103.864,18,873,2012,Singapore Grand Prix,9/23/2012,12:00:00
marina_bay,Marina Bay Street Circuit,Marina Bay,Singapore,1.2914,103.864,18,893,2013,Singapore Grand Prix,9/22/2013,12:00:00
marina_bay,Marina Bay Street Circuit,Marina Bay,Singapore,1.2914,103.864,18,913,2014,Singapore Grand Prix,9/21/2014,12:00:00
marina_bay,Marina Bay Street Circuit,Marina Bay,Singapore,1.2914,103.864,18,939,2015,Singapore Grand Prix,9/20/2015,12:00:00
marina_bay,Marina Bay Street Circuit,Marina Bay,Singapore,1.2914,103.864,18,962,2016,Singapore Grand Prix,9/18/2016,12:00:00
marina_bay,Marina Bay Street Circuit,Marina Bay,Singapore,1.2914,103.864,18,982,2017,Singapore Grand Prix,9/17/2017,12:00:00
marina_bay,Marina Bay Street Circuit,Marina Bay,Singapore,1.2914,103.864,18,1003,2018,Singapore Grand Prix,9/16/2018,12:10:00
marina_bay,Marina Bay Street Circuit,Marina Bay,Singapore,1.2914,103.864,18,1024,2019,Singapore Grand Prix,9/22/2019,12:10:00
marina_bay,Marina Bay Street Circuit,Marina Bay,Singapore,1.2914,103.864,18,1091,2022,Singapore Grand Prix,10/2/2022,12:00:00
fuji,Fuji Speedway,Oyama,Japan,35.3717,138.927,583,33,2008,Japanese Grand Prix,10/12/2008,4:30:00
fuji,Fuji Speedway,Oyama,Japan,35.3717,138.927,583,50,2007,Japanese Grand Prix,9/30/2007,4:30:00
fuji,Fuji Speedway,Oyama,Japan,35.3717,138.927,583,559,1977,Japanese Grand Prix,10/23/1977,\N
fuji,Fuji Speedway,Oyama,Japan,35.3717,138.927,583,575,1976,Japanese Grand Prix,10/24/1976,\N
shanghai,Shanghai International Circuit,Shanghai,China,31.3389,121.22,5,3,2009,Chinese Grand Prix,4/19/2009,7:00:00
shanghai,Shanghai International Circuit,Shanghai,China,31.3389,121.22,5,34,2008,Chinese Grand Prix,10/19/2008,7:00:00
shanghai,Shanghai International Circuit,Shanghai,China,31.3389,121.22,5,51,2007,Chinese Grand Prix,10/7/2007,6:00:00
shanghai,Shanghai International Circuit,Shanghai,China,31.3389,121.22,5,68,2006,Chinese Grand Prix,10/1/2006,14:00:00
shanghai,Shanghai International Circuit,Shanghai,China,31.3389,121.22,5,89,2005,Chinese Grand Prix,10/16/2005,14:00:00
shanghai,Shanghai International Circuit,Shanghai,China,31.3389,121.22,5,105,2004,Chinese Grand Prix,9/26/2004,\N
shanghai,Shanghai International Circuit,Shanghai,China,31.3389,121.22,5,340,2010,Chinese Grand Prix,4/18/2010,6:00:00
shanghai,Shanghai International Circuit,Shanghai,China,31.3389,121.22,5,843,2011,Chinese Grand Prix,4/17/2011,7:00:00
shanghai,Shanghai International Circuit,Shanghai,China,31.3389,121.22,5,862,2012,Chinese Grand Prix,4/15/2012,7:00:00
shanghai,Shanghai International Circuit,Shanghai,China,31.3389,121.22,5,882,2013,Chinese Grand Prix,4/14/2013,7:00:00
shanghai,Shanghai International Circuit,Shanghai,China,31.3389,121.22,5,903,2014,Chinese Grand Prix,4/20/2014,7:00:00
shanghai,Shanghai International Circuit,Shanghai,China,31.3389,121.22,5,928,2015,Chinese Grand Prix,4/12/2015,6:00:00
shanghai,Shanghai International Circuit,Shanghai,China,31.3389,121.22,5,950,2016,Chinese Grand Prix,4/17/2016,6:00:00
shanghai,Shanghai International Circuit,Shanghai,China,31.3389,121.22,5,970,2017,Chinese Grand Prix,4/9/2017,6:00:00
shanghai,Shanghai International Circuit,Shanghai,China,31.3389,121.22,5,991,2018,Chinese Grand Prix,4/15/2018,6:10:00
shanghai,Shanghai International Circuit,Shanghai,China,31.3389,121.22,5,1012,2019,Chinese Grand Prix,4/14/2019,6:10:00
interlagos,Autódromo José Carlos Pace,São Paulo,Brazil,-23.7036,-46.6997,785,16,2009,Brazilian Grand Prix,10/18/2009,16:00:00
interlagos,Autódromo José Carlos Pace,São Paulo,Brazil,-23.7036,-46.6997,785,35,2008,Brazilian Grand Prix,11/2/2008,17:00:00
interlagos,Autódromo José Carlos Pace,São Paulo,Brazil,-23.7036,-46.6997,785,52,2007,Brazilian Grand Prix,10/21/2007,16:00:00
interlagos,Autódromo José Carlos Pace,São Paulo,Brazil,-23.7036,-46.6997,785,70,2006,Brazilian Grand Prix,10/22/2006,14:00:00
interlagos,Autódromo José Carlos Pace,São Paulo,Brazil,-23.7036,-46.6997,785,87,2005,Brazilian Grand Prix,9/25/2005,14:00:00
interlagos,Autódromo José Carlos Pace,São Paulo,Brazil,-23.7036,-46.6997,785,107,2004,Brazilian Grand Prix,10/24/2004,\N
interlagos,Autódromo José Carlos Pace,São Paulo,Brazil,-23.7036,-46.6997,785,110,2003,Brazilian Grand Prix,4/6/2003,\N
interlagos,Autódromo José Carlos Pace,São Paulo,Brazil,-23.7036,-46.6997,785,126,2002,Brazilian Grand Prix,3/31/2002,\N
interlagos,Autódromo José Carlos Pace,São Paulo,Brazil,-23.7036,-46.6997,785,143,2001,Brazilian Grand Prix,4/1/2001,\N
interlagos,Autódromo José Carlos Pace,São Paulo,Brazil,-23.7036,-46.6997,785,159,2000,Brazilian Grand Prix,3/26/2000,\N
interlagos,Autódromo José Carlos Pace,São Paulo,Brazil,-23.7036,-46.6997,785,176,1999,Brazilian Grand Prix,4/11/1999,\N
interlagos,Autódromo José Carlos Pace,São Paulo,Brazil,-23.7036,-46.6997,785,192,1998,Brazilian Grand Prix,3/29/1998,\N
interlagos,Autódromo José Carlos Pace,São Paulo,Brazil,-23.7036,-46.6997,785,208,1997,Brazilian Grand Prix,3/30/1997,\N
interlagos,Autódromo José Carlos Pace,São Paulo,Brazil,-23.7036,-46.6997,785,225,1996,Brazilian Grand Prix,3/31/1996,\N
interlagos,Autódromo José Carlos Pace,São Paulo,Brazil,-23.7036,-46.6997,785,240,1995,Brazilian Grand Prix,3/26/1995,\N
interlagos,Autódromo José Carlos Pace,São Paulo,Brazil,-23.7036,-46.6997,785,257,1994,Brazilian Grand Prix,3/27/1994,\N
interlagos,Autódromo José Carlos Pace,São Paulo,Brazil,-23.7036,-46.6997,785,274,1993,Brazilian Grand Prix,3/28/1993,\N
interlagos,Autódromo José Carlos Pace,São Paulo,Brazil,-23.7036,-46.6997,785,291,1992,Brazilian Grand Prix,4/5/1992,\N
interlagos,Autódromo José Carlos Pace,São Paulo,Brazil,-23.7036,-46.6997,785,306,1991,Brazilian Grand Prix,3/24/1991,\N
interlagos,Autódromo José Carlos Pace,São Paulo,Brazil,-23.7036,-46.6997,785,322,1990,Brazilian Grand Prix,3/25/1990,\N
interlagos,Autódromo José Carlos Pace,São Paulo,Brazil,-23.7036,-46.6997,785,354,2010,Brazilian Grand Prix,11/7/2010,16:00:00
interlagos,Autódromo José Carlos Pace,São Paulo,Brazil,-23.7036,-46.6997,785,499,1980,Brazilian Grand Prix,1/27/1980,\N
interlagos,Autódromo José Carlos Pace,São Paulo,Brazil,-23.7036,-46.6997,785,513,1979,Brazilian Grand Prix,2/4/1979,\N
interlagos,Autódromo José Carlos Pace,São Paulo,Brazil,-23.7036,-46.6997,785,544,1977,Brazilian Grand Prix,1/23/1977,\N
interlagos,Autódromo José Carlos Pace,São Paulo,Brazil,-23.7036,-46.6997,785,560,1976,Brazilian Grand Prix,1/25/1976,\N
interlagos,Autódromo José Carlos Pace,São Paulo,Brazil,-23.7036,-46.6997,785,577,1975,Brazilian Grand Prix,1/26/1975,\N
interlagos,Autódromo José Carlos Pace,São Paulo,Brazil,-23.7036,-46.6997,785,591,1974,Brazilian Grand Prix,1/27/1974,\N
interlagos,Autódromo José Carlos Pace,São Paulo,Brazil,-23.7036,-46.6997,785,606,1973,Brazilian Grand Prix,2/11/1973,\N
interlagos,Autódromo José Carlos Pace,São Paulo,Brazil,-23.7036,-46.6997,785,859,2011,Brazilian Grand Prix,11/27/2011,16:00:00
interlagos,Autódromo José Carlos Pace,São Paulo,Brazil,-23.7036,-46.6997,785,879,2012,Brazilian Grand Prix,11/25/2012,16:00:00
interlagos,Autódromo José Carlos Pace,São Paulo,Brazil,-23.7036,-46.6997,785,899,2013,Brazilian Grand Prix,11/24/2013,16:00:00
interlagos,Autódromo José Carlos Pace,São Paulo,Brazil,-23.7036,-46.6997,785,917,2014,Brazilian Grand Prix,11/9/2014,16:00:00
interlagos,Autódromo José Carlos Pace,São Paulo,Brazil,-23.7036,-46.6997,785,944,2015,Brazilian Grand Prix,11/15/2015,16:00:00
interlagos,Autódromo José Carlos Pace,São Paulo,Brazil,-23.7036,-46.6997,785,967,2016,Brazilian Grand Prix,11/13/2016,16:00:00
interlagos,Autódromo José Carlos Pace,São Paulo,Brazil,-23.7036,-46.6997,785,987,2017,Brazilian Grand Prix,11/12/2017,16:00:00
interlagos,Autódromo José Carlos Pace,São Paulo,Brazil,-23.7036,-46.6997,785,1008,2018,Brazilian Grand Prix,11/11/2018,17:10:00
interlagos,Autódromo José Carlos Pace,São Paulo,Brazil,-23.7036,-46.6997,785,1029,2019,Brazilian Grand Prix,11/17/2019,17:10:00
interlagos,Autódromo José Carlos Pace,São Paulo,Brazil,-23.7036,-46.6997,785,1071,2021,São Paulo Grand Prix,11/14/2021,17:00:00
interlagos,Autódromo José Carlos Pace,São Paulo,Brazil,-23.7036,-46.6997,785,1095,2022,Brazilian Grand Prix,11/13/2022,18:00:00
indianapolis,Indianapolis Motor Speedway,Indianapolis,USA,39.795,-86.2347,223,42,2007,United States Grand Prix,6/17/2007,17:00:00
indianapolis,Indianapolis Motor Speedway,Indianapolis,USA,39.795,-86.2347,223,62,2006,United States Grand Prix,7/2/2006,14:00:00
indianapolis,Indianapolis Motor Speedway,Indianapolis,USA,39.795,-86.2347,223,79,2005,United States Grand Prix,6/19/2005,14:00:00
indianapolis,Indianapolis Motor Speedway,Indianapolis,USA,39.795,-86.2347,223,98,2004,United States Grand Prix,6/20/2004,\N
indianapolis,Indianapolis Motor Speedway,Indianapolis,USA,39.795,-86.2347,223,122,2003,United States Grand Prix,9/28/2003,\N
indianapolis,Indianapolis Motor Speedway,Indianapolis,USA,39.795,-86.2347,223,139,2002,United States Grand Prix,9/29/2002,\N
indianapolis,Indianapolis Motor Speedway,Indianapolis,USA,39.795,-86.2347,223,156,2001,United States Grand Prix,9/30/2001,\N
indianapolis,Indianapolis Motor Speedway,Indianapolis,USA,39.795,-86.2347,223,172,2000,United States Grand Prix,9/24/2000,\N
indianapolis,Indianapolis Motor Speedway,Indianapolis,USA,39.795,-86.2347,223,748,1960,Indianapolis 500,5/30/1960,\N
indianapolis,Indianapolis Motor Speedway,Indianapolis,USA,39.795,-86.2347,223,757,1959,Indianapolis 500,5/30/1959,\N
indianapolis,Indianapolis Motor Speedway,Indianapolis,USA,39.795,-86.2347,223,768,1958,Indianapolis 500,5/30/1958,\N
indianapolis,Indianapolis Motor Speedway,Indianapolis,USA,39.795,-86.2347,223,778,1957,Indianapolis 500,5/30/1957,\N
indianapolis,Indianapolis Motor Speedway,Indianapolis,USA,39.795,-86.2347,223,786,1956,Indianapolis 500,5/30/1956,\N
indianapolis,Indianapolis Motor Speedway,Indianapolis,USA,39.795,-86.2347,223,794,1955,Indianapolis 500,5/30/1955,\N
indianapolis,Indianapolis Motor Speedway,Indianapolis,USA,39.795,-86.2347,223,800,1954,Indianapolis 500,5/31/1954,\N
indianapolis,Indianapolis Motor Speedway,Indianapolis,USA,39.795,-86.2347,223,809,1953,Indianapolis 500,5/30/1953,\N
indianapolis,Indianapolis Motor Speedway,Indianapolis,USA,39.795,-86.2347,223,818,1952,Indianapolis 500,5/30/1952,\N
indianapolis,Indianapolis Motor Speedway,Indianapolis,USA,39.795,-86.2347,223,826,1951,Indianapolis 500,5/30/1951,\N
indianapolis,Indianapolis Motor Speedway,Indianapolis,USA,39.795,-86.2347,223,835,1950,Indianapolis 500,5/30/1950,\N
nurburgring,Nürburgring,Nürburg,Germany,50.3356,6.9475,578,9,2009,German Grand Prix,7/12/2009,12:00:00
nurburgring,Nürburgring,Nürburg,Germany,50.3356,6.9475,578,45,2007,European Grand Prix,7/22/2007,12:00:00
nurburgring,Nürburgring,Nürburg,Germany,50.3356,6.9475,578,57,2006,European Grand Prix,5/7/2006,14:00:00
nurburgring,Nürburgring,Nürburg,Germany,50.3356,6.9475,578,77,2005,European Grand Prix,5/29/2005,14:00:00
nurburgring,Nürburgring,Nürburg,Germany,50.3356,6.9475,578,96,2004,European Grand Prix,5/30/2004,\N
nurburgring,Nürburgring,Nürburg,Germany,50.3356,6.9475,578,116,2003,European Grand Prix,6/29/2003,\N
nurburgring,Nürburgring,Nürburg,Germany,50.3356,6.9475,578,132,2002,European Grand Prix,6/23/2002,\N
nurburgring,Nürburgring,Nürburg,Germany,50.3356,6.9475,578,149,2001,European Grand Prix,6/24/2001,\N
nurburgring,Nürburgring,Nürburg,Germany,50.3356,6.9475,578,163,2000,European Grand Prix,5/21/2000,\N
nurburgring,Nürburgring,Nürburg,Germany,50.3356,6.9475,578,188,1999,European Grand Prix,9/26/1999,\N
nurburgring,Nürburgring,Nürburg,Germany,50.3356,6.9475,578,205,1998,Luxembourg Grand Prix,9/27/1998,\N
nurburgring,Nürburgring,Nürburg,Germany,50.3356,6.9475,578,221,1997,Luxembourg Grand Prix,9/28/1997,\N
nurburgring,Nürburgring,Nürburg,Germany,50.3356,6.9475,578,227,1996,European Grand Prix,4/28/1996,\N
nurburgring,Nürburgring,Nürburg,Germany,50.3356,6.9475,578,253,1995,European Grand Prix,10/1/1995,\N
nurburgring,Nürburgring,Nürburg,Germany,50.3356,6.9475,578,428,1985,German Grand Prix,8/4/1985,\N
nurburgring,Nürburgring,Nürburg,Germany,50.3356,6.9475,578,450,1984,European Grand Prix,10/7/1984,\N
nurburgring,Nürburgring,Nürburg,Germany,50.3356,6.9475,578,569,1976,German Grand Prix,8/1/1976,\N
nurburgring,Nürburgring,Nürburg,Germany,50.3356,6.9475,578,586,1975,German Grand Prix,8/3/1975,\N
nurburgring,Nürburgring,Nürburg,Germany,50.3356,6.9475,578,600,1974,German Grand Prix,8/4/1974,\N
nurburgring,Nürburgring,Nürburg,Germany,50.3356,6.9475,578,615,1973,German Grand Prix,8/5/1973,\N
nurburgring,Nürburgring,Nürburg,Germany,50.3356,6.9475,578,627,1972,German Grand Prix,7/30/1972,\N
nurburgring,Nürburgring,Nürburg,Germany,50.3356,6.9475,578,638,1971,German Grand Prix,8/1/1971,\N
nurburgring,Nürburgring,Nürburg,Germany,50.3356,6.9475,578,662,1969,German Grand Prix,8/3/1969,\N
nurburgring,Nürburgring,Nürburg,Germany,50.3356,6.9475,578,674,1968,German Grand Prix,8/4/1968,\N
nurburgring,Nürburgring,Nürburg,Germany,50.3356,6.9475,578,685,1967,German Grand Prix,8/6/1967,\N
nurburgring,Nürburgring,Nürburg,Germany,50.3356,6.9475,578,695,1966,German Grand Prix,8/7/1966,\N
nurburgring,Nürburgring,Nürburg,Germany,50.3356,6.9475,578,705,1965,German Grand Prix,8/1/1965,\N
nurburgring,Nürburgring,Nürburg,Germany,50.3356,6.9475,578,714,1964,German Grand Prix,8/2/1964,\N
nurburgring,Nürburgring,Nürburg,Germany,50.3356,6.9475,578,724,1963,German Grand Prix,8/4/1963,\N
nurburgring,Nürburgring,Nürburg,Germany,50.3356,6.9475,578,734,1962,German Grand Prix,8/5/1962,\N
nurburgring,Nürburgring,Nürburg,Germany,50.3356,6.9475,578,743,1961,German Grand Prix,8/6/1961,\N
nurburgring,Nürburgring,Nürburg,Germany,50.3356,6.9475,578,772,1958,German Grand Prix,8/3/1958,\N
nurburgring,Nürburgring,Nürburg,Germany,50.3356,6.9475,578,781,1957,German Grand Prix,8/4/1957,\N
nurburgring,Nürburgring,Nürburg,Germany,50.3356,6.9475,578,790,1956,German Grand Prix,8/5/1956,\N
nurburgring,Nürburgring,Nürburg,Germany,50.3356,6.9475,578,804,1954,German Grand Prix,8/1/1954,\N
nurburgring,Nürburgring,Nürburg,Germany,50.3356,6.9475,578,814,1953,German Grand Prix,8/2/1953,\N
nurburgring,Nürburgring,Nürburg,Germany,50.3356,6.9475,578,822,1952,German Grand Prix,8/3/1952,\N
nurburgring,Nürburgring,Nürburg,Germany,50.3356,6.9475,578,830,1951,German Grand Prix,7/29/1951,\N
nurburgring,Nürburgring,Nürburg,Germany,50.3356,6.9475,578,850,2011,German Grand Prix,7/24/2011,12:00:00
nurburgring,Nürburgring,Nürburg,Germany,50.3356,6.9475,578,888,2013,German Grand Prix,7/7/2013,12:00:00
nurburgring,Nürburgring,Nürburg,Germany,50.3356,6.9475,578,1041,2020,Eifel Grand Prix,10/11/2020,13:10:00
imola,Autodromo Enzo e Dino Ferrari,Imola,Italy,44.3439,11.7167,37,56,2006,San Marino Grand Prix,4/23/2006,14:00:00
imola,Autodromo Enzo e Dino Ferrari,Imola,Italy,44.3439,11.7167,37,74,2005,San Marino Grand Prix,4/24/2005,14:00:00
imola,Autodromo Enzo e Dino Ferrari,Imola,Italy,44.3439,11.7167,37,93,2004,San Marino Grand Prix,4/25/2004,\N
imola,Autodromo Enzo e Dino Ferrari,Imola,Italy,44.3439,11.7167,37,111,2003,San Marino Grand Prix,4/20/2003,\N
imola,Autodromo Enzo e Dino Ferrari,Imola,Italy,44.3439,11.7167,37,127,2002,San Marino Grand Prix,4/14/2002,\N
imola,Autodromo Enzo e Dino Ferrari,Imola,Italy,44.3439,11.7167,37,144,2001,San Marino Grand Prix,4/15/2001,\N
imola,Autodromo Enzo e Dino Ferrari,Imola,Italy,44.3439,11.7167,37,160,2000,San Marino Grand Prix,4/9/2000,\N
imola,Autodromo Enzo e Dino Ferrari,Imola,Italy,44.3439,11.7167,37,177,1999,San Marino Grand Prix,5/2/1999,\N
imola,Autodromo Enzo e Dino Ferrari,Imola,Italy,44.3439,11.7167,37,194,1998,San Marino Grand Prix,4/26/1998,\N
imola,Autodromo Enzo e Dino Ferrari,Imola,Italy,44.3439,11.7167,37,210,1997,San Marino Grand Prix,4/27/1997,\N
imola,Autodromo Enzo e Dino Ferrari,Imola,Italy,44.3439,11.7167,37,228,1996,San Marino Grand Prix,5/5/1996,\N
imola,Autodromo Enzo e Dino Ferrari,Imola,Italy,44.3439,11.7167,37,242,1995,San Marino Grand Prix,4/30/1995,\N
imola,Autodromo Enzo e Dino Ferrari,Imola,Italy,44.3439,11.7167,37,259,1994,San Marino Grand Prix,5/1/1994,\N
imola,Autodromo Enzo e Dino Ferrari,Imola,Italy,44.3439,11.7167,37,276,1993,San Marino Grand Prix,4/25/1993,\N
imola,Autodromo Enzo e Dino Ferrari,Imola,Italy,44.3439,11.7167,37,293,1992,San Marino Grand Prix,5/17/1992,\N
imola,Autodromo Enzo e Dino Ferrari,Imola,Italy,44.3439,11.7167,37,307,1991,San Marino Grand Prix,4/28/1991,\N
imola,Autodromo Enzo e Dino Ferrari,Imola,Italy,44.3439,11.7167,37,323,1990,San Marino Grand Prix,5/13/1990,\N
imola,Autodromo Enzo e Dino Ferrari,Imola,Italy,44.3439,11.7167,37,357,1989,San Marino Grand Prix,4/23/1989,\N
imola,Autodromo Enzo e Dino Ferrari,Imola,Italy,44.3439,11.7167,37,373,1988,San Marino Grand Prix,5/1/1988,\N
imola,Autodromo Enzo e Dino Ferrari,Imola,Italy,44.3439,11.7167,37,389,1987,San Marino Grand Prix,5/3/1987,\N
imola,Autodromo Enzo e Dino Ferrari,Imola,Italy,44.3439,11.7167,37,406,1986,San Marino Grand Prix,4/27/1986,\N
imola,Autodromo Enzo e Dino Ferrari,Imola,Italy,44.3439,11.7167,37,422,1985,San Marino Grand Prix,5/5/1985,\N
imola,Autodromo Enzo e Dino Ferrari,Imola,Italy,44.3439,11.7167,37,439,1984,San Marino Grand Prix,5/6/1984,\N
imola,Autodromo Enzo e Dino Ferrari,Imola,Italy,44.3439,11.7167,37,455,1983,San Marino Grand Prix,5/1/1983,\N
imola,Autodromo Enzo e Dino Ferrari,Imola,Italy,44.3439,11.7167,37,470,1982,San Marino Grand Prix,4/25/1982,\N
imola,Autodromo Enzo e Dino Ferrari,Imola,Italy,44.3439,11.7167,37,486,1981,San Marino Grand Prix,5/3/1981,\N
imola,Autodromo Enzo e Dino Ferrari,Imola,Italy,44.3439,11.7167,37,509,1980,Italian Grand Prix,9/14/1980,\N
imola,Autodromo Enzo e Dino Ferrari,Imola,Italy,44.3439,11.7167,37,1043,2020,Emilia Romagna Grand Prix,11/1/2020,12:10:00
imola,Autodromo Enzo e Dino Ferrari,Imola,Italy,44.3439,11.7167,37,1053,2021,Emilia Romagna Grand Prix,4/18/2021,13:00:00
imola,Autodromo Enzo e Dino Ferrari,Imola,Italy,44.3439,11.7167,37,1077,2022,Emilia Romagna Grand Prix,4/24/2022,13:00:00
suzuka,Suzuka Circuit,Suzuka,Japan,34.8431,136.541,45,15,2009,Japanese Grand Prix,10/4/2009,5:00:00
suzuka,Suzuka Circuit,Suzuka,Japan,34.8431,136.541,45,69,2006,Japanese Grand Prix,10/8/2006,14:00:00
suzuka,Suzuka Circuit,Suzuka,Japan,34.8431,136.541,45,88,2005,Japanese Grand Prix,10/9/2005,14:00:00
suzuka,Suzuka Circuit,Suzuka,Japan,34.8431,136.541,45,106,2004,Japanese Grand Prix,10/10/2004,\N
suzuka,Suzuka Circuit,Suzuka,Japan,34.8431,136.541,45,123,2003,Japanese Grand Prix,10/12/2003,\N
suzuka,Suzuka Circuit,Suzuka,Japan,34.8431,136.541,45,140,2002,Japanese Grand Prix,10/13/2002,\N
suzuka,Suzuka Circuit,Suzuka,Japan,34.8431,136.541,45,157,2001,Japanese Grand Prix,10/14/2001,\N
suzuka,Suzuka Circuit,Suzuka,Japan,34.8431,136.541,45,173,2000,Japanese Grand Prix,10/8/2000,\N
suzuka,Suzuka Circuit,Suzuka,Japan,34.8431,136.541,45,190,1999,Japanese Grand Prix,10/31/1999,\N
suzuka,Suzuka Circuit,Suzuka,Japan,34.8431,136.541,45,206,1998,Japanese Grand Prix,11/1/1998,\N
suzuka,Suzuka Circuit,Suzuka,Japan,34.8431,136.541,45,222,1997,Japanese Grand Prix,10/12/1997,\N
suzuka,Suzuka Circuit,Suzuka,Japan,34.8431,136.541,45,239,1996,Japanese Grand Prix,10/13/1996,\N
suzuka,Suzuka Circuit,Suzuka,Japan,34.8431,136.541,45,255,1995,Japanese Grand Prix,10/29/1995,\N
suzuka,Suzuka Circuit,Suzuka,Japan,34.8431,136.541,45,271,1994,Japanese Grand Prix,11/6/1994,\N
suzuka,Suzuka Circuit,Suzuka,Japan,34.8431,136.541,45,287,1993,Japanese Grand Prix,10/24/1993,\N
suzuka,Suzuka Circuit,Suzuka,Japan,34.8431,136.541,45,303,1992,Japanese Grand Prix,10/25/1992,\N
suzuka,Suzuka Circuit,Suzuka,Japan,34.8431,136.541,45,319,1991,Japanese Grand Prix,10/20/1991,\N
suzuka,Suzuka Circuit,Suzuka,Japan,34.8431,136.541,45,335,1990,Japanese Grand Prix,10/21/1990,\N
suzuka,Suzuka Circuit,Suzuka,Japan,34.8431,136.541,45,352,2010,Japanese Grand Prix,10/10/2010,6:00:00
suzuka,Suzuka Circuit,Suzuka,Japan,34.8431,136.541,45,370,1989,Japanese Grand Prix,10/22/1989,\N
suzuka,Suzuka Circuit,Suzuka,Japan,34.8431,136.541,45,386,1988,Japanese Grand Prix,10/30/1988,\N
suzuka,Suzuka Circuit,Suzuka,Japan,34.8431,136.541,45,402,1987,Japanese Grand Prix,11/1/1987,\N
suzuka,Suzuka Circuit,Suzuka,Japan,34.8431,136.541,45,855,2011,Japanese Grand Prix,10/9/2011,6:00:00
suzuka,Suzuka Circuit,Suzuka,Japan,34.8431,136.541,45,874,2012,Japanese Grand Prix,10/7/2012,6:00:00
suzuka,Suzuka Circuit,Suzuka,Japan,34.8431,136.541,45,895,2013,Japanese Grand Prix,10/13/2013,6:00:00
suzuka,Suzuka Circuit,Suzuka,Japan,34.8431,136.541,45,914,2014,Japanese Grand Prix,10/5/2014,6:00:00
suzuka,Suzuka Circuit,Suzuka,Japan,34.8431,136.541,45,940,2015,Japanese Grand Prix,9/27/2015,5:00:00
suzuka,Suzuka Circuit,Suzuka,Japan,34.8431,136.541,45,964,2016,Japanese Grand Prix,10/9/2016,5:00:00
suzuka,Suzuka Circuit,Suzuka,Japan,34.8431,136.541,45,984,2017,Japanese Grand Prix,10/8/2017,5:00:00
suzuka,Suzuka Circuit,Suzuka,Japan,34.8431,136.541,45,1005,2018,Japanese Grand Prix,10/7/2018,5:10:00
suzuka,Suzuka Circuit,Suzuka,Japan,34.8431,136.541,45,1026,2019,Japanese Grand Prix,10/13/2019,5:10:00
suzuka,Suzuka Circuit,Suzuka,Japan,34.8431,136.541,45,1092,2022,Japanese Grand Prix,10/9/2022,5:00:00
osterreichring,A1-Ring,Spielberg,Austria,47.2197,14.7647,678,113,2003,Austrian Grand Prix,5/18/2003,\N
osterreichring,A1-Ring,Spielberg,Austria,47.2197,14.7647,678,129,2002,Austrian Grand Prix,5/12/2002,\N
osterreichring,A1-Ring,Spielberg,Austria,47.2197,14.7647,678,146,2001,Austrian Grand Prix,5/13/2001,\N
osterreichring,A1-Ring,Spielberg,Austria,47.2197,14.7647,678,167,2000,Austrian Grand Prix,7/16/2000,\N
osterreichring,A1-Ring,Spielberg,Austria,47.2197,14.7647,678,183,1999,Austrian Grand Prix,7/25/1999,\N
osterreichring,A1-Ring,Spielberg,Austria,47.2197,14.7647,678,200,1998,Austrian Grand Prix,7/26/1998,\N
osterreichring,A1-Ring,Spielberg,Austria,47.2197,14.7647,678,220,1997,Austrian Grand Prix,9/21/1997,\N
osterreichring,A1-Ring,Spielberg,Austria,47.2197,14.7647,678,397,1987,Austrian Grand Prix,8/16/1987,\N
osterreichring,A1-Ring,Spielberg,Austria,47.2197,14.7647,678,415,1986,Austrian Grand Prix,8/17/1986,\N
osterreichring,A1-Ring,Spielberg,Austria,47.2197,14.7647,678,429,1985,Austrian Grand Prix,8/18/1985,\N
osterreichring,A1-Ring,Spielberg,Austria,47.2197,14.7647,678,447,1984,Austrian Grand Prix,8/19/1984,\N
osterreichring,A1-Ring,Spielberg,Austria,47.2197,14.7647,678,462,1983,Austrian Grand Prix,8/14/1983,\N
osterreichring,A1-Ring,Spielberg,Austria,47.2197,14.7647,678,479,1982,Austrian Grand Prix,8/15/1982,\N
osterreichring,A1-Ring,Spielberg,Austria,47.2197,14.7647,678,493,1981,Austrian Grand Prix,8/16/1981,\N
osterreichring,A1-Ring,Spielberg,Austria,47.2197,14.7647,678,507,1980,Austrian Grand Prix,8/17/1980,\N
osterreichring,A1-Ring,Spielberg,Austria,47.2197,14.7647,678,522,1979,Austrian Grand Prix,8/12/1979,\N
osterreichring,A1-Ring,Spielberg,Austria,47.2197,14.7647,678,538,1978,Austrian Grand Prix,8/13/1978,\N
osterreichring,A1-Ring,Spielberg,Austria,47.2197,14.7647,678,554,1977,Austrian Grand Prix,8/14/1977,\N
osterreichring,A1-Ring,Spielberg,Austria,47.2197,14.7647,678,570,1976,Austrian Grand Prix,8/15/1976,\N
osterreichring,A1-Ring,Spielberg,Austria,47.2197,14.7647,678,587,1975,Austrian Grand Prix,8/17/1975,\N
osterreichring,A1-Ring,Spielberg,Austria,47.2197,14.7647,678,601,1974,Austrian Grand Prix,8/18/1974,\N
osterreichring,A1-Ring,Spielberg,Austria,47.2197,14.7647,678,616,1973,Austrian Grand Prix,8/19/1973,\N
osterreichring,A1-Ring,Spielberg,Austria,47.2197,14.7647,678,628,1972,Austrian Grand Prix,8/13/1972,\N
osterreichring,A1-Ring,Spielberg,Austria,47.2197,14.7647,678,639,1971,Austrian Grand Prix,8/15/1971,\N
osterreichring,A1-Ring,Spielberg,Austria,47.2197,14.7647,678,651,1970,Austrian Grand Prix,8/16/1970,\N
yas_marina,Yas Marina Circuit,Abu Dhabi,UAE,24.4672,54.6031,3,17,2009,Abu Dhabi Grand Prix,11/1/2009,11:00:00
yas_marina,Yas Marina Circuit,Abu Dhabi,UAE,24.4672,54.6031,3,355,2010,Abu Dhabi Grand Prix,11/14/2010,13:00:00
yas_marina,Yas Marina Circuit,Abu Dhabi,UAE,24.4672,54.6031,3,858,2011,Abu Dhabi Grand Prix,11/13/2011,13:00:00
yas_marina,Yas Marina Circuit,Abu Dhabi,UAE,24.4672,54.6031,3,877,2012,Abu Dhabi Grand Prix,11/4/2012,13:00:00
yas_marina,Yas Marina Circuit,Abu Dhabi,UAE,24.4672,54.6031,3,897,2013,Abu Dhabi Grand Prix,11/3/2013,13:00:00
yas_marina,Yas Marina Circuit,Abu Dhabi,UAE,24.4672,54.6031,3,918,2014,Abu Dhabi Grand Prix,11/23/2014,13:00:00
yas_marina,Yas Marina Circuit,Abu Dhabi,UAE,24.4672,54.6031,3,945,2015,Abu Dhabi Grand Prix,11/29/2015,13:00:00
yas_marina,Yas Marina Circuit,Abu Dhabi,UAE,24.4672,54.6031,3,968,2016,Abu Dhabi Grand Prix,11/27/2016,13:00:00
yas_marina,Yas Marina Circuit,Abu Dhabi,UAE,24.4672,54.6031,3,988,2017,Abu Dhabi Grand Prix,11/26/2017,13:00:00
yas_marina,Yas Marina Circuit,Abu Dhabi,UAE,24.4672,54.6031,3,1009,2018,Abu Dhabi Grand Prix,11/25/2018,13:10:00
yas_marina,Yas Marina Circuit,Abu Dhabi,UAE,24.4672,54.6031,3,1030,2019,Abu Dhabi Grand Prix,12/1/2019,13:10:00
yas_marina,Yas Marina Circuit,Abu Dhabi,UAE,24.4672,54.6031,3,1047,2020,Abu Dhabi Grand Prix,12/13/2020,13:10:00
yas_marina,Yas Marina Circuit,Abu Dhabi,UAE,24.4672,54.6031,3,1073,2021,Abu Dhabi Grand Prix,12/12/2021,13:00:00
yas_marina,Yas Marina Circuit,Abu Dhabi,UAE,24.4672,54.6031,3,1096,2022,Abu Dhabi Grand Prix,11/20/2022,13:00:00
galvez,Autódromo Juan y Oscar Gálvez,Buenos Aires,Argentina,-34.6943,-58.4593,8,193,1998,Argentine Grand Prix,4/12/1998,\N
galvez,Autódromo Juan y Oscar Gálvez,Buenos Aires,Argentina,-34.6943,-58.4593,8,209,1997,Argentine Grand Prix,4/13/1997,\N
galvez,Autódromo Juan y Oscar Gálvez,Buenos Aires,Argentina,-34.6943,-58.4593,8,226,1996,Argentine Grand Prix,4/7/1996,\N
galvez,Autódromo Juan y Oscar Gálvez,Buenos Aires,Argentina,-34.6943,-58.4593,8,241,1995,Argentine Grand Prix,4/9/1995,\N
galvez,Autódromo Juan y Oscar Gálvez,Buenos Aires,Argentina,-34.6943,-58.4593,8,485,1981,Argentine Grand Prix,4/12/1981,\N
galvez,Autódromo Juan y Oscar Gálvez,Buenos Aires,Argentina,-34.6943,-58.4593,8,498,1980,Argentine Grand Prix,1/13/1980,\N
galvez,Autódromo Juan y Oscar Gálvez,Buenos Aires,Argentina,-34.6943,-58.4593,8,512,1979,Argentine Grand Prix,1/21/1979,\N
galvez,Autódromo Juan y Oscar Gálvez,Buenos Aires,Argentina,-34.6943,-58.4593,8,527,1978,Argentine Grand Prix,1/15/1978,\N
galvez,Autódromo Juan y Oscar Gálvez,Buenos Aires,Argentina,-34.6943,-58.4593,8,543,1977,Argentine Grand Prix,1/9/1977,\N
galvez,Autódromo Juan y Oscar Gálvez,Buenos Aires,Argentina,-34.6943,-58.4593,8,576,1975,Argentine Grand Prix,1/12/1975,\N
galvez,Autódromo Juan y Oscar Gálvez,Buenos Aires,Argentina,-34.6943,-58.4593,8,590,1974,Argentine Grand Prix,1/13/1974,\N
galvez,Autódromo Juan y Oscar Gálvez,Buenos Aires,Argentina,-34.6943,-58.4593,8,605,1973,Argentine Grand Prix,1/28/1973,\N
galvez,Autódromo Juan y Oscar Gálvez,Buenos Aires,Argentina,-34.6943,-58.4593,8,620,1972,Argentine Grand Prix,1/23/1972,\N
galvez,Autódromo Juan y Oscar Gálvez,Buenos Aires,Argentina,-34.6943,-58.4593,8,746,1960,Argentine Grand Prix,2/7/1960,\N
galvez,Autódromo Juan y Oscar Gálvez,Buenos Aires,Argentina,-34.6943,-58.4593,8,765,1958,Argentine Grand Prix,1/19/1958,\N
galvez,Autódromo Juan y Oscar Gálvez,Buenos Aires,Argentina,-34.6943,-58.4593,8,776,1957,Argentine Grand Prix,1/13/1957,\N
galvez,Autódromo Juan y Oscar Gálvez,Buenos Aires,Argentina,-34.6943,-58.4593,8,784,1956,Argentine Grand Prix,1/22/1956,\N
galvez,Autódromo Juan y Oscar Gálvez,Buenos Aires,Argentina,-34.6943,-58.4593,8,792,1955,Argentine Grand Prix,1/16/1955,\N
galvez,Autódromo Juan y Oscar Gálvez,Buenos Aires,Argentina,-34.6943,-58.4593,8,799,1954,Argentine Grand Prix,1/17/1954,\N
galvez,Autódromo Juan y Oscar Gálvez,Buenos Aires,Argentina,-34.6943,-58.4593,8,808,1953,Argentine Grand Prix,1/18/1953,\N
jerez,Circuito de Jerez,Jerez de la Frontera,Spain,36.7083,-6.03417,37,223,1997,European Grand Prix,10/26/1997,\N
jerez,Circuito de Jerez,Jerez de la Frontera,Spain,36.7083,-6.03417,37,270,1994,European Grand Prix,10/16/1994,\N
jerez,Circuito de Jerez,Jerez de la Frontera,Spain,36.7083,-6.03417,37,334,1990,Spanish Grand Prix,9/30/1990,\N
jerez,Circuito de Jerez,Jerez de la Frontera,Spain,36.7083,-6.03417,37,369,1989,Spanish Grand Prix,10/1/1989,\N
jerez,Circuito de Jerez,Jerez de la Frontera,Spain,36.7083,-6.03417,37,385,1988,Spanish Grand Prix,10/2/1988,\N
jerez,Circuito de Jerez,Jerez de la Frontera,Spain,36.7083,-6.03417,37,400,1987,Spanish Grand Prix,9/27/1987,\N
jerez,Circuito de Jerez,Jerez de la Frontera,Spain,36.7083,-6.03417,37,405,1986,Spanish Grand Prix,4/13/1986,\N
estoril,Autódromo do Estoril,Estoril,Portugal,38.7506,-9.39417,130,238,1996,Portuguese Grand Prix,9/22/1996,\N
estoril,Autódromo do Estoril,Estoril,Portugal,38.7506,-9.39417,130,252,1995,Portuguese Grand Prix,9/24/1995,\N
estoril,Autódromo do Estoril,Estoril,Portugal,38.7506,-9.39417,130,269,1994,Portuguese Grand Prix,9/25/1994,\N
estoril,Autódromo do Estoril,Estoril,Portugal,38.7506,-9.39417,130,286,1993,Portuguese Grand Prix,9/26/1993,\N
estoril,Autódromo do Estoril,Estoril,Portugal,38.7506,-9.39417,130,302,1992,Portuguese Grand Prix,9/27/1992,\N
estoril,Autódromo do Estoril,Estoril,Portugal,38.7506,-9.39417,130,317,1991,Portuguese Grand Prix,9/22/1991,\N
estoril,Autódromo do Estoril,Estoril,Portugal,38.7506,-9.39417,130,333,1990,Portuguese Grand Prix,9/23/1990,\N
estoril,Autódromo do Estoril,Estoril,Portugal,38.7506,-9.39417,130,368,1989,Portuguese Grand Prix,9/24/1989,\N
estoril,Autódromo do Estoril,Estoril,Portugal,38.7506,-9.39417,130,384,1988,Portuguese Grand Prix,9/25/1988,\N
estoril,Autódromo do Estoril,Estoril,Portugal,38.7506,-9.39417,130,399,1987,Portuguese Grand Prix,9/20/1987,\N
estoril,Autódromo do Estoril,Estoril,Portugal,38.7506,-9.39417,130,417,1986,Portuguese Grand Prix,9/21/1986,\N
estoril,Autódromo do Estoril,Estoril,Portugal,38.7506,-9.39417,130,421,1985,Portuguese Grand Prix,4/21/1985,\N
estoril,Autódromo do Estoril,Estoril,Portugal,38.7506,-9.39417,130,451,1984,Portuguese Grand Prix,10/21/1984,\N
okayama,Okayama International Circuit,Okayama,Japan,34.915,134.221,266,254,1995,Pacific Grand Prix,10/22/1995,\N
okayama,Okayama International Circuit,Okayama,Japan,34.915,134.221,266,258,1994,Pacific Grand Prix,4/17/1994,\N
adelaide,Adelaide Street Circuit,Adelaide,Australia,-34.9272,138.617,58,256,1995,Australian Grand Prix,11/12/1995,\N
adelaide,Adelaide Street Circuit,Adelaide,Australia,-34.9272,138.617,58,272,1994,Australian Grand Prix,11/13/1994,\N
adelaide,Adelaide Street Circuit,Adelaide,Australia,-34.9272,138.617,58,288,1993,Australian Grand Prix,11/7/1993,\N
adelaide,Adelaide Street Circuit,Adelaide,Australia,-34.9272,138.617,58,304,1992,Australian Grand Prix,11/8/1992,\N
adelaide,Adelaide Street Circuit,Adelaide,Australia,-34.9272,138.617,58,320,1991,Australian Grand Prix,11/3/1991,\N
adelaide,Adelaide Street Circuit,Adelaide,Australia,-34.9272,138.617,58,336,1990,Australian Grand Prix,11/4/1990,\N
adelaide,Adelaide Street Circuit,Adelaide,Australia,-34.9272,138.617,58,371,1989,Australian Grand Prix,11/5/1989,\N
adelaide,Adelaide Street Circuit,Adelaide,Australia,-34.9272,138.617,58,387,1988,Australian Grand Prix,11/13/1988,\N
adelaide,Adelaide Street Circuit,Adelaide,Australia,-34.9272,138.617,58,403,1987,Australian Grand Prix,11/15/1987,\N
adelaide,Adelaide Street Circuit,Adelaide,Australia,-34.9272,138.617,58,419,1986,Australian Grand Prix,10/26/1986,\N
adelaide,Adelaide Street Circuit,Adelaide,Australia,-34.9272,138.617,58,435,1985,Australian Grand Prix,11/3/1985,\N
kyalami,Kyalami,Midrand,South Africa,-25.9894,28.0767,1460,273,1993,South African Grand Prix,3/14/1993,\N
kyalami,Kyalami,Midrand,South Africa,-25.9894,28.0767,1460,289,1992,South African Grand Prix,3/1/1992,\N
kyalami,Kyalami,Midrand,South Africa,-25.9894,28.0767,1460,434,1985,South African Grand Prix,10/19/1985,\N
kyalami,Kyalami,Midrand,South Africa,-25.9894,28.0767,1460,437,1984,South African Grand Prix,4/7/1984,\N
kyalami,Kyalami,Midrand,South Africa,-25.9894,28.0767,1460,466,1983,South African Grand Prix,10/15/1983,\N
kyalami,Kyalami,Midrand,South Africa,-25.9894,28.0767,1460,467,1982,South African Grand Prix,1/23/1982,\N
kyalami,Kyalami,Midrand,South Africa,-25.9894,28.0767,1460,500,1980,South African Grand Prix,3/1/1980,\N
kyalami,Kyalami,Midrand,South Africa,-25.9894,28.0767,1460,514,1979,South African Grand Prix,3/3/1979,\N
kyalami,Kyalami,Midrand,South Africa,-25.9894,28.0767,1460,529,1978,South African Grand Prix,3/4/1978,\N
kyalami,Kyalami,Midrand,South Africa,-25.9894,28.0767,1460,545,1977,South African Grand Prix,3/5/1977,\N
kyalami,Kyalami,Midrand,South Africa,-25.9894,28.0767,1460,561,1976,South African Grand Prix,3/6/1976,\N
kyalami,Kyalami,Midrand,South Africa,-25.9894,28.0767,1460,578,1975,South African Grand Prix,3/1/1975,\N
kyalami,Kyalami,Midrand,South Africa,-25.9894,28.0767,1460,592,1974,South African Grand Prix,3/30/1974,\N
kyalami,Kyalami,Midrand,South Africa,-25.9894,28.0767,1460,607,1973,South African Grand Prix,3/3/1973,\N
kyalami,Kyalami,Midrand,South Africa,-25.9894,28.0767,1460,621,1972,South African Grand Prix,3/4/1972,\N
kyalami,Kyalami,Midrand,South Africa,-25.9894,28.0767,1460,632,1971,South African Grand Prix,3/6/1971,\N
kyalami,Kyalami,Midrand,South Africa,-25.9894,28.0767,1460,643,1970,South African Grand Prix,3/7/1970,\N
kyalami,Kyalami,Midrand,South Africa,-25.9894,28.0767,1460,656,1969,South African Grand Prix,3/1/1969,\N
kyalami,Kyalami,Midrand,South Africa,-25.9894,28.0767,1460,667,1968,South African Grand Prix,1/1/1968,\N
kyalami,Kyalami,Midrand,South Africa,-25.9894,28.0767,1460,679,1967,South African Grand Prix,1/2/1967,\N
donington,Donington Park,Castle Donington,UK,52.8306,-1.37528,88,275,1993,European Grand Prix,4/11/1993,\N
rodriguez,Autódromo Hermanos Rodríguez,Mexico City,Mexico,19.4042,-99.0907,2227,290,1992,Mexican Grand Prix,3/22/1992,\N
rodriguez,Autódromo Hermanos Rodríguez,Mexico City,Mexico,19.4042,-99.0907,2227,310,1991,Mexican Grand Prix,6/16/1991,\N
rodriguez,Autódromo Hermanos Rodríguez,Mexico City,Mexico,19.4042,-99.0907,2227,326,1990,Mexican Grand Prix,6/24/1990,\N
rodriguez,Autódromo Hermanos Rodríguez,Mexico City,Mexico,19.4042,-99.0907,2227,359,1989,Mexican Grand Prix,5/28/1989,\N
rodriguez,Autódromo Hermanos Rodríguez,Mexico City,Mexico,19.4042,-99.0907,2227,375,1988,Mexican Grand Prix,5/29/1988,\N
rodriguez,Autódromo Hermanos Rodríguez,Mexico City,Mexico,19.4042,-99.0907,2227,401,1987,Mexican Grand Prix,10/18/1987,\N
rodriguez,Autódromo Hermanos Rodríguez,Mexico City,Mexico,19.4042,-99.0907,2227,418,1986,Mexican Grand Prix,10/12/1986,\N
rodriguez,Autódromo Hermanos Rodríguez,Mexico City,Mexico,19.4042,-99.0907,2227,655,1970,Mexican Grand Prix,10/25/1970,\N
rodriguez,Autódromo Hermanos Rodríguez,Mexico City,Mexico,19.4042,-99.0907,2227,666,1969,Mexican Grand Prix,10/19/1969,\N
rodriguez,Autódromo Hermanos Rodríguez,Mexico City,Mexico,19.4042,-99.0907,2227,678,1968,Mexican Grand Prix,11/3/1968,\N
rodriguez,Autódromo Hermanos Rodríguez,Mexico City,Mexico,19.4042,-99.0907,2227,689,1967,Mexican Grand Prix,10/22/1967,\N
rodriguez,Autódromo Hermanos Rodríguez,Mexico City,Mexico,19.4042,-99.0907,2227,698,1966,Mexican Grand Prix,10/23/1966,\N
rodriguez,Autódromo Hermanos Rodríguez,Mexico City,Mexico,19.4042,-99.0907,2227,708,1965,Mexican Grand Prix,10/24/1965,\N
rodriguez,Autódromo Hermanos Rodríguez,Mexico City,Mexico,19.4042,-99.0907,2227,718,1964,Mexican Grand Prix,10/25/1964,\N
rodriguez,Autódromo Hermanos Rodríguez,Mexico City,Mexico,19.4042,-99.0907,2227,727,1963,Mexican Grand Prix,10/27/1963,\N
rodriguez,Autódromo Hermanos Rodríguez,Mexico City,Mexico,19.4042,-99.0907,2227,943,2015,Mexican Grand Prix,11/1/2015,19:00:00
rodriguez,Autódromo Hermanos Rodríguez,Mexico City,Mexico,19.4042,-99.0907,2227,966,2016,Mexican Grand Prix,10/30/2016,19:00:00
rodriguez,Autódromo Hermanos Rodríguez,Mexico City,Mexico,19.4042,-99.0907,2227,986,2017,Mexican Grand Prix,10/29/2017,19:00:00
rodriguez,Autódromo Hermanos Rodríguez,Mexico City,Mexico,19.4042,-99.0907,2227,1007,2018,Mexican Grand Prix,10/28/2018,19:10:00
rodriguez,Autódromo Hermanos Rodríguez,Mexico City,Mexico,19.4042,-99.0907,2227,1027,2019,Mexican Grand Prix,10/27/2019,19:10:00
rodriguez,Autódromo Hermanos Rodríguez,Mexico City,Mexico,19.4042,-99.0907,2227,1070,2021,Mexico City Grand Prix,11/7/2021,19:00:00
rodriguez,Autódromo Hermanos Rodríguez,Mexico City,Mexico,19.4042,-99.0907,2227,1094,2022,Mexico City Grand Prix,10/30/2022,20:00:00
phoenix,Phoenix street circuit,Phoenix,USA,33.4479,-112.075,345,305,1991,United States Grand Prix,3/10/1991,\N
phoenix,Phoenix street circuit,Phoenix,USA,33.4479,-112.075,345,321,1990,United States Grand Prix,3/11/1990,\N
phoenix,Phoenix street circuit,Phoenix,USA,33.4479,-112.075,345,360,1989,United States Grand Prix,6/4/1989,\N
ricard,Circuit Paul Ricard,Le Castellet,France,43.2506,5.79167,432,327,1990,French Grand Prix,7/8/1990,\N
ricard,Circuit Paul Ricard,Le Castellet,France,43.2506,5.79167,432,362,1989,French Grand Prix,7/9/1989,\N
ricard,Circuit Paul Ricard,Le Castellet,France,43.2506,5.79167,432,378,1988,French Grand Prix,7/3/1988,\N
ricard,Circuit Paul Ricard,Le Castellet,France,43.2506,5.79167,432,393,1987,French Grand Prix,7/5/1987,\N
ricard,Circuit Paul Ricard,Le Castellet,France,43.2506,5.79167,432,411,1986,French Grand Prix,7/6/1986,\N
ricard,Circuit Paul Ricard,Le Castellet,France,43.2506,5.79167,432,426,1985,French Grand Prix,7/7/1985,\N
ricard,Circuit Paul Ricard,Le Castellet,France,43.2506,5.79167,432,454,1983,French Grand Prix,4/17/1983,\N
ricard,Circuit Paul Ricard,Le Castellet,France,43.2506,5.79167,432,477,1982,French Grand Prix,7/25/1982,\N
ricard,Circuit Paul Ricard,Le Castellet,France,43.2506,5.79167,432,504,1980,French Grand Prix,6/29/1980,\N
ricard,Circuit Paul Ricard,Le Castellet,France,43.2506,5.79167,432,535,1978,French Grand Prix,7/2/1978,\N
ricard,Circuit Paul Ricard,Le Castellet,France,43.2506,5.79167,432,567,1976,French Grand Prix,7/4/1976,\N
ricard,Circuit Paul Ricard,Le Castellet,France,43.2506,5.79167,432,584,1975,French Grand Prix,7/6/1975,\N
ricard,Circuit Paul Ricard,Le Castellet,France,43.2506,5.79167,432,612,1973,French Grand Prix,7/1/1973,\N
ricard,Circuit Paul Ricard,Le Castellet,France,43.2506,5.79167,432,636,1971,French Grand Prix,7/4/1971,\N
ricard,Circuit Paul Ricard,Le Castellet,France,43.2506,5.79167,432,996,2018,French Grand Prix,6/24/2018,14:10:00
ricard,Circuit Paul Ricard,Le Castellet,France,43.2506,5.79167,432,1017,2019,French Grand Prix,6/23/2019,13:10:00
ricard,Circuit Paul Ricard,Le Castellet,France,43.2506,5.79167,432,1059,2021,French Grand Prix,6/20/2021,13:00:00
ricard,Circuit Paul Ricard,Le Castellet,France,43.2506,5.79167,432,1085,2022,French Grand Prix,7/24/2022,13:00:00
yeongam,Korean International Circuit,Yeongam County,Korea,34.7333,126.417,0,353,2010,Korean Grand Prix,10/24/2010,5:00:00
yeongam,Korean International Circuit,Yeongam County,Korea,34.7333,126.417,0,856,2011,Korean Grand Prix,10/16/2011,6:00:00
yeongam,Korean International Circuit,Yeongam County,Korea,34.7333,126.417,0,875,2012,Korean Grand Prix,10/14/2012,6:00:00
yeongam,Korean International Circuit,Yeongam County,Korea,34.7333,126.417,0,894,2013,Korean Grand Prix,10/6/2013,6:00:00
jacarepagua,Autódromo Internacional Nelson Piquet,Rio de Janeiro,Brazil,-22.9756,-43.395,1126,356,1989,Brazilian Grand Prix,3/26/1989,\N
jacarepagua,Autódromo Internacional Nelson Piquet,Rio de Janeiro,Brazil,-22.9756,-43.395,1126,372,1988,Brazilian Grand Prix,4/3/1988,\N
jacarepagua,Autódromo Internacional Nelson Piquet,Rio de Janeiro,Brazil,-22.9756,-43.395,1126,388,1987,Brazilian Grand Prix,4/12/1987,\N
jacarepagua,Autódromo Internacional Nelson Piquet,Rio de Janeiro,Brazil,-22.9756,-43.395,1126,404,1986,Brazilian Grand Prix,3/23/1986,\N
jacarepagua,Autódromo Internacional Nelson Piquet,Rio de Janeiro,Brazil,-22.9756,-43.395,1126,420,1985,Brazilian Grand Prix,4/7/1985,\N
jacarepagua,Autódromo Internacional Nelson Piquet,Rio de Janeiro,Brazil,-22.9756,-43.395,1126,436,1984,Brazilian Grand Prix,3/25/1984,\N
jacarepagua,Autódromo Internacional Nelson Piquet,Rio de Janeiro,Brazil,-22.9756,-43.395,1126,452,1983,Brazilian Grand Prix,3/13/1983,\N
jacarepagua,Autódromo Internacional Nelson Piquet,Rio de Janeiro,Brazil,-22.9756,-43.395,1126,468,1982,Brazilian Grand Prix,3/21/1982,\N
jacarepagua,Autódromo Internacional Nelson Piquet,Rio de Janeiro,Brazil,-22.9756,-43.395,1126,484,1981,Brazilian Grand Prix,3/29/1981,\N
jacarepagua,Autódromo Internacional Nelson Piquet,Rio de Janeiro,Brazil,-22.9756,-43.395,1126,528,1978,Brazilian Grand Prix,1/29/1978,\N
detroit,Detroit Street Circuit,Detroit,USA,42.3298,-83.0401,177,377,1988,Detroit Grand Prix,6/19/1988,\N
detroit,Detroit Street Circuit,Detroit,USA,42.3298,-83.0401,177,392,1987,Detroit Grand Prix,6/21/1987,\N
detroit,Detroit Street Circuit,Detroit,USA,42.3298,-83.0401,177,410,1986,Detroit Grand Prix,6/22/1986,\N
detroit,Detroit Street Circuit,Detroit,USA,42.3298,-83.0401,177,425,1985,Detroit Grand Prix,6/23/1985,\N
detroit,Detroit Street Circuit,Detroit,USA,42.3298,-83.0401,177,443,1984,Detroit Grand Prix,6/24/1984,\N
detroit,Detroit Street Circuit,Detroit,USA,42.3298,-83.0401,177,458,1983,Detroit Grand Prix,6/5/1983,\N
detroit,Detroit Street Circuit,Detroit,USA,42.3298,-83.0401,177,473,1982,Detroit Grand Prix,6/6/1982,\N
brands_hatch,Brands Hatch,Kent,UK,51.3569,0.263056,145,412,1986,British Grand Prix,7/13/1986,\N
brands_hatch,Brands Hatch,Kent,UK,51.3569,0.263056,145,433,1985,European Grand Prix,10/6/1985,\N
brands_hatch,Brands Hatch,Kent,UK,51.3569,0.263056,145,445,1984,British Grand Prix,7/22/1984,\N
brands_hatch,Brands Hatch,Kent,UK,51.3569,0.263056,145,465,1983,European Grand Prix,9/25/1983,\N
brands_hatch,Brands Hatch,Kent,UK,51.3569,0.263056,145,476,1982,British Grand Prix,7/18/1982,\N
brands_hatch,Brands Hatch,Kent,UK,51.3569,0.263056,145,505,1980,British Grand Prix,7/13/1980,\N
brands_hatch,Brands Hatch,Kent,UK,51.3569,0.263056,145,536,1978,British Grand Prix,7/16/1978,\N
brands_hatch,Brands Hatch,Kent,UK,51.3569,0.263056,145,568,1976,British Grand Prix,7/18/1976,\N
brands_hatch,Brands Hatch,Kent,UK,51.3569,0.263056,145,599,1974,British Grand Prix,7/20/1974,\N
brands_hatch,Brands Hatch,Kent,UK,51.3569,0.263056,145,626,1972,British Grand Prix,7/15/1972,\N
brands_hatch,Brands Hatch,Kent,UK,51.3569,0.263056,145,649,1970,British Grand Prix,7/18/1970,\N
brands_hatch,Brands Hatch,Kent,UK,51.3569,0.263056,145,673,1968,British Grand Prix,7/20/1968,\N
brands_hatch,Brands Hatch,Kent,UK,51.3569,0.263056,145,693,1966,British Grand Prix,7/16/1966,\N
brands_hatch,Brands Hatch,Kent,UK,51.3569,0.263056,145,713,1964,British Grand Prix,7/11/1964,\N
zandvoort,Circuit Park Zandvoort,Zandvoort,Netherlands,52.3888,4.54092,6,430,1985,Dutch Grand Prix,8/25/1985,\N
zandvoort,Circuit Park Zandvoort,Zandvoort,Netherlands,52.3888,4.54092,6,448,1984,Dutch Grand Prix,8/26/1984,\N
zandvoort,Circuit Park Zandvoort,Zandvoort,Netherlands,52.3888,4.54092,6,463,1983,Dutch Grand Prix,8/28/1983,\N
zandvoort,Circuit Park Zandvoort,Zandvoort,Netherlands,52.3888,4.54092,6,475,1982,Dutch Grand Prix,7/3/1982,\N
zandvoort,Circuit Park Zandvoort,Zandvoort,Netherlands,52.3888,4.54092,6,494,1981,Dutch Grand Prix,8/30/1981,\N
zandvoort,Circuit Park Zandvoort,Zandvoort,Netherlands,52.3888,4.54092,6,508,1980,Dutch Grand Prix,8/31/1980,\N
zandvoort,Circuit Park Zandvoort,Zandvoort,Netherlands,52.3888,4.54092,6,523,1979,Dutch Grand Prix,8/26/1979,\N
zandvoort,Circuit Park Zandvoort,Zandvoort,Netherlands,52.3888,4.54092,6,539,1978,Dutch Grand Prix,8/27/1978,\N
zandvoort,Circuit Park Zandvoort,Zandvoort,Netherlands,52.3888,4.54092,6,555,1977,Dutch Grand Prix,8/28/1977,\N
zandvoort,Circuit Park Zandvoort,Zandvoort,Netherlands,52.3888,4.54092,6,571,1976,Dutch Grand Prix,8/29/1976,\N
zandvoort,Circuit Park Zandvoort,Zandvoort,Netherlands,52.3888,4.54092,6,583,1975,Dutch Grand Prix,6/22/1975,\N
zandvoort,Circuit Park Zandvoort,Zandvoort,Netherlands,52.3888,4.54092,6,597,1974,Dutch Grand Prix,6/23/1974,\N
zandvoort,Circuit Park Zandvoort,Zandvoort,Netherlands,52.3888,4.54092,6,614,1973,Dutch Grand Prix,7/29/1973,\N
zandvoort,Circuit Park Zandvoort,Zandvoort,Netherlands,52.3888,4.54092,6,635,1971,Dutch Grand Prix,6/20/1971,\N
zandvoort,Circuit Park Zandvoort,Zandvoort,Netherlands,52.3888,4.54092,6,647,1970,Dutch Grand Prix,6/21/1970,\N
zandvoort,Circuit Park Zandvoort,Zandvoort,Netherlands,52.3888,4.54092,6,659,1969,Dutch Grand Prix,6/21/1969,\N
zandvoort,Circuit Park Zandvoort,Zandvoort,Netherlands,52.3888,4.54092,6,671,1968,Dutch Grand Prix,6/23/1968,\N
zandvoort,Circuit Park Zandvoort,Zandvoort,Netherlands,52.3888,4.54092,6,681,1967,Dutch Grand Prix,6/4/1967,\N
zandvoort,Circuit Park Zandvoort,Zandvoort,Netherlands,52.3888,4.54092,6,694,1966,Dutch Grand Prix,7/24/1966,\N
zandvoort,Circuit Park Zandvoort,Zandvoort,Netherlands,52.3888,4.54092,6,704,1965,Dutch Grand Prix,7/18/1965,\N
zandvoort,Circuit Park Zandvoort,Zandvoort,Netherlands,52.3888,4.54092,6,710,1964,Dutch Grand Prix,5/24/1964,\N
zandvoort,Circuit Park Zandvoort,Zandvoort,Netherlands,52.3888,4.54092,6,721,1963,Dutch Grand Prix,6/23/1963,\N
zandvoort,Circuit Park Zandvoort,Zandvoort,Netherlands,52.3888,4.54092,6,729,1962,Dutch Grand Prix,5/20/1962,\N
zandvoort,Circuit Park Zandvoort,Zandvoort,Netherlands,52.3888,4.54092,6,739,1961,Dutch Grand Prix,5/22/1961,\N
zandvoort,Circuit Park Zandvoort,Zandvoort,Netherlands,52.3888,4.54092,6,749,1960,Dutch Grand Prix,6/6/1960,\N
zandvoort,Circuit Park Zandvoort,Zandvoort,Netherlands,52.3888,4.54092,6,758,1959,Dutch Grand Prix,5/31/1959,\N
zandvoort,Circuit Park Zandvoort,Zandvoort,Netherlands,52.3888,4.54092,6,767,1958,Dutch Grand Prix,5/26/1958,\N
zandvoort,Circuit Park Zandvoort,Zandvoort,Netherlands,52.3888,4.54092,6,796,1955,Dutch Grand Prix,6/19/1955,\N
zandvoort,Circuit Park Zandvoort,Zandvoort,Netherlands,52.3888,4.54092,6,810,1953,Dutch Grand Prix,6/7/1953,\N
zandvoort,Circuit Park Zandvoort,Zandvoort,Netherlands,52.3888,4.54092,6,823,1952,Dutch Grand Prix,8/17/1952,\N
zandvoort,Circuit Park Zandvoort,Zandvoort,Netherlands,52.3888,4.54092,6,1064,2021,Dutch Grand Prix,9/5/2021,13:00:00
zandvoort,Circuit Park Zandvoort,Zandvoort,Netherlands,52.3888,4.54092,6,1088,2022,Dutch Grand Prix,9/4/2022,13:00:00
zolder,Zolder,Heusden-Zolder,Belgium,50.9894,5.25694,36,438,1984,Belgian Grand Prix,4/29/1984,\N
zolder,Zolder,Heusden-Zolder,Belgium,50.9894,5.25694,36,471,1982,Belgian Grand Prix,5/9/1982,\N
zolder,Zolder,Heusden-Zolder,Belgium,50.9894,5.25694,36,487,1981,Belgian Grand Prix,5/17/1981,\N
zolder,Zolder,Heusden-Zolder,Belgium,50.9894,5.25694,36,502,1980,Belgian Grand Prix,5/4/1980,\N
zolder,Zolder,Heusden-Zolder,Belgium,50.9894,5.25694,36,517,1979,Belgian Grand Prix,5/13/1979,\N
zolder,Zolder,Heusden-Zolder,Belgium,50.9894,5.25694,36,532,1978,Belgian Grand Prix,5/21/1978,\N
zolder,Zolder,Heusden-Zolder,Belgium,50.9894,5.25694,36,549,1977,Belgian Grand Prix,6/5/1977,\N
zolder,Zolder,Heusden-Zolder,Belgium,50.9894,5.25694,36,564,1976,Belgian Grand Prix,5/16/1976,\N
zolder,Zolder,Heusden-Zolder,Belgium,50.9894,5.25694,36,581,1975,Belgian Grand Prix,5/25/1975,\N
zolder,Zolder,Heusden-Zolder,Belgium,50.9894,5.25694,36,609,1973,Belgian Grand Prix,5/20/1973,\N
dijon,Dijon-Prenois,Dijon,France,47.3625,4.89913,484,440,1984,French Grand Prix,5/20/1984,\N
dijon,Dijon-Prenois,Dijon,France,47.3625,4.89913,484,480,1982,Swiss Grand Prix,8/29/1982,\N
dijon,Dijon-Prenois,Dijon,France,47.3625,4.89913,484,490,1981,French Grand Prix,7/5/1981,\N
dijon,Dijon-Prenois,Dijon,France,47.3625,4.89913,484,519,1979,French Grand Prix,7/1/1979,\N
dijon,Dijon-Prenois,Dijon,France,47.3625,4.89913,484,551,1977,French Grand Prix,7/3/1977,\N
dijon,Dijon-Prenois,Dijon,France,47.3625,4.89913,484,598,1974,French Grand Prix,7/7/1974,\N
dallas,Fair Park,Dallas,USA,32.7774,-96.7587,139,444,1984,Dallas Grand Prix,7/8/1984,\N
long_beach,Long Beach,California,USA,33.7651,-118.189,12,453,1983,United States Grand Prix West,3/27/1983,\N
long_beach,Long Beach,California,USA,33.7651,-118.189,12,469,1982,United States Grand Prix West,4/4/1982,\N
long_beach,Long Beach,California,USA,33.7651,-118.189,12,483,1981,United States Grand Prix West,3/15/1981,\N
long_beach,Long Beach,California,USA,33.7651,-118.189,12,501,1980,United States Grand Prix West,3/30/1980,\N
long_beach,Long Beach,California,USA,33.7651,-118.189,12,515,1979,United States Grand Prix West,4/8/1979,\N
long_beach,Long Beach,California,USA,33.7651,-118.189,12,530,1978,United States Grand Prix West,4/2/1978,\N
long_beach,Long Beach,California,USA,33.7651,-118.189,12,546,1977,United States Grand Prix West,4/3/1977,\N
long_beach,Long Beach,California,USA,33.7651,-118.189,12,562,1976,United States Grand Prix West,3/28/1976,\N
las_vegas,Las Vegas Street Circuit,Nevada,USA,36.1162,-115.174,639,482,1982,Caesars Palace Grand Prix,9/25/1982,\N
las_vegas,Las Vegas Street Circuit,Nevada,USA,36.1162,-115.174,639,497,1981,Caesars Palace Grand Prix,10/17/1981,\N
jarama,Jarama,Madrid,Spain,40.6171,-3.58558,609,489,1981,Spanish Grand Prix,6/21/1981,\N
jarama,Jarama,Madrid,Spain,40.6171,-3.58558,609,516,1979,Spanish Grand Prix,4/29/1979,\N
jarama,Jarama,Madrid,Spain,40.6171,-3.58558,609,533,1978,Spanish Grand Prix,6/4/1978,\N
jarama,Jarama,Madrid,Spain,40.6171,-3.58558,609,547,1977,Spanish Grand Prix,5/8/1977,\N
jarama,Jarama,Madrid,Spain,40.6171,-3.58558,609,563,1976,Spanish Grand Prix,5/2/1976,\N
jarama,Jarama,Madrid,Spain,40.6171,-3.58558,609,593,1974,Spanish Grand Prix,4/28/1974,\N
jarama,Jarama,Madrid,Spain,40.6171,-3.58558,609,622,1972,Spanish Grand Prix,5/1/1972,\N
jarama,Jarama,Madrid,Spain,40.6171,-3.58558,609,644,1970,Spanish Grand Prix,4/19/1970,\N
jarama,Jarama,Madrid,Spain,40.6171,-3.58558,609,668,1968,Spanish Grand Prix,5/12/1968,\N
watkins_glen,Watkins Glen,New York State,USA,42.3369,-76.9272,485,511,1980,United States Grand Prix,10/5/1980,\N
watkins_glen,Watkins Glen,New York State,USA,42.3369,-76.9272,485,526,1979,United States Grand Prix,10/7/1979,\N
watkins_glen,Watkins Glen,New York State,USA,42.3369,-76.9272,485,541,1978,United States Grand Prix,10/1/1978,\N
watkins_glen,Watkins Glen,New York State,USA,42.3369,-76.9272,485,557,1977,United States Grand Prix,10/2/1977,\N
watkins_glen,Watkins Glen,New York State,USA,42.3369,-76.9272,485,574,1976,United States Grand Prix,10/10/1976,\N
watkins_glen,Watkins Glen,New York State,USA,42.3369,-76.9272,485,589,1975,United States Grand Prix,10/5/1975,\N
watkins_glen,Watkins Glen,New York State,USA,42.3369,-76.9272,485,604,1974,United States Grand Prix,10/6/1974,\N
watkins_glen,Watkins Glen,New York State,USA,42.3369,-76.9272,485,619,1973,United States Grand Prix,10/7/1973,\N
watkins_glen,Watkins Glen,New York State,USA,42.3369,-76.9272,485,631,1972,United States Grand Prix,10/8/1972,\N
watkins_glen,Watkins Glen,New York State,USA,42.3369,-76.9272,485,642,1971,United States Grand Prix,10/3/1971,\N
watkins_glen,Watkins Glen,New York State,USA,42.3369,-76.9272,485,654,1970,United States Grand Prix,10/4/1970,\N
watkins_glen,Watkins Glen,New York State,USA,42.3369,-76.9272,485,665,1969,United States Grand Prix,10/5/1969,\N
watkins_glen,Watkins Glen,New York State,USA,42.3369,-76.9272,485,677,1968,United States Grand Prix,10/6/1968,\N
watkins_glen,Watkins Glen,New York State,USA,42.3369,-76.9272,485,688,1967,United States Grand Prix,10/1/1967,\N
watkins_glen,Watkins Glen,New York State,USA,42.3369,-76.9272,485,697,1966,United States Grand Prix,10/2/1966,\N
watkins_glen,Watkins Glen,New York State,USA,42.3369,-76.9272,485,707,1965,United States Grand Prix,10/3/1965,\N
watkins_glen,Watkins Glen,New York State,USA,42.3369,-76.9272,485,717,1964,United States Grand Prix,10/4/1964,\N
watkins_glen,Watkins Glen,New York State,USA,42.3369,-76.9272,485,726,1963,United States Grand Prix,10/6/1963,\N
watkins_glen,Watkins Glen,New York State,USA,42.3369,-76.9272,485,736,1962,United States Grand Prix,10/7/1962,\N
watkins_glen,Watkins Glen,New York State,USA,42.3369,-76.9272,485,745,1961,United States Grand Prix,10/8/1961,\N
anderstorp,Scandinavian Raceway,Anderstorp,Sweden,57.2653,13.6042,153,534,1978,Swedish Grand Prix,6/17/1978,\N
anderstorp,Scandinavian Raceway,Anderstorp,Sweden,57.2653,13.6042,153,550,1977,Swedish Grand Prix,6/19/1977,\N
anderstorp,Scandinavian Raceway,Anderstorp,Sweden,57.2653,13.6042,153,566,1976,Swedish Grand Prix,6/13/1976,\N
anderstorp,Scandinavian Raceway,Anderstorp,Sweden,57.2653,13.6042,153,582,1975,Swedish Grand Prix,6/8/1975,\N
anderstorp,Scandinavian Raceway,Anderstorp,Sweden,57.2653,13.6042,153,596,1974,Swedish Grand Prix,6/9/1974,\N
anderstorp,Scandinavian Raceway,Anderstorp,Sweden,57.2653,13.6042,153,611,1973,Swedish Grand Prix,6/17/1973,\N
mosport,Mosport International Raceway,Ontario,Canada,44.0481,-78.6756,332,558,1977,Canadian Grand Prix,10/9/1977,\N
mosport,Mosport International Raceway,Ontario,Canada,44.0481,-78.6756,332,573,1976,Canadian Grand Prix,10/3/1976,\N
mosport,Mosport International Raceway,Ontario,Canada,44.0481,-78.6756,332,603,1974,Canadian Grand Prix,9/22/1974,\N
mosport,Mosport International Raceway,Ontario,Canada,44.0481,-78.6756,332,618,1973,Canadian Grand Prix,9/23/1973,\N
mosport,Mosport International Raceway,Ontario,Canada,44.0481,-78.6756,332,630,1972,Canadian Grand Prix,9/24/1972,\N
mosport,Mosport International Raceway,Ontario,Canada,44.0481,-78.6756,332,641,1971,Canadian Grand Prix,9/19/1971,\N
mosport,Mosport International Raceway,Ontario,Canada,44.0481,-78.6756,332,664,1969,Canadian Grand Prix,9/20/1969,\N
mosport,Mosport International Raceway,Ontario,Canada,44.0481,-78.6756,332,686,1967,Canadian Grand Prix,8/27/1967,\N
montjuic,Montjuïc,Barcelona,Spain,41.3664,2.15167,79,579,1975,Spanish Grand Prix,4/27/1975,\N
montjuic,Montjuïc,Barcelona,Spain,41.3664,2.15167,79,608,1973,Spanish Grand Prix,4/29/1973,\N
montjuic,Montjuïc,Barcelona,Spain,41.3664,2.15167,79,633,1971,Spanish Grand Prix,4/18/1971,\N
montjuic,Montjuïc,Barcelona,Spain,41.3664,2.15167,79,657,1969,Spanish Grand Prix,5/4/1969,\N
nivelles,Nivelles-Baulers,Brussels,Belgium,50.6211,4.32694,139,594,1974,Belgian Grand Prix,5/12/1974,\N
nivelles,Nivelles-Baulers,Brussels,Belgium,50.6211,4.32694,139,624,1972,Belgian Grand Prix,6/4/1972,\N
charade,Charade Circuit,Clermont-Ferrand,France,45.7472,3.03889,790,625,1972,French Grand Prix,7/2/1972,\N
charade,Charade Circuit,Clermont-Ferrand,France,45.7472,3.03889,790,648,1970,French Grand Prix,7/5/1970,\N
charade,Charade Circuit,Clermont-Ferrand,France,45.7472,3.03889,790,660,1969,French Grand Prix,7/6/1969,\N
charade,Charade Circuit,Clermont-Ferrand,France,45.7472,3.03889,790,702,1965,French Grand Prix,6/27/1965,\N
tremblant,Circuit Mont-Tremblant,Quebec,Canada,46.1877,-74.6099,214,653,1970,Canadian Grand Prix,9/20/1970,\N
tremblant,Circuit Mont-Tremblant,Quebec,Canada,46.1877,-74.6099,214,676,1968,Canadian Grand Prix,9/22/1968,\N
essarts,Rouen-Les-Essarts,Rouen,France,49.3306,1.00458,81,672,1968,French Grand Prix,7/7/1968,\N
essarts,Rouen-Les-Essarts,Rouen,France,49.3306,1.00458,81,712,1964,French Grand Prix,6/28/1964,\N
essarts,Rouen-Les-Essarts,Rouen,France,49.3306,1.00458,81,732,1962,French Grand Prix,7/8/1962,\N
essarts,Rouen-Les-Essarts,Rouen,France,49.3306,1.00458,81,779,1957,French Grand Prix,7/7/1957,\N
essarts,Rouen-Les-Essarts,Rouen,France,49.3306,1.00458,81,820,1952,French Grand Prix,7/6/1952,\N
lemans,Le Mans,Le Mans,France,47.95,0.224231,67,683,1967,French Grand Prix,7/2/1967,\N
reims,Reims-Gueux,Reims,France,49.2542,3.93083,88,692,1966,French Grand Prix,7/3/1966,\N
reims,Reims-Gueux,Reims,France,49.2542,3.93083,88,722,1963,French Grand Prix,6/30/1963,\N
reims,Reims-Gueux,Reims,France,49.2542,3.93083,88,741,1961,French Grand Prix,7/2/1961,\N
reims,Reims-Gueux,Reims,France,49.2542,3.93083,88,751,1960,French Grand Prix,7/3/1960,\N
reims,Reims-Gueux,Reims,France,49.2542,3.93083,88,759,1959,French Grand Prix,7/5/1959,\N
reims,Reims-Gueux,Reims,France,49.2542,3.93083,88,770,1958,French Grand Prix,7/6/1958,\N
reims,Reims-Gueux,Reims,France,49.2542,3.93083,88,788,1956,French Grand Prix,7/1/1956,\N
reims,Reims-Gueux,Reims,France,49.2542,3.93083,88,802,1954,French Grand Prix,7/4/1954,\N
reims,Reims-Gueux,Reims,France,49.2542,3.93083,88,812,1953,French Grand Prix,7/5/1953,\N
reims,Reims-Gueux,Reims,France,49.2542,3.93083,88,828,1951,French Grand Prix,7/1/1951,\N
reims,Reims-Gueux,Reims,France,49.2542,3.93083,88,838,1950,French Grand Prix,7/2/1950,\N
george,Prince George Circuit,Eastern Cape Province,South Africa,-33.0486,27.8736,15,699,1965,South African Grand Prix,1/1/1965,\N
george,Prince George Circuit,Eastern Cape Province,South Africa,-33.0486,27.8736,15,728,1963,South African Grand Prix,12/28/1963,\N
george,Prince George Circuit,Eastern Cape Province,South Africa,-33.0486,27.8736,15,737,1962,South African Grand Prix,12/29/1962,\N
zeltweg,Zeltweg,Styria,Austria,47.2039,14.7478,676,715,1964,Austrian Grand Prix,8/23/1964,\N
aintree,Aintree,Liverpool,UK,53.4769,-2.94056,20,733,1962,British Grand Prix,7/21/1962,\N
aintree,Aintree,Liverpool,UK,53.4769,-2.94056,20,742,1961,British Grand Prix,7/15/1961,\N
aintree,Aintree,Liverpool,UK,53.4769,-2.94056,20,760,1959,British Grand Prix,7/18/1959,\N
aintree,Aintree,Liverpool,UK,53.4769,-2.94056,20,780,1957,British Grand Prix,7/20/1957,\N
aintree,Aintree,Liverpool,UK,53.4769,-2.94056,20,797,1955,British Grand Prix,7/16/1955,\N
boavista,Circuito da Boavista,Oporto,Portugal,41.1705,-8.67325,28,753,1960,Portuguese Grand Prix,8/14/1960,\N
boavista,Circuito da Boavista,Oporto,Portugal,41.1705,-8.67325,28,773,1958,Portuguese Grand Prix,8/24/1958,\N
riverside,Riverside International Raceway,California,USA,33.937,-117.273,470,755,1960,United States Grand Prix,11/20/1960,\N
avus,AVUS,Berlin,Germany,52.4806,13.2514,53,761,1959,German Grand Prix,8/2/1959,\N
monsanto,Monsanto Park Circuit,Lisbon,Portugal,38.7197,-9.20306,158,762,1959,Portuguese Grand Prix,8/23/1959,\N
sebring,Sebring International Raceway,Florida,USA,27.4547,-81.3483,18,764,1959,United States Grand Prix,12/12/1959,\N
ain-diab,Ain Diab,Casablanca,Morocco,33.5786,-7.6875,19,775,1958,Moroccan Grand Prix,10/19/1958,\N
pescara,Pescara Circuit,Pescara,Italy,42.475,14.1508,129,782,1957,Pescara Grand Prix,8/18/1957,\N
bremgarten,Circuit Bremgarten,Bern,Switzerland,46.9589,7.40194,551,805,1954,Swiss Grand Prix,8/22/1954,\N
bremgarten,Circuit Bremgarten,Bern,Switzerland,46.9589,7.40194,551,815,1953,Swiss Grand Prix,8/23/1953,\N
bremgarten,Circuit Bremgarten,Bern,Switzerland,46.9589,7.40194,551,817,1952,Swiss Grand Prix,5/18/1952,\N
bremgarten,Circuit Bremgarten,Bern,Switzerland,46.9589,7.40194,551,825,1951,Swiss Grand Prix,5/27/1951,\N
bremgarten,Circuit Bremgarten,Bern,Switzerland,46.9589,7.40194,551,836,1950,Swiss Grand Prix,6/4/1950,\N
pedralbes,Circuit de Pedralbes,Barcelona,Spain,41.3903,2.11667,85,807,1954,Spanish Grand Prix,10/24/1954,\N
pedralbes,Circuit de Pedralbes,Barcelona,Spain,41.3903,2.11667,85,832,1951,Spanish Grand Prix,10/28/1951,\N
buddh,Buddh International Circuit,Uttar Pradesh,India,28.3487,77.5331,194,857,2011,Indian Grand Prix,10/30/2011,9:30:00
buddh,Buddh International Circuit,Uttar Pradesh,India,28.3487,77.5331,194,876,2012,Indian Grand Prix,10/28/2012,9:30:00
buddh,Buddh International Circuit,Uttar Pradesh,India,28.3487,77.5331,194,896,2013,Indian Grand Prix,10/27/2013,9:30:00
americas,Circuit of the Americas,Austin,USA,30.1328,-97.6411,161,878,2012,United States Grand Prix,11/18/2012,19:00:00
americas,Circuit of the Americas,Austin,USA,30.1328,-97.6411,161,898,2013,United States Grand Prix,11/17/2013,19:00:00
americas,Circuit of the Americas,Austin,USA,30.1328,-97.6411,161,916,2014,United States Grand Prix,11/2/2014,20:00:00
americas,Circuit of the Americas,Austin,USA,30.1328,-97.6411,161,942,2015,United States Grand Prix,10/25/2015,19:00:00
americas,Circuit of the Americas,Austin,USA,30.1328,-97.6411,161,965,2016,United States Grand Prix,10/23/2016,19:00:00
americas,Circuit of the Americas,Austin,USA,30.1328,-97.6411,161,985,2017,United States Grand Prix,10/22/2017,19:00:00
americas,Circuit of the Americas,Austin,USA,30.1328,-97.6411,161,1006,2018,United States Grand Prix,10/21/2018,18:10:00
americas,Circuit of the Americas,Austin,USA,30.1328,-97.6411,161,1028,2019,United States Grand Prix,11/3/2019,19:10:00
americas,Circuit of the Americas,Austin,USA,30.1328,-97.6411,161,1069,2021,United States Grand Prix,10/24/2021,19:00:00
americas,Circuit of the Americas,Austin,USA,30.1328,-97.6411,161,1093,2022,United States Grand Prix,10/23/2022,19:00:00
red_bull_ring,Red Bull Ring,Spielberg,Austria,47.2197,14.7647,678,907,2014,Austrian Grand Prix,6/22/2014,12:00:00
red_bull_ring,Red Bull Ring,Spielberg,Austria,47.2197,14.7647,678,933,2015,Austrian Grand Prix,6/21/2015,12:00:00
red_bull_ring,Red Bull Ring,Spielberg,Austria,47.2197,14.7647,678,956,2016,Austrian Grand Prix,7/3/2016,12:00:00
red_bull_ring,Red Bull Ring,Spielberg,Austria,47.2197,14.7647,678,977,2017,Austrian Grand Prix,7/9/2017,12:00:00
red_bull_ring,Red Bull Ring,Spielberg,Austria,47.2197,14.7647,678,997,2018,Austrian Grand Prix,7/1/2018,13:10:00
red_bull_ring,Red Bull Ring,Spielberg,Austria,47.2197,14.7647,678,1018,2019,Austrian Grand Prix,6/30/2019,13:10:00
red_bull_ring,Red Bull Ring,Spielberg,Austria,47.2197,14.7647,678,1031,2020,Austrian Grand Prix,7/5/2020,13:10:00
red_bull_ring,Red Bull Ring,Spielberg,Austria,47.2197,14.7647,678,1032,2020,Styrian Grand Prix,7/12/2020,13:10:00
red_bull_ring,Red Bull Ring,Spielberg,Austria,47.2197,14.7647,678,1058,2021,Styrian Grand Prix,6/27/2021,13:00:00
red_bull_ring,Red Bull Ring,Spielberg,Austria,47.2197,14.7647,678,1060,2021,Austrian Grand Prix,7/4/2021,13:00:00
red_bull_ring,Red Bull Ring,Spielberg,Austria,47.2197,14.7647,678,1084,2022,Austrian Grand Prix,7/10/2022,13:00:00
sochi,Sochi Autodrom,Sochi,Russia,43.4057,39.9578,2,915,2014,Russian Grand Prix,10/12/2014,11:00:00
sochi,Sochi Autodrom,Sochi,Russia,43.4057,39.9578,2,941,2015,Russian Grand Prix,10/11/2015,11:00:00
sochi,Sochi Autodrom,Sochi,Russia,43.4057,39.9578,2,951,2016,Russian Grand Prix,5/1/2016,12:00:00
sochi,Sochi Autodrom,Sochi,Russia,43.4057,39.9578,2,972,2017,Russian Grand Prix,4/30/2017,12:00:00
sochi,Sochi Autodrom,Sochi,Russia,43.4057,39.9578,2,1004,2018,Russian Grand Prix,9/30/2018,11:10:00
sochi,Sochi Autodrom,Sochi,Russia,43.4057,39.9578,2,1025,2019,Russian Grand Prix,9/29/2019,11:10:00
sochi,Sochi Autodrom,Sochi,Russia,43.4057,39.9578,2,1040,2020,Russian Grand Prix,9/27/2020,11:10:00
sochi,Sochi Autodrom,Sochi,Russia,43.4057,39.9578,2,1066,2021,Russian Grand Prix,9/26/2021,12:00:00
BAK,Baku City Circuit,Baku,Azerbaijan,40.3725,49.8533,-7,955,2016,European Grand Prix,6/19/2016,13:00:00
BAK,Baku City Circuit,Baku,Azerbaijan,40.3725,49.8533,-7,976,2017,Azerbaijan Grand Prix,6/25/2017,13:00:00
BAK,Baku City Circuit,Baku,Azerbaijan,40.3725,49.8533,-7,992,2018,Azerbaijan Grand Prix,4/29/2018,12:10:00
BAK,Baku City Circuit,Baku,Azerbaijan,40.3725,49.8533,-7,1013,2019,Azerbaijan Grand Prix,4/28/2019,12:10:00
BAK,Baku City Circuit,Baku,Azerbaijan,40.3725,49.8533,-7,1057,2021,Azerbaijan Grand Prix,6/6/2021,12:00:00
BAK,Baku City Circuit,Baku,Azerbaijan,40.3725,49.8533,-7,1081,2022,Azerbaijan Grand Prix,6/12/2022,11:00:00
portimao,Autódromo Internacional do Algarve,Portimão,Portugal,37.227,-8.6267,108,1042,2020,Portuguese Grand Prix,10/25/2020,12:10:00
portimao,Autódromo Internacional do Algarve,Portimão,Portugal,37.227,-8.6267,108,1054,2021,Portuguese Grand Prix,5/2/2021,14:00:00
mugello,Autodromo Internazionale del Mugello,Mugello,Italy,43.9975,11.3719,255,1039,2020,Tuscan Grand Prix,9/13/2020,13:10:00
jeddah,Jeddah Corniche Circuit,Jeddah,Saudi Arabia,21.6319,39.1044,15,1072,2021,Saudi Arabian Grand Prix,12/5/2021,17:30:00
jeddah,Jeddah Corniche Circuit,Jeddah,Saudi Arabia,21.6319,39.1044,15,1075,2022,Saudi Arabian Grand Prix,3/27/2022,17:00:00
losail,Losail International Circuit,Al Daayen,Qatar,25.49,51.4542,\N,1051,2021,Qatar Grand Prix,11/21/2021,14:00:00
miami,Miami International Autodrome,Miami,USA,25.9581,-80.2389,\N,1078,2022,Miami Grand Prix,5/8/2022,19:30:00
