constructor_ref,constructor_name,constructor_nationality,constructorStandingsId,raceId,constructor_points,constructor_position,positionText,wins
mclaren,McLaren,British,1,18,14,1,1,1
mclaren,McLaren,British,7,19,24,1,1,1
mclaren,McLaren,British,18,20,28,3,3,1
mclaren,McLaren,British,29,21,34,3,3,1
mclaren,McLaren,British,40,22,42,3,3,1
mclaren,McLaren,British,51,23,53,2,2,2
mclaren,McLaren,British,62,24,53,3,3,2
mclaren,McLaren,British,73,25,58,3,3,2
mclaren,McLaren,British,84,26,72,3,3,3
mclaren,McLaren,British,95,27,86,3,3,4
mclaren,McLaren,British,106,28,100,2,2,5
mclaren,McLaren,British,117,29,113,2,2,5
mclaren,McLaren,British,128,30,119,2,2,5
mclaren,McLaren,British,139,31,129,2,2,5
mclaren,McLaren,British,150,32,135,1,1,5
mclaren,McLaren,British,161,33,135,2,2,5
mclaren,McLaren,British,1633,34,145,2,2,6
mclaren,McLaren,British,183,35,151,2,2,6
mclaren,McLaren,British,25756,38,44,11,E,1
mclaren,McLaren,British,25767,39,58,11,E,1
mclaren,McLaren,British,25778,40,76,11,E,2
mclaren,McLaren,British,25789,41,88,11,E,3
mclaren,McLaren,British,25800,42,106,11,E,4
mclaren,McLaren,British,25811,43,114,11,E,4
mclaren,McLaren,British,25822,44,128,11,E,5
mclaren,McLaren,British,25833,45,138,11,E,5
mclaren,McLaren,British,25844,46,138,11,E,6
mclaren,McLaren,British,25855,47,148,11,E,6
mclaren,McLaren,British,25866,48,166,11,E,7
mclaren,McLaren,British,25877,49,192,11,E,7
mclaren,McLaren,British,25888,50,202,11,E,8
mclaren,McLaren,British,25899,51,210,11,E,8
mclaren,McLaren,British,25910,52,218,11,E,8
mclaren,McLaren,British,6319,53,10,2,2,0
mclaren,McLaren,British,6330,54,15,3,3,0
mclaren,McLaren,British,6341,55,23,2,2,0
mclaren,McLaren,British,6352,56,33,2,2,0
mclaren,McLaren,British,6363,57,38,3,3,0
mclaren,McLaren,British,6374,58,42,3,3,0
mclaren,McLaren,British,6385,59,50,3,3,0
mclaren,McLaren,British,6396,60,59,3,3,0
mclaren,McLaren,British,6407,61,65,3,3,0
mclaren,McLaren,British,6418,62,65,3,3,0
mclaren,McLaren,British,6429,63,71,3,3,0
mclaren,McLaren,British,6440,64,77,3,3,0
mclaren,McLaren,British,6451,65,85,3,3,0
mclaren,McLaren,British,6462,66,89,3,3,0
mclaren,McLaren,British,6473,67,97,3,3,0
mclaren,McLaren,British,6485,68,101,3,3,0
mclaren,McLaren,British,6497,69,105,3,3,0
mclaren,McLaren,British,6509,70,110,3,3,0
mclaren,McLaren,British,27947,71,4,5,5,0
mclaren,McLaren,British,27957,72,9,6,6,0
mclaren,McLaren,British,27967,73,19,3,3,0
mclaren,McLaren,British,27977,74,25,3,3,0
mclaren,McLaren,British,27987,75,37,3,3,1
mclaren,McLaren,British,27997,76,51,2,2,2
mclaren,McLaren,British,28007,77,53,2,2,2
mclaren,McLaren,British,28017,78,63,2,2,3
mclaren,McLaren,British,28027,79,63,2,2,3
mclaren,McLaren,British,28037,80,71,2,2,3
mclaren,McLaren,British,28047,81,87,2,2,4
mclaren,McLaren,British,28057,82,95,2,2,4
mclaren,McLaren,British,28067,83,105,2,2,5
mclaren,McLaren,British,28077,84,121,2,2,6
mclaren,McLaren,British,28087,85,136,2,2,7
mclaren,McLaren,British,28097,86,146,2,2,8
mclaren,McLaren,British,28107,87,164,1,1,9
mclaren,McLaren,British,28117,88,174,2,2,10
mclaren,McLaren,British,28127,89,182,2,2,10
mclaren,McLaren,British,6142,90,1,5,5,0
mclaren,McLaren,British,6151,91,4,5,5,0
mclaren,McLaren,British,6161,92,4,5,5,0
mclaren,McLaren,British,6171,93,5,5,5,0
mclaren,McLaren,British,6181,94,5,5,5,0
mclaren,McLaren,British,6191,95,5,6,6,0
mclaren,McLaren,British,6201,96,5,6,6,0
mclaren,McLaren,British,6211,97,12,6,6,0
mclaren,McLaren,British,6221,98,17,5,5,0
mclaren,McLaren,British,6231,99,22,5,5,0
mclaren,McLaren,British,6241,100,32,5,5,0
mclaren,McLaren,British,6251,101,37,5,5,0
mclaren,McLaren,British,6261,102,37,5,5,0
mclaren,McLaren,British,6271,103,49,5,5,1
mclaren,McLaren,British,6281,104,52,5,5,1
mclaren,McLaren,British,6291,105,58,5,5,1
mclaren,McLaren,British,6301,106,61,5,5,1
mclaren,McLaren,British,6311,107,69,5,5,1
mclaren,McLaren,British,5982,108,16,1,1,1
mclaren,McLaren,British,5989,109,26,1,1,2
mclaren,McLaren,British,5998,110,39,1,1,2
mclaren,McLaren,British,6008,111,51,1,1,2
mclaren,McLaren,British,6018,112,51,1,1,2
mclaren,McLaren,British,6028,113,63,2,2,2
mclaren,McLaren,British,6038,114,73,1,1,2
mclaren,McLaren,British,6048,115,76,2,2,2
mclaren,McLaren,British,6058,116,76,3,3,2
mclaren,McLaren,British,6068,117,85,3,3,2
mclaren,McLaren,British,6078,118,95,3,3,2
mclaren,McLaren,British,6088,119,103,3,3,2
mclaren,McLaren,British,6098,120,115,3,3,2
mclaren,McLaren,British,6108,121,120,3,3,2
mclaren,McLaren,British,6118,122,128,3,3,2
mclaren,McLaren,British,6128,123,142,3,3,2
mclaren,McLaren,British,5802,124,4,3,3,0
mclaren,McLaren,British,5808,125,4,3,3,0
mclaren,McLaren,British,5819,126,8,3,3,0
mclaren,McLaren,British,5830,127,9,3,3,0
mclaren,McLaren,British,5841,128,13,3,3,0
mclaren,McLaren,British,5852,129,14,3,3,0
mclaren,McLaren,British,5863,130,24,3,3,1
mclaren,McLaren,British,5874,131,33,3,3,1
mclaren,McLaren,British,5885,132,37,3,3,1
mclaren,McLaren,British,5896,133,37,3,3,1
mclaren,McLaren,British,5907,134,47,3,3,1
mclaren,McLaren,British,5918,135,49,3,3,1
mclaren,McLaren,British,5929,136,54,3,3,1
mclaren,McLaren,British,5940,137,57,3,3,1
mclaren,McLaren,British,5951,138,57,3,3,1
mclaren,McLaren,British,5962,139,61,3,3,1
mclaren,McLaren,British,5973,140,65,3,3,1
mclaren,McLaren,British,5615,141,6,2,2,0
mclaren,McLaren,British,5625,142,11,2,2,0
mclaren,McLaren,British,5636,143,21,2,2,1
mclaren,McLaren,British,5647,144,30,2,2,1
mclaren,McLaren,British,5658,145,32,2,2,1
mclaren,McLaren,British,5669,146,42,2,2,2
mclaren,McLaren,British,5680,147,44,2,2,2
mclaren,McLaren,British,5691,148,48,2,2,2
mclaren,McLaren,British,5702,149,53,2,2,2
mclaren,McLaren,British,5713,150,56,2,2,2
mclaren,McLaren,British,5724,151,66,2,2,3
mclaren,McLaren,British,5735,152,66,2,2,3
mclaren,McLaren,British,5746,153,72,2,2,3
mclaren,McLaren,British,5757,154,81,2,2,3
mclaren,McLaren,British,5768,155,81,2,2,3
mclaren,McLaren,British,5779,156,95,2,2,4
mclaren,McLaren,British,5790,157,102,2,2,4
mclaren,McLaren,British,1476,160,10,2,2,0
mclaren,McLaren,British,1487,161,26,2,2,1
mclaren,McLaren,British,1498,162,42,2,2,2
mclaren,McLaren,British,1509,163,52,2,2,2
mclaren,McLaren,British,1520,164,63,2,2,3
mclaren,McLaren,British,1531,165,66,2,2,3
mclaren,McLaren,British,1542,166,82,2,2,4
mclaren,McLaren,British,1553,167,98,1,1,5
mclaren,McLaren,British,1564,168,108,1,1,5
mclaren,McLaren,British,1575,169,122,1,1,6
mclaren,McLaren,British,1586,170,135,1,1,7
mclaren,McLaren,British,1597,171,141,1,1,7
mclaren,McLaren,British,1608,172,143,2,2,7
mclaren,McLaren,British,1619,173,153,2,2,7
mclaren,McLaren,British,1630,174,162,2,2,7
mclaren,McLaren,British,5457,176,10,2,2,1
mclaren,McLaren,British,5466,177,16,2,2,1
mclaren,McLaren,British,5477,178,20,2,2,1
mclaren,McLaren,British,5488,179,36,2,2,2
mclaren,McLaren,British,5499,180,46,2,2,3
mclaren,McLaren,British,5510,181,52,2,2,3
mclaren,McLaren,British,5521,182,62,2,2,4
mclaren,McLaren,British,5532,183,72,2,2,4
mclaren,McLaren,British,5543,184,74,2,2,4
mclaren,McLaren,British,5554,185,90,2,2,5
mclaren,McLaren,British,5565,186,106,1,1,6
mclaren,McLaren,British,5576,187,108,1,1,6
mclaren,McLaren,British,5587,188,110,1,1,6
mclaren,McLaren,British,5598,189,114,2,2,6
mclaren,McLaren,British,5609,190,124,2,2,7
mclaren,McLaren,British,2055,191,16,1,1,1
mclaren,McLaren,British,2062,192,32,1,1,2
mclaren,McLaren,British,2070,193,39,1,1,2
mclaren,McLaren,British,2080,194,49,1,1,3
mclaren,McLaren,British,2091,195,65,1,1,4
mclaren,McLaren,British,2102,196,75,1,1,5
mclaren,McLaren,British,2113,197,75,1,1,5
mclaren,McLaren,British,2124,198,80,1,1,5
mclaren,McLaren,British,2135,199,86,1,1,5
mclaren,McLaren,British,2146,200,102,1,1,6
mclaren,McLaren,British,2157,201,118,1,1,7
mclaren,McLaren,British,2168,202,125,1,1,7
mclaren,McLaren,British,2179,203,125,1,1,7
mclaren,McLaren,British,2190,204,128,1,1,7
mclaren,McLaren,British,2201,205,142,1,1,8
mclaren,McLaren,British,2212,206,156,1,1,9
mclaren,McLaren,British,5250,207,14,1,1,1
mclaren,McLaren,British,5258,208,17,1,1,1
mclaren,McLaren,British,5268,209,19,2,2,1
mclaren,McLaren,British,5279,210,20,3,3,1
mclaren,McLaren,British,5290,211,20,3,3,1
mclaren,McLaren,British,25355,212,21,3,3,1
mclaren,McLaren,British,25367,213,21,4,4,1
mclaren,McLaren,British,25379,214,21,4,4,1
mclaren,McLaren,British,25391,215,24,4,4,1
mclaren,McLaren,British,25403,216,28,4,4,1
mclaren,McLaren,British,25415,217,28,4,4,1
mclaren,McLaren,British,25427,218,28,4,4,1
mclaren,McLaren,British,25439,219,38,4,4,2
mclaren,McLaren,British,25451,220,44,4,4,2
mclaren,McLaren,British,25463,221,44,4,4,2
mclaren,McLaren,British,25475,222,47,4,4,2
mclaren,McLaren,British,25487,223,63,4,4,3
mclaren,McLaren,British,2421,224,2,4,4,0
mclaren,McLaren,British,2429,225,5,4,4,0
mclaren,McLaren,British,2440,226,5,4,4,0
mclaren,McLaren,British,2451,227,9,4,4,0
mclaren,McLaren,British,2462,228,9,4,4,0
mclaren,McLaren,British,2473,229,16,4,4,0
mclaren,McLaren,British,2484,230,18,4,4,0
mclaren,McLaren,British,2495,231,23,4,4,0
mclaren,McLaren,British,2506,232,26,4,4,0
mclaren,McLaren,British,2517,233,32,4,4,0
mclaren,McLaren,British,2528,234,34,4,4,0
mclaren,McLaren,British,2539,235,37,4,4,0
mclaren,McLaren,British,2550,236,41,4,4,0
mclaren,McLaren,British,2561,237,45,4,4,0
mclaren,McLaren,British,2572,238,45,4,4,0
mclaren,McLaren,British,2583,239,49,4,4,0
mclaren,McLaren,British,5040,240,4,4,4,0
mclaren,McLaren,British,5048,241,4,4,4,0
mclaren,McLaren,British,5058,242,6,4,4,0
mclaren,McLaren,British,5071,243,6,4,4,0
mclaren,McLaren,British,5084,244,8,4,4,0
mclaren,McLaren,British,5097,245,8,5,5,0
mclaren,McLaren,British,5110,246,8,5,5,0
mclaren,McLaren,British,5123,247,10,6,6,0
mclaren,McLaren,British,5136,248,10,6,6,0
mclaren,McLaren,British,5149,249,10,6,6,0
mclaren,McLaren,British,5162,250,12,6,6,0
mclaren,McLaren,British,5175,251,21,4,4,0
mclaren,McLaren,British,5188,252,21,4,4,0
mclaren,McLaren,British,5201,253,21,4,4,0
mclaren,McLaren,British,5214,254,21,4,4,0
mclaren,McLaren,British,5227,255,27,4,4,0
mclaren,McLaren,British,5240,256,30,4,4,0
mclaren,McLaren,British,25538,258,0,13,13,0
mclaren,McLaren,British,25552,259,4,6,6,0
mclaren,McLaren,British,25566,260,10,3,3,0
mclaren,McLaren,British,25580,261,10,5,5,0
mclaren,McLaren,British,25594,262,10,5,5,0
mclaren,McLaren,British,25608,263,10,5,5,0
mclaren,McLaren,British,25622,264,14,4,4,0
mclaren,McLaren,British,25636,265,14,4,4,0
mclaren,McLaren,British,25650,266,17,4,4,0
mclaren,McLaren,British,25664,267,23,4,4,0
mclaren,McLaren,British,25678,268,29,4,4,0
mclaren,McLaren,British,25692,269,34,4,4,0
mclaren,McLaren,British,25706,270,38,4,4,0
mclaren,McLaren,British,25720,271,38,4,4,0
mclaren,McLaren,British,25510,272,42,4,4,0
mclaren,McLaren,British,4636,273,6,2,2,0
mclaren,McLaren,British,4643,274,16,1,1,1
mclaren,McLaren,British,4654,275,26,1,1,2
mclaren,McLaren,British,4666,276,26,2,2,2
mclaren,McLaren,British,4678,277,34,2,2,2
mclaren,McLaren,British,4690,278,44,2,2,3
mclaren,McLaren,British,4703,279,44,2,2,3
mclaren,McLaren,British,4716,280,48,2,2,3
mclaren,McLaren,British,4729,281,50,2,2,3
mclaren,McLaren,British,4742,282,53,2,2,3
mclaren,McLaren,British,4755,283,53,2,2,3
mclaren,McLaren,British,4768,284,56,3,3,3
mclaren,McLaren,British,4781,285,60,3,3,3
mclaren,McLaren,British,4794,286,60,3,3,3
mclaren,McLaren,British,4807,287,74,2,2,4
mclaren,McLaren,British,4820,288,84,2,2,5
mclaren,McLaren,British,3248,289,6,2,2,0
mclaren,McLaren,British,3257,290,9,2,2,0
mclaren,McLaren,British,3268,291,9,3,3,0
mclaren,McLaren,British,3309,292,12,3,3,0
mclaren,McLaren,British,3323,293,16,3,3,0
mclaren,McLaren,British,3337,294,26,2,2,1
mclaren,McLaren,British,3351,295,36,2,2,2
mclaren,McLaren,British,3365,296,36,2,2,2
mclaren,McLaren,British,3379,297,38,3,3,2
mclaren,McLaren,British,3394,298,44,3,3,2
mclaren,McLaren,British,3409,299,58,2,2,3
mclaren,McLaren,British,3424,300,60,3,3,3
mclaren,McLaren,British,3439,301,73,3,3,4
mclaren,McLaren,British,3454,302,83,2,2,4
mclaren,McLaren,British,3469,303,89,2,2,4
mclaren,McLaren,British,3484,304,99,2,2,5
mclaren,McLaren,British,7624,321,9,1,1,1
mclaren,McLaren,British,7643,322,19,1,1,1
mclaren,McLaren,British,7662,323,25,1,1,1
mclaren,McLaren,British,7681,324,38,1,1,2
mclaren,McLaren,British,7700,325,50,1,1,3
mclaren,McLaren,British,7719,326,54,1,1,3
mclaren,McLaren,British,7738,327,60,1,1,3
mclaren,McLaren,British,7757,328,64,1,1,3
mclaren,McLaren,British,7776,329,77,1,1,4
mclaren,McLaren,British,7795,330,83,1,1,4
mclaren,McLaren,British,7814,331,96,1,1,5
mclaren,McLaren,British,7833,332,109,1,1,6
mclaren,McLaren,British,7852,333,118,1,1,6
mclaren,McLaren,British,7871,334,118,1,1,6
mclaren,McLaren,British,7890,335,118,1,1,6
mclaren,McLaren,British,7909,336,121,1,1,6
mclaren,McLaren,British,8533,2,1,8,8,0
mclaren,McLaren,British,25734,36,14,11,E,0
mclaren,McLaren,British,25745,37,32,11,E,1
mclaren,McLaren,British,8230,305,10,1,1,1
mclaren,McLaren,British,8248,306,24,1,1,2
mclaren,McLaren,British,8266,307,40,1,1,3
mclaren,McLaren,British,8285,308,50,1,1,4
mclaren,McLaren,British,8304,309,50,1,1,4
mclaren,McLaren,British,8323,310,54,1,1,4
mclaren,McLaren,British,8342,311,58,1,1,4
mclaren,McLaren,British,8361,312,67,1,1,4
mclaren,McLaren,British,8380,313,70,2,2,4
mclaren,McLaren,British,8399,314,83,1,1,5
mclaren,McLaren,British,8418,315,99,1,1,6
mclaren,McLaren,British,8437,316,108,1,1,6
mclaren,McLaren,British,8456,317,114,1,1,6
mclaren,McLaren,British,8475,318,116,2,2,6
mclaren,McLaren,British,8494,319,132,1,1,7
mclaren,McLaren,British,8513,320,139,1,1,8
mclaren,McLaren,British,8563,3,8,4,4,0
mclaren,McLaren,British,8583,4,13,4,4,0
mclaren,McLaren,British,8593,5,13,4,4,0
mclaren,McLaren,British,8673,6,13,5,5,0
mclaren,McLaren,British,8643,7,13,5,5,0
mclaren,McLaren,British,8663,8,13,6,6,0
mclaren,McLaren,British,8683,9,14,6,6,0
mclaren,McLaren,British,8693,10,28,5,5,1
mclaren,McLaren,British,8703,11,41,4,4,1
mclaren,McLaren,British,8713,12,44,4,4,1
mclaren,McLaren,British,8723,13,47,4,4,1
mclaren,McLaren,British,8733,14,59,4,4,2
mclaren,McLaren,British,8753,15,65,4,4,2
mclaren,McLaren,British,8763,16,71,3,3,2
mclaren,McLaren,British,8773,356,6,2,2,0
mclaren,McLaren,British,8793,357,21,1,1,1
mclaren,McLaren,British,8813,358,36,1,1,2
mclaren,McLaren,British,8833,359,47,1,1,3
mclaren,McLaren,British,8853,360,56,1,1,4
mclaren,McLaren,British,8873,361,56,1,1,4
mclaren,McLaren,British,8893,362,65,1,1,5
mclaren,McLaren,British,8913,363,74,1,1,6
mclaren,McLaren,British,8933,364,89,1,1,7
mclaren,McLaren,British,8953,365,98,1,1,7
mclaren,McLaren,British,8973,366,113,1,1,8
mclaren,McLaren,British,8993,367,122,1,1,9
mclaren,McLaren,British,9013,368,128,1,1,9
mclaren,McLaren,British,9033,369,141,1,1,10
mclaren,McLaren,British,9133,371,141,1,1,10
mclaren,McLaren,British,9113,370,141,1,1,10
mclaren,McLaren,British,9152,372,9,1,1,1
mclaren,McLaren,British,9170,373,24,1,1,2
mclaren,McLaren,British,9188,374,33,1,1,3
mclaren,McLaren,British,9206,375,48,1,1,4
mclaren,McLaren,British,9224,376,63,1,1,5
mclaren,McLaren,British,9242,377,78,1,1,6
mclaren,McLaren,British,9260,378,93,1,1,7
mclaren,McLaren,British,9278,379,102,1,1,8
mclaren,McLaren,British,9296,380,117,1,1,9
mclaren,McLaren,British,9314,381,132,1,1,10
mclaren,McLaren,British,9332,382,147,1,1,11
mclaren,McLaren,British,9350,383,147,1,1,11
mclaren,McLaren,British,9368,384,157,1,1,12
mclaren,McLaren,British,9386,385,169,1,1,13
mclaren,McLaren,British,9404,386,184,1,1,14
mclaren,McLaren,British,9422,387,199,1,1,15
mclaren,McLaren,British,9440,388,13,1,1,1
mclaren,McLaren,British,9453,389,16,2,2,1
mclaren,McLaren,British,9468,390,31,1,1,2
mclaren,McLaren,British,9483,391,31,1,1,2
mclaren,McLaren,British,9498,392,35,1,1,2
mclaren,McLaren,British,9513,393,39,2,2,2
mclaren,McLaren,British,9528,394,39,2,2,2
mclaren,McLaren,British,9543,395,45,2,2,2
mclaren,McLaren,British,9558,396,49,2,2,2
mclaren,McLaren,British,9573,397,50,2,2,2
mclaren,McLaren,British,9588,398,51,3,3,2
mclaren,McLaren,British,9604,399,62,2,2,3
mclaren,McLaren,British,9620,400,72,2,2,3
mclaren,McLaren,British,9636,401,72,2,2,3
mclaren,McLaren,British,9652,402,76,2,2,3
mclaren,McLaren,British,9668,403,76,2,2,3
mclaren,McLaren,British,9692,404,0,9,9,0
mclaren,McLaren,British,9705,405,7,4,4,0
mclaren,McLaren,British,9718,406,18,2,2,1
mclaren,McLaren,British,9731,407,33,1,1,2
mclaren,McLaren,British,9744,408,34,1,1,2
mclaren,McLaren,British,9757,409,43,2,2,2
mclaren,McLaren,British,9783,410,47,2,2,2
mclaren,McLaren,British,9796,411,56,2,2,2
mclaren,McLaren,British,9809,412,60,2,2,2
mclaren,McLaren,British,9822,413,63,2,2,2
mclaren,McLaren,British,9835,414,63,2,2,2
mclaren,McLaren,British,9848,415,72,2,2,3
mclaren,McLaren,British,9861,416,75,2,2,3
mclaren,McLaren,British,9875,417,81,2,2,3
mclaren,McLaren,British,9889,418,87,2,2,3
mclaren,McLaren,British,9903,419,96,2,2,4
mclaren,McLaren,British,9909,420,9,1,1,1
mclaren,McLaren,British,9923,421,9,3,3,1
mclaren,McLaren,British,9938,422,12,3,3,1
mclaren,McLaren,British,9953,423,21,3,3,2
mclaren,McLaren,British,9969,424,25,3,3,2
mclaren,McLaren,British,10017,425,25,3,3,2
mclaren,McLaren,British,10049,426,29,3,3,2
mclaren,McLaren,British,10065,427,38,2,2,3
mclaren,McLaren,British,10081,428,46,2,2,3
mclaren,McLaren,British,10097,429,55,2,2,4
mclaren,McLaren,British,10113,430,70,2,2,5
mclaren,McLaren,British,10129,431,79,1,1,6
mclaren,McLaren,British,10146,432,83,1,1,6
mclaren,McLaren,British,10163,433,86,1,1,6
mclaren,McLaren,British,10180,434,90,1,1,6
mclaren,McLaren,British,10197,435,90,1,1,6
mclaren,McLaren,British,10214,436,9,1,1,1
mclaren,McLaren,British,10227,437,24,1,1,2
mclaren,McLaren,British,10242,438,24,1,1,2
mclaren,McLaren,British,10287,440,42,1,1,4
mclaren,McLaren,British,10272,439,33,1,1,3
mclaren,McLaren,British,10302,441,46.5,1,1,5
mclaren,McLaren,British,10317,442,56.5,1,1,5
mclaren,McLaren,British,10332,443,59.5,1,1,5
mclaren,McLaren,British,10347,444,59.5,1,1,5
mclaren,McLaren,British,10362,445,68.5,1,1,6
mclaren,McLaren,British,10377,446,83.5,1,1,7
mclaren,McLaren,British,10392,447,92.5,1,1,8
mclaren,McLaren,British,10407,448,107.5,1,1,9
mclaren,McLaren,British,10452,450,128.5,1,1,11
mclaren,McLaren,British,10437,449,116.5,1,1,10
mclaren,McLaren,British,10467,451,143.5,1,1,12
mclaren,McLaren,British,10483,452,4,2,2,0
mclaren,McLaren,British,10498,453,19,1,1,1
mclaren,McLaren,British,10513,454,19,1,1,1
mclaren,McLaren,British,10528,455,21,2,2,1
mclaren,McLaren,British,10543,456,21,4,4,1
mclaren,McLaren,British,10558,457,21,5,5,1
mclaren,McLaren,British,10573,458,25,5,5,1
mclaren,McLaren,British,10588,459,26,5,5,1
mclaren,McLaren,British,10603,460,27,5,5,1
mclaren,McLaren,British,10619,461,29,5,5,1
mclaren,McLaren,British,10635,462,30,5,5,1
mclaren,McLaren,British,10651,463,34,5,5,1
mclaren,McLaren,British,10667,464,34,5,5,1
mclaren,McLaren,British,10699,465,34,5,5,1
mclaren,McLaren,British,10715,466,34,5,5,1
mclaren,McLaren,British,10732,467,4,3,3,0
mclaren,McLaren,British,10749,468,10,2,2,0
mclaren,McLaren,British,10766,469,20,2,2,1
mclaren,McLaren,British,10783,470,20,2,2,1
mclaren,McLaren,British,10800,471,29,1,1,2
mclaren,McLaren,British,10817,472,29,1,1,2
mclaren,McLaren,British,10834,473,38,1,1,3
mclaren,McLaren,British,10851,474,42,1,1,3
mclaren,McLaren,British,10868,475,45,1,1,3
mclaren,McLaren,British,10885,476,54,1,1,4
mclaren,McLaren,British,10902,477,54,1,1,4
mclaren,McLaren,British,10919,478,54,2,2,4
mclaren,McLaren,British,10936,479,56,2,2,4
mclaren,McLaren,British,10953,480,60,2,2,4
mclaren,McLaren,British,10970,481,63,2,2,4
mclaren,McLaren,British,11021,482,69,2,2,4
mclaren,McLaren,British,11050,483,0,15,15,0
mclaren,McLaren,British,11066,484,0,12,12,0
mclaren,McLaren,British,11082,485,0,12,12,0
mclaren,McLaren,British,11098,486,1,11,11,0
mclaren,McLaren,British,11115,487,1,11,11,0
mclaren,McLaren,British,11132,488,1,11,11,0
mclaren,McLaren,British,11149,489,5,8,8,0
mclaren,McLaren,British,11166,490,11,7,7,0
mclaren,McLaren,British,11183,491,20,5,5,1
mclaren,McLaren,British,11217,492,21,6,6,1
mclaren,McLaren,British,11234,493,22,6,6,1
mclaren,McLaren,British,11251,494,22,6,6,1
mclaren,McLaren,British,11268,495,22,6,6,1
mclaren,McLaren,British,11285,496,28,6,6,1
mclaren,McLaren,British,11302,497,28,6,6,1
mclaren,McLaren,British,11310,498,1,6,6,0
mclaren,McLaren,British,11325,499,3,8,8,0
mclaren,McLaren,British,11340,500,3,8,8,0
mclaren,McLaren,British,11355,501,6,8,8,0
mclaren,McLaren,British,11370,502,6,8,8,0
mclaren,McLaren,British,11385,503,6,8,8,0
mclaren,McLaren,British,11400,504,6,8,8,0
mclaren,McLaren,British,11415,505,7,8,8,0
mclaren,McLaren,British,11430,506,7,8,8,0
mclaren,McLaren,British,11445,507,7,9,9,0
mclaren,McLaren,British,11460,508,8,8,8,0
mclaren,McLaren,British,11475,509,8,9,9,0
mclaren,McLaren,British,11490,510,11,8,8,0
mclaren,McLaren,British,11505,511,11,9,9,0
mclaren,McLaren,British,23991,512,4,3,3,0
mclaren,McLaren,British,24021,514,4,5,5,0
mclaren,McLaren,British,24051,516,4,5,5,0
mclaren,McLaren,British,24067,517,5,5,5,0
mclaren,McLaren,British,24084,518,8,6,6,0
mclaren,McLaren,British,24101,519,8,7,7,0
mclaren,McLaren,British,24118,520,11,7,7,0
mclaren,McLaren,British,24135,521,13,7,7,0
mclaren,McLaren,British,24144,522,13,7,7,0
mclaren,McLaren,British,24178,524,13,7,7,0
mclaren,McLaren,British,24215,526,15,7,7,0
mclaren,McLaren,British,23439,527,3,4,4,0
mclaren,McLaren,British,23455,528,3,6,6,0
mclaren,McLaren,British,23472,529,3,6,6,0
mclaren,McLaren,British,23491,530,3,7,7,0
mclaren,McLaren,British,23510,531,3,8,8,0
mclaren,McLaren,British,23529,532,3,8,8,0
mclaren,McLaren,British,23548,533,4,8,8,0
mclaren,McLaren,British,23567,534,7,9,9,0
mclaren,McLaren,British,23586,535,11,5,5,0
mclaren,McLaren,British,23605,536,12,5,5,0
mclaren,McLaren,British,23624,537,12,7,7,0
mclaren,McLaren,British,23643,538,12,8,8,0
mclaren,McLaren,British,23662,539,12,8,8,0
mclaren,McLaren,British,23681,540,14,8,8,0
mclaren,McLaren,British,23700,541,15,8,8,0
mclaren,McLaren,British,23719,542,15,8,8,0
mclaren,McLaren,British,23157,543,0,12,12,0
mclaren,McLaren,British,23169,544,6,4,4,0
mclaren,McLaren,British,23182,545,9,3,3,0
mclaren,McLaren,British,23195,546,9,4,4,0
mclaren,McLaren,British,23209,547,12,4,4,0
mclaren,McLaren,British,23225,548,15,4,4,0
mclaren,McLaren,British,23241,549,15,4,4,0
mclaren,McLaren,British,23257,550,21,4,4,0
mclaren,McLaren,British,23273,551,25,4,4,0
mclaren,McLaren,British,23289,552,34,3,3,1
mclaren,McLaren,British,23307,553,34,4,4,1
mclaren,McLaren,British,23325,554,35,4,4,1
mclaren,McLaren,British,23343,555,35,4,4,1
mclaren,McLaren,British,23361,556,38,4,4,1
mclaren,McLaren,British,23381,557,47,3,3,2
mclaren,McLaren,British,23401,558,51,4,4,2
mclaren,McLaren,British,23421,559,60,3,3,3
mclaren,McLaren,British,22854,560,1,5,5,0
mclaren,McLaren,British,22867,561,7,3,3,0
mclaren,McLaren,British,22884,562,9,3,3,0
mclaren,McLaren,British,22900,563,18,2,2,1
mclaren,McLaren,British,22919,564,19,2,2,1
mclaren,McLaren,British,22938,565,21,3,3,1
mclaren,McLaren,British,22957,566,23,3,3,1
mclaren,McLaren,British,22977,567,31,3,3,2
mclaren,McLaren,British,22996,568,31,3,3,2
mclaren,McLaren,British,23014,569,40,3,3,3
mclaren,McLaren,British,23033,570,43,3,3,3
mclaren,McLaren,British,23052,571,52,2,2,4
mclaren,McLaren,British,23071,572,52,3,3,4
mclaren,McLaren,British,23090,573,61,2,2,5
mclaren,McLaren,British,23109,574,70,2,2,6
mclaren,McLaren,British,23128,575,74,2,2,6
mclaren,McLaren,British,22461,576,9,1,1,1
mclaren,McLaren,British,22475,577,15,1,1,1
mclaren,McLaren,British,22490,578,16,2,2,1
mclaren,McLaren,British,22506,579,20.5,2,2,2
mclaren,McLaren,British,22523,580,26.5,1,1,2
mclaren,McLaren,British,22540,581,26.5,2,2,2
mclaren,McLaren,British,22708,582,26.5,3,3,2
mclaren,McLaren,British,22725,583,26.5,3,3,2
mclaren,McLaren,British,22743,584,30.5,3,3,2
mclaren,McLaren,British,22761,585,39.5,3,3,3
mclaren,McLaren,British,22780,586,39.5,3,3,3
mclaren,McLaren,British,22799,587,41,3,3,3
mclaren,McLaren,British,22819,588,47,3,3,3
mclaren,McLaren,British,22839,589,53,3,3,3
mclaren,McLaren,British,22218,590,9,1,1,1
mclaren,McLaren,British,22229,591,18,1,1,2
mclaren,McLaren,British,22240,592,22,1,1,2
mclaren,McLaren,British,22252,593,26,1,1,2
mclaren,McLaren,British,22266,594,35,1,1,3
mclaren,McLaren,British,22282,595,37,1,1,3
mclaren,McLaren,British,22298,596,40,1,1,3
mclaren,McLaren,British,22314,597,42,1,1,3
mclaren,McLaren,British,22330,598,43,2,2,3
mclaren,McLaren,British,22346,599,49,1,1,3
mclaren,McLaren,British,22364,600,49,2,2,3
mclaren,McLaren,British,22382,601,55,2,2,3
mclaren,McLaren,British,22400,602,61,1,1,3
mclaren,McLaren,British,22418,603,70,1,1,4
mclaren,McLaren,British,22438,604,73,1,1,4
mclaren,McLaren,British,22034,605,2,4,4,0
mclaren,McLaren,British,21878,606,6,3,3,0
mclaren,McLaren,British,22043,607,12,3,3,0
mclaren,McLaren,British,22053,608,15,3,3,0
mclaren,McLaren,British,22063,609,15,3,3,0
mclaren,McLaren,British,22074,610,17,3,3,0
mclaren,McLaren,British,22085,611,26,3,3,1
mclaren,McLaren,British,22144,614,38,3,3,2
mclaren,McLaren,British,22156,615,42,3,3,2
mclaren,McLaren,British,22168,616,42,3,3,2
mclaren,McLaren,British,22180,617,46,3,3,2
mclaren,McLaren,British,22192,618,55,3,3,3
mclaren,McLaren,British,22204,619,58,3,3,3
mclaren,McLaren,British,21900,620,6,2,2,0
mclaren,McLaren,British,21956,625,23,3,3,1
mclaren,McLaren,British,21966,626,27,3,3,1
mclaren,McLaren,British,21977,627,29,4,4,1
mclaren,McLaren,British,21988,628,35,2,2,1
mclaren,McLaren,British,22000,629,39,2,2,1
mclaren,McLaren,British,22012,630,45,2,2,1
mclaren,McLaren,British,22024,631,47,3,3,1
mclaren,McLaren,British,21674,632,1,5,5,0
mclaren,McLaren,British,21684,633,3,6,6,0
mclaren,McLaren,British,21694,634,6,5,5,0
mclaren,McLaren,British,21706,635,6,6,6,0
mclaren,McLaren,British,21717,636,6,7,7,0
mclaren,McLaren,British,21726,637,6,7,7,0
mclaren,McLaren,British,21737,638,6,7,7,0
mclaren,McLaren,British,21750,639,6,7,7,0
mclaren,McLaren,British,21761,640,6,8,8,0
mclaren,McLaren,British,21773,641,10,6,6,0
mclaren,McLaren,British,21783,642,10,6,6,0
mclaren,McLaren,British,13919,17,71,3,3,2
mclaren,McLaren,British,22132,613,35,3,3,2
mclaren,McLaren,British,22120,612,26,3,3,1
mclaren,McLaren,British,21918,622,17,1,1,1
mclaren,McLaren,British,21909,621,15,1,1,1
mclaren,McLaren,British,21946,624,23,2,2,1
mclaren,McLaren,British,21927,623,19,1,1,1
mclaren,McLaren,British,21102,678,0,14,14,0
mclaren,McLaren,British,21085,677,0,14,14,0
mclaren,McLaren,British,21068,676,0,14,14,0
mclaren,McLaren,British,21051,675,0,14,14,0
mclaren,McLaren,British,21034,674,0,14,14,0
mclaren,McLaren,British,24006,513,4,3,3,0
mclaren,McLaren,British,24036,515,4,5,5,0
mclaren,McLaren,British,24161,523,13,7,7,0
mclaren,McLaren,British,24196,525,14,7,7,0
mclaren,McLaren,British,24233,337,21,2,2,0
mclaren,McLaren,British,24245,338,54,2,2,1
mclaren,McLaren,British,24257,339,66,2,2,1
mclaren,McLaren,British,24269,340,109,1,1,2
mclaren,McLaren,British,24281,341,119,1,1,2
mclaren,McLaren,British,24305,342,129,3,3,2
mclaren,McLaren,British,24317,343,172,1,1,3
mclaren,McLaren,British,24329,344,215,1,1,4
mclaren,McLaren,British,24341,345,248,1,1,4
mclaren,McLaren,British,24353,346,278,1,1,4
mclaren,McLaren,British,24365,347,300,1,1,4
mclaren,McLaren,British,24377,348,304,2,2,4
mclaren,McLaren,British,24389,349,329,2,2,5
mclaren,McLaren,British,24401,350,347,2,2,5
mclaren,McLaren,British,24437,351,359,2,2,5
mclaren,McLaren,British,24449,352,381,2,2,5
mclaren,McLaren,British,24473,353,399,2,2,5
mclaren,McLaren,British,24485,354,421,2,2,5
mclaren,McLaren,British,24497,355,454,2,2,5
mclaren,McLaren,British,24541,842,48,2,2,0
mclaren,McLaren,British,24661,841,26,2,2,0
mclaren,McLaren,British,24553,843,85,2,2,1
mclaren,McLaren,British,24565,844,105,2,2,1
mclaren,McLaren,British,24577,845,138,2,2,1
mclaren,McLaren,British,24589,846,161,2,2,1
mclaren,McLaren,British,24601,847,186,2,2,2
mclaren,McLaren,British,24613,848,206,2,2,2
mclaren,McLaren,British,24625,849,218,2,2,2
mclaren,McLaren,British,24637,850,243,2,2,3
mclaren,McLaren,British,24649,851,280,2,2,4
mclaren,McLaren,British,24671,852,295,2,2,4
mclaren,McLaren,British,24683,853,325,2,2,4
mclaren,McLaren,British,24695,854,353,2,2,4
mclaren,McLaren,British,24707,855,388,2,2,5
mclaren,McLaren,British,24719,856,418,2,2,5
mclaren,McLaren,British,24731,857,442,2,2,5
mclaren,McLaren,British,24743,858,482,2,2,6
mclaren,McLaren,British,24755,859,497,2,2,6
mclaren,McLaren,British,24932,860,40,1,1,1
mclaren,McLaren,British,24777,861,55,1,1,1
mclaren,McLaren,British,24789,862,88,1,1,1
mclaren,McLaren,British,24836,864,98,2,2,1
mclaren,McLaren,British,24824,863,92,2,2,1
mclaren,McLaren,British,24848,865,108,2,2,1
mclaren,McLaren,British,24860,866,133,2,2,2
mclaren,McLaren,British,24872,867,137,2,2,2
mclaren,McLaren,British,24884,868,142,4,4,2
mclaren,McLaren,British,24967,869,160,3,3,2
mclaren,McLaren,British,24991,871,218,2,2,4
mclaren,McLaren,British,24979,870,193,2,2,3
mclaren,McLaren,British,25003,872,243,2,2,5
mclaren,McLaren,British,25039,873,261,2,2,5
mclaren,McLaren,British,25051,874,283,2,2,5
mclaren,McLaren,British,25063,875,284,3,3,5
mclaren,McLaren,British,25087,876,306,3,3,5
mclaren,McLaren,British,25099,877,318,3,3,5
mclaren,McLaren,British,25111,878,353,3,3,6
mclaren,McLaren,British,25123,879,378,3,3,7
mclaren,McLaren,British,25140,880,2,6,6,0
mclaren,McLaren,British,25151,881,4,7,7,0
mclaren,McLaren,British,25162,882,14,5,5,0
mclaren,McLaren,British,25173,883,23,6,6,0
mclaren,McLaren,British,25184,884,29,6,6,0
mclaren,McLaren,British,25195,885,37,6,6,0
mclaren,McLaren,British,25206,886,37,6,6,0
mclaren,McLaren,British,25217,887,37,6,6,0
mclaren,McLaren,British,25228,888,49,6,6,0
mclaren,McLaren,British,25239,890,57,6,6,0
mclaren,McLaren,British,25250,891,65,5,5,0
mclaren,McLaren,British,25283,893,76,5,5,0
mclaren,McLaren,British,25272,892,66,5,5,0
mclaren,McLaren,British,25294,894,81,5,5,0
mclaren,McLaren,British,25305,895,83,5,5,0
mclaren,McLaren,British,25316,896,93,5,5,0
mclaren,McLaren,British,25327,897,95,5,5,0
mclaren,McLaren,British,25338,898,102,5,5,0
mclaren,McLaren,British,25349,899,122,5,5,0
mclaren,McLaren,British,25524,257,0,12,12,0
mclaren,McLaren,British,25943,901,43,2,2,0
mclaren,McLaren,British,25932,900,33,1,1,0
mclaren,McLaren,British,25954,902,43,3,3,0
mclaren,McLaren,British,25965,903,43,5,5,0
mclaren,McLaren,British,25976,904,43,6,6,0
mclaren,McLaren,British,25987,905,52,5,5,0
mclaren,McLaren,British,25998,906,66,5,5,0
mclaren,McLaren,British,26009,907,72,6,6,0
mclaren,McLaren,British,26020,908,90,6,6,0
mclaren,McLaren,British,26031,909,96,6,6,0
mclaren,McLaren,British,26042,910,97,6,6,0
mclaren,McLaren,British,26053,911,105,5,5,0
mclaren,McLaren,British,26064,912,110,5,5,0
mclaren,McLaren,British,26075,913,111,6,6,0
mclaren,McLaren,British,26086,914,121,6,6,0
mclaren,McLaren,British,26097,915,143,5,5,0
mclaren,McLaren,British,26108,916,147,5,5,0
mclaren,McLaren,British,26119,917,161,5,5,0
mclaren,McLaren,British,26130,918,181,5,5,0
mclaren,McLaren,British,26147,926,0,8,8,0
mclaren,McLaren,British,26156,927,0,9,9,0
mclaren,McLaren,British,26166,928,0,9,9,0
mclaren,McLaren,British,26176,929,0,9,9,0
mclaren,McLaren,British,26186,930,0,9,9,0
mclaren,McLaren,British,26196,931,4,9,9,0
mclaren,McLaren,British,26206,932,4,9,9,0
mclaren,McLaren,British,26216,933,4,9,9,0
mclaren,McLaren,British,26226,934,5,9,9,0
mclaren,McLaren,British,26236,936,17,9,9,0
mclaren,McLaren,British,26257,937,17,9,9,0
mclaren,McLaren,British,26267,938,17,9,9,0
mclaren,McLaren,British,26277,939,17,9,9,0
mclaren,McLaren,British,26297,940,17,9,9,0
mclaren,McLaren,British,26382,941,19,9,9,0
mclaren,McLaren,British,26392,942,27,9,9,0
mclaren,McLaren,British,26402,943,27,9,9,0
mclaren,McLaren,British,26412,944,27,9,9,0
mclaren,McLaren,British,26433,945,27,9,9,0
mclaren,McLaren,British,26565,948,0,9,9,0
mclaren,McLaren,British,26455,949,1,8,8,0
mclaren,McLaren,British,26466,950,1,8,8,0
mclaren,McLaren,British,26477,951,10,7,7,0
mclaren,McLaren,British,26488,952,12,8,8,0
mclaren,McLaren,British,26499,953,24,7,7,0
mclaren,McLaren,British,26510,954,24,7,7,0
mclaren,McLaren,British,26532,955,24,7,7,0
mclaren,McLaren,British,26543,956,32,7,7,0
mclaren,McLaren,British,26554,957,32,7,7,0
mclaren,McLaren,British,26576,958,38,7,7,0
mclaren,McLaren,British,26587,959,42,7,7,0
mclaren,McLaren,British,26598,960,48,6,6,0
mclaren,McLaren,British,26609,961,48,6,6,0
mclaren,McLaren,British,26620,962,54,6,6,0
mclaren,McLaren,British,26631,963,62,6,6,0
mclaren,McLaren,British,26642,964,62,6,6,0
mclaren,McLaren,British,26697,965,74,6,6,0
mclaren,McLaren,British,26708,966,74,6,6,0
mclaren,McLaren,British,26719,967,75,6,6,0
mclaren,McLaren,British,26730,968,76,6,6,0
mclaren,McLaren,British,26741,969,0,9,9,0
mclaren,McLaren,British,26751,970,0,10,10,0
mclaren,McLaren,British,26761,971,0,10,10,0
mclaren,McLaren,British,26771,972,0,10,10,0
mclaren,McLaren,British,26781,973,0,10,10,0
mclaren,McLaren,British,26791,974,0,10,10,0
mclaren,McLaren,British,26801,975,0,10,10,0
mclaren,McLaren,British,26811,976,2,10,10,0
mclaren,McLaren,British,26821,977,2,10,10,0
mclaren,McLaren,British,26831,978,2,10,10,0
mclaren,McLaren,British,26841,979,11,9,9,0
mclaren,McLaren,British,26851,980,11,9,9,0
mclaren,McLaren,British,26861,981,11,9,9,0
mclaren,McLaren,British,26871,982,17,9,9,0
mclaren,McLaren,British,26881,983,23,9,9,0
mclaren,McLaren,British,26891,984,23,9,9,0
mclaren,McLaren,British,26901,985,23,9,9,0
mclaren,McLaren,British,26911,986,24,9,9,0
mclaren,McLaren,British,26921,987,28,9,9,0
mclaren,McLaren,British,26931,988,30,9,9,0
mclaren,McLaren,British,26936,989,12,4,4,0
mclaren,McLaren,British,26976,990,22,3,3,0
mclaren,McLaren,British,26966,991,28,4,4,0
mclaren,McLaren,British,26986,992,36,4,4,0
mclaren,McLaren,British,26996,993,40,5,5,0
mclaren,McLaren,British,27006,994,40,5,5,0
mclaren,McLaren,British,27016,995,40,5,5,0
mclaren,McLaren,British,27026,996,40,5,5,0
mclaren,McLaren,British,27036,997,44,6,6,0
mclaren,McLaren,British,27046,998,48,7,7,0
mclaren,McLaren,British,27056,999,48,7,7,0
mclaren,McLaren,British,27066,1000,52,7,7,0
mclaren,McLaren,British,27076,1001,52,6,6,0
mclaren,McLaren,British,27096,1002,52,6,6,0
mclaren,McLaren,British,27106,1003,58,6,6,0
mclaren,McLaren,British,27116,1004,58,6,6,0
mclaren,McLaren,British,27126,1005,58,6,6,0
mclaren,McLaren,British,27146,1006,58,6,6,0
mclaren,McLaren,British,27156,1007,62,6,6,0
mclaren,McLaren,British,27166,1008,62,6,6,0
mclaren,McLaren,British,27176,1009,62,6,6,0
mclaren,McLaren,British,27201,1010,0,9,9,0
mclaren,McLaren,British,27221,1011,8,5,5,0
mclaren,McLaren,British,27231,1012,8,7,7,0
mclaren,McLaren,British,27241,1013,18,4,4,0
mclaren,McLaren,British,27251,1014,22,4,4,0
mclaren,McLaren,British,27261,1015,30,4,4,0
mclaren,McLaren,British,27271,1016,30,4,4,0
mclaren,McLaren,British,27301,1017,40,4,4,0
mclaren,McLaren,British,27311,1018,52,4,4,0
mclaren,McLaren,British,27321,1019,60,4,4,0
mclaren,McLaren,British,27341,1020,70,4,4,0
mclaren,McLaren,British,27351,1021,82,4,4,0
mclaren,McLaren,British,27361,1022,82,4,4,0
mclaren,McLaren,British,27371,1023,83,4,4,0
mclaren,McLaren,British,27381,1024,89,4,4,0
mclaren,McLaren,British,27391,1025,101,4,4,0
mclaren,McLaren,British,27421,1026,111,4,4,0
mclaren,McLaren,British,27431,1027,111,4,4,0
mclaren,McLaren,British,27441,1028,121,4,4,0
mclaren,McLaren,British,27451,1029,140,4,4,0
mclaren,McLaren,British,27461,1030,145,4,4,0
mclaren,McLaren,British,27515,1034,51,3,3,0
mclaren,McLaren,British,27575,1031,26,2,2,0
mclaren,McLaren,British,27485,1032,39,2,2,0
mclaren,McLaren,British,27505,1033,41,3,3,0
mclaren,McLaren,British,27525,1035,53,4,4,0
mclaren,McLaren,British,27535,1036,62,4,4,0
mclaren,McLaren,British,27545,1037,68,3,3,0
mclaren,McLaren,British,27555,1038,98,3,3,0
mclaren,McLaren,British,27565,1039,106,3,3,0
mclaren,McLaren,British,27585,1040,106,3,3,0
mclaren,McLaren,British,27595,1041,116,4,4,0
mclaren,McLaren,British,27605,1042,124,4,4,0
mclaren,McLaren,British,27615,1043,134,4,4,0
mclaren,McLaren,British,27625,1044,149,4,4,0
mclaren,McLaren,British,27635,1045,171,3,3,0
mclaren,McLaren,British,27645,1046,184,4,4,0
mclaren,McLaren,British,27655,1047,202,3,3,0
mclaren,McLaren,British,27905,1051,258,4,4,1
mclaren,McLaren,British,27675,1052,18,3,3,0
mclaren,McLaren,British,27705,1053,41,3,3,0
mclaren,McLaren,British,27715,1054,53,3,3,0
mclaren,McLaren,British,27725,1055,65,3,3,0
mclaren,McLaren,British,27735,1056,80,3,3,0
mclaren,McLaren,British,27745,1057,92,4,4,0
mclaren,McLaren,British,27755,1059,110,3,3,0
mclaren,McLaren,British,27765,1058,120,3,3,0
mclaren,McLaren,British,27785,1060,141,3,3,0
mclaren,McLaren,British,27795,1061,163,3,3,0
mclaren,McLaren,British,27815,1062,163,4,4,0
mclaren,McLaren,British,27825,1063,169,3,3,0
mclaren,McLaren,British,27835,1064,170,4,4,0
mclaren,McLaren,British,27845,1065,215,3,3,1
mclaren,McLaren,British,27855,1066,234,3,3,1
mclaren,McLaren,British,27865,1067,240,3,3,1
mclaren,McLaren,British,27875,1069,254,3,3,1
mclaren,McLaren,British,27885,1070,255,4,4,1
mclaren,McLaren,British,27895,1071,256,4,4,1
mclaren,McLaren,British,27915,1072,269,4,4,1
mclaren,McLaren,British,27925,1073,275,4,4,1
mclaren,McLaren,British,28141,1074,0,9,9,0
mclaren,McLaren,British,28151,1075,6,8,8,0
mclaren,McLaren,British,28161,1076,24,4,4,0
mclaren,McLaren,British,28171,1077,46,4,4,0
mclaren,McLaren,British,28181,1078,46,4,4,0
mclaren,McLaren,British,28191,1079,50,4,4,0
mclaren,McLaren,British,28201,1080,59,4,4,0
bmw_sauber,BMW Sauber,German,2,18,8,3,3,0
bmw_sauber,BMW Sauber,German,8,19,19,2,2,0
bmw_sauber,BMW Sauber,German,19,20,30,1,1,0
bmw_sauber,BMW Sauber,German,30,21,35,2,2,0
bmw_sauber,BMW Sauber,German,41,22,44,2,2,0
bmw_sauber,BMW Sauber,German,52,23,52,3,3,0
bmw_sauber,BMW Sauber,German,63,24,70,2,2,1
bmw_sauber,BMW Sauber,German,74,25,74,2,2,1
bmw_sauber,BMW Sauber,German,85,26,82,2,2,1
bmw_sauber,BMW Sauber,German,96,27,89,2,2,1
bmw_sauber,BMW Sauber,German,107,28,90,3,3,1
bmw_sauber,BMW Sauber,German,118,29,96,3,3,1
bmw_sauber,BMW Sauber,German,129,30,107,3,3,1
bmw_sauber,BMW Sauber,German,140,31,117,3,3,1
bmw_sauber,BMW Sauber,German,151,32,120,3,3,1
bmw_sauber,BMW Sauber,German,162,33,128,3,3,1
bmw_sauber,BMW Sauber,German,1634,34,135,3,3,1
bmw_sauber,BMW Sauber,German,184,35,135,3,3,1
bmw_sauber,BMW Sauber,German,25735,36,5,2,2,0
bmw_sauber,BMW Sauber,German,25746,37,10,2,2,0
bmw_sauber,BMW Sauber,German,25757,38,18,2,2,0
bmw_sauber,BMW Sauber,German,25768,39,23,2,2,0
bmw_sauber,BMW Sauber,German,25779,40,30,2,2,0
bmw_sauber,BMW Sauber,German,25790,41,38,2,2,0
bmw_sauber,BMW Sauber,German,25801,42,39,2,2,0
bmw_sauber,BMW Sauber,German,25812,43,48,2,2,0
bmw_sauber,BMW Sauber,German,25823,44,56,2,2,0
bmw_sauber,BMW Sauber,German,25834,45,61,2,2,0
bmw_sauber,BMW Sauber,German,25845,46,71,2,2,0
bmw_sauber,BMW Sauber,German,25856,47,77,2,2,0
bmw_sauber,BMW Sauber,German,25867,48,86,2,2,0
bmw_sauber,BMW Sauber,German,25878,49,90,2,2,0
bmw_sauber,BMW Sauber,German,25889,50,92,2,2,0
bmw_sauber,BMW Sauber,German,25900,51,94,2,2,0
bmw_sauber,BMW Sauber,German,25911,52,101,2,2,0
bmw_sauber,BMW Sauber,German,6324,53,0,8,8,0
bmw_sauber,BMW Sauber,German,6335,54,2,6,6,0
bmw_sauber,BMW Sauber,German,6346,55,10,5,5,0
bmw_sauber,BMW Sauber,German,6357,56,10,5,5,0
bmw_sauber,BMW Sauber,German,6368,57,11,5,5,0
bmw_sauber,BMW Sauber,German,6379,58,12,5,5,0
bmw_sauber,BMW Sauber,German,6390,59,14,5,5,0
bmw_sauber,BMW Sauber,German,6401,60,17,5,5,0
bmw_sauber,BMW Sauber,German,6412,61,19,5,5,0
bmw_sauber,BMW Sauber,German,6423,62,19,5,5,0
bmw_sauber,BMW Sauber,German,6434,63,20,6,6,0
bmw_sauber,BMW Sauber,German,6445,64,20,6,6,0
bmw_sauber,BMW Sauber,German,6456,65,26,6,6,0
bmw_sauber,BMW Sauber,German,6467,66,26,6,6,0
bmw_sauber,BMW Sauber,German,6478,67,33,5,5,0
bmw_sauber,BMW Sauber,German,6490,68,35,5,5,0
bmw_sauber,BMW Sauber,German,6502,69,36,5,5,0
bmw_sauber,BMW Sauber,German,6514,70,36,5,5,0
bmw_sauber,BMW Sauber,German,4044,1,0,7,7,0
bmw_sauber,BMW Sauber,German,8539,2,4,3,3,0
bmw_sauber,BMW Sauber,German,8569,3,4,5,5,0
bmw_sauber,BMW Sauber,German,8589,4,4,6,6,0
bmw_sauber,BMW Sauber,German,8599,5,6,6,6,0
bmw_sauber,BMW Sauber,German,8679,6,6,8,8,0
bmw_sauber,BMW Sauber,German,8649,7,8,8,8,0
bmw_sauber,BMW Sauber,German,8669,8,8,8,8,0
bmw_sauber,BMW Sauber,German,8689,9,8,8,8,0
bmw_sauber,BMW Sauber,German,8699,10,8,8,8,0
bmw_sauber,BMW Sauber,German,8709,11,9,8,8,0
bmw_sauber,BMW Sauber,German,8719,12,18,7,7,0
bmw_sauber,BMW Sauber,German,8729,13,20,7,7,0
bmw_sauber,BMW Sauber,German,8739,14,21,8,8,0
bmw_sauber,BMW Sauber,German,8759,15,24,8,8,0
bmw_sauber,BMW Sauber,German,8769,16,32,7,7,0
bmw_sauber,BMW Sauber,German,13925,17,36,6,6,0
williams,Williams,British,3,18,9,2,2,0
williams,Williams,British,9,19,9,4,4,0
williams,Williams,British,20,20,10,4,4,0
williams,Williams,British,31,21,12,4,4,0
williams,Williams,British,42,22,13,4,4,0
williams,Williams,British,53,23,15,4,4,0
williams,Williams,British,64,24,15,6,6,0
williams,Williams,British,75,25,15,6,6,0
williams,Williams,British,86,26,16,6,6,0
williams,Williams,British,97,27,16,7,7,0
williams,Williams,British,108,28,16,7,7,0
williams,Williams,British,119,29,17,7,7,0
williams,Williams,British,130,30,17,7,7,0
williams,Williams,British,141,31,17,8,8,0
williams,Williams,British,152,32,26,8,8,0
williams,Williams,British,163,33,26,8,8,0
williams,Williams,British,1635,34,26,8,8,0
williams,Williams,British,185,35,26,8,8,0
williams,Williams,British,25737,36,2,4,4,0
williams,Williams,British,25748,37,2,5,5,0
williams,Williams,British,25759,38,2,5,5,0
williams,Williams,British,25770,39,5,4,4,0
williams,Williams,British,25781,40,7,4,4,0
williams,Williams,British,25792,41,13,4,4,0
williams,Williams,British,25803,42,13,4,4,0
williams,Williams,British,25814,43,13,4,4,0
williams,Williams,British,25825,44,13,4,4,0
williams,Williams,British,25836,45,18,4,4,0
williams,Williams,British,25847,46,20,4,4,0
williams,Williams,British,25858,47,22,4,4,0
williams,Williams,British,25869,48,25,4,4,0
williams,Williams,British,25880,49,28,4,4,0
williams,Williams,British,25891,50,28,4,4,0
williams,Williams,British,25902,51,28,4,4,0
williams,Williams,British,25913,52,33,4,4,0
williams,Williams,British,6321,53,5,5,5,0
williams,Williams,British,6332,54,5,5,5,0
williams,Williams,British,6343,55,5,7,7,0
williams,Williams,British,6354,56,8,6,6,0
williams,Williams,British,6365,57,10,6,6,0
williams,Williams,British,6376,58,10,6,6,0
williams,Williams,British,6387,59,10,6,6,0
williams,Williams,British,6398,60,10,6,6,0
williams,Williams,British,6409,61,10,7,7,0
williams,Williams,British,6420,62,10,8,8,0
williams,Williams,British,6431,63,10,8,8,0
williams,Williams,British,6442,64,10,8,8,0
williams,Williams,British,6453,65,10,8,8,0
williams,Williams,British,6464,66,10,8,8,0
williams,Williams,British,6475,67,10,8,8,0
williams,Williams,British,6487,68,11,8,8,0
williams,Williams,British,6499,69,11,8,8,0
williams,Williams,British,6511,70,11,8,8,0
williams,Williams,British,27946,71,4,4,4,0
williams,Williams,British,27956,72,10,5,5,0
williams,Williams,British,27966,73,13,4,4,0
williams,Williams,British,27976,74,18,5,5,0
williams,Williams,British,27986,75,21,4,4,0
williams,Williams,British,27996,76,35,4,4,0
williams,Williams,British,28006,77,43,4,4,0
williams,Williams,British,28016,78,47,3,3,0
williams,Williams,British,28026,79,47,4,4,0
williams,Williams,British,28036,80,47,5,5,0
williams,Williams,British,28046,81,47,5,5,0
williams,Williams,British,28056,82,47,5,5,0
williams,Williams,British,28066,83,52,5,5,0
williams,Williams,British,28076,84,52,5,5,0
williams,Williams,British,28086,85,54,5,5,0
williams,Williams,British,28096,86,59,5,5,0
williams,Williams,British,28106,87,59,5,5,0
williams,Williams,British,28116,88,64,5,5,0
williams,Williams,British,28126,89,66,5,5,0
williams,Williams,British,6140,90,9,2,2,0
williams,Williams,British,6149,91,17,2,2,0
williams,Williams,British,6159,92,19,3,3,0
williams,Williams,British,6169,93,27,4,4,0
williams,Williams,British,6179,94,30,4,4,0
williams,Williams,British,6189,95,35,4,4,0
williams,Williams,British,6199,96,36,4,4,0
williams,Williams,British,6209,97,36,4,4,0
williams,Williams,British,6219,98,36,4,4,0
williams,Williams,British,6229,99,37,4,4,0
williams,Williams,British,6239,100,41,4,4,0
williams,Williams,British,6249,101,47,4,4,0
williams,Williams,British,6259,102,54,4,4,0
williams,Williams,British,6269,103,54,4,4,0
williams,Williams,British,6279,104,60,4,4,0
williams,Williams,British,6289,105,64,4,4,0
williams,Williams,British,6299,106,74,4,4,0
williams,Williams,British,6309,107,88,4,4,1
williams,Williams,British,5983,108,9,2,2,0
williams,Williams,British,5990,109,14,4,4,0
williams,Williams,British,5999,110,16,4,4,0
williams,Williams,British,6009,111,23,4,4,0
williams,Williams,British,6019,112,32,4,4,0
williams,Williams,British,6029,113,35,4,4,0
williams,Williams,British,6039,114,50,3,3,1
williams,Williams,British,6049,115,64,3,3,1
williams,Williams,British,6059,116,82,2,2,2
williams,Williams,British,6069,117,100,2,2,3
williams,Williams,British,6079,118,108,2,2,3
williams,Williams,British,6089,119,118,2,2,4
williams,Williams,British,6099,120,129,1,1,4
williams,Williams,British,6109,121,141,1,1,4
williams,Williams,British,6119,122,144,2,2,4
williams,Williams,British,6129,123,144,2,2,4
williams,Williams,British,5801,124,6,2,2,0
williams,Williams,British,5807,125,22,1,1,1
williams,Williams,British,5818,126,30,1,1,1
williams,Williams,British,5829,127,37,2,2,1
williams,Williams,British,5840,128,43,2,2,1
williams,Williams,British,5851,129,50,2,2,1
williams,Williams,British,5862,130,54,2,2,1
williams,Williams,British,5873,131,54,2,2,1
williams,Williams,British,5884,132,57,2,2,1
williams,Williams,British,5895,133,61,2,2,1
williams,Williams,British,5906,134,66,2,2,1
williams,Williams,British,5917,135,76,2,2,1
williams,Williams,British,5928,136,80,2,2,1
williams,Williams,British,5939,137,86,2,2,1
williams,Williams,British,5950,138,86,2,2,1
williams,Williams,British,5961,139,89,2,2,1
williams,Williams,British,5972,140,92,2,2,1
williams,Williams,British,5634,142,2,5,5,0
williams,Williams,British,5645,143,2,6,6,0
williams,Williams,British,5656,144,12,3,3,1
williams,Williams,British,5667,145,18,3,3,1
williams,Williams,British,5678,146,18,3,3,1
williams,Williams,British,5689,147,18,3,3,1
williams,Williams,British,5700,148,28,3,3,2
williams,Williams,British,5711,149,37,3,3,2
williams,Williams,British,5722,150,43,3,3,2
williams,Williams,British,5733,151,46,3,3,2
williams,Williams,British,5744,152,56,3,3,3
williams,Williams,British,5755,153,59,3,3,3
williams,Williams,British,5766,154,59,3,3,3
williams,Williams,British,5777,155,73,3,3,4
williams,Williams,British,5788,156,73,3,3,4
williams,Williams,British,5799,157,80,3,3,4
williams,Williams,British,1455,158,4,2,2,0
williams,Williams,British,1461,159,7,4,4,0
williams,Williams,British,1469,160,7,5,5,0
williams,Williams,British,1480,161,12,3,3,0
williams,Williams,British,1491,162,15,3,3,0
williams,Williams,British,1502,163,15,3,3,0
williams,Williams,British,1513,164,15,3,3,0
williams,Williams,British,1524,165,15,4,4,0
williams,Williams,British,1535,166,17,4,4,0
williams,Williams,British,1546,167,19,3,3,0
williams,Williams,British,1557,168,22,3,3,0
williams,Williams,British,1568,169,24,3,3,0
williams,Williams,British,1579,170,30,3,3,0
williams,Williams,British,1590,171,34,3,3,0
williams,Williams,British,1601,172,34,3,3,0
williams,Williams,British,1612,173,36,3,3,0
williams,Williams,British,1623,174,36,3,3,0
williams,Williams,British,5447,175,4,3,3,0
williams,Williams,British,5453,176,7,4,4,0
williams,Williams,British,5462,177,7,4,4,0
williams,Williams,British,5473,178,7,5,5,0
williams,Williams,British,5484,179,9,4,4,0
williams,Williams,British,5495,180,12,5,5,0
williams,Williams,British,5506,181,15,4,4,0
williams,Williams,British,5517,182,19,4,4,0
williams,Williams,British,5528,183,19,4,4,0
williams,Williams,British,5539,184,22,4,4,0
williams,Williams,British,5550,185,22,4,4,0
williams,Williams,British,5561,186,24,4,4,0
williams,Williams,British,5572,187,30,4,4,0
williams,Williams,British,5583,188,33,4,4,0
williams,Williams,British,5594,189,33,5,5,0
williams,Williams,British,5605,190,35,5,5,0
williams,Williams,British,2056,191,6,2,2,0
williams,Williams,British,2063,192,8,2,2,0
williams,Williams,British,2071,193,8,3,3,0
williams,Williams,British,2081,194,13,3,3,0
williams,Williams,British,2092,195,14,3,3,0
williams,Williams,British,2103,196,16,4,4,0
williams,Williams,British,2114,197,16,4,4,0
williams,Williams,British,2125,198,19,4,4,0
williams,Williams,British,2136,199,19,4,4,0
williams,Williams,British,2147,200,20,4,4,0
williams,Williams,British,2158,201,24,4,4,0
williams,Williams,British,2169,202,30,4,4,0
williams,Williams,British,2180,203,33,3,3,0
williams,Williams,British,2191,204,33,3,3,0
williams,Williams,British,2202,205,35,3,3,0
williams,Williams,British,2213,206,38,3,3,0
williams,Williams,British,5255,207,0,6,6,0
williams,Williams,British,5263,208,10,2,2,1
williams,Williams,British,5273,209,20,1,1,2
williams,Williams,British,5284,210,30,1,1,3
williams,Williams,British,5295,211,30,2,2,3
williams,Williams,British,25360,212,40,2,2,4
williams,Williams,British,25372,213,43,2,2,4
williams,Williams,British,25384,214,52,2,2,4
williams,Williams,British,25396,215,62,2,2,5
williams,Williams,British,25408,216,62,2,2,5
williams,Williams,British,25420,217,72,2,2,6
williams,Williams,British,25432,218,78,2,2,6
williams,Williams,British,25444,219,84,2,2,6
williams,Williams,British,25456,220,98,1,1,7
williams,Williams,British,25468,221,112,1,1,8
williams,Williams,British,25480,222,118,1,1,8
williams,Williams,British,25492,223,123,1,1,8
williams,Williams,British,2418,224,16,1,1,1
williams,Williams,British,2426,225,26,1,1,2
williams,Williams,British,2437,226,42,1,1,3
williams,Williams,British,2448,227,55,1,1,4
williams,Williams,British,2459,228,65,1,1,5
williams,Williams,British,2470,229,65,1,1,5
williams,Williams,British,2481,230,69,1,1,5
williams,Williams,British,2492,231,85,1,1,6
williams,Williams,British,2503,232,101,1,1,7
williams,Williams,British,2514,233,111,1,1,8
williams,Williams,British,2525,234,125,1,1,9
williams,Williams,British,2536,235,141,1,1,10
williams,Williams,British,2547,236,149,1,1,10
williams,Williams,British,2558,237,149,1,1,10
williams,Williams,British,2569,238,165,1,1,11
williams,Williams,British,2580,239,175,1,1,12
williams,Williams,British,5038,240,6,2,2,0
williams,Williams,British,5046,241,16,2,2,1
williams,Williams,British,5056,242,29,1,1,2
williams,Williams,British,5069,243,32,2,2,2
williams,Williams,British,5082,244,38,2,2,2
williams,Williams,British,5095,245,38,3,3,2
williams,Williams,British,5108,246,48,2,2,2
williams,Williams,British,5121,247,52,2,2,2
williams,Williams,British,5134,248,58,2,2,2
williams,Williams,British,5147,249,74,2,2,3
williams,Williams,British,5160,250,80,2,2,3
williams,Williams,British,5173,251,80,2,2,3
williams,Williams,British,5186,252,94,2,2,4
williams,Williams,British,5199,253,98,2,2,4
williams,Williams,British,5212,254,108,2,2,4
williams,Williams,British,5225,255,108,2,2,4
williams,Williams,British,5238,256,118,2,2,5
williams,Williams,British,25514,257,6,2,2,0
williams,Williams,British,25528,258,6,4,4,0
williams,Williams,British,25542,259,7,3,3,0
williams,Williams,British,25556,260,7,5,5,0
williams,Williams,British,25570,261,17,3,3,1
williams,Williams,British,25584,262,25,3,3,1
williams,Williams,British,25598,263,31,3,3,1
williams,Williams,British,25612,264,43,2,2,2
williams,Williams,British,25626,265,43,3,3,2
williams,Williams,British,25640,266,49,3,3,2
williams,Williams,British,25654,267,62,2,2,3
williams,Williams,British,25668,268,73,2,2,4
williams,Williams,British,25682,269,89,1,1,5
williams,Williams,British,25696,270,95,2,2,5
williams,Williams,British,25710,271,108,1,1,6
williams,Williams,British,25500,272,118,1,1,7
williams,Williams,British,4635,273,10,1,1,1
williams,Williams,British,4642,274,16,2,2,1
williams,Williams,British,4653,275,26,2,2,1
williams,Williams,British,4665,276,36,1,1,2
williams,Williams,British,4677,277,46,1,1,3
williams,Williams,British,4689,278,55,1,1,3
williams,Williams,British,4702,279,69,1,1,4
williams,Williams,British,4715,280,85,1,1,5
williams,Williams,British,4728,281,95,1,1,6
williams,Williams,British,4741,282,105,1,1,7
williams,Williams,British,4754,283,115,1,1,8
williams,Williams,British,4767,284,129,1,1,9
williams,Williams,British,4780,285,139,1,1,10
williams,Williams,British,4793,286,149,1,1,10
williams,Williams,British,4806,287,158,1,1,10
williams,Williams,British,4819,288,168,1,1,10
williams,Williams,British,3247,289,16,1,1,1
williams,Williams,British,3256,290,32,1,1,2
williams,Williams,British,3267,291,48,1,1,3
williams,Williams,British,3322,293,74,1,1,5
williams,Williams,British,3308,292,58,1,1,4
williams,Williams,British,3336,294,84,1,1,5
williams,Williams,British,3350,295,84,1,1,5
williams,Williams,British,3364,296,100,1,1,6
williams,Williams,British,3378,297,116,1,1,7
williams,Williams,British,3393,298,126,1,1,8
williams,Williams,British,3408,299,132,1,1,8
williams,Williams,British,3423,300,142,1,1,8
williams,Williams,British,3438,301,144,1,1,8
williams,Williams,British,3453,302,154,1,1,9
williams,Williams,British,3468,303,164,1,1,10
williams,Williams,British,3483,304,164,1,1,10
williams,Williams,British,8241,305,0,12,12,0
williams,Williams,British,8259,306,6,3,3,0
williams,Williams,British,8277,307,6,3,3,0
williams,Williams,British,8296,308,12,3,3,0
williams,Williams,British,8315,309,17,3,3,0
williams,Williams,British,8334,310,33,2,2,1
williams,Williams,British,8353,311,45,2,2,2
williams,Williams,British,8372,312,55,2,2,3
williams,Williams,British,8391,313,71,1,1,4
williams,Williams,British,8410,314,81,2,2,4
williams,Williams,British,8429,315,83,2,2,4
williams,Williams,British,8448,316,93,2,2,5
williams,Williams,British,8467,317,103,2,2,6
williams,Williams,British,8486,318,117,1,1,7
williams,Williams,British,8505,319,121,2,2,7
williams,Williams,British,8524,320,125,2,2,7
williams,Williams,British,7626,321,4,3,3,0
williams,Williams,British,7645,322,6,4,4,0
williams,Williams,British,7664,323,15,2,2,1
williams,Williams,British,7683,324,18,2,2,1
williams,Williams,British,7702,325,18,3,3,1
williams,Williams,British,7721,326,20,3,3,1
williams,Williams,British,7740,327,21,4,4,1
williams,Williams,British,7759,328,27,3,3,1
williams,Williams,British,7778,329,30,4,4,1
williams,Williams,British,7797,330,42,3,3,2
williams,Williams,British,7816,331,42,3,3,2
williams,Williams,British,7835,332,44,3,3,2
williams,Williams,British,7854,333,44,3,3,2
williams,Williams,British,7873,334,49,3,3,2
williams,Williams,British,7892,335,54,4,4,2
williams,Williams,British,7911,336,57,4,4,2
williams,Williams,British,4041,1,3,4,4,0
williams,Williams,British,8536,2,3.5,5,5,0
williams,Williams,British,8566,3,3.5,8,8,0
williams,Williams,British,8586,4,3.5,8,8,0
williams,Williams,British,8596,5,4.5,8,8,0
williams,Williams,British,8676,6,7.5,7,7,0
williams,Williams,British,8646,7,11.5,6,6,0
williams,Williams,British,8666,8,15.5,5,5,0
williams,Williams,British,8686,9,20.5,5,5,0
williams,Williams,British,8696,10,25.5,6,6,0
williams,Williams,British,8706,11,29.5,6,6,0
williams,Williams,British,8716,12,30.5,6,6,0
williams,Williams,British,8726,13,30.5,6,6,0
williams,Williams,British,8736,14,30.5,6,6,0
williams,Williams,British,8756,15,34.5,6,6,0
williams,Williams,British,8766,16,34.5,6,6,0
williams,Williams,British,8783,356,0,12,12,0
williams,Williams,British,8803,357,3,6,6,0
williams,Williams,British,8823,358,3,8,8,0
williams,Williams,British,8843,359,9,4,4,0
williams,Williams,British,8863,360,16,2,2,0
williams,Williams,British,8883,361,31,2,2,1
williams,Williams,British,8903,362,35,2,2,1
williams,Williams,British,8923,363,35,2,2,1
williams,Williams,British,8943,364,38,2,2,1
williams,Williams,British,8963,365,42,2,2,1
williams,Williams,British,8983,366,45,2,2,1
williams,Williams,British,9003,367,52,2,2,1
williams,Williams,British,9023,368,52,3,3,1
williams,Williams,British,9043,369,54,3,3,1
williams,Williams,British,9123,370,64,2,2,1
williams,Williams,British,9143,371,77,2,2,2
williams,Williams,British,9165,372,0,14,14,0
williams,Williams,British,9183,373,0,10,10,0
williams,Williams,British,9201,374,1,7,7,0
williams,Williams,British,9219,375,1,7,7,0
williams,Williams,British,9237,376,1,8,8,0
williams,Williams,British,9255,377,1,10,10,0
williams,Williams,British,9273,378,1,10,10,0
williams,Williams,British,9291,379,7,6,6,0
williams,Williams,British,9309,380,7,6,6,0
williams,Williams,British,9327,381,8,7,7,0
williams,Williams,British,9345,382,8,7,7,0
williams,Williams,British,9363,383,8,7,7,0
williams,Williams,British,9381,384,8,7,7,0
williams,Williams,British,9399,385,16,7,7,0
williams,Williams,British,9417,386,17,7,7,0
williams,Williams,British,9435,387,20,7,7,0
williams,Williams,British,9441,388,7,2,2,0
williams,Williams,British,9454,389,16,1,1,1
williams,Williams,British,9469,390,16,2,2,1
williams,Williams,British,9484,391,22,2,2,1
williams,Williams,British,9499,392,30,2,2,1
williams,Williams,British,9514,393,45,1,1,2
williams,Williams,British,9529,394,60,1,1,3
williams,Williams,British,9544,395,69,1,1,4
williams,Williams,British,9559,396,78,1,1,5
williams,Williams,British,9574,397,93,1,1,6
williams,Williams,British,9589,398,106,1,1,7
williams,Williams,British,9605,399,110,1,1,7
williams,Williams,British,9621,400,122,1,1,8
williams,Williams,British,9637,401,137,1,1,9
williams,Williams,British,9653,402,137,1,1,9
williams,Williams,British,9669,403,137,1,1,9
williams,Williams,British,9684,404,9,1,1,1
williams,Williams,British,9697,405,15,2,2,1
williams,Williams,British,9710,406,21,1,1,1
williams,Williams,British,9723,407,24,2,2,1
williams,Williams,British,9736,408,33,2,2,2
williams,Williams,British,9749,409,46,1,1,3
williams,Williams,British,9788,411,61,1,1,4
williams,Williams,British,9775,410,48,1,1,3
williams,Williams,British,9801,412,76,1,1,5
williams,Williams,British,9814,413,89,1,1,6
williams,Williams,British,9827,414,102,1,1,7
williams,Williams,British,9840,415,102,1,1,7
williams,Williams,British,9853,416,117,1,1,8
williams,Williams,British,9867,417,130,1,1,9
williams,Williams,British,9881,418,135,1,1,9
williams,Williams,British,9895,419,141,1,1,9
williams,Williams,British,9920,420,0,12,12,0
williams,Williams,British,9934,421,2,5,5,0
williams,Williams,British,9949,422,4,6,6,0
williams,Williams,British,9964,423,4,7,7,0
williams,Williams,British,9980,424,8,5,5,0
williams,Williams,British,10028,425,17,4,4,1
williams,Williams,British,10060,426,23,4,4,1
williams,Williams,British,10076,427,23,4,4,1
williams,Williams,British,10092,428,24,4,4,1
williams,Williams,British,10108,429,24,4,4,1
williams,Williams,British,10124,430,25,4,4,1
williams,Williams,British,10140,431,25,4,4,1
williams,Williams,British,10157,432,34,4,4,1
williams,Williams,British,10174,433,47,4,4,2
williams,Williams,British,10191,434,62,4,4,3
williams,Williams,British,10208,435,71,3,3,4
williams,Williams,British,10215,436,6,2,2,0
williams,Williams,British,10228,437,6,2,2,0
williams,Williams,British,10243,438,9,4,4,0
williams,Williams,British,10288,440,10,5,5,0
williams,Williams,British,10273,439,9,5,5,0
williams,Williams,British,10303,441,11.5,5,5,0
williams,Williams,British,10318,442,11.5,5,5,0
williams,Williams,British,10333,443,13.5,6,6,0
williams,Williams,British,10348,444,25.5,4,4,1
williams,Williams,British,10363,445,25.5,5,5,1
williams,Williams,British,10378,446,25.5,5,5,1
williams,Williams,British,10393,447,25.5,6,6,1
williams,Williams,British,10408,448,25.5,6,6,1
williams,Williams,British,10438,449,25.5,6,6,1
williams,Williams,British,10453,450,25.5,6,6,1
williams,Williams,British,10468,451,25.5,6,6,1
williams,Williams,British,10484,452,3,3,3,0
williams,Williams,British,10499,453,6,4,4,0
williams,Williams,British,10514,454,9,5,5,0
williams,Williams,British,10529,455,12,5,5,0
williams,Williams,British,10544,456,21,5,5,1
williams,Williams,British,10559,457,24,4,4,1
williams,Williams,British,10574,458,32,2,2,1
williams,Williams,British,10589,459,35,3,3,1
williams,Williams,British,10604,460,35,3,3,1
williams,Williams,British,10620,461,36,4,4,1
williams,Williams,British,10636,462,36,4,4,1
williams,Williams,British,10652,463,36,4,4,1
williams,Williams,British,10668,464,36,4,4,1
williams,Williams,British,10700,465,36,4,4,1
williams,Williams,British,10716,466,38,4,4,1
williams,Williams,British,10731,467,8,2,2,0
williams,Williams,British,10748,468,8,3,3,0
williams,Williams,British,10765,469,14,3,3,0
williams,Williams,British,10782,470,14,4,4,0
williams,Williams,British,10799,471,20,3,3,0
williams,Williams,British,10816,472,21,4,4,0
williams,Williams,British,10833,473,26,3,3,0
williams,Williams,British,10850,474,26,4,4,0
williams,Williams,British,10867,475,32,4,4,0
williams,Williams,British,10884,476,34,4,4,0
williams,Williams,British,10901,477,36,5,5,0
williams,Williams,British,10918,478,40,4,4,0
williams,Williams,British,10935,479,46,3,3,0
williams,Williams,British,10952,480,55,3,3,1
williams,Williams,British,10969,481,55,4,4,1
williams,Williams,British,11036,483,15,1,1,1
williams,Williams,British,11020,482,58,4,4,1
williams,Williams,British,11052,484,30,1,1,2
williams,Williams,British,11068,485,39,1,1,2
williams,Williams,British,11084,486,43,1,1,2
williams,Williams,British,11101,487,52,1,1,3
williams,Williams,British,11118,488,58,1,1,3
williams,Williams,British,11135,489,61,1,1,3
williams,Williams,British,11152,490,61,1,1,3
williams,Williams,British,11169,491,67,1,1,3
williams,Williams,British,11220,493,72,1,1,3
williams,Williams,British,11203,492,67,1,1,3
williams,Williams,British,11237,494,76,1,1,3
williams,Williams,British,11254,495,86,1,1,3
williams,Williams,British,11271,496,86,1,1,3
williams,Williams,British,11288,497,95,1,1,4
williams,Williams,British,11305,498,9,1,1,1
williams,Williams,British,11320,499,13,1,1,1
williams,Williams,British,11335,500,15,2,2,1
williams,Williams,British,11350,501,15,3,3,1
williams,Williams,British,11365,502,25,1,1,1
williams,Williams,British,11380,503,34,1,1,2
williams,Williams,British,11395,504,44,1,1,3
williams,Williams,British,11410,505,57,1,1,4
williams,Williams,British,11425,506,67,1,1,4
williams,Williams,British,11440,507,77,1,1,4
williams,Williams,British,11455,508,80,1,1,4
williams,Williams,British,11470,509,90,1,1,4
williams,Williams,British,11485,510,105,1,1,5
williams,Williams,British,11500,511,120,1,1,6
williams,Williams,British,23987,512,0,7,7,0
williams,Williams,British,24002,513,0,9,9,0
williams,Williams,British,24017,514,0,11,11,0
williams,Williams,British,24032,515,4,6,6,0
williams,Williams,British,24047,516,4,6,6,0
williams,Williams,British,24063,517,4,6,6,0
williams,Williams,British,24080,518,10,5,5,0
williams,Williams,British,24131,521,38,3,3,2
williams,Williams,British,24148,522,49,3,3,3
williams,Williams,British,24165,523,58,3,3,4
williams,Williams,British,24182,524,62,2,2,4
williams,Williams,British,24200,525,75,2,2,5
williams,Williams,British,24219,526,75,2,2,5
williams,Williams,British,23431,527,0,12,12,0
williams,Williams,British,23447,528,0,12,12,0
williams,Williams,British,23464,529,3,7,7,0
williams,Williams,British,23483,530,3,8,8,0
williams,Williams,British,23502,531,3,9,9,0
williams,Williams,British,23521,532,3,9,9,0
williams,Williams,British,23540,533,3,9,9,0
williams,Williams,British,23559,534,3,11,11,0
williams,Williams,British,23578,535,5,10,10,0
williams,Williams,British,23597,536,5,11,11,0
williams,Williams,British,23616,537,5,11,11,0
williams,Williams,British,23635,538,5,11,11,0
williams,Williams,British,23654,539,5,11,11,0
williams,Williams,British,23673,540,5,11,11,0
williams,Williams,British,23692,541,11,9,9,0
williams,Williams,British,23711,542,11,9,9,0
williams,Williams,British,22856,560,0,7,7,0
williams,Williams,British,22869,561,0,9,9,0
williams,Williams,British,22886,562,0,13,13,0
williams,Williams,British,22898,563,0,15,15,0
williams,Williams,British,22917,564,0,16,16,0
williams,Williams,British,22936,565,0,16,16,0
williams,Williams,British,22955,566,0,16,16,0
williams,Williams,British,22979,567,0,16,16,0
williams,Williams,British,22998,568,0,17,17,0
williams,Williams,British,23012,569,0,17,17,0
williams,Williams,British,23031,570,0,17,17,0
williams,Williams,British,23050,571,0,17,17,0
williams,Williams,British,23069,572,0,17,17,0
williams,Williams,British,23088,573,0,17,17,0
williams,Williams,British,23107,574,0,17,17,0
williams,Williams,British,23126,575,0,17,17,0
williams,Williams,British,22462,576,0,11,11,0
williams,Williams,British,22477,577,0,12,12,0
williams,Williams,British,22492,578,0,14,14,0
williams,Williams,British,22508,579,0,10,10,0
williams,Williams,British,22525,580,0,10,10,0
williams,Williams,British,22542,581,0,10,10,0
williams,Williams,British,22710,582,0,12,12,0
williams,Williams,British,22727,583,0,12,12,0
williams,Williams,British,22745,584,0,12,12,0
williams,Williams,British,22763,585,0,12,12,0
williams,Williams,British,22782,586,6,8,8,0
williams,Williams,British,22801,587,6,9,9,0
williams,Williams,British,22821,588,6,9,9,0
williams,Williams,British,22841,589,6,9,9,0
williams,Williams,British,13922,17,34.5,7,7,0
williams,Williams,British,24097,519,14,5,5,0
williams,Williams,British,24114,520,23,4,4,1
williams,Williams,British,24237,337,1,6,6,0
williams,Williams,British,24249,338,5,7,7,0
williams,Williams,British,24261,339,6,7,7,0
williams,Williams,British,24273,340,6,7,7,0
williams,Williams,British,24285,341,8,7,7,0
williams,Williams,British,24309,342,8,7,7,0
williams,Williams,British,24321,343,8,7,7,0
williams,Williams,British,24333,344,8,8,8,0
williams,Williams,British,24345,345,20,7,7,0
williams,Williams,British,24357,346,31,7,7,0
williams,Williams,British,24369,347,31,7,7,0
williams,Williams,British,24381,348,40,7,7,0
williams,Williams,British,24393,349,40,7,7,0
williams,Williams,British,24405,350,47,7,7,0
williams,Williams,British,24441,351,56,7,7,0
williams,Williams,British,24453,352,58,7,7,0
williams,Williams,British,24477,353,65,7,7,0
williams,Williams,British,24489,354,69,6,6,0
williams,Williams,British,24501,355,69,6,6,0
williams,Williams,British,24668,841,0,9,9,0
williams,Williams,British,24548,842,0,11,11,0
williams,Williams,British,24560,843,0,10,10,0
williams,Williams,British,24572,844,0,10,10,0
williams,Williams,British,24584,845,0,9,9,0
williams,Williams,British,24596,846,2,9,9,0
williams,Williams,British,24608,847,4,9,9,0
williams,Williams,British,24620,848,4,9,9,0
williams,Williams,British,24632,849,4,9,9,0
williams,Williams,British,24644,850,4,9,9,0
williams,Williams,British,24656,851,4,9,9,0
williams,Williams,British,24678,852,5,9,9,0
williams,Williams,British,24690,853,5,9,9,0
williams,Williams,British,24702,854,5,9,9,0
williams,Williams,British,24714,855,5,9,9,0
williams,Williams,British,24726,856,5,9,9,0
williams,Williams,British,24738,857,5,9,9,0
williams,Williams,British,24750,858,5,9,9,0
williams,Williams,British,24762,859,5,9,9,0
williams,Williams,British,24940,860,0,9,9,0
williams,Williams,British,24785,861,8,7,7,0
williams,Williams,British,24797,862,18,7,7,0
williams,Williams,British,24844,864,43,6,6,1
williams,Williams,British,24832,863,18,7,7,0
williams,Williams,British,24856,865,44,6,6,1
williams,Williams,British,24868,866,44,7,7,1
williams,Williams,British,24880,867,45,7,7,1
williams,Williams,British,24892,868,47,7,7,1
williams,Williams,British,24975,869,47,7,7,1
williams,Williams,British,24987,870,53,7,7,1
williams,Williams,British,24999,871,53,8,8,1
williams,Williams,British,25011,872,54,8,8,1
williams,Williams,British,25047,873,54,8,8,1
williams,Williams,British,25059,874,58,8,8,1
williams,Williams,British,25071,875,58,8,8,1
williams,Williams,British,25095,876,59,8,8,1
williams,Williams,British,25107,877,73,8,8,1
williams,Williams,British,25119,878,76,8,8,1
williams,Williams,British,25131,879,76,8,8,1
williams,Williams,British,25143,880,0,9,9,0
williams,Williams,British,25154,881,0,9,9,0
williams,Williams,British,25165,882,0,9,9,0
williams,Williams,British,25176,883,0,9,9,0
williams,Williams,British,25187,884,0,9,9,0
williams,Williams,British,25198,885,0,9,9,0
williams,Williams,British,25209,886,0,9,9,0
williams,Williams,British,25220,887,0,9,9,0
williams,Williams,British,25231,888,0,9,9,0
williams,Williams,British,25242,890,1,9,9,0
williams,Williams,British,25253,891,1,9,9,0
williams,Williams,British,25286,893,1,9,9,0
williams,Williams,British,25275,892,1,9,9,0
williams,Williams,British,25297,894,1,9,9,0
williams,Williams,British,25308,895,1,9,9,0
williams,Williams,British,25319,896,1,9,9,0
williams,Williams,British,25330,897,1,9,9,0
williams,Williams,British,25341,898,5,9,9,0
williams,Williams,British,25352,899,5,9,9,0
williams,Williams,British,25934,900,10,4,4,0
williams,Williams,British,25945,901,20,4,4,0
williams,Williams,British,25956,902,30,6,6,0
williams,Williams,British,25967,903,36,6,6,0
williams,Williams,British,25978,904,46,5,5,0
williams,Williams,British,25989,905,52,6,6,0
williams,Williams,British,26000,906,58,6,6,0
williams,Williams,British,26011,907,85,5,5,0
williams,Williams,British,26022,908,103,4,4,0
williams,Williams,British,26033,909,121,3,3,0
williams,Williams,British,26044,910,135,4,4,0
williams,Williams,British,26055,911,150,4,4,0
williams,Williams,British,26066,912,177,3,3,0
williams,Williams,British,26077,913,187,3,3,0
williams,Williams,British,26088,914,201,3,3,0
williams,Williams,British,26099,915,216,3,3,0
williams,Williams,British,26110,916,238,3,3,0
williams,Williams,British,26121,917,254,3,3,0
williams,Williams,British,26132,918,320,3,3,0
williams,Williams,British,26142,926,12,4,4,0
williams,Williams,British,26151,927,30,3,3,0
williams,Williams,British,26161,928,48,3,3,0
williams,Williams,British,26171,929,61,3,3,0
williams,Williams,British,26181,930,81,3,3,0
williams,Williams,British,26191,931,81,3,3,0
williams,Williams,British,26201,932,104,3,3,0
williams,Williams,British,26211,933,129,3,3,0
williams,Williams,British,26221,934,151,3,3,0
williams,Williams,British,26231,936,151,3,3,0
williams,Williams,British,26252,937,161,3,3,0
williams,Williams,British,26262,938,188,3,3,0
williams,Williams,British,26272,939,198,3,3,0
williams,Williams,British,26292,940,208,3,3,0
williams,Williams,British,26377,941,220,3,3,0
williams,Williams,British,26387,942,220,3,3,0
williams,Williams,British,26397,943,243,3,3,0
williams,Williams,British,26407,944,253,3,3,0
williams,Williams,British,26428,945,257,3,3,0
williams,Williams,British,26560,948,14,3,3,0
williams,Williams,British,26450,949,20,4,4,0
williams,Williams,British,26461,950,29,4,4,0
williams,Williams,British,26472,951,51,4,4,0
williams,Williams,British,26483,952,65,4,4,0
williams,Williams,British,26494,953,66,4,4,0
williams,Williams,British,26505,954,81,4,4,0
williams,Williams,British,26527,955,90,4,4,0
williams,Williams,British,26538,956,92,4,4,0
williams,Williams,British,26549,957,92,4,4,0
williams,Williams,British,26571,958,94,4,4,0
williams,Williams,British,26582,959,96,4,4,0
williams,Williams,British,26593,960,101,5,5,0
williams,Williams,British,26604,961,111,4,4,0
williams,Williams,British,26615,962,111,5,5,0
williams,Williams,British,26626,963,121,5,5,0
williams,Williams,British,26637,964,124,5,5,0
williams,Williams,British,26692,965,130,5,5,0
williams,Williams,British,26703,966,136,5,5,0
williams,Williams,British,26714,967,136,5,5,0
williams,Williams,British,26725,968,138,5,5,0
williams,Williams,British,26736,969,8,4,4,0
williams,Williams,British,26746,970,8,6,6,0
williams,Williams,British,26756,971,16,5,5,0
williams,Williams,British,26766,972,18,5,5,0
williams,Williams,British,26776,973,18,6,6,0
williams,Williams,British,26786,974,20,6,6,0
williams,Williams,British,26796,975,22,6,6,0
williams,Williams,British,26806,976,37,5,5,0
williams,Williams,British,26816,977,40,5,5,0
williams,Williams,British,26826,978,41,5,5,0
williams,Williams,British,26836,979,41,5,5,0
williams,Williams,British,26846,980,45,5,5,0
williams,Williams,British,26856,981,55,5,5,0
williams,Williams,British,26866,982,59,5,5,0
williams,Williams,British,26876,983,65,5,5,0
williams,Williams,British,26886,984,66,5,5,0
williams,Williams,British,26896,985,68,5,5,0
williams,Williams,British,26906,986,76,5,5,0
williams,Williams,British,26916,987,82,5,5,0
williams,Williams,British,26926,988,83,5,5,0
williams,Williams,British,26940,989,0,8,8,0
williams,Williams,British,26980,990,0,10,10,0
williams,Williams,British,26970,991,0,10,10,0
williams,Williams,British,26990,992,4,10,10,0
williams,Williams,British,27000,993,4,10,10,0
williams,Williams,British,27010,994,4,10,10,0
williams,Williams,British,27020,995,4,10,10,0
williams,Williams,British,27030,996,4,10,10,0
williams,Williams,British,27040,997,4,10,10,0
williams,Williams,British,27050,998,4,10,10,0
williams,Williams,British,27060,999,4,10,10,0
williams,Williams,British,27070,1000,4,10,10,0
williams,Williams,British,27080,1001,4,10,10,0
williams,Williams,British,27100,1002,7,10,10,0
williams,Williams,British,27110,1003,7,10,10,0
williams,Williams,British,27120,1004,7,10,10,0
williams,Williams,British,27130,1005,7,10,10,0
williams,Williams,British,27150,1006,7,10,10,0
williams,Williams,British,27160,1007,7,10,10,0
williams,Williams,British,27170,1008,7,10,10,0
williams,Williams,British,27180,1009,7,10,10,0
williams,Williams,British,27202,1010,0,10,10,0
williams,Williams,British,27222,1011,0,10,10,0
williams,Williams,British,27232,1012,0,10,10,0
williams,Williams,British,27242,1013,0,10,10,0
williams,Williams,British,27252,1014,0,10,10,0
williams,Williams,British,27262,1015,0,10,10,0
williams,Williams,British,27272,1016,0,10,10,0
williams,Williams,British,27302,1017,0,10,10,0
williams,Williams,British,27312,1018,0,10,10,0
williams,Williams,British,27322,1019,0,10,10,0
williams,Williams,British,27342,1020,1,10,10,0
williams,Williams,British,27352,1021,1,10,10,0
williams,Williams,British,27362,1022,1,10,10,0
williams,Williams,British,27372,1023,1,10,10,0
williams,Williams,British,27382,1024,1,10,10,0
williams,Williams,British,27392,1025,1,10,10,0
williams,Williams,British,27422,1026,1,10,10,0
williams,Williams,British,27432,1027,1,10,10,0
williams,Williams,British,27442,1028,1,10,10,0
williams,Williams,British,27452,1029,1,10,10,0
williams,Williams,British,27462,1030,1,10,10,0
williams,Williams,British,27520,1034,0,10,10,0
williams,Williams,British,27580,1031,0,8,8,0
williams,Williams,British,27490,1032,0,9,9,0
williams,Williams,British,27510,1033,0,10,10,0
williams,Williams,British,27530,1035,0,10,10,0
williams,Williams,British,27540,1036,0,10,10,0
williams,Williams,British,27550,1037,0,10,10,0
williams,Williams,British,27560,1038,0,10,10,0
williams,Williams,British,27570,1039,0,10,10,0
williams,Williams,British,27590,1040,0,10,10,0
williams,Williams,British,27600,1041,0,10,10,0
williams,Williams,British,27610,1042,0,10,10,0
williams,Williams,British,27620,1043,0,10,10,0
williams,Williams,British,27630,1044,0,10,10,0
williams,Williams,British,27640,1045,0,10,10,0
williams,Williams,British,27650,1046,0,10,10,0
williams,Williams,British,27660,1047,0,10,10,0
williams,Williams,British,27911,1051,23,8,8,0
williams,Williams,British,27681,1052,0,9,9,0
williams,Williams,British,27711,1053,0,9,9,0
williams,Williams,British,27721,1054,0,9,9,0
williams,Williams,British,27731,1055,0,9,9,0
williams,Williams,British,27741,1056,0,9,9,0
williams,Williams,British,27751,1057,0,10,10,0
williams,Williams,British,27761,1059,0,9,9,0
williams,Williams,British,27771,1058,0,9,9,0
williams,Williams,British,27791,1060,0,9,9,0
williams,Williams,British,27801,1061,0,9,9,0
williams,Williams,British,27821,1062,10,8,8,0
williams,Williams,British,27831,1063,20,8,8,0
williams,Williams,British,27841,1064,20,8,8,0
williams,Williams,British,27851,1065,22,8,8,0
williams,Williams,British,27861,1066,23,8,8,0
williams,Williams,British,27871,1067,23,8,8,0
williams,Williams,British,27881,1069,23,8,8,0
williams,Williams,British,27891,1070,23,8,8,0
williams,Williams,British,27901,1071,23,8,8,0
williams,Williams,British,27921,1072,23,8,8,0
williams,Williams,British,27931,1073,23,8,8,0
williams,Williams,British,28140,1074,0,8,8,0
williams,Williams,British,28150,1075,0,10,10,0
williams,Williams,British,28160,1076,1,9,9,0
williams,Williams,British,28170,1077,1,10,10,0
williams,Williams,British,28180,1078,3,10,10,0
williams,Williams,British,28190,1079,3,10,10,0
williams,Williams,British,28200,1080,3,10,10,0
renault,Renault,French,4,18,5,4,4,0
renault,Renault,French,10,19,6,5,5,0
renault,Renault,French,21,20,6,6,6,0
renault,Renault,French,32,21,6,7,7,0
renault,Renault,French,43,22,9,7,7,0
renault,Renault,French,54,23,9,7,7,0
renault,Renault,French,65,24,9,7,7,0
renault,Renault,French,76,25,12,7,7,0
renault,Renault,French,87,26,15,7,7,0
renault,Renault,French,98,27,23,6,6,0
renault,Renault,French,109,28,31,5,5,0
renault,Renault,French,120,29,31,5,5,0
renault,Renault,French,131,30,36,5,5,0
renault,Renault,French,142,31,41,5,5,0
renault,Renault,French,153,32,51,4,4,1
renault,Renault,French,164,33,66,4,4,2
renault,Renault,French,1636,34,72,4,4,2
renault,Renault,French,186,35,80,4,4,2
renault,Renault,French,25736,36,4,3,3,0
renault,Renault,French,25747,37,8,3,3,0
renault,Renault,French,25758,38,9,3,3,0
renault,Renault,French,25769,39,11,3,3,0
renault,Renault,French,25780,40,16,3,3,0
renault,Renault,French,25791,41,21,3,3,0
renault,Renault,French,25802,42,25,3,3,0
renault,Renault,French,25813,43,28,3,3,0
renault,Renault,French,25824,44,31,3,3,0
renault,Renault,French,25835,45,32,3,3,0
renault,Renault,French,25846,46,33,3,3,0
renault,Renault,French,25857,47,36,3,3,0
renault,Renault,French,25868,48,38,3,3,0
renault,Renault,French,25879,49,39,3,3,0
renault,Renault,French,25890,50,51,3,3,0
renault,Renault,French,25901,51,51,3,3,0
renault,Renault,French,25912,52,51,3,3,0
renault,Renault,French,6317,53,10,1,1,1
renault,Renault,French,6328,54,28,1,1,2
renault,Renault,French,6339,55,42,1,1,3
renault,Renault,French,6350,56,51,1,1,3
renault,Renault,French,6361,57,62,1,1,3
renault,Renault,French,6372,58,78,1,1,4
renault,Renault,French,6383,59,91,1,1,5
renault,Renault,French,6394,60,106,1,1,6
renault,Renault,French,6405,61,121,1,1,7
renault,Renault,French,6416,62,131,1,1,7
renault,Renault,French,6427,63,142,1,1,7
renault,Renault,French,6438,64,149,1,1,7
renault,Renault,French,6449,65,149,1,1,7
renault,Renault,French,6460,66,160,1,1,7
renault,Renault,French,6471,67,165,2,2,7
renault,Renault,French,6483,68,179,1,1,7
renault,Renault,French,6495,69,195,1,1,8
renault,Renault,French,6507,70,206,1,1,8
renault,Renault,French,27943,71,16,1,1,1
renault,Renault,French,27953,72,26,1,1,2
renault,Renault,French,27963,73,36,1,1,3
renault,Renault,French,27993,76,63,1,1,4
renault,Renault,French,28003,77,76,1,1,5
renault,Renault,French,28013,78,76,1,1,5
renault,Renault,French,28023,79,76,1,1,5
renault,Renault,French,28033,80,89,1,1,6
renault,Renault,French,28043,81,102,1,1,6
renault,Renault,French,28053,82,117,1,1,7
renault,Renault,French,28063,83,117,1,1,7
renault,Renault,French,28073,84,130,1,1,7
renault,Renault,French,28083,85,144,1,1,7
renault,Renault,French,28093,86,152,1,1,7
renault,Renault,French,28103,87,162,2,2,7
renault,Renault,French,28113,88,176,1,1,7
renault,Renault,French,28123,89,191,1,1,8
renault,Renault,French,6139,90,8,3,3,0
renault,Renault,French,6148,91,14,3,3,0
renault,Renault,French,6158,92,22,2,2,0
renault,Renault,French,6168,93,31,2,2,0
renault,Renault,French,6178,94,42,2,2,0
renault,Renault,French,6188,95,52,2,2,1
renault,Renault,French,6198,96,61,2,2,1
renault,Renault,French,6208,97,61,2,2,1
renault,Renault,French,6218,98,66,2,2,1
renault,Renault,French,6228,99,79,2,2,1
renault,Renault,French,6238,100,79,2,2,1
renault,Renault,French,6248,101,85,2,2,1
renault,Renault,French,6258,102,91,2,2,1
renault,Renault,French,6268,103,91,2,2,1
renault,Renault,French,6278,104,91,3,3,1
renault,Renault,French,6288,105,96,3,3,1
renault,Renault,French,6298,106,100,3,3,1
renault,Renault,French,6308,107,105,3,3,1
renault,Renault,French,5985,108,6,3,3,0
renault,Renault,French,5992,109,16,3,3,0
renault,Renault,French,6001,110,23,2,2,0
renault,Renault,French,6011,111,26,3,3,0
renault,Renault,French,6021,112,34,3,3,0
renault,Renault,French,6031,113,35,3,3,0
renault,Renault,French,6041,114,42,4,4,0
renault,Renault,French,6051,115,47,4,4,0
renault,Renault,French,6061,116,52,4,4,0
renault,Renault,French,6071,117,52,4,4,0
renault,Renault,French,6081,118,55,4,4,0
renault,Renault,French,6091,119,66,4,4,0
renault,Renault,French,6101,120,78,4,4,1
renault,Renault,French,6111,121,79,4,4,1
renault,Renault,French,6121,122,84,4,4,1
renault,Renault,French,6131,123,88,4,4,1
renault,Renault,French,5812,125,3,5,5,0
renault,Renault,French,5823,126,6,4,4,0
renault,Renault,French,5834,127,8,4,4,0
renault,Renault,French,5845,128,8,4,4,0
renault,Renault,French,5856,129,8,4,4,0
renault,Renault,French,5867,130,11,4,4,0
renault,Renault,French,5878,131,12,4,4,0
renault,Renault,French,5889,132,14,4,4,0
renault,Renault,French,5900,133,14,4,4,0
renault,Renault,French,5911,134,15,4,4,0
renault,Renault,French,5922,135,15,4,4,0
renault,Renault,French,5933,136,15,4,4,0
renault,Renault,French,5944,137,15,4,4,0
renault,Renault,French,5955,138,20,4,4,0
renault,Renault,French,5966,139,22,4,4,0
renault,Renault,French,5977,140,23,4,4,0
renault,Renault,French,27973,74,46,1,1,4
renault,Renault,French,4040,1,4,3,3,0
renault,Renault,French,8535,2,4,4,4,0
renault,Renault,French,8565,3,4,6,6,0
renault,Renault,French,8585,4,5,5,5,0
renault,Renault,French,8595,5,9,5,5,0
renault,Renault,French,8675,6,11,6,6,0
renault,Renault,French,8645,7,11,7,7,0
renault,Renault,French,8665,8,11,7,7,0
renault,Renault,French,8685,9,13,7,7,0
renault,Renault,French,8695,10,13,7,7,0
renault,Renault,French,8705,11,16,7,7,0
renault,Renault,French,8715,12,16,8,8,0
renault,Renault,French,8725,13,20,8,8,0
renault,Renault,French,8735,14,26,7,7,0
renault,Renault,French,8755,15,26,7,7,0
renault,Renault,French,8765,16,26,8,8,0
renault,Renault,French,9912,420,2,4,4,0
renault,Renault,French,9926,421,6,4,4,0
renault,Renault,French,9941,422,10,4,4,0
renault,Renault,French,9956,423,12,4,4,0
renault,Renault,French,9972,424,12,4,4,0
renault,Renault,French,10020,425,12,5,5,0
renault,Renault,French,10052,426,13,5,5,0
renault,Renault,French,10068,427,15,5,5,0
renault,Renault,French,10084,428,15,5,5,0
renault,Renault,French,10100,429,15,6,6,0
renault,Renault,French,10116,430,15,6,6,0
renault,Renault,French,10132,431,15,6,6,0
renault,Renault,French,10149,432,16,6,6,0
renault,Renault,French,10166,433,16,6,6,0
renault,Renault,French,10183,434,16,6,6,0
renault,Renault,French,10200,435,16,7,7,0
renault,Renault,French,10218,436,2,5,5,0
renault,Renault,French,10231,437,6,3,3,0
renault,Renault,French,10246,438,12,3,3,0
renault,Renault,French,10276,439,15,3,3,0
renault,Renault,French,10291,440,21,3,3,0
renault,Renault,French,10306,441,21,3,3,0
renault,Renault,French,10321,442,21,3,3,0
renault,Renault,French,10336,443,21,5,5,0
renault,Renault,French,10351,444,21,6,6,0
renault,Renault,French,10366,445,27,4,4,0
renault,Renault,French,10381,446,33,4,4,0
renault,Renault,French,10396,447,33,4,4,0
renault,Renault,French,10411,448,34,4,4,0
renault,Renault,French,10441,449,34,4,4,0
renault,Renault,French,10456,450,34,5,5,0
renault,Renault,French,10471,451,34,5,5,0
renault,Renault,French,10487,452,0,6,6,0
renault,Renault,French,10502,453,0,7,7,0
renault,Renault,French,10517,454,13,3,3,1
renault,Renault,French,10532,455,19,3,3,1
renault,Renault,French,10547,456,23,2,2,1
renault,Renault,French,10562,457,36,1,1,2
renault,Renault,French,10577,458,36,1,1,2
renault,Renault,French,10592,459,44,1,1,2
renault,Renault,French,10607,460,53,1,1,3
renault,Renault,French,10623,461,56,2,2,3
renault,Renault,French,10639,462,68,1,1,4
renault,Renault,French,10655,463,68,2,2,4
renault,Renault,French,10671,464,72,2,2,4
renault,Renault,French,10703,465,78,2,2,4
renault,Renault,French,10719,466,79,2,2,4
renault,Renault,French,10730,467,13,1,1,1
renault,Renault,French,10747,468,22,1,1,2
renault,Renault,French,10764,469,22,1,1,2
renault,Renault,French,10781,470,22,1,1,2
renault,Renault,French,10798,471,22,2,2,2
renault,Renault,French,10815,472,22,2,2,2
renault,Renault,French,10832,473,22,4,4,2
renault,Renault,French,10849,474,22,5,5,2
renault,Renault,French,10866,475,22,5,5,2
renault,Renault,French,10883,476,23,5,5,2
renault,Renault,French,10900,477,38,3,3,3
renault,Renault,French,10917,478,44,3,3,3
renault,Renault,French,10934,479,44,4,4,3
renault,Renault,French,10951,480,50,4,4,3
renault,Renault,French,10968,481,59,3,3,4
renault,Renault,French,11019,482,62,3,3,4
renault,Renault,French,11042,483,0,7,7,0
renault,Renault,French,11058,484,0,11,11,0
renault,Renault,French,11074,485,6,3,3,0
renault,Renault,French,11090,486,6,4,4,0
renault,Renault,French,11107,487,6,6,6,0
renault,Renault,French,11124,488,6,7,7,0
renault,Renault,French,11141,489,6,7,7,0
renault,Renault,French,11158,490,18,4,4,1
renault,Renault,French,11175,491,18,6,6,1
renault,Renault,French,11209,492,24,5,5,1
renault,Renault,French,11226,493,30,4,4,1
renault,Renault,French,11243,494,39,3,3,2
renault,Renault,French,11260,495,48,3,3,3
renault,Renault,French,11277,496,48,3,3,3
renault,Renault,French,11294,497,54,3,3,3
renault,Renault,French,11317,498,0,13,13,0
renault,Renault,French,11332,499,9,2,2,1
renault,Renault,French,11347,500,18,1,1,2
renault,Renault,French,11362,501,18,1,1,2
renault,Renault,French,11377,502,21,3,3,2
renault,Renault,French,11392,503,21,4,4,2
renault,Renault,French,11407,504,23,4,4,2
renault,Renault,French,11422,505,23,4,4,2
renault,Renault,French,11437,506,23,4,4,2
renault,Renault,French,11452,507,32,4,4,3
renault,Renault,French,11467,508,38,4,4,3
renault,Renault,French,11482,509,38,4,4,3
renault,Renault,French,11497,510,38,4,4,3
renault,Renault,French,11512,511,38,4,4,3
renault,Renault,French,23997,513,0,10,10,0
renault,Renault,French,24012,514,0,12,12,0
renault,Renault,French,24027,515,0,12,12,0
renault,Renault,French,24042,516,0,12,12,0
renault,Renault,French,24058,517,0,13,13,0
renault,Renault,French,24075,518,0,13,13,0
renault,Renault,French,24153,522,20,6,6,1
renault,Renault,French,24170,523,20,6,6,1
renault,Renault,French,24187,524,20,6,6,1
renault,Renault,French,24205,525,20,6,6,1
renault,Renault,French,24224,526,26,6,6,1
renault,Renault,French,23478,529,0,16,16,0
renault,Renault,French,23497,530,0,14,14,0
renault,Renault,French,23516,531,0,13,13,0
renault,Renault,French,23535,532,0,14,14,0
renault,Renault,French,23554,533,0,15,15,0
renault,Renault,French,23573,534,0,15,15,0
renault,Renault,French,23592,535,0,15,15,0
renault,Renault,French,23611,536,0,15,15,0
renault,Renault,French,23630,537,0,15,15,0
renault,Renault,French,23649,538,0,15,15,0
renault,Renault,French,23668,539,0,15,15,0
renault,Renault,French,23687,540,0,16,16,0
renault,Renault,French,23706,541,3,12,12,0
renault,Renault,French,23725,542,3,12,12,0
renault,Renault,French,23293,552,0,17,17,0
renault,Renault,French,23311,553,0,17,17,0
renault,Renault,French,23329,554,0,17,17,0
renault,Renault,French,23347,555,0,17,17,0
renault,Renault,French,23365,556,0,17,17,0
renault,Renault,French,23385,557,0,17,17,0
renault,Renault,French,23405,558,0,17,17,0
renault,Renault,French,23425,559,0,18,18,0
renault,Renault,French,13921,17,26,8,8,0
renault,Renault,French,23982,512,0,12,12,0
renault,Renault,French,24092,519,13,6,6,1
renault,Renault,French,24109,520,19,6,6,1
renault,Renault,French,24126,521,19,6,6,1
renault,Renault,French,24238,337,0,7,7,0
renault,Renault,French,24250,338,18,4,4,0
renault,Renault,French,24262,339,30,5,5,0
renault,Renault,French,24274,340,46,5,5,0
renault,Renault,French,24286,341,50,5,5,0
renault,Renault,French,24310,342,65,5,5,0
renault,Renault,French,24322,343,73,5,5,0
renault,Renault,French,24334,344,79,5,5,0
renault,Renault,French,24346,345,89,5,5,0
renault,Renault,French,24358,346,89,5,5,0
renault,Renault,French,24370,347,96,5,5,0
renault,Renault,French,24382,348,106,5,5,0
renault,Renault,French,24394,349,123,5,5,0
renault,Renault,French,24406,350,127,5,5,0
renault,Renault,French,24442,351,133,5,5,0
renault,Renault,French,24454,352,133,5,5,0
renault,Renault,French,24478,353,143,5,5,0
renault,Renault,French,24490,354,145,5,5,0
renault,Renault,French,24502,355,163,5,5,0
renault,Renault,French,27983,75,58,1,1,4
renault,Renault,French,24542,842,30,4,4,0
renault,Renault,French,24662,841,15,4,4,0
renault,Renault,French,24554,843,32,4,4,0
renault,Renault,French,24566,844,42,4,4,0
renault,Renault,French,24578,845,46,4,4,0
renault,Renault,French,24590,846,50,4,4,0
renault,Renault,French,24602,847,60,4,4,0
renault,Renault,French,24614,848,61,4,4,0
renault,Renault,French,24626,849,65,5,5,0
renault,Renault,French,24638,850,66,5,5,0
renault,Renault,French,24650,851,66,5,5,0
renault,Renault,French,24672,852,68,5,5,0
renault,Renault,French,24684,853,70,5,5,0
renault,Renault,French,24696,854,70,5,5,0
renault,Renault,French,24708,855,72,5,5,0
renault,Renault,French,24720,856,72,5,5,0
renault,Renault,French,24732,857,72,5,5,0
renault,Renault,French,24744,858,72,5,5,0
renault,Renault,French,24756,859,73,5,5,0
renault,Renault,French,26564,948,0,8,8,0
renault,Renault,French,26454,949,0,9,9,0
renault,Renault,French,26465,950,0,9,9,0
renault,Renault,French,26476,951,6,9,9,0
renault,Renault,French,26487,952,6,9,9,0
renault,Renault,French,26498,953,6,9,9,0
renault,Renault,French,26509,954,6,9,9,0
renault,Renault,French,26531,955,6,9,9,0
renault,Renault,French,26542,956,6,9,9,0
renault,Renault,French,26553,957,6,9,9,0
renault,Renault,French,26575,958,6,9,9,0
renault,Renault,French,26586,959,6,9,9,0
renault,Renault,French,26597,960,6,9,9,0
renault,Renault,French,26608,961,6,9,9,0
renault,Renault,French,26619,962,7,9,9,0
renault,Renault,French,26630,963,8,9,9,0
renault,Renault,French,26641,964,8,9,9,0
renault,Renault,French,26696,965,8,9,9,0
renault,Renault,French,26707,966,8,9,9,0
renault,Renault,French,26718,967,8,9,9,0
renault,Renault,French,26729,968,8,9,9,0
renault,Renault,French,26739,969,0,7,7,0
renault,Renault,French,26749,970,0,8,8,0
renault,Renault,French,26759,971,2,8,8,0
renault,Renault,French,26769,972,6,8,8,0
renault,Renault,French,26779,973,14,7,7,0
renault,Renault,French,26789,974,14,7,7,0
renault,Renault,French,26799,975,18,7,7,0
renault,Renault,French,26809,976,18,8,8,0
renault,Renault,French,26819,977,18,8,8,0
renault,Renault,French,26829,978,26,8,8,0
renault,Renault,French,26839,979,26,8,8,0
renault,Renault,French,26849,980,34,8,8,0
renault,Renault,French,26859,981,34,8,8,0
renault,Renault,French,26869,982,42,7,7,0
renault,Renault,French,26879,983,42,7,7,0
renault,Renault,French,26889,984,42,8,8,0
renault,Renault,French,26899,985,48,7,7,0
renault,Renault,French,26909,986,48,7,7,0
renault,Renault,French,26919,987,49,7,7,0
renault,Renault,French,26929,988,57,6,6,0
renault,Renault,French,26937,989,7,5,5,0
renault,Renault,French,26977,990,15,5,5,0
renault,Renault,French,26967,991,25,5,5,0
renault,Renault,French,26987,992,35,5,5,0
renault,Renault,French,26997,993,41,4,4,0
renault,Renault,French,27007,994,46,4,4,0
renault,Renault,French,27017,995,56,4,4,0
renault,Renault,French,27027,996,62,4,4,0
renault,Renault,French,27037,997,62,4,4,0
renault,Renault,French,27047,998,70,4,4,0
renault,Renault,French,27057,999,80,4,4,0
renault,Renault,French,27067,1000,82,4,4,0
renault,Renault,French,27077,1001,82,4,4,0
renault,Renault,French,27097,1002,86,4,4,0
renault,Renault,French,27107,1003,91,4,4,0
renault,Renault,French,27117,1004,91,4,4,0
renault,Renault,French,27127,1005,92,4,4,0
renault,Renault,French,27147,1006,106,4,4,0
renault,Renault,French,27157,1007,114,4,4,0
renault,Renault,French,27167,1008,114,4,4,0
renault,Renault,French,27177,1009,122,4,4,0
renault,Renault,French,27197,1010,6,5,5,0
renault,Renault,French,27217,1011,6,7,7,0
renault,Renault,French,27227,1012,12,4,4,0
renault,Renault,French,27237,1013,12,7,7,0
renault,Renault,French,27247,1014,12,8,8,0
renault,Renault,French,27257,1015,14,8,8,0
renault,Renault,French,27267,1016,28,5,5,0
renault,Renault,French,27297,1017,32,5,5,0
renault,Renault,French,27307,1018,32,5,5,0
renault,Renault,French,27317,1019,39,5,5,0
renault,Renault,French,27337,1020,39,6,6,0
renault,Renault,French,27347,1021,39,6,6,0
renault,Renault,French,27357,1022,43,6,6,0
renault,Renault,French,27367,1023,65,5,5,0
renault,Renault,French,27377,1024,67,5,5,0
renault,Renault,French,27387,1025,68,5,5,0
renault,Renault,French,27417,1026,68,5,5,0
renault,Renault,French,27427,1027,73,5,5,0
renault,Renault,French,27437,1028,83,5,5,0
renault,Renault,French,27447,1029,91,5,5,0
renault,Renault,French,27457,1030,91,5,5,0
renault,Renault,French,27518,1034,32,6,6,0
renault,Renault,French,27578,1031,4,6,6,0
renault,Renault,French,27488,1032,8,6,6,0
renault,Renault,French,27508,1033,12,6,6,0
renault,Renault,French,27528,1035,36,6,6,0
renault,Renault,French,27538,1036,36,6,6,0
renault,Renault,French,27548,1037,59,6,6,0
renault,Renault,French,27558,1038,71,5,5,0
renault,Renault,French,27568,1039,83,5,5,0
renault,Renault,French,27588,1040,99,5,5,0
renault,Renault,French,27598,1041,114,5,5,0
renault,Renault,French,27608,1042,120,5,5,0
renault,Renault,French,27618,1043,135,3,3,0
renault,Renault,French,27628,1044,136,5,5,0
renault,Renault,French,27638,1045,144,5,5,0
renault,Renault,French,27648,1046,172,5,5,0
renault,Renault,French,27658,1047,181,5,5,0
toro_rosso,Toro Rosso,Italian,5,18,2,5,5,0
toro_rosso,Toro Rosso,Italian,11,19,2,8,8,0
toro_rosso,Toro Rosso,Italian,22,20,2,8,8,0
toro_rosso,Toro Rosso,Italian,33,21,2,9,9,0
toro_rosso,Toro Rosso,Italian,44,22,2,9,9,0
toro_rosso,Toro Rosso,Italian,55,23,6,8,8,0
toro_rosso,Toro Rosso,Italian,66,24,7,9,9,0
toro_rosso,Toro Rosso,Italian,77,25,7,9,9,0
toro_rosso,Toro Rosso,Italian,88,26,7,9,9,0
toro_rosso,Toro Rosso,Italian,99,27,8,9,9,0
toro_rosso,Toro Rosso,Italian,110,28,8,9,9,0
toro_rosso,Toro Rosso,Italian,121,29,11,9,9,0
toro_rosso,Toro Rosso,Italian,132,30,17,8,8,0
toro_rosso,Toro Rosso,Italian,143,31,27,6,6,1
toro_rosso,Toro Rosso,Italian,154,32,31,6,6,1
toro_rosso,Toro Rosso,Italian,165,33,34,6,6,1
toro_rosso,Toro Rosso,Italian,1637,34,34,6,6,1
toro_rosso,Toro Rosso,Italian,187,35,39,6,6,1
toro_rosso,Toro Rosso,Italian,25742,36,0,9,9,0
toro_rosso,Toro Rosso,Italian,25753,37,0,9,9,0
toro_rosso,Toro Rosso,Italian,25764,38,0,9,9,0
toro_rosso,Toro Rosso,Italian,25775,39,0,10,10,0
toro_rosso,Toro Rosso,Italian,25786,40,0,8,8,0
toro_rosso,Toro Rosso,Italian,25797,41,0,8,8,0
toro_rosso,Toro Rosso,Italian,25808,42,0,8,8,0
toro_rosso,Toro Rosso,Italian,25819,43,0,9,9,0
toro_rosso,Toro Rosso,Italian,25830,44,0,9,9,0
toro_rosso,Toro Rosso,Italian,25841,45,0,9,9,0
toro_rosso,Toro Rosso,Italian,25852,46,0,9,9,0
toro_rosso,Toro Rosso,Italian,25863,47,0,9,9,0
toro_rosso,Toro Rosso,Italian,25874,48,0,9,9,0
toro_rosso,Toro Rosso,Italian,25885,49,0,9,9,0
toro_rosso,Toro Rosso,Italian,25896,50,0,10,10,0
toro_rosso,Toro Rosso,Italian,25907,51,8,7,7,0
toro_rosso,Toro Rosso,Italian,25918,52,8,7,7,0
toro_rosso,Toro Rosso,Italian,6323,53,0,7,7,0
toro_rosso,Toro Rosso,Italian,6334,54,0,9,9,0
toro_rosso,Toro Rosso,Italian,6345,55,0,9,9,0
toro_rosso,Toro Rosso,Italian,6356,56,0,9,9,0
toro_rosso,Toro Rosso,Italian,6367,57,0,9,9,0
toro_rosso,Toro Rosso,Italian,6378,58,0,9,9,0
toro_rosso,Toro Rosso,Italian,6389,59,0,9,9,0
toro_rosso,Toro Rosso,Italian,6400,60,0,9,9,0
toro_rosso,Toro Rosso,Italian,6411,61,0,9,9,0
toro_rosso,Toro Rosso,Italian,6422,62,1,9,9,0
toro_rosso,Toro Rosso,Italian,6433,63,1,9,9,0
toro_rosso,Toro Rosso,Italian,6444,64,1,9,9,0
toro_rosso,Toro Rosso,Italian,6455,65,1,9,9,0
toro_rosso,Toro Rosso,Italian,6466,66,1,9,9,0
toro_rosso,Toro Rosso,Italian,6477,67,1,9,9,0
toro_rosso,Toro Rosso,Italian,6489,68,1,9,9,0
toro_rosso,Toro Rosso,Italian,6501,69,1,9,9,0
toro_rosso,Toro Rosso,Italian,6513,70,1,9,9,0
toro_rosso,Toro Rosso,Italian,4042,1,3,5,5,0
toro_rosso,Toro Rosso,Italian,8537,2,3,6,6,0
toro_rosso,Toro Rosso,Italian,8567,3,4,7,7,0
toro_rosso,Toro Rosso,Italian,8587,4,4,7,7,0
toro_rosso,Toro Rosso,Italian,8597,5,4,9,9,0
toro_rosso,Toro Rosso,Italian,8677,6,5,9,9,0
toro_rosso,Toro Rosso,Italian,8647,7,5,9,9,0
toro_rosso,Toro Rosso,Italian,8667,8,5,9,9,0
toro_rosso,Toro Rosso,Italian,8687,9,5,9,9,0
toro_rosso,Toro Rosso,Italian,8697,10,5,9,9,0
toro_rosso,Toro Rosso,Italian,8707,11,5,9,9,0
toro_rosso,Toro Rosso,Italian,8717,12,5,10,10,0
toro_rosso,Toro Rosso,Italian,8727,13,5,10,10,0
toro_rosso,Toro Rosso,Italian,8737,14,5,10,10,0
toro_rosso,Toro Rosso,Italian,8757,15,5,10,10,0
toro_rosso,Toro Rosso,Italian,8767,16,7,10,10,0
toro_rosso,Toro Rosso,Italian,13923,17,8,10,10,0
toro_rosso,Toro Rosso,Italian,24239,337,0,8,8,0
toro_rosso,Toro Rosso,Italian,24251,338,0,8,8,0
toro_rosso,Toro Rosso,Italian,24263,339,2,8,8,0
toro_rosso,Toro Rosso,Italian,24275,340,2,8,8,0
toro_rosso,Toro Rosso,Italian,24287,341,3,8,8,0
toro_rosso,Toro Rosso,Italian,24311,342,4,8,8,0
toro_rosso,Toro Rosso,Italian,24323,343,4,8,8,0
toro_rosso,Toro Rosso,Italian,24335,344,8,7,7,0
toro_rosso,Toro Rosso,Italian,24347,345,10,8,8,0
toro_rosso,Toro Rosso,Italian,24359,346,10,9,9,0
toro_rosso,Toro Rosso,Italian,24371,347,10,9,9,0
toro_rosso,Toro Rosso,Italian,24383,348,10,9,9,0
toro_rosso,Toro Rosso,Italian,24395,349,10,9,9,0
toro_rosso,Toro Rosso,Italian,24407,350,10,9,9,0
toro_rosso,Toro Rosso,Italian,24443,351,10,9,9,0
toro_rosso,Toro Rosso,Italian,24455,352,11,9,9,0
toro_rosso,Toro Rosso,Italian,24479,353,11,9,9,0
toro_rosso,Toro Rosso,Italian,24491,354,11,9,9,0
toro_rosso,Toro Rosso,Italian,24503,355,13,9,9,0
toro_rosso,Toro Rosso,Italian,24664,841,4,5,5,0
toro_rosso,Toro Rosso,Italian,24544,842,4,6,6,0
toro_rosso,Toro Rosso,Italian,24556,843,4,7,7,0
toro_rosso,Toro Rosso,Italian,24568,844,6,7,7,0
toro_rosso,Toro Rosso,Italian,24580,845,6,7,7,0
toro_rosso,Toro Rosso,Italian,24592,846,7,8,8,0
toro_rosso,Toro Rosso,Italian,24604,847,12,7,7,0
toro_rosso,Toro Rosso,Italian,24616,848,16,7,7,0
toro_rosso,Toro Rosso,Italian,24628,849,17,7,7,0
toro_rosso,Toro Rosso,Italian,24640,850,17,8,8,0
toro_rosso,Toro Rosso,Italian,24652,851,22,8,8,0
toro_rosso,Toro Rosso,Italian,24674,852,22,8,8,0
toro_rosso,Toro Rosso,Italian,24686,853,29,8,8,0
toro_rosso,Toro Rosso,Italian,24698,854,29,8,8,0
toro_rosso,Toro Rosso,Italian,24710,855,29,8,8,0
toro_rosso,Toro Rosso,Italian,24722,856,37,8,8,0
toro_rosso,Toro Rosso,Italian,24734,857,41,8,8,0
toro_rosso,Toro Rosso,Italian,24746,858,41,8,8,0
toro_rosso,Toro Rosso,Italian,24758,859,41,8,8,0
toro_rosso,Toro Rosso,Italian,24937,860,2,6,6,0
toro_rosso,Toro Rosso,Italian,24782,861,6,8,8,0
toro_rosso,Toro Rosso,Italian,24794,862,6,9,9,0
toro_rosso,Toro Rosso,Italian,24841,864,6,9,9,0
toro_rosso,Toro Rosso,Italian,24829,863,6,9,9,0
toro_rosso,Toro Rosso,Italian,24853,865,6,9,9,0
toro_rosso,Toro Rosso,Italian,24865,866,6,9,9,0
toro_rosso,Toro Rosso,Italian,24877,867,6,9,9,0
toro_rosso,Toro Rosso,Italian,24889,868,6,9,9,0
toro_rosso,Toro Rosso,Italian,24972,869,6,9,9,0
toro_rosso,Toro Rosso,Italian,24984,870,6,9,9,0
toro_rosso,Toro Rosso,Italian,24996,871,12,9,9,0
toro_rosso,Toro Rosso,Italian,25008,872,12,9,9,0
toro_rosso,Toro Rosso,Italian,25044,873,14,9,9,0
toro_rosso,Toro Rosso,Italian,25056,874,15,9,9,0
toro_rosso,Toro Rosso,Italian,25068,875,21,9,9,0
toro_rosso,Toro Rosso,Italian,25092,876,21,9,9,0
toro_rosso,Toro Rosso,Italian,25104,877,22,9,9,0
toro_rosso,Toro Rosso,Italian,25116,878,22,9,9,0
toro_rosso,Toro Rosso,Italian,25128,879,26,9,9,0
toro_rosso,Toro Rosso,Italian,25141,880,0,7,7,0
toro_rosso,Toro Rosso,Italian,25152,881,1,8,8,0
toro_rosso,Toro Rosso,Italian,25163,882,7,7,7,0
toro_rosso,Toro Rosso,Italian,25174,883,7,7,7,0
toro_rosso,Toro Rosso,Italian,25185,884,8,7,7,0
toro_rosso,Toro Rosso,Italian,25196,885,12,7,7,0
toro_rosso,Toro Rosso,Italian,25207,886,20,7,7,0
toro_rosso,Toro Rosso,Italian,25218,887,24,7,7,0
toro_rosso,Toro Rosso,Italian,25229,888,24,7,7,0
toro_rosso,Toro Rosso,Italian,25240,890,24,7,7,0
toro_rosso,Toro Rosso,Italian,25251,891,25,7,7,0
toro_rosso,Toro Rosso,Italian,25284,893,31,7,7,0
toro_rosso,Toro Rosso,Italian,25273,892,31,7,7,0
toro_rosso,Toro Rosso,Italian,25295,894,31,8,8,0
toro_rosso,Toro Rosso,Italian,25306,895,31,8,8,0
toro_rosso,Toro Rosso,Italian,25317,896,32,8,8,0
toro_rosso,Toro Rosso,Italian,25328,897,32,8,8,0
toro_rosso,Toro Rosso,Italian,25339,898,32,8,8,0
toro_rosso,Toro Rosso,Italian,25350,899,33,8,8,0
toro_rosso,Toro Rosso,Italian,25936,900,6,6,6,0
toro_rosso,Toro Rosso,Italian,25947,901,7,7,7,0
toro_rosso,Toro Rosso,Italian,25958,902,7,7,7,0
toro_rosso,Toro Rosso,Italian,25969,903,8,7,7,0
toro_rosso,Toro Rosso,Italian,25980,904,8,7,7,0
toro_rosso,Toro Rosso,Italian,25991,905,8,8,8,0
toro_rosso,Toro Rosso,Italian,26002,906,12,7,7,0
toro_rosso,Toro Rosso,Italian,26013,907,12,7,7,0
toro_rosso,Toro Rosso,Italian,26024,908,15,7,7,0
toro_rosso,Toro Rosso,Italian,26035,909,15,7,7,0
toro_rosso,Toro Rosso,Italian,26046,910,17,7,7,0
toro_rosso,Toro Rosso,Italian,26057,911,19,7,7,0
toro_rosso,Toro Rosso,Italian,26068,912,19,7,7,0
toro_rosso,Toro Rosso,Italian,26079,913,27,7,7,0
toro_rosso,Toro Rosso,Italian,26090,914,29,7,7,0
toro_rosso,Toro Rosso,Italian,26101,915,29,7,7,0
toro_rosso,Toro Rosso,Italian,26112,916,30,7,7,0
toro_rosso,Toro Rosso,Italian,26123,917,30,7,7,0
toro_rosso,Toro Rosso,Italian,26134,918,30,7,7,0
toro_rosso,Toro Rosso,Italian,26146,926,2,7,7,0
toro_rosso,Toro Rosso,Italian,26155,927,12,5,5,0
toro_rosso,Toro Rosso,Italian,26165,928,12,6,6,0
toro_rosso,Toro Rosso,Italian,26175,929,12,7,7,0
toro_rosso,Toro Rosso,Italian,26185,930,14,7,7,0
toro_rosso,Toro Rosso,Italian,26195,931,15,8,8,0
toro_rosso,Toro Rosso,Italian,26205,932,15,8,8,0
toro_rosso,Toro Rosso,Italian,26215,933,19,8,8,0
toro_rosso,Toro Rosso,Italian,26225,934,19,8,8,0
toro_rosso,Toro Rosso,Italian,26235,936,31,7,7,0
toro_rosso,Toro Rosso,Italian,26256,937,35,7,7,0
toro_rosso,Toro Rosso,Italian,26266,938,35,7,7,0
toro_rosso,Toro Rosso,Italian,26276,939,41,7,7,0
toro_rosso,Toro Rosso,Italian,26296,940,44,7,7,0
toro_rosso,Toro Rosso,Italian,26381,941,45,7,7,0
toro_rosso,Toro Rosso,Italian,26391,942,63,7,7,0
toro_rosso,Toro Rosso,Italian,26401,943,65,7,7,0
toro_rosso,Toro Rosso,Italian,26411,944,67,7,7,0
toro_rosso,Toro Rosso,Italian,26432,945,67,7,7,0
toro_rosso,Toro Rosso,Italian,26563,948,3,7,7,0
toro_rosso,Toro Rosso,Italian,26453,949,11,6,6,0
toro_rosso,Toro Rosso,Italian,26464,950,17,6,6,0
toro_rosso,Toro Rosso,Italian,26475,951,17,6,6,0
toro_rosso,Toro Rosso,Italian,26486,952,26,5,5,0
toro_rosso,Toro Rosso,Italian,26497,953,30,6,6,0
toro_rosso,Toro Rosso,Italian,26508,954,32,6,6,0
toro_rosso,Toro Rosso,Italian,26530,955,32,6,6,0
toro_rosso,Toro Rosso,Italian,26541,956,36,6,6,0
toro_rosso,Toro Rosso,Italian,26552,957,41,6,6,0
toro_rosso,Toro Rosso,Italian,26574,958,45,6,6,0
toro_rosso,Toro Rosso,Italian,26585,959,45,6,6,0
toro_rosso,Toro Rosso,Italian,26596,960,45,7,7,0
toro_rosso,Toro Rosso,Italian,26607,961,45,7,7,0
toro_rosso,Toro Rosso,Italian,26618,962,47,7,7,0
toro_rosso,Toro Rosso,Italian,26629,963,47,7,7,0
toro_rosso,Toro Rosso,Italian,26640,964,47,7,7,0
toro_rosso,Toro Rosso,Italian,26695,965,55,7,7,0
toro_rosso,Toro Rosso,Italian,26706,966,55,7,7,0
toro_rosso,Toro Rosso,Italian,26717,967,63,7,7,0
toro_rosso,Toro Rosso,Italian,26728,968,63,7,7,0
toro_rosso,Toro Rosso,Italian,26738,969,6,6,6,0
toro_rosso,Toro Rosso,Italian,26748,970,12,4,4,0
toro_rosso,Toro Rosso,Italian,26758,971,12,6,6,0
toro_rosso,Toro Rosso,Italian,26768,972,13,6,6,0
toro_rosso,Toro Rosso,Italian,26778,973,21,5,5,0
toro_rosso,Toro Rosso,Italian,26788,974,29,5,5,0
toro_rosso,Toro Rosso,Italian,26798,975,29,5,5,0
toro_rosso,Toro Rosso,Italian,26808,976,33,6,6,0
toro_rosso,Toro Rosso,Italian,26818,977,33,6,6,0
toro_rosso,Toro Rosso,Italian,26828,978,33,6,6,0
toro_rosso,Toro Rosso,Italian,26838,979,39,6,6,0
toro_rosso,Toro Rosso,Italian,26848,980,40,6,6,0
toro_rosso,Toro Rosso,Italian,26858,981,40,6,6,0
toro_rosso,Toro Rosso,Italian,26868,982,52,6,6,0
toro_rosso,Toro Rosso,Italian,26878,983,52,6,6,0
toro_rosso,Toro Rosso,Italian,26888,984,52,6,6,0
toro_rosso,Toro Rosso,Italian,26898,985,53,6,6,0
toro_rosso,Toro Rosso,Italian,26908,986,53,6,6,0
toro_rosso,Toro Rosso,Italian,26918,987,53,6,6,0
toro_rosso,Toro Rosso,Italian,26928,988,53,7,7,0
toro_rosso,Toro Rosso,Italian,26941,989,0,9,9,0
toro_rosso,Toro Rosso,Italian,26981,990,12,6,6,0
toro_rosso,Toro Rosso,Italian,26971,991,12,6,6,0
toro_rosso,Toro Rosso,Italian,26991,992,13,7,7,0
toro_rosso,Toro Rosso,Italian,27001,993,13,8,8,0
toro_rosso,Toro Rosso,Italian,27011,994,19,7,7,0
toro_rosso,Toro Rosso,Italian,27021,995,19,7,7,0
toro_rosso,Toro Rosso,Italian,27031,996,19,8,8,0
toro_rosso,Toro Rosso,Italian,27041,997,19,8,8,0
toro_rosso,Toro Rosso,Italian,27051,998,19,8,8,0
toro_rosso,Toro Rosso,Italian,27061,999,20,8,8,0
toro_rosso,Toro Rosso,Italian,27071,1000,28,8,8,0
toro_rosso,Toro Rosso,Italian,27081,1001,30,7,7,0
toro_rosso,Toro Rosso,Italian,27101,1002,30,8,8,0
toro_rosso,Toro Rosso,Italian,27111,1003,30,8,8,0
toro_rosso,Toro Rosso,Italian,27121,1004,30,8,8,0
toro_rosso,Toro Rosso,Italian,27131,1005,30,8,8,0
toro_rosso,Toro Rosso,Italian,27151,1006,32,8,8,0
toro_rosso,Toro Rosso,Italian,27161,1007,33,9,9,0
toro_rosso,Toro Rosso,Italian,27171,1008,33,9,9,0
toro_rosso,Toro Rosso,Italian,27181,1009,33,9,9,0
toro_rosso,Toro Rosso,Italian,27200,1010,1,8,8,0
toro_rosso,Toro Rosso,Italian,27220,1011,3,8,8,0
toro_rosso,Toro Rosso,Italian,27230,1012,4,9,9,0
toro_rosso,Toro Rosso,Italian,27240,1013,4,9,9,0
toro_rosso,Toro Rosso,Italian,27250,1014,6,9,9,0
toro_rosso,Toro Rosso,Italian,27260,1015,16,7,7,0
toro_rosso,Toro Rosso,Italian,27270,1016,17,7,7,0
toro_rosso,Toro Rosso,Italian,27300,1017,17,8,8,0
toro_rosso,Toro Rosso,Italian,27310,1018,17,8,8,0
toro_rosso,Toro Rosso,Italian,27320,1019,19,8,8,0
toro_rosso,Toro Rosso,Italian,27340,1020,42,5,5,0
toro_rosso,Toro Rosso,Italian,27350,1021,43,5,5,0
toro_rosso,Toro Rosso,Italian,27360,1022,51,5,5,0
toro_rosso,Toro Rosso,Italian,27370,1023,51,6,6,0
toro_rosso,Toro Rosso,Italian,27380,1024,55,6,6,0
toro_rosso,Toro Rosso,Italian,27390,1025,55,6,6,0
toro_rosso,Toro Rosso,Italian,27420,1026,62,6,6,0
toro_rosso,Toro Rosso,Italian,27430,1027,64,6,6,0
toro_rosso,Toro Rosso,Italian,27440,1028,64,7,7,0
toro_rosso,Toro Rosso,Italian,27450,1029,83,6,6,0
toro_rosso,Toro Rosso,Italian,27460,1030,85,6,6,0
ferrari,Ferrari,Italian,6,18,1,6,6,0
ferrari,Ferrari,Italian,12,19,11,3,3,1
ferrari,Ferrari,Italian,23,20,29,2,2,2
ferrari,Ferrari,Italian,34,21,47,1,1,3
ferrari,Ferrari,Italian,45,22,63,1,1,4
ferrari,Ferrari,Italian,56,23,69,1,1,4
ferrari,Ferrari,Italian,67,24,73,1,1,4
ferrari,Ferrari,Italian,78,25,91,1,1,5
ferrari,Ferrari,Italian,89,26,96,1,1,5
ferrari,Ferrari,Italian,100,27,105,1,1,5
ferrari,Ferrari,Italian,111,28,111,1,1,5
ferrari,Ferrari,Italian,122,29,121,1,1,6
ferrari,Ferrari,Italian,133,30,131,1,1,7
ferrari,Ferrari,Italian,144,31,134,1,1,7
ferrari,Ferrari,Italian,155,32,134,2,2,7
ferrari,Ferrari,Italian,166,33,142,1,1,7
ferrari,Ferrari,Italian,1638,34,156,1,1,7
ferrari,Ferrari,Italian,188,35,172,1,1,8
ferrari,Ferrari,Italian,25755,38,39,1,1,2
ferrari,Ferrari,Italian,6318,53,8,3,3,0
ferrari,Ferrari,Italian,6329,54,15,2,2,0
ferrari,Ferrari,Italian,6340,55,15,3,3,0
ferrari,Ferrari,Italian,6351,56,30,3,3,1
ferrari,Ferrari,Italian,6362,57,46,2,2,2
ferrari,Ferrari,Italian,6373,58,59,2,2,2
ferrari,Ferrari,Italian,6384,59,63,2,2,2
ferrari,Ferrari,Italian,6395,60,75,2,2,2
ferrari,Ferrari,Italian,6406,61,87,2,2,2
ferrari,Ferrari,Italian,6417,62,105,2,2,3
ferrari,Ferrari,Italian,6428,63,121,2,2,4
ferrari,Ferrari,Italian,6439,64,139,2,2,5
ferrari,Ferrari,Italian,6450,65,142,2,2,5
ferrari,Ferrari,Italian,6461,66,158,2,2,6
ferrari,Ferrari,Italian,6472,67,168,1,1,7
ferrari,Ferrari,Italian,6484,68,178,2,2,8
ferrari,Ferrari,Italian,6496,69,186,2,2,8
ferrari,Ferrari,Italian,6508,70,201,2,2,9
ferrari,Ferrari,Italian,27944,71,8,2,2,0
ferrari,Ferrari,Italian,27954,72,10,4,4,0
ferrari,Ferrari,Italian,27964,73,10,6,6,0
ferrari,Ferrari,Italian,27974,74,18,4,4,0
ferrari,Ferrari,Italian,27984,75,18,5,5,0
ferrari,Ferrari,Italian,27994,76,21,5,5,0
ferrari,Ferrari,Italian,28004,77,31,5,5,0
ferrari,Ferrari,Italian,28014,78,45,5,5,0
ferrari,Ferrari,Italian,28024,79,63,3,3,1
ferrari,Ferrari,Italian,28034,80,69,3,3,1
ferrari,Ferrari,Italian,28044,81,74,3,3,1
ferrari,Ferrari,Italian,28054,82,78,3,3,1
ferrari,Ferrari,Italian,28064,83,86,3,3,1
ferrari,Ferrari,Italian,28074,84,86,3,3,1
ferrari,Ferrari,Italian,28084,85,86,3,3,1
ferrari,Ferrari,Italian,28094,86,90,3,3,1
ferrari,Ferrari,Italian,28104,87,98,3,3,1
ferrari,Ferrari,Italian,28114,88,100,3,3,1
ferrari,Ferrari,Italian,28124,89,100,3,3,1
ferrari,Ferrari,Italian,6138,90,18,1,1,1
ferrari,Ferrari,Italian,6147,91,33,1,1,2
ferrari,Ferrari,Italian,6157,92,51,1,1,3
ferrari,Ferrari,Italian,6167,93,64,1,1,4
ferrari,Ferrari,Italian,6177,94,82,1,1,5
ferrari,Ferrari,Italian,6187,95,88,1,1,5
ferrari,Ferrari,Italian,6197,96,106,1,1,6
ferrari,Ferrari,Italian,6207,97,124,1,1,7
ferrari,Ferrari,Italian,6217,98,142,1,1,8
ferrari,Ferrari,Italian,6227,99,158,1,1,9
ferrari,Ferrari,Italian,6237,100,174,1,1,10
ferrari,Ferrari,Italian,6247,101,184,1,1,11
ferrari,Ferrari,Italian,6257,102,202,1,1,12
ferrari,Ferrari,Italian,6267,103,216,1,1,12
ferrari,Ferrari,Italian,6277,104,234,1,1,13
ferrari,Ferrari,Italian,6287,105,244,1,1,14
ferrari,Ferrari,Italian,6297,106,254,1,1,15
ferrari,Ferrari,Italian,6307,107,262,1,1,15
ferrari,Ferrari,Italian,5984,108,5,4,4,0
ferrari,Ferrari,Italian,5991,109,16,2,2,0
ferrari,Ferrari,Italian,6000,110,16,3,3,0
ferrari,Ferrari,Italian,6010,111,32,2,2,1
ferrari,Ferrari,Italian,6020,112,48,2,2,2
ferrari,Ferrari,Italian,6030,113,64,1,1,3
ferrari,Ferrari,Italian,6040,114,71,2,2,3
ferrari,Ferrari,Italian,6050,115,85,1,1,4
ferrari,Ferrari,Italian,6060,116,95,1,1,4
ferrari,Ferrari,Italian,6070,117,103,1,1,4
ferrari,Ferrari,Italian,6080,118,118,1,1,5
ferrari,Ferrari,Italian,6090,119,120,1,1,5
ferrari,Ferrari,Italian,6100,120,121,2,2,5
ferrari,Ferrari,Italian,6110,121,137,2,2,6
ferrari,Ferrari,Italian,6120,122,147,1,1,7
ferrari,Ferrari,Italian,6130,123,158,1,1,8
ferrari,Ferrari,Italian,5800,124,10,1,1,1
ferrari,Ferrari,Italian,5806,125,14,2,2,1
ferrari,Ferrari,Italian,5817,126,24,2,2,2
ferrari,Ferrari,Italian,5828,127,40,1,1,3
ferrari,Ferrari,Italian,5839,128,50,1,1,4
ferrari,Ferrari,Italian,5850,129,66,1,1,5
ferrari,Ferrari,Italian,5861,130,72,1,1,5
ferrari,Ferrari,Italian,5872,131,86,1,1,6
ferrari,Ferrari,Italian,5883,132,102,1,1,7
ferrari,Ferrari,Italian,5894,133,118,1,1,8
ferrari,Ferrari,Italian,5905,134,128,1,1,9
ferrari,Ferrari,Italian,5916,135,141,1,1,10
ferrari,Ferrari,Italian,5927,136,157,1,1,11
ferrari,Ferrari,Italian,5938,137,173,1,1,12
ferrari,Ferrari,Italian,5949,138,189,1,1,13
ferrari,Ferrari,Italian,5960,139,205,1,1,14
ferrari,Ferrari,Italian,5971,140,221,1,1,15
ferrari,Ferrari,Italian,5614,141,14,1,1,1
ferrari,Ferrari,Italian,5624,142,30,1,1,2
ferrari,Ferrari,Italian,5635,143,36,1,1,2
ferrari,Ferrari,Italian,5646,144,40,1,1,2
ferrari,Ferrari,Italian,5657,145,50,1,1,3
ferrari,Ferrari,Italian,5668,146,60,1,1,3
ferrari,Ferrari,Italian,5679,147,76,1,1,4
ferrari,Ferrari,Italian,5690,148,82,1,1,4
ferrari,Ferrari,Italian,5701,149,94,1,1,5
ferrari,Ferrari,Italian,5712,150,108,1,1,6
ferrari,Ferrari,Italian,5723,151,118,1,1,6
ferrari,Ferrari,Italian,5734,152,124,1,1,6
ferrari,Ferrari,Italian,5745,153,140,1,1,7
ferrari,Ferrari,Italian,5756,154,152,1,1,8
ferrari,Ferrari,Italian,5767,155,161,1,1,8
ferrari,Ferrari,Italian,5778,156,167,1,1,8
ferrari,Ferrari,Italian,5789,157,179,1,1,9
ferrari,Ferrari,Italian,1454,158,16,1,1,1
ferrari,Ferrari,Italian,1460,159,26,1,1,2
ferrari,Ferrari,Italian,1468,160,39,1,1,3
ferrari,Ferrari,Italian,1479,161,43,1,1,3
ferrari,Ferrari,Italian,1490,162,49,1,1,3
ferrari,Ferrari,Italian,1501,163,62,1,1,4
ferrari,Ferrari,Italian,1512,164,68,1,1,4
ferrari,Ferrari,Italian,1523,165,84,1,1,5
ferrari,Ferrari,Italian,1534,166,88,1,1,5
ferrari,Ferrari,Italian,1545,167,92,2,2,5
ferrari,Ferrari,Italian,1556,168,102,2,2,6
ferrari,Ferrari,Italian,1567,169,111,2,2,6
ferrari,Ferrari,Italian,1578,170,117,2,2,6
ferrari,Ferrari,Italian,1589,171,127,2,2,7
ferrari,Ferrari,Italian,1600,172,143,1,1,8
ferrari,Ferrari,Italian,1611,173,156,1,1,9
ferrari,Ferrari,Italian,1622,174,170,1,1,10
ferrari,Ferrari,Italian,5445,175,10,1,1,1
ferrari,Ferrari,Italian,5460,177,28,1,1,2
ferrari,Ferrari,Italian,5451,176,18,1,1,1
ferrari,Ferrari,Italian,5471,178,44,1,1,3
ferrari,Ferrari,Italian,5482,179,51,1,1,3
ferrari,Ferrari,Italian,5493,180,55,1,1,3
ferrari,Ferrari,Italian,5504,181,58,1,1,3
ferrari,Ferrari,Italian,5515,182,64,1,1,3
ferrari,Ferrari,Italian,5526,183,74,1,1,4
ferrari,Ferrari,Italian,5537,184,90,1,1,5
ferrari,Ferrari,Italian,5548,185,94,1,1,5
ferrari,Ferrari,Italian,5559,186,97,2,2,5
ferrari,Ferrari,Italian,5570,187,102,2,2,5
ferrari,Ferrari,Italian,5581,188,102,2,2,5
ferrari,Ferrari,Italian,5592,189,118,1,1,6
ferrari,Ferrari,Italian,5603,190,128,1,1,6
ferrari,Ferrari,Italian,2057,191,3,3,3,0
ferrari,Ferrari,Italian,2064,192,7,3,3,0
ferrari,Ferrari,Italian,2072,193,21,2,2,1
ferrari,Ferrari,Italian,2082,194,31,2,2,1
ferrari,Ferrari,Italian,2093,195,35,2,2,1
ferrari,Ferrari,Italian,2104,196,39,2,2,1
ferrari,Ferrari,Italian,2115,197,53,2,2,2
ferrari,Ferrari,Italian,2126,198,69,2,2,3
ferrari,Ferrari,Italian,2137,199,83,2,2,4
ferrari,Ferrari,Italian,2148,200,90,2,2,4
ferrari,Ferrari,Italian,2159,201,92,2,2,4
ferrari,Ferrari,Italian,2170,202,102,2,2,5
ferrari,Ferrari,Italian,2181,203,102,2,2,5
ferrari,Ferrari,Italian,2192,204,118,2,2,6
ferrari,Ferrari,Italian,2203,205,127,2,2,6
ferrari,Ferrari,Italian,2214,206,133,2,2,6
ferrari,Ferrari,Italian,5251,207,6,2,2,0
ferrari,Ferrari,Italian,5259,208,8,4,4,0
ferrari,Ferrari,Italian,5269,209,14,3,3,0
ferrari,Ferrari,Italian,5280,210,24,2,2,0
ferrari,Ferrari,Italian,5291,211,38,1,1,1
ferrari,Ferrari,Italian,25356,212,41,1,1,1
ferrari,Ferrari,Italian,25368,213,51,1,1,2
ferrari,Ferrari,Italian,25380,214,65,1,1,3
ferrari,Ferrari,Italian,25392,215,65,1,1,3
ferrari,Ferrari,Italian,25404,216,71,1,1,3
ferrari,Ferrari,Italian,25416,217,74,1,1,3
ferrari,Ferrari,Italian,25428,218,84,1,1,4
ferrari,Ferrari,Italian,25440,219,85,1,1,4
ferrari,Ferrari,Italian,25452,220,86,2,2,4
ferrari,Ferrari,Italian,25464,221,86,2,2,4
ferrari,Ferrari,Italian,25476,222,100,2,2,5
ferrari,Ferrari,Italian,25488,223,102,2,2,5
ferrari,Ferrari,Italian,2419,224,4,2,2,0
ferrari,Ferrari,Italian,2427,225,8,3,3,0
ferrari,Ferrari,Italian,2438,226,10,3,3,0
ferrari,Ferrari,Italian,2449,227,16,2,2,0
ferrari,Ferrari,Italian,2460,228,25,2,2,0
ferrari,Ferrari,Italian,2471,229,25,2,2,0
ferrari,Ferrari,Italian,2482,230,35,2,2,1
ferrari,Ferrari,Italian,2493,231,35,2,2,1
ferrari,Ferrari,Italian,2504,232,35,2,2,1
ferrari,Ferrari,Italian,2515,233,35,3,3,1
ferrari,Ferrari,Italian,2526,234,38,3,3,1
ferrari,Ferrari,Italian,2537,235,38,3,3,1
ferrari,Ferrari,Italian,2548,236,48,3,3,2
ferrari,Ferrari,Italian,2559,237,58,3,3,3
ferrari,Ferrari,Italian,2570,238,64,3,3,3
ferrari,Ferrari,Italian,2581,239,70,2,2,3
ferrari,Ferrari,Italian,5039,240,6,3,3,0
ferrari,Ferrari,Italian,5047,241,13,3,3,0
ferrari,Ferrari,Italian,5057,242,23,2,2,0
ferrari,Ferrari,Italian,5070,243,27,3,3,0
ferrari,Ferrari,Italian,5083,244,31,3,3,0
ferrari,Ferrari,Italian,5096,245,41,2,2,1
ferrari,Ferrari,Italian,5109,246,43,3,3,1
ferrari,Ferrari,Italian,5122,247,49,3,3,1
ferrari,Ferrari,Italian,5135,248,53,3,3,1
ferrari,Ferrari,Italian,5148,249,57,3,3,1
ferrari,Ferrari,Italian,5161,250,57,3,3,1
ferrari,Ferrari,Italian,5174,251,57,3,3,1
ferrari,Ferrari,Italian,5187,252,62,3,3,1
ferrari,Ferrari,Italian,5200,253,68,3,3,1
ferrari,Ferrari,Italian,5213,254,73,3,3,1
ferrari,Ferrari,Italian,5226,255,73,3,3,1
ferrari,Ferrari,Italian,5239,256,73,3,3,1
ferrari,Ferrari,Italian,25515,257,4,3,3,0
ferrari,Ferrari,Italian,25529,258,10,2,2,0
ferrari,Ferrari,Italian,25543,259,16,2,2,0
ferrari,Ferrari,Italian,25557,260,22,2,2,0
ferrari,Ferrari,Italian,25571,261,25,2,2,0
ferrari,Ferrari,Italian,25585,262,32,2,2,0
ferrari,Ferrari,Italian,25599,263,36,2,2,0
ferrari,Ferrari,Italian,25613,264,42,3,3,0
ferrari,Ferrari,Italian,25627,265,52,2,2,1
ferrari,Ferrari,Italian,25641,266,52,2,2,1
ferrari,Ferrari,Italian,25655,267,52,3,3,1
ferrari,Ferrari,Italian,25669,268,58,3,3,1
ferrari,Ferrari,Italian,25683,269,58,3,3,1
ferrari,Ferrari,Italian,25697,270,60,3,3,1
ferrari,Ferrari,Italian,25711,271,64,3,3,1
ferrari,Ferrari,Italian,25501,272,71,3,3,1
ferrari,Ferrari,Italian,4640,273,1,6,6,0
ferrari,Ferrari,Italian,4647,274,1,8,8,0
ferrari,Ferrari,Italian,4658,275,1,8,8,0
ferrari,Ferrari,Italian,4670,276,1,9,9,0
ferrari,Ferrari,Italian,4682,277,2,9,9,0
ferrari,Ferrari,Italian,4694,278,6,7,7,0
ferrari,Ferrari,Italian,4707,279,9,5,5,0
ferrari,Ferrari,Italian,4720,280,9,5,5,0
ferrari,Ferrari,Italian,4733,281,9,6,6,0
ferrari,Ferrari,Italian,4746,282,10,5,5,0
ferrari,Ferrari,Italian,4759,283,14,5,5,0
ferrari,Ferrari,Italian,4772,284,14,5,5,0
ferrari,Ferrari,Italian,4785,285,20,5,5,0
ferrari,Ferrari,Italian,4798,286,23,4,4,0
ferrari,Ferrari,Italian,4811,287,23,4,4,0
ferrari,Ferrari,Italian,4824,288,28,4,4,0
ferrari,Ferrari,Italian,3278,291,5,4,4,0
ferrari,Ferrari,Italian,3319,292,9,4,4,0
ferrari,Ferrari,Italian,3333,293,9,4,4,0
ferrari,Ferrari,Italian,3347,294,9,4,4,0
ferrari,Ferrari,Italian,3361,295,13,4,4,0
ferrari,Ferrari,Italian,3375,296,13,4,4,0
ferrari,Ferrari,Italian,3389,297,13,4,4,0
ferrari,Ferrari,Italian,3404,298,15,4,4,0
ferrari,Ferrari,Italian,3419,299,16,4,4,0
ferrari,Ferrari,Italian,3434,300,16,4,4,0
ferrari,Ferrari,Italian,3449,301,16,4,4,0
ferrari,Ferrari,Italian,3464,302,16,4,4,0
ferrari,Ferrari,Italian,3479,303,18,4,4,0
ferrari,Ferrari,Italian,3494,304,21,4,4,0
ferrari,Ferrari,Italian,8457,317,43,3,3,0
ferrari,Ferrari,Italian,8476,318,52,3,3,0
ferrari,Ferrari,Italian,8495,319,55,3,3,0
ferrari,Ferrari,Italian,8514,320,55.5,3,3,0
ferrari,Ferrari,Italian,7653,322,12,2,2,1
ferrari,Ferrari,Italian,7672,323,15,3,3,1
ferrari,Ferrari,Italian,7691,324,15,3,3,1
ferrari,Ferrari,Italian,7710,325,21,2,2,1
ferrari,Ferrari,Italian,7729,326,36,2,2,2
ferrari,Ferrari,Italian,7748,327,45,2,2,3
ferrari,Ferrari,Italian,7767,328,54,2,2,4
ferrari,Ferrari,Italian,7786,329,57,2,2,4
ferrari,Ferrari,Italian,7805,330,57,2,2,4
ferrari,Ferrari,Italian,7824,331,63,2,2,4
ferrari,Ferrari,Italian,7843,332,72,2,2,4
ferrari,Ferrari,Italian,7862,333,85,2,2,5
ferrari,Ferrari,Italian,7881,334,100,2,2,6
ferrari,Ferrari,Italian,7900,335,100,2,2,6
ferrari,Ferrari,Italian,7919,336,110,2,2,6
ferrari,Ferrari,Italian,4046,1,0,9,9,0
ferrari,Ferrari,Italian,8541,2,0,10,10,0
ferrari,Ferrari,Italian,25744,37,23,1,1,1
ferrari,Ferrari,Italian,25766,39,49,1,1,3
ferrari,Ferrari,Italian,25777,40,56,1,1,3
ferrari,Ferrari,Italian,25788,41,60,1,1,3
ferrari,Ferrari,Italian,25799,42,71,1,1,3
ferrari,Ferrari,Italian,25810,43,89,1,1,4
ferrari,Ferrari,Italian,25821,44,103,1,1,5
ferrari,Ferrari,Italian,25832,45,111,1,1,5
ferrari,Ferrari,Italian,25843,46,119,1,1,5
ferrari,Ferrari,Italian,25854,47,137,1,1,6
ferrari,Ferrari,Italian,25865,48,143,1,1,6
ferrari,Ferrari,Italian,25876,49,161,1,1,7
ferrari,Ferrari,Italian,25887,50,170,1,1,7
ferrari,Ferrari,Italian,25898,51,186,1,1,8
ferrari,Ferrari,Italian,25909,52,204,1,1,9
ferrari,Ferrari,Italian,7634,321,0,11,11,0
ferrari,Ferrari,Italian,8231,305,6,2,2,0
ferrari,Ferrari,Italian,8249,306,10,2,2,0
ferrari,Ferrari,Italian,8267,307,10,2,2,0
ferrari,Ferrari,Italian,8286,308,16,2,2,0
ferrari,Ferrari,Italian,8305,309,16,4,4,0
ferrari,Ferrari,Italian,8324,310,16,4,4,0
ferrari,Ferrari,Italian,8343,311,25,3,3,0
ferrari,Ferrari,Italian,8362,312,29,3,3,0
ferrari,Ferrari,Italian,8381,313,33,3,3,0
ferrari,Ferrari,Italian,8400,314,35,3,3,0
ferrari,Ferrari,Italian,8419,315,35,3,3,0
ferrari,Ferrari,Italian,8438,316,39,3,3,0
ferrari,Ferrari,Italian,8571,3,0,9,9,0
ferrari,Ferrari,Italian,8591,4,3,9,9,0
ferrari,Ferrari,Italian,8601,5,6,7,7,0
ferrari,Ferrari,Italian,8681,6,17,4,4,0
ferrari,Ferrari,Italian,8651,7,20,4,4,0
ferrari,Ferrari,Italian,8671,8,26,4,4,0
ferrari,Ferrari,Italian,8691,9,32,4,4,0
ferrari,Ferrari,Italian,8701,10,40,3,3,0
ferrari,Ferrari,Italian,8711,11,46,3,3,0
ferrari,Ferrari,Italian,8721,12,56,3,3,1
ferrari,Ferrari,Italian,8731,13,62,3,3,1
ferrari,Ferrari,Italian,8741,14,62,3,3,1
ferrari,Ferrari,Italian,8761,15,67,3,3,1
ferrari,Ferrari,Italian,8771,16,70,4,4,1
ferrari,Ferrari,Italian,8772,356,9,1,1,1
ferrari,Ferrari,Italian,8792,357,9,2,2,1
ferrari,Ferrari,Italian,8812,358,9,2,2,1
ferrari,Ferrari,Italian,8832,359,9,3,3,1
ferrari,Ferrari,Italian,8852,360,9,4,4,1
ferrari,Ferrari,Italian,8872,361,9,4,4,1
ferrari,Ferrari,Italian,8892,362,15,3,3,1
ferrari,Ferrari,Italian,8912,363,21,3,3,1
ferrari,Ferrari,Italian,8932,364,25,3,3,1
ferrari,Ferrari,Italian,8952,365,34,3,3,2
ferrari,Ferrari,Italian,8972,366,38,3,3,2
ferrari,Ferrari,Italian,8992,367,44,3,3,2
ferrari,Ferrari,Italian,9012,368,53,2,2,3
ferrari,Ferrari,Italian,9032,369,59,2,2,3
ferrari,Ferrari,Italian,9132,371,59,3,3,3
ferrari,Ferrari,Italian,9112,370,59,3,3,3
ferrari,Ferrari,Italian,9153,372,8,2,2,0
ferrari,Ferrari,Italian,9171,373,10,2,2,0
ferrari,Ferrari,Italian,9189,374,20,2,2,0
ferrari,Ferrari,Italian,9207,375,27,2,2,0
ferrari,Ferrari,Italian,9225,376,27,2,2,0
ferrari,Ferrari,Italian,9243,377,27,2,2,0
ferrari,Ferrari,Italian,9261,378,34,2,2,0
ferrari,Ferrari,Italian,9279,379,34,2,2,0
ferrari,Ferrari,Italian,9297,380,41,2,2,0
ferrari,Ferrari,Italian,9315,381,44,2,2,0
ferrari,Ferrari,Italian,9333,382,44,2,2,0
ferrari,Ferrari,Italian,9351,383,59,2,2,1
ferrari,Ferrari,Italian,9369,384,61,2,2,1
ferrari,Ferrari,Italian,9387,385,62,2,2,1
ferrari,Ferrari,Italian,9405,386,65,2,2,1
ferrari,Ferrari,Italian,9423,387,65,2,2,1
ferrari,Ferrari,Italian,9442,388,3,3,3,0
ferrari,Ferrari,Italian,9455,389,7,4,4,0
ferrari,Ferrari,Italian,9470,390,7,4,4,0
ferrari,Ferrari,Italian,9485,391,14,4,4,0
ferrari,Ferrari,Italian,9500,392,17,4,4,0
ferrari,Ferrari,Italian,9515,393,17,4,4,0
ferrari,Ferrari,Italian,9530,394,17,4,4,0
ferrari,Ferrari,Italian,9545,395,17,4,4,0
ferrari,Ferrari,Italian,9560,396,17,4,4,0
ferrari,Ferrari,Italian,9575,397,17,4,4,0
ferrari,Ferrari,Italian,9590,398,20,4,4,0
ferrari,Ferrari,Italian,9606,399,26,4,4,0
ferrari,Ferrari,Italian,9622,400,26,4,4,0
ferrari,Ferrari,Italian,9638,401,26,4,4,0
ferrari,Ferrari,Italian,9654,402,38,4,4,1
ferrari,Ferrari,Italian,9670,403,53,4,4,2
ferrari,Ferrari,Italian,9691,404,0,8,8,0
ferrari,Ferrari,Italian,9704,405,0,10,10,0
ferrari,Ferrari,Italian,9717,406,3,6,6,0
ferrari,Ferrari,Italian,9730,407,3,6,6,0
ferrari,Ferrari,Italian,9743,408,10,5,5,0
ferrari,Ferrari,Italian,9756,409,10,5,5,0
ferrari,Ferrari,Italian,9782,410,13,5,5,0
ferrari,Ferrari,Italian,9795,411,13,5,5,0
ferrari,Ferrari,Italian,9808,412,13,5,5,0
ferrari,Ferrari,Italian,9821,413,13,5,5,0
ferrari,Ferrari,Italian,9834,414,16,5,5,0
ferrari,Ferrari,Italian,9847,415,26,5,5,0
ferrari,Ferrari,Italian,9860,416,30,4,4,0
ferrari,Ferrari,Italian,9874,417,33,4,4,0
ferrari,Ferrari,Italian,9888,418,33,4,4,0
ferrari,Ferrari,Italian,9902,419,37,4,4,0
ferrari,Ferrari,Italian,9910,420,9,2,2,0
ferrari,Ferrari,Italian,9924,421,15,2,2,0
ferrari,Ferrari,Italian,9939,422,16,2,2,0
ferrari,Ferrari,Italian,9954,423,22,2,2,0
ferrari,Ferrari,Italian,9970,424,37,1,1,1
ferrari,Ferrari,Italian,10018,425,47,1,1,1
ferrari,Ferrari,Italian,10050,426,50,1,1,1
ferrari,Ferrari,Italian,10066,427,56,1,1,1
ferrari,Ferrari,Italian,10082,428,65,1,1,2
ferrari,Ferrari,Italian,10098,429,72,1,1,2
ferrari,Ferrari,Italian,10114,430,75,1,1,2
ferrari,Ferrari,Italian,10130,431,77,2,2,2
ferrari,Ferrari,Italian,10147,432,77,2,2,2
ferrari,Ferrari,Italian,10164,433,77,2,2,2
ferrari,Ferrari,Italian,10181,434,80,2,2,2
ferrari,Ferrari,Italian,10198,435,82,2,2,2
ferrari,Ferrari,Italian,10223,436,0,10,10,0
ferrari,Ferrari,Italian,10236,437,0,11,11,0
ferrari,Ferrari,Italian,10251,438,13,2,2,1
ferrari,Ferrari,Italian,10281,439,19,2,2,1
ferrari,Ferrari,Italian,10296,440,22,2,2,1
ferrari,Ferrari,Italian,10311,441,24.5,2,2,1
ferrari,Ferrari,Italian,10326,442,26.5,2,2,1
ferrari,Ferrari,Italian,10341,443,26.5,3,3,1
ferrari,Ferrari,Italian,10356,444,32.5,2,2,1
ferrari,Ferrari,Italian,10371,445,35.5,2,2,1
ferrari,Ferrari,Italian,10386,446,36.5,3,3,1
ferrari,Ferrari,Italian,10401,447,40.5,2,2,1
ferrari,Ferrari,Italian,10416,448,40.5,3,3,1
ferrari,Ferrari,Italian,10446,449,46.5,2,2,1
ferrari,Ferrari,Italian,10461,450,54.5,2,2,1
ferrari,Ferrari,Italian,10476,451,57.5,2,2,1
ferrari,Ferrari,Italian,10485,452,2,4,4,0
ferrari,Ferrari,Italian,10500,453,6,3,3,0
ferrari,Ferrari,Italian,10515,454,9,4,4,0
ferrari,Ferrari,Italian,10530,455,22,1,1,1
ferrari,Ferrari,Italian,10545,456,25,1,1,1
ferrari,Ferrari,Italian,10560,457,31,2,2,1
ferrari,Ferrari,Italian,10575,458,31,3,3,1
ferrari,Ferrari,Italian,10590,459,44,2,2,2
ferrari,Ferrari,Italian,10605,460,50,2,2,2
ferrari,Ferrari,Italian,10621,461,59,1,1,3
ferrari,Ferrari,Italian,10637,462,65,2,2,3
ferrari,Ferrari,Italian,10653,463,80,1,1,4
ferrari,Ferrari,Italian,10669,464,89,1,1,4
ferrari,Ferrari,Italian,10701,465,89,1,1,4
ferrari,Ferrari,Italian,10717,466,89,1,1,4
ferrari,Ferrari,Italian,10740,467,0,11,11,0
ferrari,Ferrari,Italian,10757,468,1,7,7,0
ferrari,Ferrari,Italian,10774,469,1,8,8,0
ferrari,Ferrari,Italian,10791,470,16,3,3,1
ferrari,Ferrari,Italian,10808,471,16,4,4,1
ferrari,Ferrari,Italian,10825,472,22,3,3,1
ferrari,Ferrari,Italian,10842,473,26,2,2,1
ferrari,Ferrari,Italian,10859,474,26,3,3,1
ferrari,Ferrari,Italian,10876,475,35,3,3,2
ferrari,Ferrari,Italian,10893,476,45,2,2,2
ferrari,Ferrari,Italian,10910,477,52,2,2,2
ferrari,Ferrari,Italian,10927,478,61,1,1,3
ferrari,Ferrari,Italian,10944,479,64,1,1,3
ferrari,Ferrari,Italian,10961,480,64,1,1,3
ferrari,Ferrari,Italian,10978,481,74,1,1,3
ferrari,Ferrari,Italian,11029,482,74,1,1,3
ferrari,Ferrari,Italian,11044,483,0,9,9,0
ferrari,Ferrari,Italian,11060,484,0,13,13,0
ferrari,Ferrari,Italian,11076,485,0,14,14,0
ferrari,Ferrari,Italian,11092,486,2,8,8,0
ferrari,Ferrari,Italian,11109,487,5,7,7,0
ferrari,Ferrari,Italian,11126,488,17,3,3,1
ferrari,Ferrari,Italian,11143,489,26,2,2,2
ferrari,Ferrari,Italian,11160,490,28,3,3,2
ferrari,Ferrari,Italian,11177,491,28,3,3,2
ferrari,Ferrari,Italian,11211,492,28,3,3,2
ferrari,Ferrari,Italian,11228,493,28,5,5,2
ferrari,Ferrari,Italian,11245,494,28,5,5,2
ferrari,Ferrari,Italian,11262,495,30,5,5,2
ferrari,Ferrari,Italian,11279,496,34,5,5,2
ferrari,Ferrari,Italian,11296,497,34,5,5,2
ferrari,Ferrari,Italian,11311,498,0,7,7,0
ferrari,Ferrari,Italian,11326,499,0,12,12,0
ferrari,Ferrari,Italian,11341,500,0,14,14,0
ferrari,Ferrari,Italian,11356,501,2,11,11,0
ferrari,Ferrari,Italian,11371,502,3,10,10,0
ferrari,Ferrari,Italian,11386,503,5,10,10,0
ferrari,Ferrari,Italian,11401,504,5,10,10,0
ferrari,Ferrari,Italian,11416,505,5,10,10,0
ferrari,Ferrari,Italian,11431,506,6,10,10,0
ferrari,Ferrari,Italian,11446,507,6,10,10,0
ferrari,Ferrari,Italian,11461,508,6,10,10,0
ferrari,Ferrari,Italian,11476,509,6,10,10,0
ferrari,Ferrari,Italian,11491,510,8,10,10,0
ferrari,Ferrari,Italian,11506,511,8,10,10,0
ferrari,Ferrari,Italian,23985,512,0,9,9,0
ferrari,Ferrari,Italian,24000,513,3,5,5,0
ferrari,Ferrari,Italian,24015,514,18,2,2,1
ferrari,Ferrari,Italian,24045,516,36,2,2,2
ferrari,Ferrari,Italian,24061,517,45,1,1,3
ferrari,Ferrari,Italian,24078,518,54,1,1,4
ferrari,Ferrari,Italian,24095,519,60,1,1,4
ferrari,Ferrari,Italian,24112,520,62,1,1,4
ferrari,Ferrari,Italian,24150,522,74,1,1,4
ferrari,Ferrari,Italian,24167,523,80,1,1,4
ferrari,Ferrari,Italian,24184,524,95,1,1,5
ferrari,Ferrari,Italian,24202,525,104,1,1,5
ferrari,Ferrari,Italian,24221,526,113,1,1,6
ferrari,Ferrari,Italian,23438,527,0,5,5,0
ferrari,Ferrari,Italian,23454,528,9,3,3,1
ferrari,Ferrari,Italian,23471,529,9,4,4,1
ferrari,Ferrari,Italian,23490,530,18,2,2,2
ferrari,Ferrari,Italian,23509,531,18,4,4,2
ferrari,Ferrari,Italian,23528,532,22,3,3,2
ferrari,Ferrari,Italian,23547,533,22,3,3,2
ferrari,Ferrari,Italian,23566,534,22,4,4,2
ferrari,Ferrari,Italian,23585,535,22,4,4,2
ferrari,Ferrari,Italian,23604,536,31,3,3,3
ferrari,Ferrari,Italian,23623,537,31,3,3,3
ferrari,Ferrari,Italian,23642,538,35,4,4,3
ferrari,Ferrari,Italian,23661,539,36,3,3,3
ferrari,Ferrari,Italian,23680,540,40,3,3,3
ferrari,Ferrari,Italian,23699,541,49,3,3,4
ferrari,Ferrari,Italian,23718,542,58,2,2,5
ferrari,Ferrari,Italian,23152,543,4,3,3,0
ferrari,Ferrari,Italian,23164,544,13,1,1,1
ferrari,Ferrari,Italian,23177,545,22,1,1,2
ferrari,Ferrari,Italian,23190,546,28,1,1,2
ferrari,Ferrari,Italian,23204,547,34,1,1,2
ferrari,Ferrari,Italian,23220,548,40,1,1,2
ferrari,Ferrari,Italian,23236,549,46,1,1,2
ferrari,Ferrari,Italian,23252,550,50,1,1,2
ferrari,Ferrari,Italian,23268,551,50,1,1,2
ferrari,Ferrari,Italian,23284,552,56,1,1,2
ferrari,Ferrari,Italian,23302,553,65,1,1,3
ferrari,Ferrari,Italian,23320,554,71,1,1,3
ferrari,Ferrari,Italian,23338,555,80,1,1,4
ferrari,Ferrari,Italian,23356,556,86,1,1,4
ferrari,Ferrari,Italian,23376,557,89,1,1,4
ferrari,Ferrari,Italian,23396,558,89,1,1,4
ferrari,Ferrari,Italian,23416,559,95,1,1,4
ferrari,Ferrari,Italian,22850,560,9,1,1,1
ferrari,Ferrari,Italian,22863,561,18,1,1,2
ferrari,Ferrari,Italian,22880,562,27,1,1,3
ferrari,Ferrari,Italian,22904,563,33,1,1,3
ferrari,Ferrari,Italian,22923,564,42,1,1,4
ferrari,Ferrari,Italian,22942,565,51,1,1,5
ferrari,Ferrari,Italian,22961,566,55,1,1,5
ferrari,Ferrari,Italian,22973,567,55,1,1,5
ferrari,Ferrari,Italian,22992,568,64,1,1,6
ferrari,Ferrari,Italian,23018,569,64,1,1,6
ferrari,Ferrari,Italian,23037,570,64,1,1,6
ferrari,Ferrari,Italian,23056,571,70,1,1,6
ferrari,Ferrari,Italian,23075,572,76,1,1,6
ferrari,Ferrari,Italian,23094,573,77,1,1,6
ferrari,Ferrari,Italian,23113,574,81,1,1,6
ferrari,Ferrari,Italian,23132,575,83,1,1,6
ferrari,Ferrari,Italian,22458,576,3,4,4,0
ferrari,Ferrari,Italian,22472,577,6,4,4,0
ferrari,Ferrari,Italian,22487,578,8,4,4,0
ferrari,Ferrari,Italian,22503,579,8,4,4,0
ferrari,Ferrari,Italian,22520,580,17,3,3,1
ferrari,Ferrari,Italian,22537,581,26,3,3,2
ferrari,Ferrari,Italian,22796,587,54.5,1,1,4
ferrari,Ferrari,Italian,22816,588,63.5,1,1,5
ferrari,Ferrari,Italian,22836,589,72.5,1,1,6
ferrari,Ferrari,Italian,22217,590,6,2,2,0
ferrari,Ferrari,Italian,22228,591,12,2,2,0
ferrari,Ferrari,Italian,22239,592,12,2,2,0
ferrari,Ferrari,Italian,22251,593,21,2,2,1
ferrari,Ferrari,Italian,22265,594,27,2,2,1
ferrari,Ferrari,Italian,22281,595,30,2,2,1
ferrari,Ferrari,Italian,22297,596,30,2,2,1
ferrari,Ferrari,Italian,22313,597,39,2,2,2
ferrari,Ferrari,Italian,22329,598,45,1,1,2
ferrari,Ferrari,Italian,22345,599,48,2,2,2
ferrari,Ferrari,Italian,22363,600,57,1,1,3
ferrari,Ferrari,Italian,22381,601,59,1,1,3
ferrari,Ferrari,Italian,22399,602,59,2,2,3
ferrari,Ferrari,Italian,22417,603,65,2,2,3
ferrari,Ferrari,Italian,22437,604,65,2,2,3
ferrari,Ferrari,Italian,22035,605,3,3,3,0
ferrari,Ferrari,Italian,21879,606,6,4,4,0
ferrari,Ferrari,Italian,22054,608,9,4,4,0
ferrari,Ferrari,Italian,22064,609,9,4,4,0
ferrari,Ferrari,Italian,22075,610,9,4,4,0
ferrari,Ferrari,Italian,22086,611,10,4,4,0
ferrari,Ferrari,Italian,22121,612,12,4,4,0
ferrari,Ferrari,Italian,22145,614,12,5,5,0
ferrari,Ferrari,Italian,22157,615,12,5,5,0
ferrari,Ferrari,Italian,22169,616,12,5,5,0
ferrari,Ferrari,Italian,22181,617,12,5,5,0
ferrari,Ferrari,Italian,22193,618,12,5,5,0
ferrari,Ferrari,Italian,22205,619,12,6,6,0
ferrari,Ferrari,Italian,21899,620,4,3,3,0
ferrari,Ferrari,Italian,21908,621,7,3,3,0
ferrari,Ferrari,Italian,21917,622,13,3,3,0
ferrari,Ferrari,Italian,21926,623,19,3,3,0
ferrari,Ferrari,Italian,21945,624,19,3,3,0
ferrari,Ferrari,Italian,21955,625,19,4,4,0
ferrari,Ferrari,Italian,21965,626,20,4,4,0
ferrari,Ferrari,Italian,21976,627,29,3,3,1
ferrari,Ferrari,Italian,21987,628,29,4,4,1
ferrari,Ferrari,Italian,21999,629,29,4,4,1
ferrari,Ferrari,Italian,22011,630,31,4,4,1
ferrari,Ferrari,Italian,22023,631,33,4,4,1
ferrari,Ferrari,Italian,21678,632,9,1,1,1
ferrari,Ferrari,Italian,21688,633,15,1,1,1
ferrari,Ferrari,Italian,21698,634,19,2,2,1
ferrari,Ferrari,Italian,21702,635,28,1,1,2
ferrari,Ferrari,Italian,21713,636,28,2,2,2
ferrari,Ferrari,Italian,21730,637,28,2,2,2
ferrari,Ferrari,Italian,21741,638,32,2,2,2
ferrari,Ferrari,Italian,21746,639,32,2,2,2
ferrari,Ferrari,Italian,21757,640,32,2,2,2
ferrari,Ferrari,Italian,21769,641,32,2,2,2
ferrari,Ferrari,Italian,21787,642,33,3,3,2
ferrari,Ferrari,Italian,13927,17,70,4,4,1
ferrari,Ferrari,Italian,20920,667,3,3,3,0
ferrari,Ferrari,Italian,20933,668,3,5,5,0
ferrari,Ferrari,Italian,20947,669,3,6,6,0
ferrari,Ferrari,Italian,20960,670,7,5,5,0
ferrari,Ferrari,Italian,20977,671,10,5,5,0
ferrari,Ferrari,Italian,20992,672,19,3,3,1
ferrari,Ferrari,Italian,21005,673,25,2,2,1
ferrari,Ferrari,Italian,21022,674,28,3,3,1
ferrari,Ferrari,Italian,21037,675,32,3,3,1
ferrari,Ferrari,Italian,21056,676,32,4,4,1
ferrari,Ferrari,Italian,21071,677,32,4,4,1
ferrari,Ferrari,Italian,21088,678,32,4,4,1
ferrari,Ferrari,Italian,20752,680,4,5,5,0
ferrari,Ferrari,Italian,20767,681,7,4,4,0
ferrari,Ferrari,Italian,20782,682,11,3,3,0
ferrari,Ferrari,Italian,20796,683,11,4,4,0
ferrari,Ferrari,Italian,20811,684,15,4,4,0
ferrari,Ferrari,Italian,20828,685,19,4,4,0
ferrari,Ferrari,Italian,20846,686,20,4,4,0
ferrari,Ferrari,Italian,20865,687,20,4,4,0
ferrari,Ferrari,Italian,20884,688,20,4,4,0
ferrari,Ferrari,Italian,20904,689,20,5,5,0
ferrari,Ferrari,Italian,20627,690,6,2,2,0
ferrari,Ferrari,Italian,20639,691,15,1,1,1
ferrari,Ferrari,Italian,20650,692,21,1,1,1
ferrari,Ferrari,Italian,20663,693,21,2,2,1
ferrari,Ferrari,Italian,20674,694,22,2,2,1
ferrari,Ferrari,Italian,20687,695,23,2,2,1
ferrari,Ferrari,Italian,20700,696,31,2,2,2
ferrari,Ferrari,Italian,20715,697,31,2,2,2
ferrari,Ferrari,Italian,20358,699,6,2,2,0
ferrari,Ferrari,Italian,20371,700,12,2,2,0
ferrari,Ferrari,Italian,20419,703,20,3,3,0
ferrari,Ferrari,Italian,20467,706,24,3,3,0
ferrari,Ferrari,Italian,19793,719,3,3,3,0
ferrari,Ferrari,Italian,20072,710,6,3,3,0
ferrari,Ferrari,Italian,19808,720,3,5,5,0
ferrari,Ferrari,Italian,19832,722,7,5,5,0
ferrari,Ferrari,Italian,19844,723,13,5,5,0
ferrari,Ferrari,Italian,19857,724,22,3,3,1
ferrari,Ferrari,Italian,20064,709,0,6,6,0
ferrari,Ferrari,Italian,19512,729,4,3,3,0
ferrari,Ferrari,Italian,19519,730,10,3,3,0
ferrari,Ferrari,Italian,19528,731,14,3,3,0
ferrari,Ferrari,Italian,19548,733,14,4,4,0
ferrari,Ferrari,Italian,19537,732,14,4,4,0
ferrari,Ferrari,Italian,19560,734,15,6,6,0
ferrari,Ferrari,Italian,19906,727,24,3,3,1
ferrari,Ferrari,Italian,19888,726,24,3,3,1
ferrari,Ferrari,Italian,19871,725,22,3,3,1
ferrari,Ferrari,Italian,19386,745,45,1,1,5
ferrari,Ferrari,Italian,19326,738,6,2,2,0
ferrari,Ferrari,Italian,19126,755,26,3,3,1
ferrari,Ferrari,Italian,19112,754,26,3,3,1
ferrari,Ferrari,Italian,19101,753,19,3,3,0
ferrari,Ferrari,Italian,19089,752,16,3,3,0
ferrari,Ferrari,Italian,19076,751,15,3,3,0
ferrari,Ferrari,Italian,19066,750,15,3,3,0
ferrari,Ferrari,Italian,19055,749,12,3,3,0
ferrari,Ferrari,Italian,19046,748,10,2,2,0
ferrari,Ferrari,Italian,19036,747,10,2,2,0
ferrari,Ferrari,Italian,19027,746,6,2,2,0
ferrari,Ferrari,Italian,18855,758,8,3,3,0
ferrari,Ferrari,Italian,18841,756,6,2,2,0
ferrari,Ferrari,Italian,18848,757,6,2,2,0
ferrari,Ferrari,Italian,17834,774,40,2,2,2
ferrari,Ferrari,Italian,19610,737,18,6,6,0
ferrari,Ferrari,Italian,19576,735,18,5,5,0
ferrari,Ferrari,Italian,18863,759,16,2,2,1
ferrari,Ferrari,Italian,17825,773,40,2,2,2
ferrari,Ferrari,Italian,18871,760,16,2,2,1
ferrari,Ferrari,Italian,17816,772,37,1,1,2
ferrari,Ferrari,Italian,17807,771,36,1,1,2
ferrari,Ferrari,Italian,19593,736,18,6,6,0
ferrari,Ferrari,Italian,18883,761,24,2,2,2
ferrari,Ferrari,Italian,19362,743,42,1,1,4
ferrari,Ferrari,Italian,19352,742,42,1,1,4
ferrari,Ferrari,Italian,17789,769,20,1,1,0
ferrari,Ferrari,Italian,19343,741,33,1,1,3
ferrari,Ferrari,Italian,17780,768,14,2,2,0
ferrari,Ferrari,Italian,17763,766,12,2,2,0
ferrari,Ferrari,Italian,17771,767,14,2,2,0
ferrari,Ferrari,Italian,17760,765,6,2,2,0
ferrari,Ferrari,Italian,17798,770,28,1,1,1
ferrari,Ferrari,Italian,17843,775,40,2,2,2
ferrari,Ferrari,Italian,19336,740,24,1,1,2
ferrari,Ferrari,Italian,22133,613,12,5,5,0
ferrari,Ferrari,Italian,22044,607,9,4,4,0
ferrari,Ferrari,Italian,21660,655,52,2,2,4
ferrari,Ferrari,Italian,21648,654,46,2,2,3
ferrari,Ferrari,Italian,21636,653,43,2,2,3
ferrari,Ferrari,Italian,21625,652,34,4,4,2
ferrari,Ferrari,Italian,21614,651,25,5,5,1
ferrari,Ferrari,Italian,21603,650,16,5,5,0
ferrari,Ferrari,Italian,21592,649,10,7,7,0
ferrari,Ferrari,Italian,21582,648,7,7,7,0
ferrari,Ferrari,Italian,21572,647,7,7,7,0
ferrari,Ferrari,Italian,21563,646,3,7,7,0
ferrari,Ferrari,Italian,21554,645,0,8,8,0
ferrari,Ferrari,Italian,21545,644,0,7,7,0
ferrari,Ferrari,Italian,21342,662,4,5,5,0
ferrari,Ferrari,Italian,21318,659,4,5,5,0
ferrari,Ferrari,Italian,21537,643,0,7,7,0
ferrari,Ferrari,Italian,21380,666,7,6,6,0
ferrari,Ferrari,Italian,21370,665,7,5,5,0
ferrari,Ferrari,Italian,21360,664,5,5,5,0
ferrari,Ferrari,Italian,21351,663,5,5,5,0
ferrari,Ferrari,Italian,21334,661,4,5,5,0
ferrari,Ferrari,Italian,21326,660,4,5,5,0
ferrari,Ferrari,Italian,21310,658,0,8,8,0
ferrari,Ferrari,Italian,21303,657,0,7,7,0
ferrari,Ferrari,Italian,21296,656,0,6,6,0
ferrari,Ferrari,Italian,20730,698,31,2,2,2
ferrari,Ferrari,Italian,20499,708,26,4,4,0
ferrari,Ferrari,Italian,20483,707,26,3,3,0
ferrari,Ferrari,Italian,20451,705,21,3,3,0
ferrari,Ferrari,Italian,20435,704,20,3,3,0
ferrari,Ferrari,Italian,20403,702,16,3,3,0
ferrari,Ferrari,Italian,20387,701,12,3,3,0
ferrari,Ferrari,Italian,20168,718,45,1,1,3
ferrari,Ferrari,Italian,20155,717,43,1,1,3
ferrari,Ferrari,Italian,20137,716,37,1,1,3
ferrari,Ferrari,Italian,20125,715,28,3,3,2
ferrari,Ferrari,Italian,20113,714,19,3,3,1
ferrari,Ferrari,Italian,20102,713,10,4,4,0
ferrari,Ferrari,Italian,20092,712,6,5,5,0
ferrari,Ferrari,Italian,20082,711,6,4,4,0
ferrari,Ferrari,Italian,19925,728,26,4,4,1
ferrari,Ferrari,Italian,19820,721,7,5,5,0
ferrari,Ferrari,Italian,19373,744,45,1,1,5
ferrari,Ferrari,Italian,19329,739,15,1,1,1
ferrari,Ferrari,Italian,18919,764,32,2,2,2
ferrari,Ferrari,Italian,18907,763,32,2,2,2
ferrari,Ferrari,Italian,18895,762,28,2,2,2
ferrari,Ferrari,Italian,22705,582,35,1,1,3
ferrari,Ferrari,Italian,22722,583,41,1,1,3
ferrari,Ferrari,Italian,22740,584,50,1,1,4
ferrari,Ferrari,Italian,22758,585,50,1,1,4
ferrari,Ferrari,Italian,22777,586,54,1,1,4
ferrari,Ferrari,Italian,24030,515,33,1,1,2
ferrari,Ferrari,Italian,24129,521,65,1,1,4
ferrari,Ferrari,Italian,24232,337,43,1,1,1
ferrari,Ferrari,Italian,24244,338,70,1,1,1
ferrari,Ferrari,Italian,24256,339,76,1,1,1
ferrari,Ferrari,Italian,24268,340,90,2,2,1
ferrari,Ferrari,Italian,24280,341,116,2,2,1
ferrari,Ferrari,Italian,24316,343,146,3,3,1
ferrari,Ferrari,Italian,24304,342,136,2,2,1
ferrari,Ferrari,Italian,24328,344,161,3,3,1
ferrari,Ferrari,Italian,24340,345,165,3,3,1
ferrari,Ferrari,Italian,24352,346,165,3,3,1
ferrari,Ferrari,Italian,24364,347,208,3,3,2
ferrari,Ferrari,Italian,24376,348,238,3,3,2
ferrari,Ferrari,Italian,24388,349,250,3,3,2
ferrari,Ferrari,Italian,24400,350,290,3,3,3
ferrari,Ferrari,Italian,24436,351,319,3,3,4
ferrari,Ferrari,Italian,24448,352,334,3,3,4
ferrari,Ferrari,Italian,24472,353,374,3,3,5
ferrari,Ferrari,Italian,24484,354,389,3,3,5
ferrari,Ferrari,Italian,24496,355,396,3,3,5
ferrari,Ferrari,Italian,24663,841,18,3,3,0
ferrari,Ferrari,Italian,24543,842,36,3,3,0
ferrari,Ferrari,Italian,24555,843,50,3,3,0
ferrari,Ferrari,Italian,24567,844,65,3,3,0
ferrari,Ferrari,Italian,24579,845,75,3,3,0
ferrari,Ferrari,Italian,24591,846,93,3,3,0
ferrari,Ferrari,Italian,24603,847,101,3,3,0
ferrari,Ferrari,Italian,24615,848,129,3,3,0
ferrari,Ferrari,Italian,24627,849,164,3,3,1
ferrari,Ferrari,Italian,24639,850,192,3,3,1
ferrari,Ferrari,Italian,24651,851,215,3,3,1
ferrari,Ferrari,Italian,24673,852,231,3,3,1
ferrari,Ferrari,Italian,24685,853,254,3,3,1
ferrari,Ferrari,Italian,24697,854,268,3,3,1
ferrari,Ferrari,Italian,24709,855,292,3,3,1
ferrari,Ferrari,Italian,24721,856,310,3,3,1
ferrari,Ferrari,Italian,24733,857,325,3,3,1
ferrari,Ferrari,Italian,24745,858,353,3,3,1
ferrari,Ferrari,Italian,24757,859,375,3,3,1
ferrari,Ferrari,Italian,24934,860,10,4,4,0
ferrari,Ferrari,Italian,24779,861,35,3,3,1
ferrari,Ferrari,Italian,24791,862,37,3,3,1
ferrari,Ferrari,Italian,24838,864,63,4,4,1
ferrari,Ferrari,Italian,24826,863,45,4,4,1
ferrari,Ferrari,Italian,24850,865,86,3,3,1
ferrari,Ferrari,Italian,24862,866,97,4,4,1
ferrari,Ferrari,Italian,24874,867,122,4,4,2
ferrari,Ferrari,Italian,24886,868,152,2,2,2
ferrari,Ferrari,Italian,24969,869,177,2,2,3
ferrari,Ferrari,Italian,24981,870,189,4,4,3
ferrari,Ferrari,Italian,24993,871,199,4,4,3
ferrari,Ferrari,Italian,25005,872,226,3,3,3
ferrari,Ferrari,Italian,25041,873,245,3,3,3
ferrari,Ferrari,Italian,25053,874,263,3,3,3
ferrari,Ferrari,Italian,25065,875,290,2,2,3
ferrari,Ferrari,Italian,25089,876,316,2,2,3
ferrari,Ferrari,Italian,25101,877,340,2,2,3
ferrari,Ferrari,Italian,25113,878,367,2,2,3
ferrari,Ferrari,Italian,25125,879,400,2,2,3
ferrari,Ferrari,Italian,25136,880,30,1,1,0
ferrari,Ferrari,Italian,25147,881,40,3,3,0
ferrari,Ferrari,Italian,25158,882,73,2,2,1
ferrari,Ferrari,Italian,25169,883,77,3,3,1
ferrari,Ferrari,Italian,25180,884,117,2,2,2
ferrari,Ferrari,Italian,25191,885,123,2,2,2
ferrari,Ferrari,Italian,25202,886,145,2,2,2
ferrari,Ferrari,Italian,25213,887,168,3,3,2
ferrari,Ferrari,Italian,25224,888,180,3,3,2
ferrari,Ferrari,Italian,25235,890,194,3,3,2
ferrari,Ferrari,Italian,25246,891,218,3,3,2
ferrari,Ferrari,Italian,25279,893,274,2,2,2
ferrari,Ferrari,Italian,25268,892,248,2,2,2
ferrari,Ferrari,Italian,25290,894,284,2,2,2
ferrari,Ferrari,Italian,25301,895,297,2,2,2
ferrari,Ferrari,Italian,25312,896,309,3,3,2
ferrari,Ferrari,Italian,25323,897,323,3,3,2
ferrari,Ferrari,Italian,25334,898,333,3,3,2
ferrari,Ferrari,Italian,25345,899,354,3,3,2
ferrari,Ferrari,Italian,25733,36,13,1,1,1
ferrari,Ferrari,Italian,25933,900,18,3,3,0
ferrari,Ferrari,Italian,25944,901,30,3,3,0
ferrari,Ferrari,Italian,25955,902,33,5,5,0
ferrari,Ferrari,Italian,25966,903,52,4,4,0
ferrari,Ferrari,Italian,25977,904,66,3,3,0
ferrari,Ferrari,Italian,25988,905,78,3,3,0
ferrari,Ferrari,Italian,25999,906,87,3,3,0
ferrari,Ferrari,Italian,26010,907,98,3,3,0
ferrari,Ferrari,Italian,26021,908,106,3,3,0
ferrari,Ferrari,Italian,26032,909,116,4,4,0
ferrari,Ferrari,Italian,26043,910,142,3,3,0
ferrari,Ferrari,Italian,26054,911,160,3,3,0
ferrari,Ferrari,Italian,26065,912,162,4,4,0
ferrari,Ferrari,Italian,26076,913,178,4,4,0
ferrari,Ferrari,Italian,26087,914,178,4,4,0
ferrari,Ferrari,Italian,26098,915,188,4,4,0
ferrari,Ferrari,Italian,26109,916,196,4,4,0
ferrari,Ferrari,Italian,26120,917,210,4,4,0
ferrari,Ferrari,Italian,26131,918,216,4,4,0
ferrari,Ferrari,Italian,26733,969,37,1,1,1
ferrari,Ferrari,Italian,26141,926,15,2,2,0
ferrari,Ferrari,Italian,26150,927,52,2,2,1
ferrari,Ferrari,Italian,26160,928,79,2,2,1
ferrari,Ferrari,Italian,26170,929,107,2,2,1
ferrari,Ferrari,Italian,26180,930,132,2,2,1
ferrari,Ferrari,Italian,26190,931,158,2,2,1
ferrari,Ferrari,Italian,26200,932,180,2,2,1
ferrari,Ferrari,Italian,26210,933,192,2,2,1
ferrari,Ferrari,Italian,26220,934,211,2,2,1
ferrari,Ferrari,Italian,26230,936,236,2,2,2
ferrari,Ferrari,Italian,26251,937,242,2,2,2
ferrari,Ferrari,Italian,26261,938,270,2,2,2
ferrari,Ferrari,Italian,26271,939,310,2,2,3
ferrari,Ferrari,Italian,26291,940,337,2,2,3
ferrari,Ferrari,Italian,26376,941,359,2,2,3
ferrari,Ferrari,Italian,26386,942,374,2,2,3
ferrari,Ferrari,Italian,26396,943,374,2,2,3
ferrari,Ferrari,Italian,26406,944,401,2,2,3
ferrari,Ferrari,Italian,26427,945,428,2,2,3
ferrari,Ferrari,Italian,26558,948,15,2,2,0
ferrari,Ferrari,Italian,26448,949,33,2,2,0
ferrari,Ferrari,Italian,26459,950,61,2,2,0
ferrari,Ferrari,Italian,26470,951,76,2,2,0
ferrari,Ferrari,Italian,26481,952,109,2,2,0
ferrari,Ferrari,Italian,26492,953,121,2,2,0
ferrari,Ferrari,Italian,26503,954,147,2,2,0
ferrari,Ferrari,Italian,26525,955,177,2,2,0
ferrari,Ferrari,Italian,26536,956,192,2,2,0
ferrari,Ferrari,Italian,26547,957,204,2,2,0
ferrari,Ferrari,Italian,26569,958,224,2,2,0
ferrari,Ferrari,Italian,26580,959,242,3,3,0
ferrari,Ferrari,Italian,26591,960,252,3,3,0
ferrari,Ferrari,Italian,26602,961,279,3,3,0
ferrari,Ferrari,Italian,26613,962,301,3,3,0
ferrari,Ferrari,Italian,26624,963,313,3,3,0
ferrari,Ferrari,Italian,26635,964,335,3,3,0
ferrari,Ferrari,Italian,26712,967,375,3,3,0
ferrari,Ferrari,Italian,26690,965,347,3,3,0
ferrari,Ferrari,Italian,26701,966,365,3,3,0
ferrari,Ferrari,Italian,26723,968,398,3,3,0
ferrari,Ferrari,Italian,26743,970,65,2,2,1
ferrari,Ferrari,Italian,26753,971,102,1,1,2
ferrari,Ferrari,Italian,26763,972,135,2,2,2
ferrari,Ferrari,Italian,26773,973,153,2,2,2
ferrari,Ferrari,Italian,26783,974,196,1,1,3
ferrari,Ferrari,Italian,26793,975,214,2,2,3
ferrari,Ferrari,Italian,26803,976,226,2,2,3
ferrari,Ferrari,Italian,26813,977,254,2,2,3
ferrari,Ferrari,Italian,26823,978,275,2,2,3
ferrari,Ferrari,Italian,26833,979,318,2,2,4
ferrari,Ferrari,Italian,26843,980,348,2,2,4
ferrari,Ferrari,Italian,26853,981,373,2,2,4
ferrari,Ferrari,Italian,26863,982,373,2,2,4
ferrari,Ferrari,Italian,26873,983,385,2,2,4
ferrari,Ferrari,Italian,26883,984,395,2,2,4
ferrari,Ferrari,Italian,26893,985,428,2,2,4
ferrari,Ferrari,Italian,26903,986,455,2,2,4
ferrari,Ferrari,Italian,26913,987,495,2,2,5
ferrari,Ferrari,Italian,26923,988,522,2,2,5
ferrari,Ferrari,Italian,26933,989,40,1,1,1
ferrari,Ferrari,Italian,26973,990,65,1,1,2
ferrari,Ferrari,Italian,26963,991,84,2,2,2
ferrari,Ferrari,Italian,26983,992,114,1,1,2
ferrari,Ferrari,Italian,26993,993,126,2,2,2
ferrari,Ferrari,Italian,27003,994,156,2,2,2
ferrari,Ferrari,Italian,27013,995,189,2,2,3
ferrari,Ferrari,Italian,27023,996,214,2,2,3
ferrari,Ferrari,Italian,27033,997,247,1,1,3
ferrari,Ferrari,Italian,27043,998,287,1,1,4
ferrari,Ferrari,Italian,27053,999,302,2,2,4
ferrari,Ferrari,Italian,27063,1000,335,2,2,4
ferrari,Ferrari,Italian,27073,1001,360,2,2,5
ferrari,Ferrari,Italian,27093,1002,390,2,2,5
ferrari,Ferrari,Italian,27103,1003,415,2,2,5
ferrari,Ferrari,Italian,27113,1004,442,2,2,5
ferrari,Ferrari,Italian,27123,1005,460,2,2,5
ferrari,Ferrari,Italian,27143,1006,497,2,2,6
ferrari,Ferrari,Italian,27153,1007,530,2,2,6
ferrari,Ferrari,Italian,27163,1008,553,2,2,6
ferrari,Ferrari,Italian,27173,1009,571,2,2,6
ferrari,Ferrari,Italian,27195,1010,22,2,2,0
ferrari,Ferrari,Italian,27215,1011,48,2,2,0
ferrari,Ferrari,Italian,27225,1012,73,2,2,0
ferrari,Ferrari,Italian,27235,1013,99,2,2,0
ferrari,Ferrari,Italian,27245,1014,121,2,2,0
ferrari,Ferrari,Italian,27255,1015,139,2,2,0
ferrari,Ferrari,Italian,27265,1016,172,2,2,0
ferrari,Ferrari,Italian,27295,1017,198,2,2,0
ferrari,Ferrari,Italian,27305,1018,228,2,2,0
ferrari,Ferrari,Italian,27315,1019,243,2,2,0
ferrari,Ferrari,Italian,27335,1020,261,2,2,0
ferrari,Ferrari,Italian,27345,1021,288,2,2,0
ferrari,Ferrari,Italian,27355,1022,326,2,2,1
ferrari,Ferrari,Italian,27365,1023,351,2,2,2
ferrari,Ferrari,Italian,27375,1024,394,2,2,3
ferrari,Ferrari,Italian,27385,1025,409,2,2,3
ferrari,Ferrari,Italian,27415,1026,435,2,2,3
ferrari,Ferrari,Italian,27425,1027,466,2,2,3
ferrari,Ferrari,Italian,27435,1028,479,2,2,3
ferrari,Ferrari,Italian,27445,1029,479,2,2,3
ferrari,Ferrari,Italian,27455,1030,504,2,2,3
ferrari,Ferrari,Italian,27514,1034,43,4,4,0
ferrari,Ferrari,Italian,27574,1031,19,3,3,0
ferrari,Ferrari,Italian,27484,1032,19,5,5,0
ferrari,Ferrari,Italian,27504,1033,27,5,5,0
ferrari,Ferrari,Italian,27524,1035,55,3,3,0
ferrari,Ferrari,Italian,27534,1036,61,5,5,0
ferrari,Ferrari,Italian,27544,1037,61,5,5,0
ferrari,Ferrari,Italian,27554,1038,61,6,6,0
ferrari,Ferrari,Italian,27564,1039,66,6,6,0
ferrari,Ferrari,Italian,27584,1040,74,6,6,0
ferrari,Ferrari,Italian,27594,1041,80,6,6,0
ferrari,Ferrari,Italian,27604,1042,93,6,6,0
ferrari,Ferrari,Italian,27614,1043,103,6,6,0
ferrari,Ferrari,Italian,27624,1044,130,6,6,0
ferrari,Ferrari,Italian,27634,1045,131,6,6,0
ferrari,Ferrari,Italian,27644,1046,131,6,6,0
ferrari,Ferrari,Italian,27654,1047,131,6,6,0
ferrari,Ferrari,Italian,27906,1051,297.5,3,3,0
ferrari,Ferrari,Italian,27676,1052,12,4,4,0
ferrari,Ferrari,Italian,27706,1053,34,4,4,0
ferrari,Ferrari,Italian,27716,1054,42,4,4,0
ferrari,Ferrari,Italian,27726,1055,60,4,4,0
ferrari,Ferrari,Italian,27736,1056,78,4,4,0
ferrari,Ferrari,Italian,27746,1057,94,3,3,0
ferrari,Ferrari,Italian,27756,1059,94,4,4,0
ferrari,Ferrari,Italian,27766,1058,108,4,4,0
ferrari,Ferrari,Italian,27786,1060,122,4,4,0
ferrari,Ferrari,Italian,27796,1061,148,4,4,0
ferrari,Ferrari,Italian,27816,1062,163,3,3,0
ferrari,Ferrari,Italian,27826,1063,165.5,4,4,0
ferrari,Ferrari,Italian,27836,1064,181.5,3,3,0
ferrari,Ferrari,Italian,27846,1065,201.5,4,4,0
ferrari,Ferrari,Italian,27856,1066,216.5,4,4,0
ferrari,Ferrari,Italian,27866,1067,232.5,4,4,0
ferrari,Ferrari,Italian,27876,1069,250.5,4,4,0
ferrari,Ferrari,Italian,27886,1070,268.5,3,3,0
ferrari,Ferrari,Italian,27896,1071,287.5,3,3,0
ferrari,Ferrari,Italian,27916,1072,307.5,3,3,0
ferrari,Ferrari,Italian,27926,1073,323.5,3,3,0
ferrari,Ferrari,Italian,28133,1074,44,1,1,1
ferrari,Ferrari,Italian,28143,1075,78,1,1,1
ferrari,Ferrari,Italian,28153,1076,104,1,1,2
ferrari,Ferrari,Italian,28163,1077,124,1,1,2
ferrari,Ferrari,Italian,28173,1078,157,1,1,2
ferrari,Ferrari,Italian,28183,1079,169,2,2,2
ferrari,Ferrari,Italian,28193,1080,199,2,2,2
toyota,Toyota,Japanese,13,19,5,6,6,0
toyota,Toyota,Japanese,24,20,8,5,5,0
toyota,Toyota,Japanese,35,21,9,5,5,0
toyota,Toyota,Japanese,46,22,9,6,6,0
toyota,Toyota,Japanese,57,23,9,6,6,0
toyota,Toyota,Japanese,68,24,17,5,5,0
toyota,Toyota,Japanese,79,25,23,5,5,0
toyota,Toyota,Japanese,90,26,25,4,4,0
toyota,Toyota,Japanese,101,27,25,4,4,0
toyota,Toyota,Japanese,112,28,35,4,4,0
toyota,Toyota,Japanese,123,29,41,4,4,0
toyota,Toyota,Japanese,134,30,41,4,4,0
toyota,Toyota,Japanese,145,31,41,4,4,0
toyota,Toyota,Japanese,156,32,46,5,5,0
toyota,Toyota,Japanese,167,33,50,5,5,0
toyota,Toyota,Japanese,1639,34,52,5,5,0
toyota,Toyota,Japanese,189,35,56,5,5,0
toyota,Toyota,Japanese,25738,36,1,5,5,0
toyota,Toyota,Japanese,25749,37,3,4,4,0
toyota,Toyota,Japanese,25760,38,5,4,4,0
toyota,Toyota,Japanese,25771,39,5,5,5,0
toyota,Toyota,Japanese,25782,40,5,5,5,0
toyota,Toyota,Japanese,25793,41,6,5,5,0
toyota,Toyota,Japanese,25804,42,9,5,5,0
toyota,Toyota,Japanese,25815,43,9,5,5,0
toyota,Toyota,Japanese,25826,44,9,5,5,0
toyota,Toyota,Japanese,25837,45,9,6,6,0
toyota,Toyota,Japanese,25848,46,12,6,6,0
toyota,Toyota,Japanese,25859,47,12,6,6,0
toyota,Toyota,Japanese,25870,48,12,6,6,0
toyota,Toyota,Japanese,25881,49,12,6,6,0
toyota,Toyota,Japanese,25892,50,12,6,6,0
toyota,Toyota,Japanese,25903,51,12,6,6,0
toyota,Toyota,Japanese,25914,52,13,6,6,0
toyota,Toyota,Japanese,6325,53,0,9,9,0
toyota,Toyota,Japanese,6336,54,1,7,7,0
toyota,Toyota,Japanese,6347,55,7,6,6,0
toyota,Toyota,Japanese,6358,56,7,7,7,0
toyota,Toyota,Japanese,6369,57,7,7,7,0
toyota,Toyota,Japanese,6380,58,7,7,7,0
toyota,Toyota,Japanese,6391,59,8,7,7,0
toyota,Toyota,Japanese,6402,60,8,7,7,0
toyota,Toyota,Japanese,6413,61,11,6,6,0
toyota,Toyota,Japanese,6424,62,16,6,6,0
toyota,Toyota,Japanese,6435,63,21,5,5,0
toyota,Toyota,Japanese,6446,64,23,5,5,0
toyota,Toyota,Japanese,6457,65,26,5,5,0
toyota,Toyota,Japanese,6468,66,28,5,5,0
toyota,Toyota,Japanese,6479,67,30,6,6,0
toyota,Toyota,Japanese,6491,68,30,6,6,0
toyota,Toyota,Japanese,6503,69,35,6,6,0
toyota,Toyota,Japanese,6515,70,35,6,6,0
toyota,Toyota,Japanese,27948,71,0,6,6,0
toyota,Toyota,Japanese,27958,72,12,2,2,0
toyota,Toyota,Japanese,27968,73,25,2,2,0
toyota,Toyota,Japanese,27978,74,29,2,2,0
toyota,Toyota,Japanese,27988,75,40,2,2,0
toyota,Toyota,Japanese,27998,76,43,3,3,0
toyota,Toyota,Japanese,28008,77,44,3,3,0
toyota,Toyota,Japanese,28018,78,47,4,4,0
toyota,Toyota,Japanese,28028,79,47,5,5,0
toyota,Toyota,Japanese,28038,80,53,4,4,0
toyota,Toyota,Japanese,28048,81,54,4,4,0
toyota,Toyota,Japanese,28058,82,57,4,4,0
toyota,Toyota,Japanese,28068,83,68,4,4,0
toyota,Toyota,Japanese,28078,84,71,4,4,0
toyota,Toyota,Japanese,28088,85,78,4,4,0
toyota,Toyota,Japanese,28098,86,80,4,4,0
toyota,Toyota,Japanese,28108,87,81,4,4,0
toyota,Toyota,Japanese,28118,88,82,4,4,0
toyota,Toyota,Japanese,28128,89,88,4,4,0
toyota,Toyota,Japanese,6145,90,0,8,8,0
toyota,Toyota,Japanese,6154,91,0,7,7,0
toyota,Toyota,Japanese,6164,92,0,8,8,0
toyota,Toyota,Japanese,6174,93,0,8,8,0
toyota,Toyota,Japanese,6184,94,0,8,8,0
toyota,Toyota,Japanese,6194,95,4,7,7,0
toyota,Toyota,Japanese,6204,96,4,7,7,0
toyota,Toyota,Japanese,6214,97,4,8,8,0
toyota,Toyota,Japanese,6224,98,8,7,7,0
toyota,Toyota,Japanese,6234,99,8,7,7,0
toyota,Toyota,Japanese,6244,100,8,7,7,0
toyota,Toyota,Japanese,6254,101,8,7,7,0
toyota,Toyota,Japanese,6264,102,8,7,7,0
toyota,Toyota,Japanese,6274,103,9,8,8,0
toyota,Toyota,Japanese,6284,104,9,8,8,0
toyota,Toyota,Japanese,6294,105,9,8,8,0
toyota,Toyota,Japanese,6304,106,9,8,8,0
toyota,Toyota,Japanese,6314,107,9,8,8,0
toyota,Toyota,Japanese,5997,109,0,9,9,0
toyota,Toyota,Japanese,6006,110,0,9,9,0
toyota,Toyota,Japanese,6016,111,0,8,8,0
toyota,Toyota,Japanese,6026,112,3,8,8,0
toyota,Toyota,Japanese,6036,113,3,9,9,0
toyota,Toyota,Japanese,6046,114,3,9,9,0
toyota,Toyota,Japanese,6056,115,4,9,9,0
toyota,Toyota,Japanese,6066,116,4,9,9,0
toyota,Toyota,Japanese,6076,117,5,9,9,0
toyota,Toyota,Japanese,6086,118,7,9,9,0
toyota,Toyota,Japanese,6096,119,14,6,6,0
toyota,Toyota,Japanese,6106,120,14,7,7,0
toyota,Toyota,Japanese,6116,121,14,7,7,0
toyota,Toyota,Japanese,6126,122,14,8,8,0
toyota,Toyota,Japanese,6136,123,16,8,8,0
toyota,Toyota,Japanese,5805,124,1,6,6,0
toyota,Toyota,Japanese,5811,125,1,8,8,0
toyota,Toyota,Japanese,5822,126,2,8,8,0
toyota,Toyota,Japanese,5833,127,2,8,8,0
toyota,Toyota,Japanese,5844,128,2,8,8,0
toyota,Toyota,Japanese,5855,129,2,9,9,0
toyota,Toyota,Japanese,5866,130,2,9,9,0
toyota,Toyota,Japanese,5877,131,2,9,9,0
toyota,Toyota,Japanese,5888,132,2,9,9,0
toyota,Toyota,Japanese,5899,133,2,10,10,0
toyota,Toyota,Japanese,5910,134,2,10,10,0
toyota,Toyota,Japanese,5921,135,2,10,10,0
toyota,Toyota,Japanese,5932,136,2,10,10,0
toyota,Toyota,Japanese,5943,137,2,10,10,0
toyota,Toyota,Japanese,5954,138,2,10,10,0
toyota,Toyota,Japanese,5965,139,2,10,10,0
toyota,Toyota,Japanese,5976,140,2,10,10,0
toyota,Toyota,Japanese,4039,1,11,2,2,0
toyota,Toyota,Japanese,8534,2,16.5,2,2,0
toyota,Toyota,Japanese,8564,3,18.5,3,3,0
toyota,Toyota,Japanese,8584,4,26.5,3,3,0
toyota,Toyota,Japanese,8594,5,26.5,3,3,0
toyota,Toyota,Japanese,8674,6,26.5,3,3,0
toyota,Toyota,Japanese,8644,7,32.5,3,3,0
toyota,Toyota,Japanese,8664,8,34.5,3,3,0
toyota,Toyota,Japanese,8684,9,34.5,3,3,0
toyota,Toyota,Japanese,8694,10,38.5,4,4,0
toyota,Toyota,Japanese,8704,11,38.5,5,5,0
toyota,Toyota,Japanese,8714,12,38.5,5,5,0
toyota,Toyota,Japanese,8724,13,38.5,5,5,0
toyota,Toyota,Japanese,8734,14,46.5,5,5,0
toyota,Toyota,Japanese,8754,15,54.5,5,5,0
toyota,Toyota,Japanese,8764,16,54.5,5,5,0
toyota,Toyota,Japanese,13920,17,59.5,5,5,0
super_aguri,Super Aguri,Japanese,17,19,0,11,11,0
super_aguri,Super Aguri,Japanese,28,20,0,11,11,0
super_aguri,Super Aguri,Japanese,39,21,0,11,11,0
super_aguri,Super Aguri,Japanese,50,22,0,11,11,0
super_aguri,Super Aguri,Japanese,61,23,0,11,11,0
super_aguri,Super Aguri,Japanese,72,24,0,11,11,0
super_aguri,Super Aguri,Japanese,83,25,0,11,11,0
super_aguri,Super Aguri,Japanese,94,26,0,11,11,0
super_aguri,Super Aguri,Japanese,105,27,0,11,11,0
super_aguri,Super Aguri,Japanese,116,28,0,11,11,0
super_aguri,Super Aguri,Japanese,127,29,0,11,11,0
super_aguri,Super Aguri,Japanese,138,30,0,11,11,0
super_aguri,Super Aguri,Japanese,149,31,0,11,11,0
super_aguri,Super Aguri,Japanese,160,32,0,11,11,0
super_aguri,Super Aguri,Japanese,171,33,0,11,11,0
super_aguri,Super Aguri,Japanese,1643,34,0,11,11,0
super_aguri,Super Aguri,Japanese,193,35,0,11,11,0
super_aguri,Super Aguri,Japanese,25740,36,0,7,7,0
super_aguri,Super Aguri,Japanese,25751,37,0,8,8,0
super_aguri,Super Aguri,Japanese,25762,38,0,8,8,0
super_aguri,Super Aguri,Japanese,25773,39,1,7,7,0
super_aguri,Super Aguri,Japanese,25784,40,1,7,7,0
super_aguri,Super Aguri,Japanese,25795,41,4,7,7,0
super_aguri,Super Aguri,Japanese,25806,42,4,7,7,0
super_aguri,Super Aguri,Japanese,25817,43,4,7,7,0
super_aguri,Super Aguri,Japanese,25828,44,4,7,7,0
super_aguri,Super Aguri,Japanese,25839,45,4,7,7,0
super_aguri,Super Aguri,Japanese,25850,46,4,7,7,0
super_aguri,Super Aguri,Japanese,25861,47,4,7,7,0
super_aguri,Super Aguri,Japanese,25872,48,4,7,7,0
super_aguri,Super Aguri,Japanese,25883,49,4,7,7,0
super_aguri,Super Aguri,Japanese,25894,50,4,7,7,0
super_aguri,Super Aguri,Japanese,25905,51,4,9,9,0
super_aguri,Super Aguri,Japanese,25916,52,4,9,9,0
super_aguri,Super Aguri,Japanese,6327,53,0,11,11,0
super_aguri,Super Aguri,Japanese,6338,54,0,11,11,0
super_aguri,Super Aguri,Japanese,6349,55,0,11,11,0
super_aguri,Super Aguri,Japanese,6360,56,0,11,11,0
super_aguri,Super Aguri,Japanese,6371,57,0,11,11,0
super_aguri,Super Aguri,Japanese,6382,58,0,11,11,0
super_aguri,Super Aguri,Japanese,6393,59,0,11,11,0
super_aguri,Super Aguri,Japanese,6404,60,0,11,11,0
super_aguri,Super Aguri,Japanese,6415,61,0,11,11,0
super_aguri,Super Aguri,Japanese,6426,62,0,11,11,0
super_aguri,Super Aguri,Japanese,6437,63,0,11,11,0
super_aguri,Super Aguri,Japanese,6448,64,0,11,11,0
super_aguri,Super Aguri,Japanese,6459,65,0,11,11,0
super_aguri,Super Aguri,Japanese,6470,66,0,11,11,0
super_aguri,Super Aguri,Japanese,6481,67,0,11,11,0
super_aguri,Super Aguri,Japanese,6493,68,0,11,11,0
super_aguri,Super Aguri,Japanese,6505,69,0,11,11,0
super_aguri,Super Aguri,Japanese,6517,70,0,11,11,0
red_bull,Red Bull,Austrian,14,19,2,7,7,0
red_bull,Red Bull,Austrian,25,20,4,7,7,0
red_bull,Red Bull,Austrian,36,21,8,6,6,0
red_bull,Red Bull,Austrian,47,22,10,5,5,0
red_bull,Red Bull,Austrian,58,23,15,5,5,0
red_bull,Red Bull,Austrian,69,24,21,4,4,0
red_bull,Red Bull,Austrian,80,25,24,4,4,0
red_bull,Red Bull,Austrian,91,26,24,5,5,0
red_bull,Red Bull,Austrian,102,27,24,5,5,0
red_bull,Red Bull,Austrian,113,28,24,6,6,0
red_bull,Red Bull,Austrian,124,29,24,6,6,0
red_bull,Red Bull,Austrian,135,30,25,6,6,0
red_bull,Red Bull,Austrian,146,31,26,7,7,0
red_bull,Red Bull,Austrian,157,32,28,7,7,0
red_bull,Red Bull,Austrian,168,33,29,7,7,0
red_bull,Red Bull,Austrian,1640,34,29,7,7,0
red_bull,Red Bull,Austrian,190,35,29,7,7,0
red_bull,Red Bull,Austrian,25741,36,0,8,8,0
red_bull,Red Bull,Austrian,25752,37,0,6,6,0
red_bull,Red Bull,Austrian,25763,38,0,6,6,0
red_bull,Red Bull,Austrian,25774,39,4,6,6,0
red_bull,Red Bull,Austrian,25785,40,4,6,6,0
red_bull,Red Bull,Austrian,25796,41,4,6,6,0
red_bull,Red Bull,Austrian,25807,42,6,6,6,0
red_bull,Red Bull,Austrian,25818,43,6,6,6,0
red_bull,Red Bull,Austrian,25829,44,6,6,6,0
red_bull,Red Bull,Austrian,25840,45,16,5,5,0
red_bull,Red Bull,Austrian,25851,46,16,5,5,0
red_bull,Red Bull,Austrian,25862,47,16,5,5,0
red_bull,Red Bull,Austrian,25873,48,16,5,5,0
red_bull,Red Bull,Austrian,25884,49,18,5,5,0
red_bull,Red Bull,Austrian,25895,50,23,5,5,0
red_bull,Red Bull,Austrian,25906,51,24,5,5,0
red_bull,Red Bull,Austrian,25917,52,24,5,5,0
red_bull,Red Bull,Austrian,6322,53,1,6,6,0
red_bull,Red Bull,Austrian,6333,54,1,8,8,0
red_bull,Red Bull,Austrian,6344,55,2,8,8,0
red_bull,Red Bull,Austrian,6355,56,2,8,8,0
red_bull,Red Bull,Austrian,6366,57,2,8,8,0
red_bull,Red Bull,Austrian,6377,58,2,8,8,0
red_bull,Red Bull,Austrian,6388,59,8,8,8,0
red_bull,Red Bull,Austrian,6399,60,8,8,8,0
red_bull,Red Bull,Austrian,6410,61,9,8,8,0
red_bull,Red Bull,Austrian,6421,62,11,7,7,0
red_bull,Red Bull,Austrian,6432,63,11,7,7,0
red_bull,Red Bull,Austrian,6443,64,12,7,7,0
red_bull,Red Bull,Austrian,6454,65,16,7,7,0
red_bull,Red Bull,Austrian,6465,66,16,7,7,0
red_bull,Red Bull,Austrian,6476,67,16,7,7,0
red_bull,Red Bull,Austrian,6488,68,16,7,7,0
red_bull,Red Bull,Austrian,6500,69,16,7,7,0
red_bull,Red Bull,Austrian,6512,70,16,7,7,0
red_bull,Red Bull,Austrian,27945,71,7,3,3,0
red_bull,Red Bull,Austrian,27955,72,11,3,3,0
red_bull,Red Bull,Austrian,27965,73,12,5,5,0
red_bull,Red Bull,Austrian,27975,74,13,6,6,0
red_bull,Red Bull,Austrian,27985,75,14,6,6,0
red_bull,Red Bull,Austrian,27995,76,14,6,6,0
red_bull,Red Bull,Austrian,28005,77,19,6,6,0
red_bull,Red Bull,Austrian,28015,78,22,6,6,0
red_bull,Red Bull,Austrian,28025,79,22,6,6,0
red_bull,Red Bull,Austrian,28035,80,22,6,6,0
red_bull,Red Bull,Austrian,28045,81,22,6,6,0
red_bull,Red Bull,Austrian,28055,82,24,6,6,0
red_bull,Red Bull,Austrian,28065,83,24,6,6,0
red_bull,Red Bull,Austrian,28075,84,27,6,6,0
red_bull,Red Bull,Austrian,28085,85,27,6,6,0
red_bull,Red Bull,Austrian,28095,86,27,7,7,0
red_bull,Red Bull,Austrian,28105,87,27,7,7,0
red_bull,Red Bull,Austrian,28115,88,30,7,7,0
red_bull,Red Bull,Austrian,28125,89,34,7,7,0
red_bull,Red Bull,Austrian,4045,1,0,8,8,0
red_bull,Red Bull,Austrian,8540,2,1.5,7,7,0
red_bull,Red Bull,Austrian,8570,3,19.5,2,2,1
red_bull,Red Bull,Austrian,8590,4,27.5,2,2,1
red_bull,Red Bull,Austrian,8600,5,38.5,2,2,1
red_bull,Red Bull,Austrian,8680,6,42.5,2,2,1
red_bull,Red Bull,Austrian,8650,7,56.5,2,2,1
red_bull,Red Bull,Austrian,8670,8,74.5,2,2,2
red_bull,Red Bull,Austrian,8690,9,92.5,2,2,3
red_bull,Red Bull,Austrian,8700,10,98.5,2,2,3
red_bull,Red Bull,Austrian,8710,11,98.5,2,2,3
red_bull,Red Bull,Austrian,8720,12,104.5,2,2,3
red_bull,Red Bull,Austrian,8730,13,105.5,2,2,3
red_bull,Red Bull,Austrian,8740,14,110.5,2,2,3
red_bull,Red Bull,Austrian,8760,15,120.5,2,2,4
red_bull,Red Bull,Austrian,8770,16,135.5,2,2,5
red_bull,Red Bull,Austrian,13926,17,153.5,2,2,6
red_bull,Red Bull,Austrian,24234,337,16,4,4,0
red_bull,Red Bull,Austrian,24246,338,18,5,5,0
red_bull,Red Bull,Austrian,24258,339,61,3,3,1
red_bull,Red Bull,Austrian,24270,340,73,3,3,1
red_bull,Red Bull,Austrian,24282,341,113,3,3,2
red_bull,Red Bull,Austrian,24306,342,156,1,1,3
red_bull,Red Bull,Austrian,24318,343,171,2,2,3
red_bull,Red Bull,Austrian,24330,344,193,2,2,3
red_bull,Red Bull,Austrian,24342,345,218,2,2,4
red_bull,Red Bull,Austrian,24354,346,249,2,2,5
red_bull,Red Bull,Austrian,24366,347,272,2,2,5
red_bull,Red Bull,Austrian,24378,348,312,1,1,6
red_bull,Red Bull,Austrian,24390,349,330,1,1,6
red_bull,Red Bull,Austrian,24402,350,350,1,1,6
red_bull,Red Bull,Austrian,24438,351,383,1,1,6
red_bull,Red Bull,Austrian,24450,352,426,1,1,7
red_bull,Red Bull,Austrian,24474,353,426,1,1,7
red_bull,Red Bull,Austrian,24486,354,469,1,1,8
red_bull,Red Bull,Austrian,24498,355,498,1,1,9
red_bull,Red Bull,Austrian,24540,842,72,1,1,2
red_bull,Red Bull,Austrian,24660,841,35,1,1,1
red_bull,Red Bull,Austrian,24552,843,105,1,1,2
red_bull,Red Bull,Austrian,24564,844,148,1,1,3
red_bull,Red Bull,Austrian,24576,845,185,1,1,4
red_bull,Red Bull,Austrian,24588,846,222,1,1,5
red_bull,Red Bull,Austrian,24600,847,255,1,1,5
red_bull,Red Bull,Austrian,24612,848,295,1,1,6
red_bull,Red Bull,Austrian,24624,849,328,1,1,6
red_bull,Red Bull,Austrian,24636,850,355,1,1,6
red_bull,Red Bull,Austrian,24648,851,383,1,1,6
red_bull,Red Bull,Austrian,24670,852,426,1,1,7
red_bull,Red Bull,Austrian,24682,853,451,1,1,8
red_bull,Red Bull,Austrian,24694,854,491,1,1,9
red_bull,Red Bull,Austrian,24706,855,518,1,1,9
red_bull,Red Bull,Austrian,24718,856,558,1,1,10
red_bull,Red Bull,Austrian,24730,857,595,1,1,11
red_bull,Red Bull,Austrian,24742,858,607,1,1,11
red_bull,Red Bull,Austrian,24754,859,650,1,1,12
red_bull,Red Bull,Austrian,24933,860,30,2,2,0
red_bull,Red Bull,Austrian,24778,861,42,2,2,0
red_bull,Red Bull,Austrian,24790,862,64,2,2,0
red_bull,Red Bull,Austrian,24837,864,109,1,1,1
red_bull,Red Bull,Austrian,24825,863,101,1,1,1
red_bull,Red Bull,Austrian,24849,865,146,1,1,2
red_bull,Red Bull,Austrian,24861,866,164,1,1,2
red_bull,Red Bull,Austrian,24873,867,176,1,1,2
red_bull,Red Bull,Austrian,24885,868,216,1,1,3
red_bull,Red Bull,Austrian,24968,869,230,1,1,3
red_bull,Red Bull,Austrian,24992,871,272,1,1,3
red_bull,Red Bull,Austrian,24980,870,246,1,1,3
red_bull,Red Bull,Austrian,25004,872,272,1,1,3
red_bull,Red Bull,Austrian,25040,873,297,1,1,4
red_bull,Red Bull,Austrian,25052,874,324,1,1,5
red_bull,Red Bull,Austrian,25064,875,367,1,1,6
red_bull,Red Bull,Austrian,25088,876,407,1,1,7
red_bull,Red Bull,Austrian,25100,877,422,1,1,7
red_bull,Red Bull,Austrian,25112,878,440,1,1,7
red_bull,Red Bull,Austrian,25124,879,460,1,1,7
red_bull,Red Bull,Austrian,25137,880,23,3,3,0
red_bull,Red Bull,Austrian,25148,881,66,1,1,1
red_bull,Red Bull,Austrian,25159,882,78,1,1,1
red_bull,Red Bull,Austrian,25170,883,109,1,1,2
red_bull,Red Bull,Austrian,25181,884,131,1,1,2
red_bull,Red Bull,Austrian,25192,885,164,1,1,2
red_bull,Red Bull,Austrian,25203,886,201,1,1,3
red_bull,Red Bull,Austrian,25214,887,219,1,1,3
red_bull,Red Bull,Austrian,25225,888,250,1,1,4
red_bull,Red Bull,Austrian,25236,890,277,1,1,4
red_bull,Red Bull,Austrian,25247,891,312,1,1,5
red_bull,Red Bull,Austrian,25280,893,377,1,1,7
red_bull,Red Bull,Austrian,25269,892,352,1,1,6
red_bull,Red Bull,Austrian,25291,894,402,1,1,8
red_bull,Red Bull,Austrian,25302,895,445,1,1,9
red_bull,Red Bull,Austrian,25313,896,470,1,1,10
red_bull,Red Bull,Austrian,25324,897,513,1,1,11
red_bull,Red Bull,Austrian,25335,898,553,1,1,12
red_bull,Red Bull,Austrian,25346,899,596,1,1,13
red_bull,Red Bull,Austrian,25941,900,0,11,11,0
red_bull,Red Bull,Austrian,25952,901,15,6,6,0
red_bull,Red Bull,Austrian,25963,902,35,4,4,0
red_bull,Red Bull,Austrian,25974,903,57,2,2,0
red_bull,Red Bull,Austrian,25985,904,84,2,2,0
red_bull,Red Bull,Austrian,25996,905,99,2,2,0
red_bull,Red Bull,Austrian,26007,906,139,2,2,1
red_bull,Red Bull,Austrian,26018,907,143,2,2,1
red_bull,Red Bull,Austrian,26029,908,168,2,2,1
red_bull,Red Bull,Austrian,26040,909,188,2,2,1
red_bull,Red Bull,Austrian,26051,910,219,2,2,2
red_bull,Red Bull,Austrian,26062,911,254,2,2,3
red_bull,Red Bull,Austrian,26073,912,272,2,2,3
red_bull,Red Bull,Austrian,26084,913,305,2,2,3
red_bull,Red Bull,Austrian,26095,914,332,2,2,3
red_bull,Red Bull,Austrian,26106,915,342,2,2,3
red_bull,Red Bull,Austrian,26117,916,363,2,2,3
red_bull,Red Bull,Austrian,26128,917,373,2,2,3
red_bull,Red Bull,Austrian,26139,918,405,2,2,3
red_bull,Red Bull,Austrian,26144,926,8,5,5,0
red_bull,Red Bull,Austrian,26153,927,11,6,6,0
red_bull,Red Bull,Austrian,26163,928,13,5,5,0
red_bull,Red Bull,Austrian,26173,929,23,4,4,0
red_bull,Red Bull,Austrian,26183,930,30,4,4,0
red_bull,Red Bull,Austrian,26193,931,52,4,4,0
red_bull,Red Bull,Austrian,26203,932,54,4,4,0
red_bull,Red Bull,Austrian,26213,933,55,4,4,0
red_bull,Red Bull,Austrian,26223,934,63,4,4,0
red_bull,Red Bull,Austrian,26233,936,96,4,4,0
red_bull,Red Bull,Austrian,26254,937,108,4,4,0
red_bull,Red Bull,Austrian,26264,938,113,4,4,0
red_bull,Red Bull,Austrian,26274,939,139,4,4,0
red_bull,Red Bull,Austrian,26294,940,139,4,4,0
red_bull,Red Bull,Austrian,26379,941,149,4,4,0
red_bull,Red Bull,Austrian,26389,942,150,4,4,0
red_bull,Red Bull,Austrian,26399,943,172,4,4,0
red_bull,Red Bull,Austrian,26409,944,178,4,4,0
red_bull,Red Bull,Austrian,26430,945,187,4,4,0
red_bull,Red Bull,Austrian,26559,948,12,4,4,0
red_bull,Red Bull,Austrian,26449,949,30,3,3,0
red_bull,Red Bull,Austrian,26460,950,57,3,3,0
red_bull,Red Bull,Austrian,26471,951,57,3,3,0
red_bull,Red Bull,Austrian,26482,952,94,3,3,1
red_bull,Red Bull,Austrian,26493,953,112,3,3,1
red_bull,Red Bull,Austrian,26504,954,130,3,3,1
red_bull,Red Bull,Austrian,26526,955,140,3,3,1
red_bull,Red Bull,Austrian,26537,956,168,3,3,1
red_bull,Red Bull,Austrian,26548,957,198,3,3,1
red_bull,Red Bull,Austrian,26570,958,223,3,3,1
red_bull,Red Bull,Austrian,26581,959,256,2,2,1
red_bull,Red Bull,Austrian,26592,960,274,2,2,1
red_bull,Red Bull,Austrian,26603,961,290,2,2,1
red_bull,Red Bull,Austrian,26614,962,316,2,2,1
red_bull,Red Bull,Austrian,26625,963,359,2,2,2
red_bull,Red Bull,Austrian,26636,964,385,2,2,2
red_bull,Red Bull,Austrian,26691,965,400,2,2,2
red_bull,Red Bull,Austrian,26702,966,427,2,2,2
red_bull,Red Bull,Austrian,26713,967,446,2,2,2
red_bull,Red Bull,Austrian,26724,968,468,2,2,2
red_bull,Red Bull,Austrian,26735,969,10,3,3,0
red_bull,Red Bull,Austrian,26745,970,37,3,3,0
red_bull,Red Bull,Austrian,26755,971,47,3,3,0
red_bull,Red Bull,Austrian,26765,972,57,3,3,0
red_bull,Red Bull,Austrian,26775,973,72,3,3,0
red_bull,Red Bull,Austrian,26785,974,97,3,3,0
red_bull,Red Bull,Austrian,26795,975,112,3,3,0
red_bull,Red Bull,Austrian,26805,976,137,3,3,1
red_bull,Red Bull,Austrian,26815,977,152,3,3,1
red_bull,Red Bull,Austrian,26825,978,174,3,3,1
red_bull,Red Bull,Austrian,26835,979,184,3,3,1
red_bull,Red Bull,Austrian,26845,980,199,3,3,1
red_bull,Red Bull,Austrian,26855,981,212,3,3,1
red_bull,Red Bull,Austrian,26865,982,230,3,3,1
red_bull,Red Bull,Austrian,26875,983,270,3,3,2
red_bull,Red Bull,Austrian,26885,984,303,3,3,2
red_bull,Red Bull,Austrian,26895,985,315,3,3,2
red_bull,Red Bull,Austrian,26905,986,340,3,3,3
red_bull,Red Bull,Austrian,26915,987,358,3,3,3
red_bull,Red Bull,Austrian,26925,988,368,3,3,3
red_bull,Red Bull,Austrian,26935,989,20,3,3,0
red_bull,Red Bull,Austrian,26975,990,20,4,4,0
red_bull,Red Bull,Austrian,26965,991,55,3,3,1
red_bull,Red Bull,Austrian,26985,992,55,3,3,1
red_bull,Red Bull,Austrian,26995,993,80,3,3,1
red_bull,Red Bull,Austrian,27005,994,107,3,3,2
red_bull,Red Bull,Austrian,27015,995,134,3,3,2
red_bull,Red Bull,Austrian,27025,996,164,3,3,2
red_bull,Red Bull,Austrian,27035,997,189,3,3,3
red_bull,Red Bull,Austrian,27045,998,199,3,3,3
red_bull,Red Bull,Austrian,27055,999,211,3,3,3
red_bull,Red Bull,Austrian,27065,1000,223,3,3,3
red_bull,Red Bull,Austrian,27075,1001,238,3,3,3
red_bull,Red Bull,Austrian,27095,1002,248,3,3,3
red_bull,Red Bull,Austrian,27105,1003,274,3,3,3
red_bull,Red Bull,Austrian,27115,1004,292,3,3,3
red_bull,Red Bull,Austrian,27125,1005,319,3,3,3
red_bull,Red Bull,Austrian,27145,1006,337,3,3,3
red_bull,Red Bull,Austrian,27155,1007,362,3,3,4
red_bull,Red Bull,Austrian,27165,1008,392,3,3,4
red_bull,Red Bull,Austrian,27175,1009,419,3,3,4
red_bull,Red Bull,Austrian,27194,1010,15,3,3,0
red_bull,Red Bull,Austrian,27214,1011,31,3,3,0
red_bull,Red Bull,Austrian,27224,1012,52,3,3,0
red_bull,Red Bull,Austrian,27234,1013,64,3,3,0
red_bull,Red Bull,Austrian,27244,1014,87,3,3,0
red_bull,Red Bull,Austrian,27254,1015,110,3,3,0
red_bull,Red Bull,Austrian,27264,1016,124,3,3,0
red_bull,Red Bull,Austrian,27304,1018,169,3,3,1
red_bull,Red Bull,Austrian,27294,1017,137,3,3,0
red_bull,Red Bull,Austrian,27314,1019,191,3,3,1
red_bull,Red Bull,Austrian,27334,1020,217,3,3,2
red_bull,Red Bull,Austrian,27344,1021,244,3,3,2
red_bull,Red Bull,Austrian,27354,1022,254,3,3,2
red_bull,Red Bull,Austrian,27364,1023,266,3,3,2
red_bull,Red Bull,Austrian,27374,1024,289,3,3,2
red_bull,Red Bull,Austrian,27384,1025,311,3,3,2
red_bull,Red Bull,Austrian,27414,1026,323,3,3,2
red_bull,Red Bull,Austrian,27424,1027,341,3,3,2
red_bull,Red Bull,Austrian,27434,1028,366,3,3,2
red_bull,Red Bull,Austrian,27444,1029,391,3,3,3
red_bull,Red Bull,Austrian,27454,1030,417,3,3,3
red_bull,Red Bull,Austrian,27521,1034,78,2,2,0
red_bull,Red Bull,Austrian,27581,1031,0,9,9,0
red_bull,Red Bull,Austrian,27491,1032,27,3,3,0
red_bull,Red Bull,Austrian,27511,1033,55,2,2,0
red_bull,Red Bull,Austrian,27531,1035,113,2,2,1
red_bull,Red Bull,Austrian,27541,1036,135,2,2,1
red_bull,Red Bull,Austrian,27551,1037,158,2,2,1
red_bull,Red Bull,Austrian,27561,1038,158,2,2,1
red_bull,Red Bull,Austrian,27571,1039,173,2,2,1
red_bull,Red Bull,Austrian,27591,1040,192,2,2,1
red_bull,Red Bull,Austrian,27601,1041,211,2,2,1
red_bull,Red Bull,Austrian,27611,1042,226,2,2,1
red_bull,Red Bull,Austrian,27621,1043,226,2,2,1
red_bull,Red Bull,Austrian,27631,1044,240,2,2,1
red_bull,Red Bull,Austrian,27641,1045,274,2,2,1
red_bull,Red Bull,Austrian,27651,1046,282,2,2,1
red_bull,Red Bull,Austrian,27661,1047,319,2,2,2
red_bull,Red Bull,Austrian,27904,1051,541.5,2,2,10
red_bull,Red Bull,Austrian,27674,1052,28,2,2,0
red_bull,Red Bull,Austrian,27704,1053,53,2,2,1
red_bull,Red Bull,Austrian,27714,1054,83,2,2,1
red_bull,Red Bull,Austrian,27724,1055,112,2,2,1
red_bull,Red Bull,Austrian,27734,1056,149,1,1,2
red_bull,Red Bull,Austrian,27744,1057,174,1,1,3
red_bull,Red Bull,Austrian,27754,1059,215,1,1,4
red_bull,Red Bull,Austrian,27764,1058,252,1,1,5
red_bull,Red Bull,Austrian,27784,1060,286,1,1,6
red_bull,Red Bull,Austrian,27794,1061,289,1,1,6
red_bull,Red Bull,Austrian,27814,1062,291,2,2,6
red_bull,Red Bull,Austrian,27824,1063,303.5,2,2,7
red_bull,Red Bull,Austrian,27834,1064,332.5,2,2,8
red_bull,Red Bull,Austrian,27844,1065,344.5,2,2,8
red_bull,Red Bull,Austrian,27854,1066,364.5,2,2,8
red_bull,Red Bull,Austrian,27864,1067,397.5,2,2,8
red_bull,Red Bull,Austrian,27874,1069,437.5,2,2,9
red_bull,Red Bull,Austrian,27884,1070,477.5,2,2,10
red_bull,Red Bull,Austrian,27894,1071,510.5,2,2,10
red_bull,Red Bull,Austrian,27914,1072,559.5,2,2,10
red_bull,Red Bull,Austrian,27924,1073,585.5,2,2,11
red_bull,Red Bull,Austrian,28142,1074,0,10,10,0
red_bull,Red Bull,Austrian,28152,1075,37,3,3,1
red_bull,Red Bull,Austrian,28162,1076,55,3,3,1
red_bull,Red Bull,Austrian,28172,1077,113,2,2,2
red_bull,Red Bull,Austrian,28182,1078,151,2,2,3
red_bull,Red Bull,Austrian,28192,1079,195,1,1,4
red_bull,Red Bull,Austrian,28202,1080,235,1,1,5
force_india,Force India,Indian,16,19,0,10,10,0
force_india,Force India,Indian,27,20,0,10,10,0
force_india,Force India,Indian,38,21,0,10,10,0
force_india,Force India,Indian,49,22,0,10,10,0
force_india,Force India,Indian,60,23,0,10,10,0
force_india,Force India,Indian,71,24,0,10,10,0
force_india,Force India,Indian,82,25,0,10,10,0
force_india,Force India,Indian,93,26,0,10,10,0
force_india,Force India,Indian,104,27,0,10,10,0
force_india,Force India,Indian,115,28,0,10,10,0
force_india,Force India,Indian,126,29,0,10,10,0
force_india,Force India,Indian,137,30,0,10,10,0
force_india,Force India,Indian,148,31,0,10,10,0
force_india,Force India,Indian,159,32,0,10,10,0
force_india,Force India,Indian,170,33,0,10,10,0
force_india,Force India,Indian,1642,34,0,10,10,0
force_india,Force India,Indian,192,35,0,10,10,0
force_india,Force India,Indian,4043,1,0,6,6,0
force_india,Force India,Indian,8538,2,0,9,9,0
force_india,Force India,Indian,8568,3,0,10,10,0
force_india,Force India,Indian,8588,4,0,10,10,0
force_india,Force India,Indian,8598,5,0,10,10,0
force_india,Force India,Indian,8678,6,0,10,10,0
force_india,Force India,Indian,8648,7,0,10,10,0
force_india,Force India,Indian,8668,8,0,10,10,0
force_india,Force India,Indian,8688,9,0,10,10,0
force_india,Force India,Indian,8698,10,0,10,10,0
force_india,Force India,Indian,8708,11,0,10,10,0
force_india,Force India,Indian,8718,12,8,9,9,0
force_india,Force India,Indian,8728,13,13,9,9,0
force_india,Force India,Indian,8738,14,13,9,9,0
force_india,Force India,Indian,8758,15,13,9,9,0
force_india,Force India,Indian,8768,16,13,9,9,0
force_india,Force India,Indian,13924,17,13,9,9,0
force_india,Force India,Indian,24236,337,2,5,5,0
force_india,Force India,Indian,24248,338,8,6,6,0
force_india,Force India,Indian,24260,339,18,6,6,0
force_india,Force India,Indian,24272,340,18,6,6,0
force_india,Force India,Indian,24284,341,24,6,6,0
force_india,Force India,Indian,24308,342,30,6,6,0
force_india,Force India,Indian,24320,343,32,6,6,0
force_india,Force India,Indian,24332,344,35,6,6,0
force_india,Force India,Indian,24344,345,43,6,6,0
force_india,Force India,Indian,24356,346,47,6,6,0
force_india,Force India,Indian,24368,347,47,6,6,0
force_india,Force India,Indian,24380,348,47,6,6,0
force_india,Force India,Indian,24392,349,58,6,6,0
force_india,Force India,Indian,24404,350,58,6,6,0
force_india,Force India,Indian,24440,351,60,6,6,0
force_india,Force India,Indian,24452,352,60,6,6,0
force_india,Force India,Indian,24476,353,68,6,6,0
force_india,Force India,Indian,24488,354,68,7,7,0
force_india,Force India,Indian,24500,355,68,7,7,0
force_india,Force India,Indian,24665,841,3,6,6,0
force_india,Force India,Indian,24545,842,4,7,7,0
force_india,Force India,Indian,24557,843,4,8,8,0
force_india,Force India,Indian,24569,844,4,8,8,0
force_india,Force India,Indian,24581,845,4,8,8,0
force_india,Force India,Indian,24593,846,10,7,7,0
force_india,Force India,Indian,24605,847,10,8,8,0
force_india,Force India,Indian,24617,848,12,8,8,0
force_india,Force India,Indian,24629,849,12,8,8,0
force_india,Force India,Indian,24641,850,20,7,7,0
force_india,Force India,Indian,24653,851,26,7,7,0
force_india,Force India,Indian,24675,852,32,7,7,0
force_india,Force India,Indian,24687,853,36,6,6,0
force_india,Force India,Indian,24699,854,48,6,6,0
force_india,Force India,Indian,24711,855,48,6,6,0
force_india,Force India,Indian,24723,856,49,6,6,0
force_india,Force India,Indian,24735,857,51,6,6,0
force_india,Force India,Indian,24747,858,57,6,6,0
force_india,Force India,Indian,24759,859,69,6,6,0
force_india,Force India,Indian,24938,860,1,7,7,0
force_india,Force India,Indian,24783,861,9,6,6,0
force_india,Force India,Indian,24795,862,9,8,8,0
force_india,Force India,Indian,24842,864,18,8,8,0
force_india,Force India,Indian,24830,863,17,8,8,0
force_india,Force India,Indian,24854,865,28,8,8,0
force_india,Force India,Indian,24866,866,28,8,8,0
force_india,Force India,Indian,24878,867,44,8,8,0
force_india,Force India,Indian,24890,868,44,8,8,0
force_india,Force India,Indian,24973,869,46,8,8,0
force_india,Force India,Indian,24985,870,46,8,8,0
force_india,Force India,Indian,24997,871,59,7,7,0
force_india,Force India,Indian,25009,872,63,7,7,0
force_india,Force India,Indian,25045,873,75,7,7,0
force_india,Force India,Indian,25057,874,81,7,7,0
force_india,Force India,Indian,25069,875,89,7,7,0
force_india,Force India,Indian,25093,876,93,7,7,0
force_india,Force India,Indian,25105,877,95,7,7,0
force_india,Force India,Indian,25117,878,99,7,7,0
force_india,Force India,Indian,25129,879,109,7,7,0
force_india,Force India,Indian,25139,880,10,5,5,0
force_india,Force India,Indian,25150,881,10,5,5,0
force_india,Force India,Indian,25161,882,14,6,6,0
force_india,Force India,Indian,25172,883,26,5,5,0
force_india,Force India,Indian,25183,884,32,5,5,0
force_india,Force India,Indian,25194,885,44,5,5,0
force_india,Force India,Indian,25205,886,51,5,5,0
force_india,Force India,Indian,25216,887,59,5,5,0
force_india,Force India,Indian,25227,888,59,5,5,0
force_india,Force India,Indian,25238,890,59,5,5,0
force_india,Force India,Indian,25249,891,61,6,6,0
force_india,Force India,Indian,25282,893,62,6,6,0
force_india,Force India,Indian,25271,892,61,6,6,0
force_india,Force India,Indian,25293,894,62,6,6,0
force_india,Force India,Indian,25304,895,62,6,6,0
force_india,Force India,Indian,25315,896,68,6,6,0
force_india,Force India,Indian,25326,897,77,6,6,0
force_india,Force India,Indian,25337,898,77,6,6,0
force_india,Force India,Indian,25348,899,77,6,6,0
force_india,Force India,Indian,25935,900,9,5,5,0
force_india,Force India,Indian,25946,901,19,5,5,0
force_india,Force India,Indian,25957,902,44,2,2,0
force_india,Force India,Indian,25968,903,54,3,3,0
force_india,Force India,Indian,25979,904,57,4,4,0
force_india,Force India,Indian,25990,905,67,4,4,0
force_india,Force India,Indian,26001,906,77,4,4,0
force_india,Force India,Indian,26012,907,87,4,4,0
force_india,Force India,Indian,26023,908,91,5,5,0
force_india,Force India,Indian,26034,909,98,5,5,0
force_india,Force India,Indian,26045,910,98,5,5,0
force_india,Force India,Indian,26056,911,103,6,6,0
force_india,Force India,Indian,26067,912,109,6,6,0
force_india,Force India,Indian,26078,913,117,5,5,0
force_india,Force India,Indian,26089,914,122,5,5,0
force_india,Force India,Indian,26100,915,123,6,6,0
force_india,Force India,Indian,26111,916,123,6,6,0
force_india,Force India,Indian,26122,917,127,6,6,0
force_india,Force India,Indian,26133,918,155,6,6,0
force_india,Force India,Indian,26145,926,7,6,6,0
force_india,Force India,Indian,26154,927,7,7,7,0
force_india,Force India,Indian,26164,928,7,7,7,0
force_india,Force India,Indian,26174,929,11,8,8,0
force_india,Force India,Indian,26184,930,11,8,8,0
force_india,Force India,Indian,26194,931,17,6,6,0
force_india,Force India,Indian,26204,932,21,7,7,0
force_india,Force India,Indian,26214,933,31,5,5,0
force_india,Force India,Indian,26224,934,39,5,5,0
force_india,Force India,Indian,26234,936,39,5,5,0
force_india,Force India,Indian,26255,937,49,6,6,0
force_india,Force India,Indian,26265,938,63,5,5,0
force_india,Force India,Indian,26275,939,69,5,5,0
force_india,Force India,Indian,26295,940,77,5,5,0
force_india,Force India,Indian,26380,941,92,5,5,0
force_india,Force India,Indian,26390,942,102,5,5,0
force_india,Force India,Indian,26400,943,112,5,5,0
force_india,Force India,Indian,26410,944,120,5,5,0
force_india,Force India,Indian,26431,945,136,5,5,0
force_india,Force India,Indian,26562,948,6,6,6,0
force_india,Force India,Indian,26452,949,6,7,7,0
force_india,Force India,Indian,26463,950,6,7,7,0
force_india,Force India,Indian,26474,951,8,8,8,0
force_india,Force India,Indian,26485,952,14,7,7,0
force_india,Force India,Indian,26496,953,37,5,5,0
force_india,Force India,Indian,26507,954,42,5,5,0
force_india,Force India,Indian,26529,955,59,5,5,0
force_india,Force India,Indian,26540,956,59,5,5,0
force_india,Force India,Indian,26551,957,73,5,5,0
force_india,Force India,Indian,26573,958,74,5,5,0
force_india,Force India,Indian,26584,959,81,5,5,0
force_india,Force India,Indian,26595,960,103,4,4,0
force_india,Force India,Indian,26606,961,108,5,5,0
force_india,Force India,Indian,26617,962,112,4,4,0
force_india,Force India,Indian,26628,963,124,4,4,0
force_india,Force India,Indian,26639,964,134,4,4,0
force_india,Force India,Indian,26694,965,138,4,4,0
force_india,Force India,Indian,26705,966,145,4,4,0
force_india,Force India,Indian,26716,967,163,4,4,0
force_india,Force India,Indian,26727,968,173,4,4,0
force_india,Force India,Indian,26737,969,7,5,5,0
force_india,Force India,Indian,26747,970,10,5,5,0
force_india,Force India,Indian,26757,971,17,4,4,0
force_india,Force India,Indian,26767,972,31,4,4,0
force_india,Force India,Indian,26777,973,53,4,4,0
force_india,Force India,Indian,26787,974,53,4,4,0
force_india,Force India,Indian,26797,975,71,4,4,0
force_india,Force India,Indian,26807,976,79,4,4,0
force_india,Force India,Indian,26817,977,89,4,4,0
force_india,Force India,Indian,26827,978,95,4,4,0
force_india,Force India,Indian,26837,979,101,4,4,0
force_india,Force India,Indian,26847,980,103,4,4,0
force_india,Force India,Indian,26857,981,113,4,4,0
force_india,Force India,Indian,26867,982,124,4,4,0
force_india,Force India,Indian,26877,983,133,4,4,0
force_india,Force India,Indian,26887,984,147,4,4,0
force_india,Force India,Indian,26897,985,159,4,4,0
force_india,Force India,Indian,26907,986,175,4,4,0
force_india,Force India,Indian,26917,987,177,4,4,0
force_india,Force India,Indian,26927,988,187,4,4,0
force_india,Force India,Indian,26938,989,0,6,6,0
force_india,Force India,Indian,26978,990,1,9,9,0
force_india,Force India,Indian,26968,991,1,9,9,0
force_india,Force India,Indian,26988,992,16,6,6,0
force_india,Force India,Indian,26998,993,18,7,7,0
force_india,Force India,Indian,27008,994,26,6,6,0
force_india,Force India,Indian,27018,995,28,6,6,0
force_india,Force India,Indian,27028,996,28,6,6,0
force_india,Force India,Indian,27038,997,42,7,7,0
force_india,Force India,Indian,27048,998,49,6,6,0
force_india,Force India,Indian,27058,999,59,5,5,0
force_india,Force India,Indian,27068,1000,59,6,6,0
force_india,Force India,Indian,27078,1001,18,9,9,0
force_india,Force India,Indian,27098,1002,32,7,7,0
force_india,Force India,Indian,27108,1003,32,7,7,0
force_india,Force India,Indian,27118,1004,35,7,7,0
force_india,Force India,Indian,27128,1005,43,7,7,0
force_india,Force India,Indian,27148,1006,47,7,7,0
force_india,Force India,Indian,27158,1007,47,7,7,0
force_india,Force India,Indian,27168,1008,48,7,7,0
force_india,Force India,Indian,27178,1009,52,7,7,0
honda,Honda,Japanese,15,19,0,9,9,0
honda,Honda,Japanese,26,20,0,9,9,0
honda,Honda,Japanese,37,21,3,8,8,0
honda,Honda,Japanese,48,22,3,8,8,0
honda,Honda,Japanese,59,23,6,9,9,0
honda,Honda,Japanese,70,24,8,8,8,0
honda,Honda,Japanese,81,25,8,8,8,0
honda,Honda,Japanese,92,26,14,8,8,0
honda,Honda,Japanese,103,27,14,8,8,0
honda,Honda,Japanese,114,28,14,8,8,0
honda,Honda,Japanese,125,29,14,8,8,0
honda,Honda,Japanese,136,30,14,9,9,0
honda,Honda,Japanese,147,31,14,9,9,0
honda,Honda,Japanese,158,32,14,9,9,0
honda,Honda,Japanese,169,33,14,9,9,0
honda,Honda,Japanese,1641,34,14,9,9,0
honda,Honda,Japanese,191,35,14,9,9,0
honda,Honda,Japanese,25739,36,0,6,6,0
honda,Honda,Japanese,25750,37,0,7,7,0
honda,Honda,Japanese,25761,38,0,7,7,0
honda,Honda,Japanese,25772,39,0,8,8,0
honda,Honda,Japanese,25783,40,0,9,9,0
honda,Honda,Japanese,25794,41,0,9,9,0
honda,Honda,Japanese,25805,42,0,9,9,0
honda,Honda,Japanese,25816,43,1,8,8,0
honda,Honda,Japanese,25827,44,1,8,8,0
honda,Honda,Japanese,25838,45,1,8,8,0
honda,Honda,Japanese,25849,46,1,8,8,0
honda,Honda,Japanese,25860,47,1,8,8,0
honda,Honda,Japanese,25871,48,2,8,8,0
honda,Honda,Japanese,25882,49,2,8,8,0
honda,Honda,Japanese,25893,50,2,8,8,0
honda,Honda,Japanese,25904,51,6,8,8,0
honda,Honda,Japanese,25915,52,6,8,8,0
honda,Honda,Japanese,6320,53,5,4,4,0
honda,Honda,Japanese,6331,54,11,4,4,0
honda,Honda,Japanese,6342,55,13,4,4,0
honda,Honda,Japanese,6353,56,15,4,4,0
honda,Honda,Japanese,6364,57,19,4,4,0
honda,Honda,Japanese,6375,58,24,4,4,0
honda,Honda,Japanese,6386,59,29,4,4,0
honda,Honda,Japanese,6397,60,29,4,4,0
honda,Honda,Japanese,6408,61,29,4,4,0
honda,Honda,Japanese,6419,62,32,4,4,0
honda,Honda,Japanese,6430,63,32,4,4,0
honda,Honda,Japanese,6441,64,37,4,4,0
honda,Honda,Japanese,6452,65,52,4,4,1
honda,Honda,Japanese,6463,66,58,4,4,1
honda,Honda,Japanese,6474,67,65,4,4,1
honda,Honda,Japanese,6486,68,73,4,4,1
honda,Honda,Japanese,6498,69,78,4,4,1
honda,Honda,Japanese,6510,70,86,4,4,1
honda,Honda,Japanese,20916,667,0,7,7,0
honda,Honda,Japanese,20929,668,0,9,9,0
honda,Honda,Japanese,20943,669,0,10,10,0
honda,Honda,Japanese,20964,670,0,10,10,0
honda,Honda,Japanese,20973,671,0,11,11,0
honda,Honda,Japanese,20988,672,6,8,8,0
honda,Honda,Japanese,21009,673,8,7,7,0
honda,Honda,Japanese,21018,674,8,8,8,0
honda,Honda,Japanese,21041,675,8,9,9,0
honda,Honda,Japanese,21052,676,8,9,9,0
honda,Honda,Japanese,21075,677,12,7,7,0
honda,Honda,Japanese,21092,678,14,6,6,0
honda,Honda,Japanese,20737,679,4,3,3,0
honda,Honda,Japanese,20746,680,4,6,6,0
honda,Honda,Japanese,20760,681,4,7,7,0
honda,Honda,Japanese,20775,682,4,9,9,0
honda,Honda,Japanese,20790,683,4,9,9,0
honda,Honda,Japanese,20805,684,5,9,9,0
honda,Honda,Japanese,20821,685,8,7,7,0
honda,Honda,Japanese,20840,686,8,7,7,0
honda,Honda,Japanese,20859,687,17,5,5,1
honda,Honda,Japanese,20878,688,17,5,5,1
honda,Honda,Japanese,20898,689,20,4,4,1
honda,Honda,Japanese,20701,696,0,12,12,0
honda,Honda,Japanese,20716,697,0,13,13,0
honda,Honda,Japanese,20731,698,3,8,8,0
honda,Honda,Japanese,20121,714,0,9,9,0
honda,Honda,Japanese,20133,715,0,9,9,0
honda,Honda,Japanese,20145,716,0,9,9,0
honda,Honda,Japanese,20161,717,0,9,9,0
honda,Honda,Japanese,20174,718,0,9,9,0
honda,Honda,Japanese,20488,708,11,6,6,1
honda,Honda,Japanese,20472,707,2,7,7,0
honda,Honda,Japanese,20456,706,2,7,7,0
honda,Honda,Japanese,20440,705,2,7,7,0
honda,Honda,Japanese,20424,704,2,7,7,0
honda,Honda,Japanese,20408,703,1,7,7,0
honda,Honda,Japanese,20392,702,1,7,7,0
honda,Honda,Japanese,20376,701,1,7,7,0
honda,Honda,Japanese,20360,700,0,11,11,0
spyker,Spyker,Dutch,25743,36,0,10,10,0
spyker,Spyker,Dutch,25754,37,0,10,10,0
spyker,Spyker,Dutch,25765,38,0,10,10,0
spyker,Spyker,Dutch,25776,39,0,9,9,0
spyker,Spyker,Dutch,25787,40,0,10,10,0
spyker,Spyker,Dutch,25798,41,0,10,10,0
spyker,Spyker,Dutch,25809,42,0,10,10,0
spyker,Spyker,Dutch,25820,43,0,10,10,0
spyker,Spyker,Dutch,25831,44,0,10,10,0
spyker,Spyker,Dutch,25842,45,0,10,10,0
spyker,Spyker,Dutch,25853,46,0,10,10,0
spyker,Spyker,Dutch,25864,47,0,10,10,0
spyker,Spyker,Dutch,25875,48,0,10,10,0
spyker,Spyker,Dutch,25886,49,0,10,10,0
spyker,Spyker,Dutch,25897,50,1,9,9,0
spyker,Spyker,Dutch,25908,51,1,10,10,0
spyker,Spyker,Dutch,25919,52,1,10,10,0
mf1,MF1,Russian,6326,53,0,10,10,0
mf1,MF1,Russian,6337,54,0,10,10,0
mf1,MF1,Russian,6348,55,0,10,10,0
mf1,MF1,Russian,6359,56,0,10,10,0
mf1,MF1,Russian,6370,57,0,10,10,0
mf1,MF1,Russian,6381,58,0,10,10,0
mf1,MF1,Russian,6392,59,0,10,10,0
mf1,MF1,Russian,6403,60,0,10,10,0
mf1,MF1,Russian,6414,61,0,10,10,0
mf1,MF1,Russian,6425,62,0,10,10,0
mf1,MF1,Russian,6436,63,0,10,10,0
mf1,MF1,Russian,6447,64,0,10,10,0
mf1,MF1,Russian,6458,65,0,10,10,0
mf1,MF1,Russian,6469,66,0,10,10,0
mf1,MF1,Russian,6480,67,0,10,10,0
mf1,MF1,Russian,6492,68,0,10,10,0
mf1,MF1,Russian,6504,69,0,10,10,0
mf1,MF1,Russian,6516,70,0,10,10,0
spyker_mf1,Spyker MF1,Dutch,6482,67,0,12,12,0
spyker_mf1,Spyker MF1,Dutch,6494,68,0,12,12,0
spyker_mf1,Spyker MF1,Dutch,6506,69,0,12,12,0
spyker_mf1,Spyker MF1,Dutch,6518,70,0,12,12,0
sauber,Sauber,Swiss,27949,71,0,7,7,0
sauber,Sauber,Swiss,27959,72,0,7,7,0
sauber,Sauber,Swiss,27969,73,2,7,7,0
sauber,Sauber,Swiss,27979,74,7,7,7,0
sauber,Sauber,Swiss,27989,75,7,7,7,0
sauber,Sauber,Swiss,27999,76,7,7,7,0
sauber,Sauber,Swiss,28009,77,7,7,7,0
sauber,Sauber,Swiss,28019,78,12,7,7,0
sauber,Sauber,Swiss,28029,79,12,7,7,0
sauber,Sauber,Swiss,28039,80,13,7,7,0
sauber,Sauber,Swiss,28049,81,13,7,7,0
sauber,Sauber,Swiss,28059,82,14,8,8,0
sauber,Sauber,Swiss,28069,83,14,8,8,0
sauber,Sauber,Swiss,28079,84,14,8,8,0
sauber,Sauber,Swiss,28089,85,14,8,8,0
sauber,Sauber,Swiss,28099,86,17,8,8,0
sauber,Sauber,Swiss,28109,87,17,8,8,0
sauber,Sauber,Swiss,28119,88,17,8,8,0
sauber,Sauber,Swiss,28129,89,20,8,8,0
sauber,Sauber,Swiss,6143,90,0,6,6,0
sauber,Sauber,Swiss,6152,91,1,6,6,0
sauber,Sauber,Swiss,6162,92,1,6,6,0
sauber,Sauber,Swiss,6172,93,1,6,6,0
sauber,Sauber,Swiss,6182,94,3,6,6,0
sauber,Sauber,Swiss,6192,95,7,5,5,0
sauber,Sauber,Swiss,6202,96,10,5,5,0
sauber,Sauber,Swiss,6212,97,15,5,5,0
sauber,Sauber,Swiss,6222,98,15,6,6,0
sauber,Sauber,Swiss,6232,99,15,6,6,0
sauber,Sauber,Swiss,6242,100,18,6,6,0
sauber,Sauber,Swiss,6252,101,18,6,6,0
sauber,Sauber,Swiss,6262,102,19,6,6,0
sauber,Sauber,Swiss,6272,103,28,6,6,0
sauber,Sauber,Swiss,6282,104,29,6,6,0
sauber,Sauber,Swiss,6292,105,32,6,6,0
sauber,Sauber,Swiss,6302,106,33,6,6,0
sauber,Sauber,Swiss,6312,107,34,6,6,0
sauber,Sauber,Swiss,5986,108,3,5,5,0
sauber,Sauber,Swiss,5993,109,4,5,5,0
sauber,Sauber,Swiss,6002,110,8,6,6,0
sauber,Sauber,Swiss,6012,111,8,6,6,0
sauber,Sauber,Swiss,6022,112,8,6,6,0
sauber,Sauber,Swiss,6032,113,8,7,7,0
sauber,Sauber,Swiss,6042,114,8,7,7,0
sauber,Sauber,Swiss,6052,115,8,7,7,0
sauber,Sauber,Swiss,6062,116,9,7,7,0
sauber,Sauber,Swiss,6072,117,9,8,8,0
sauber,Sauber,Swiss,6082,118,9,8,8,0
sauber,Sauber,Swiss,6092,119,9,9,9,0
sauber,Sauber,Swiss,6102,120,9,9,9,0
sauber,Sauber,Swiss,6112,121,9,9,9,0
sauber,Sauber,Swiss,6122,122,19,5,5,0
sauber,Sauber,Swiss,6132,123,19,6,6,0
sauber,Sauber,Swiss,5813,125,3,6,6,0
sauber,Sauber,Swiss,5824,126,3,6,6,0
sauber,Sauber,Swiss,5835,127,3,6,6,0
sauber,Sauber,Swiss,5846,128,8,5,5,0
sauber,Sauber,Swiss,5857,129,8,5,5,0
sauber,Sauber,Swiss,5868,130,8,5,5,0
sauber,Sauber,Swiss,5879,131,8,5,5,0
sauber,Sauber,Swiss,5890,132,9,5,5,0
sauber,Sauber,Swiss,5901,133,10,5,5,0
sauber,Sauber,Swiss,5912,134,10,5,5,0
sauber,Sauber,Swiss,5923,135,11,5,5,0
sauber,Sauber,Swiss,5934,136,11,5,5,0
sauber,Sauber,Swiss,5945,137,11,5,5,0
sauber,Sauber,Swiss,5956,138,11,5,5,0
sauber,Sauber,Swiss,5967,139,11,5,5,0
sauber,Sauber,Swiss,5978,140,11,5,5,0
sauber,Sauber,Swiss,5616,141,4,3,3,0
sauber,Sauber,Swiss,5626,142,4,4,4,0
sauber,Sauber,Swiss,5637,143,8,3,3,0
sauber,Sauber,Swiss,5648,144,8,5,5,0
sauber,Sauber,Swiss,5659,145,9,5,5,0
sauber,Sauber,Swiss,5670,146,12,5,5,0
sauber,Sauber,Swiss,5681,147,12,6,6,0
sauber,Sauber,Swiss,5692,148,15,4,4,0
sauber,Sauber,Swiss,5703,149,15,4,4,0
sauber,Sauber,Swiss,5714,150,16,4,4,0
sauber,Sauber,Swiss,5725,151,19,4,4,0
sauber,Sauber,Swiss,5736,152,19,4,4,0
sauber,Sauber,Swiss,5747,153,20,4,4,0
sauber,Sauber,Swiss,5758,154,20,4,4,0
sauber,Sauber,Swiss,5769,155,20,4,4,0
sauber,Sauber,Swiss,5780,156,21,4,4,0
sauber,Sauber,Swiss,5791,157,21,4,4,0
sauber,Sauber,Swiss,1477,160,1,7,7,0
sauber,Sauber,Swiss,1488,161,1,7,7,0
sauber,Sauber,Swiss,1499,162,1,7,7,0
sauber,Sauber,Swiss,1510,163,1,7,7,0
sauber,Sauber,Swiss,1521,164,3,8,8,0
sauber,Sauber,Swiss,1532,165,3,8,8,0
sauber,Sauber,Swiss,1543,166,3,8,8,0
sauber,Sauber,Swiss,1554,167,4,7,7,0
sauber,Sauber,Swiss,1565,168,6,7,7,0
sauber,Sauber,Swiss,1576,169,6,7,7,0
sauber,Sauber,Swiss,1587,170,6,7,7,0
sauber,Sauber,Swiss,1598,171,6,8,8,0
sauber,Sauber,Swiss,1609,172,6,8,8,0
sauber,Sauber,Swiss,1620,173,6,8,8,0
sauber,Sauber,Swiss,1631,174,6,8,8,0
sauber,Sauber,Swiss,5469,177,1,9,9,0
sauber,Sauber,Swiss,5480,178,1,9,9,0
sauber,Sauber,Swiss,5491,179,1,9,9,0
sauber,Sauber,Swiss,5502,180,2,8,8,0
sauber,Sauber,Swiss,5513,181,2,8,8,0
sauber,Sauber,Swiss,5524,182,3,7,7,0
sauber,Sauber,Swiss,5535,183,4,7,7,0
sauber,Sauber,Swiss,5546,184,4,7,7,0
sauber,Sauber,Swiss,5557,185,4,7,7,0
sauber,Sauber,Swiss,5568,186,4,7,7,0
sauber,Sauber,Swiss,5579,187,4,7,7,0
sauber,Sauber,Swiss,5590,188,4,8,8,0
sauber,Sauber,Swiss,5601,189,4,8,8,0
sauber,Sauber,Swiss,5612,190,5,8,8,0
sauber,Sauber,Swiss,2058,191,1,4,4,0
sauber,Sauber,Swiss,2065,192,1,5,5,0
sauber,Sauber,Swiss,2073,193,3,5,5,0
sauber,Sauber,Swiss,2083,194,4,5,5,0
sauber,Sauber,Swiss,2094,195,4,5,5,0
sauber,Sauber,Swiss,2105,196,4,6,6,0
sauber,Sauber,Swiss,2116,197,4,7,7,0
sauber,Sauber,Swiss,2127,198,4,7,7,0
sauber,Sauber,Swiss,2138,199,4,7,7,0
sauber,Sauber,Swiss,2149,200,4,7,7,0
sauber,Sauber,Swiss,2160,201,4,8,8,0
sauber,Sauber,Swiss,2171,202,4,8,8,0
sauber,Sauber,Swiss,2182,203,8,6,6,0
sauber,Sauber,Swiss,2193,204,10,6,6,0
sauber,Sauber,Swiss,2204,205,10,6,6,0
sauber,Sauber,Swiss,2215,206,10,6,6,0
sauber,Sauber,Swiss,5254,207,1,5,5,0
sauber,Sauber,Swiss,5262,208,1,6,6,0
sauber,Sauber,Swiss,5272,209,4,7,7,0
sauber,Sauber,Swiss,5283,210,4,7,7,0
sauber,Sauber,Swiss,5294,211,4,8,8,0
sauber,Sauber,Swiss,25359,212,6,8,8,0
sauber,Sauber,Swiss,25371,213,8,7,7,0
sauber,Sauber,Swiss,25383,214,8,7,7,0
sauber,Sauber,Swiss,25395,215,8,7,7,0
sauber,Sauber,Swiss,25407,216,8,7,7,0
sauber,Sauber,Swiss,25419,217,12,7,7,0
sauber,Sauber,Swiss,25431,218,15,7,7,0
sauber,Sauber,Swiss,25443,219,15,7,7,0
sauber,Sauber,Swiss,25455,220,15,7,7,0
sauber,Sauber,Swiss,25467,221,15,7,7,0
sauber,Sauber,Swiss,25479,222,16,7,7,0
sauber,Sauber,Swiss,25491,223,16,7,7,0
sauber,Sauber,Swiss,2424,224,0,7,7,0
sauber,Sauber,Swiss,2432,225,0,7,7,0
sauber,Sauber,Swiss,2443,226,0,9,9,0
sauber,Sauber,Swiss,2454,227,0,9,9,0
sauber,Sauber,Swiss,2465,228,0,9,9,0
sauber,Sauber,Swiss,2476,229,7,7,7,0
sauber,Sauber,Swiss,2487,230,10,6,6,0
sauber,Sauber,Swiss,2498,231,10,6,6,0
sauber,Sauber,Swiss,2509,232,10,6,6,0
sauber,Sauber,Swiss,2520,233,10,7,7,0
sauber,Sauber,Swiss,2531,234,10,7,7,0
sauber,Sauber,Swiss,2542,235,10,7,7,0
sauber,Sauber,Swiss,2553,236,10,7,7,0
sauber,Sauber,Swiss,2564,237,10,7,7,0
sauber,Sauber,Swiss,2575,238,10,7,7,0
sauber,Sauber,Swiss,2586,239,11,7,7,0
sauber,Sauber,Swiss,5053,241,2,5,5,0
sauber,Sauber,Swiss,5063,242,3,5,5,0
sauber,Sauber,Swiss,5076,243,3,5,5,0
sauber,Sauber,Swiss,5089,244,4,5,5,0
sauber,Sauber,Swiss,5102,245,4,7,7,0
sauber,Sauber,Swiss,5115,246,4,7,7,0
sauber,Sauber,Swiss,5128,247,5,7,7,0
sauber,Sauber,Swiss,5141,248,7,7,7,0
sauber,Sauber,Swiss,5154,249,9,7,7,0
sauber,Sauber,Swiss,5167,250,12,7,7,0
sauber,Sauber,Swiss,5180,251,17,5,5,0
sauber,Sauber,Swiss,5193,252,18,5,5,0
sauber,Sauber,Swiss,5206,253,18,6,6,0
sauber,Sauber,Swiss,5219,254,18,6,6,0
sauber,Sauber,Swiss,5232,255,18,7,7,0
sauber,Sauber,Swiss,5245,256,18,7,7,0
sauber,Sauber,Swiss,25518,257,1,6,6,0
sauber,Sauber,Swiss,25532,258,3,6,6,0
sauber,Sauber,Swiss,25546,259,6,5,5,0
sauber,Sauber,Swiss,25560,260,6,6,6,0
sauber,Sauber,Swiss,25574,261,6,7,7,0
sauber,Sauber,Swiss,25588,262,6,7,7,0
sauber,Sauber,Swiss,25602,263,10,6,6,0
sauber,Sauber,Swiss,25616,264,10,6,6,0
sauber,Sauber,Swiss,25630,265,10,7,7,0
sauber,Sauber,Swiss,25644,266,10,8,8,0
sauber,Sauber,Swiss,25658,267,10,8,8,0
sauber,Sauber,Swiss,25672,268,10,8,8,0
sauber,Sauber,Swiss,25686,269,10,8,8,0
sauber,Sauber,Swiss,25700,270,11,8,8,0
sauber,Sauber,Swiss,25714,271,12,7,7,0
sauber,Sauber,Swiss,25504,272,12,8,8,0
sauber,Sauber,Swiss,4639,273,2,5,5,0
sauber,Sauber,Swiss,4646,274,2,7,7,0
sauber,Sauber,Swiss,4657,275,2,7,7,0
sauber,Sauber,Swiss,4669,276,5,6,6,0
sauber,Sauber,Swiss,4681,277,5,6,6,0
sauber,Sauber,Swiss,4693,278,5,8,8,0
sauber,Sauber,Swiss,4706,279,6,8,8,0
sauber,Sauber,Swiss,4719,280,6,8,8,0
sauber,Sauber,Swiss,4732,281,6,8,8,0
sauber,Sauber,Swiss,4745,282,6,8,8,0
sauber,Sauber,Swiss,4758,283,7,8,8,0
sauber,Sauber,Swiss,4771,284,7,8,8,0
sauber,Sauber,Swiss,4784,285,10,7,7,0
sauber,Sauber,Swiss,4797,286,12,7,7,0
sauber,Sauber,Swiss,4810,287,12,7,7,0
sauber,Sauber,Swiss,4823,288,12,7,7,0
sauber,Sauber,Swiss,24241,337,0,10,10,0
sauber,Sauber,Swiss,24253,338,0,9,9,0
sauber,Sauber,Swiss,24265,339,0,9,9,0
sauber,Sauber,Swiss,24277,340,0,9,9,0
sauber,Sauber,Swiss,24289,341,0,9,9,0
sauber,Sauber,Swiss,24313,342,0,9,9,0
sauber,Sauber,Swiss,24325,343,1,9,9,0
sauber,Sauber,Swiss,24337,344,1,9,9,0
sauber,Sauber,Swiss,24349,345,7,9,9,0
sauber,Sauber,Swiss,24361,346,15,8,8,0
sauber,Sauber,Swiss,24373,347,15,8,8,0
sauber,Sauber,Swiss,24385,348,23,8,8,0
sauber,Sauber,Swiss,24397,349,27,8,8,0
sauber,Sauber,Swiss,24409,350,27,8,8,0
sauber,Sauber,Swiss,24445,351,27,8,8,0
sauber,Sauber,Swiss,24457,352,37,8,8,0
sauber,Sauber,Swiss,24481,353,43,8,8,0
sauber,Sauber,Swiss,24493,354,44,8,8,0
sauber,Sauber,Swiss,24505,355,44,8,8,0
sauber,Sauber,Swiss,24550,842,6,5,5,0
sauber,Sauber,Swiss,24562,843,7,6,6,0
sauber,Sauber,Swiss,24574,844,8,6,6,0
sauber,Sauber,Swiss,24586,845,11,6,6,0
sauber,Sauber,Swiss,24598,846,21,6,6,0
sauber,Sauber,Swiss,24610,847,27,6,6,0
sauber,Sauber,Swiss,24622,848,27,6,6,0
sauber,Sauber,Swiss,24634,849,33,6,6,0
sauber,Sauber,Swiss,24646,850,35,6,6,0
sauber,Sauber,Swiss,24658,851,35,6,6,0
sauber,Sauber,Swiss,24680,852,35,6,6,0
sauber,Sauber,Swiss,24692,853,35,7,7,0
sauber,Sauber,Swiss,24704,854,36,7,7,0
sauber,Sauber,Swiss,24716,855,40,7,7,0
sauber,Sauber,Swiss,24728,856,40,7,7,0
sauber,Sauber,Swiss,24740,857,41,7,7,0
sauber,Sauber,Swiss,24752,858,42,7,7,0
sauber,Sauber,Swiss,24764,859,44,7,7,0
sauber,Sauber,Swiss,24935,860,12,3,3,0
sauber,Sauber,Swiss,24780,861,30,4,4,0
sauber,Sauber,Swiss,24792,862,31,4,4,0
sauber,Sauber,Swiss,24839,864,41,7,7,0
sauber,Sauber,Swiss,24827,863,31,6,6,0
sauber,Sauber,Swiss,24851,865,41,7,7,0
sauber,Sauber,Swiss,24863,866,58,6,6,0
sauber,Sauber,Swiss,24875,867,60,6,6,0
sauber,Sauber,Swiss,24887,868,60,6,6,0
sauber,Sauber,Swiss,24970,869,80,6,6,0
sauber,Sauber,Swiss,24982,870,80,6,6,0
sauber,Sauber,Swiss,24994,871,80,6,6,0
sauber,Sauber,Swiss,25006,872,100,6,6,0
sauber,Sauber,Swiss,25042,873,101,6,6,0
sauber,Sauber,Swiss,25054,874,116,6,6,0
sauber,Sauber,Swiss,25066,875,116,6,6,0
sauber,Sauber,Swiss,25090,876,116,6,6,0
sauber,Sauber,Swiss,25102,877,124,6,6,0
sauber,Sauber,Swiss,25114,878,124,6,6,0
sauber,Sauber,Swiss,25126,879,126,6,6,0
sauber,Sauber,Swiss,25142,880,0,8,8,0
sauber,Sauber,Swiss,25153,881,4,6,6,0
sauber,Sauber,Swiss,25164,882,5,8,8,0
sauber,Sauber,Swiss,25175,883,5,8,8,0
sauber,Sauber,Swiss,25186,884,5,8,8,0
sauber,Sauber,Swiss,25197,885,5,8,8,0
sauber,Sauber,Swiss,25208,886,5,8,8,0
sauber,Sauber,Swiss,25219,887,6,8,8,0
sauber,Sauber,Swiss,25230,888,7,8,8,0
sauber,Sauber,Swiss,25241,890,7,8,8,0
sauber,Sauber,Swiss,25252,891,7,8,8,0
sauber,Sauber,Swiss,25285,893,19,8,8,0
sauber,Sauber,Swiss,25274,892,17,8,8,0
sauber,Sauber,Swiss,25296,894,31,7,7,0
sauber,Sauber,Swiss,25307,895,45,7,7,0
sauber,Sauber,Swiss,25318,896,45,7,7,0
sauber,Sauber,Swiss,25329,897,45,7,7,0
sauber,Sauber,Swiss,25340,898,53,7,7,0
sauber,Sauber,Swiss,25351,899,57,7,7,0
sauber,Sauber,Swiss,25937,900,0,7,7,0
sauber,Sauber,Swiss,25948,901,0,8,8,0
sauber,Sauber,Swiss,25959,902,0,9,9,0
sauber,Sauber,Swiss,25970,903,0,9,9,0
sauber,Sauber,Swiss,25981,904,0,9,9,0
sauber,Sauber,Swiss,25992,905,0,10,10,0
sauber,Sauber,Swiss,26003,906,0,10,10,0
sauber,Sauber,Swiss,26014,907,0,10,10,0
sauber,Sauber,Swiss,26025,908,0,10,10,0
sauber,Sauber,Swiss,26036,909,0,10,10,0
sauber,Sauber,Swiss,26047,910,0,10,10,0
sauber,Sauber,Swiss,26058,911,0,10,10,0
sauber,Sauber,Swiss,26069,912,0,10,10,0
sauber,Sauber,Swiss,26080,913,0,10,10,0
sauber,Sauber,Swiss,26091,914,0,10,10,0
sauber,Sauber,Swiss,26102,915,0,10,10,0
sauber,Sauber,Swiss,26113,916,0,10,10,0
sauber,Sauber,Swiss,26124,917,0,10,10,0
sauber,Sauber,Swiss,26135,918,0,10,10,0
sauber,Sauber,Swiss,26143,926,14,3,3,0
sauber,Sauber,Swiss,26152,927,14,4,4,0
sauber,Sauber,Swiss,26162,928,19,4,4,0
sauber,Sauber,Swiss,26172,929,19,5,5,0
sauber,Sauber,Swiss,26182,930,19,5,5,0
sauber,Sauber,Swiss,26192,931,21,5,5,0
sauber,Sauber,Swiss,26202,932,21,6,6,0
sauber,Sauber,Swiss,26212,933,21,7,7,0
sauber,Sauber,Swiss,26222,934,21,7,7,0
sauber,Sauber,Swiss,26232,936,22,8,8,0
sauber,Sauber,Swiss,26253,937,23,8,8,0
sauber,Sauber,Swiss,26263,938,25,8,8,0
sauber,Sauber,Swiss,26273,939,26,8,8,0
sauber,Sauber,Swiss,26293,940,26,8,8,0
sauber,Sauber,Swiss,26378,941,34,8,8,0
sauber,Sauber,Swiss,26388,942,36,8,8,0
sauber,Sauber,Swiss,26398,943,36,8,8,0
sauber,Sauber,Swiss,26408,944,36,8,8,0
sauber,Sauber,Swiss,26429,945,36,8,8,0
sauber,Sauber,Swiss,26566,948,0,10,10,0
sauber,Sauber,Swiss,26456,949,0,10,10,0
sauber,Sauber,Swiss,26467,950,0,10,10,0
sauber,Sauber,Swiss,26478,951,0,10,10,0
sauber,Sauber,Swiss,26489,952,0,10,10,0
sauber,Sauber,Swiss,26500,953,0,10,10,0
sauber,Sauber,Swiss,26511,954,0,10,10,0
sauber,Sauber,Swiss,26533,955,0,10,10,0
sauber,Sauber,Swiss,26544,956,0,11,11,0
sauber,Sauber,Swiss,26555,957,0,11,11,0
sauber,Sauber,Swiss,26577,958,0,11,11,0
sauber,Sauber,Swiss,26588,959,0,11,11,0
sauber,Sauber,Swiss,26599,960,0,11,11,0
sauber,Sauber,Swiss,26610,961,0,11,11,0
sauber,Sauber,Swiss,26621,962,0,11,11,0
sauber,Sauber,Swiss,26632,963,0,11,11,0
sauber,Sauber,Swiss,26643,964,0,11,11,0
sauber,Sauber,Swiss,26698,965,0,11,11,0
sauber,Sauber,Swiss,26709,966,0,11,11,0
sauber,Sauber,Swiss,26720,967,2,10,10,0
sauber,Sauber,Swiss,26731,968,2,10,10,0
sauber,Sauber,Swiss,26740,969,0,8,8,0
sauber,Sauber,Swiss,26750,970,0,9,9,0
sauber,Sauber,Swiss,26760,971,0,9,9,0
sauber,Sauber,Swiss,26770,972,0,9,9,0
sauber,Sauber,Swiss,26780,973,4,9,9,0
sauber,Sauber,Swiss,26790,974,4,9,9,0
sauber,Sauber,Swiss,26800,975,4,9,9,0
sauber,Sauber,Swiss,26810,976,5,9,9,0
sauber,Sauber,Swiss,26820,977,5,9,9,0
sauber,Sauber,Swiss,26830,978,5,9,9,0
sauber,Sauber,Swiss,26840,979,5,10,10,0
sauber,Sauber,Swiss,26850,980,5,10,10,0
sauber,Sauber,Swiss,26860,981,5,10,10,0
sauber,Sauber,Swiss,26870,982,5,10,10,0
sauber,Sauber,Swiss,26880,983,5,10,10,0
sauber,Sauber,Swiss,26890,984,5,10,10,0
sauber,Sauber,Swiss,26900,985,5,10,10,0
sauber,Sauber,Swiss,26910,986,5,10,10,0
sauber,Sauber,Swiss,26920,987,5,10,10,0
sauber,Sauber,Swiss,26930,988,5,10,10,0
sauber,Sauber,Swiss,26939,989,0,7,7,0
sauber,Sauber,Swiss,26979,990,2,8,8,0
sauber,Sauber,Swiss,26969,991,2,8,8,0
sauber,Sauber,Swiss,26989,992,10,9,9,0
sauber,Sauber,Swiss,26999,993,11,9,9,0
sauber,Sauber,Swiss,27009,994,11,9,9,0
sauber,Sauber,Swiss,27019,995,12,9,9,0
sauber,Sauber,Swiss,27029,996,13,9,9,0
sauber,Sauber,Swiss,27039,997,16,9,9,0
sauber,Sauber,Swiss,27049,998,16,9,9,0
sauber,Sauber,Swiss,27059,999,18,9,9,0
sauber,Sauber,Swiss,27069,1000,18,9,9,0
sauber,Sauber,Swiss,27079,1001,19,8,8,0
sauber,Sauber,Swiss,27099,1002,19,9,9,0
sauber,Sauber,Swiss,27109,1003,21,9,9,0
sauber,Sauber,Swiss,27119,1004,27,9,9,0
sauber,Sauber,Swiss,27129,1005,27,9,9,0
sauber,Sauber,Swiss,27149,1006,28,9,9,0
sauber,Sauber,Swiss,27159,1007,36,8,8,0
sauber,Sauber,Swiss,27169,1008,42,8,8,0
sauber,Sauber,Swiss,27179,1009,48,8,8,0
bar,BAR,British,27950,71,0,10,10,0
bar,BAR,British,27960,72,0,10,10,0
bar,BAR,British,27970,73,0,10,10,0
bar,BAR,British,27980,74,0,10,10,0
bar,BAR,British,27990,75,0,10,10,0
bar,BAR,British,28000,76,0,10,10,0
bar,BAR,British,28010,77,0,9,9,0
bar,BAR,British,28020,78,0,9,9,0
bar,BAR,British,28030,79,0,10,10,0
bar,BAR,British,28040,80,5,10,10,0
bar,BAR,British,28050,81,9,9,9,0
bar,BAR,British,28060,82,15,7,7,0
bar,BAR,British,28070,83,20,7,7,0
bar,BAR,British,28080,84,24,7,7,0
bar,BAR,British,28090,85,25,7,7,0
bar,BAR,British,28100,86,31,6,6,0
bar,BAR,British,28110,87,33,6,6,0
bar,BAR,British,28120,88,37,6,6,0
bar,BAR,British,28130,89,38,6,6,0
bar,BAR,British,6141,90,3,4,4,0
bar,BAR,British,6150,91,9,4,4,0
bar,BAR,British,6160,92,19,4,4,0
bar,BAR,British,6170,93,27,3,3,0
bar,BAR,British,6180,94,32,3,3,0
bar,BAR,British,6190,95,40,3,3,0
bar,BAR,British,6200,96,46,3,3,0
bar,BAR,British,6210,97,52,3,3,0
bar,BAR,British,6220,98,58,3,3,0
bar,BAR,British,6230,99,62,3,3,0
bar,BAR,British,6240,100,67,3,3,0
bar,BAR,British,6250,101,76,3,3,0
bar,BAR,British,6260,102,83,3,3,0
bar,BAR,British,6270,103,83,3,3,0
bar,BAR,British,6280,104,94,2,2,0
bar,BAR,British,6290,105,105,2,2,0
bar,BAR,British,6300,106,116,2,2,0
bar,BAR,British,6310,107,119,2,2,0
bar,BAR,British,5987,108,0,6,6,0
bar,BAR,British,5994,109,2,6,6,0
bar,BAR,British,6003,110,5,7,7,0
bar,BAR,British,6013,111,6,7,7,0
bar,BAR,British,6023,112,6,7,7,0
bar,BAR,British,6033,113,11,6,6,0
bar,BAR,British,6043,114,11,6,6,0
bar,BAR,British,6053,115,11,6,6,0
bar,BAR,British,6063,116,13,5,5,0
bar,BAR,British,6073,117,13,5,5,0
bar,BAR,British,6083,118,14,5,5,0
bar,BAR,British,6093,119,15,5,5,0
bar,BAR,British,6103,120,15,5,5,0
bar,BAR,British,6113,121,18,5,5,0
bar,BAR,British,6123,122,18,6,6,0
bar,BAR,British,6133,123,26,5,5,0
bar,BAR,British,5814,125,0,9,9,0
bar,BAR,British,5825,126,0,9,9,0
bar,BAR,British,5836,127,0,9,9,0
bar,BAR,British,5847,128,0,10,10,0
bar,BAR,British,5858,129,0,11,11,0
bar,BAR,British,5869,130,0,11,11,0
bar,BAR,British,5880,131,0,11,11,0
bar,BAR,British,5891,132,0,11,11,0
bar,BAR,British,5902,133,5,7,7,0
bar,BAR,British,5913,134,5,7,7,0
bar,BAR,British,5924,135,5,7,7,0
bar,BAR,British,5935,136,5,7,7,0
bar,BAR,British,5946,137,5,7,7,0
bar,BAR,British,5957,138,6,8,8,0
bar,BAR,British,5968,139,7,7,7,0
bar,BAR,British,5979,140,7,8,8,0
bar,BAR,British,5618,141,0,5,5,0
bar,BAR,British,5628,142,0,7,7,0
bar,BAR,British,5639,143,3,5,5,0
bar,BAR,British,5650,144,3,6,6,0
bar,BAR,British,5661,145,7,6,6,0
bar,BAR,British,5672,146,9,6,6,0
bar,BAR,British,5683,147,12,5,5,0
bar,BAR,British,5694,148,12,6,6,0
bar,BAR,British,5705,149,12,6,6,0
bar,BAR,British,5716,150,12,6,6,0
bar,BAR,British,5727,151,12,6,6,0
bar,BAR,British,5738,152,16,5,5,0
bar,BAR,British,5749,153,16,5,5,0
bar,BAR,British,5760,154,16,5,5,0
bar,BAR,British,5771,155,17,5,5,0
bar,BAR,British,5782,156,17,6,6,0
bar,BAR,British,5793,157,17,6,6,0
bar,BAR,British,1456,158,4,3,3,0
bar,BAR,British,1462,159,4,5,5,0
bar,BAR,British,1470,160,6,6,6,0
bar,BAR,British,1481,161,6,6,6,0
bar,BAR,British,1492,162,6,6,6,0
bar,BAR,British,1503,163,6,6,6,0
bar,BAR,British,1514,164,6,6,6,0
bar,BAR,British,1525,165,6,6,6,0
bar,BAR,British,1536,166,9,6,6,0
bar,BAR,British,1547,167,12,5,5,0
bar,BAR,British,1558,168,12,5,5,0
bar,BAR,British,1569,169,12,6,6,0
bar,BAR,British,1580,170,12,6,6,0
bar,BAR,British,1591,171,13,6,6,0
bar,BAR,British,1602,172,17,6,6,0
bar,BAR,British,1613,173,18,5,5,0
bar,BAR,British,1624,174,20,5,5,0
bar,BAR,British,5470,177,0,10,10,0
bar,BAR,British,5481,178,0,10,10,0
bar,BAR,British,5492,179,0,10,10,0
bar,BAR,British,5503,180,0,10,10,0
bar,BAR,British,5514,181,0,10,10,0
bar,BAR,British,5525,182,0,10,10,0
bar,BAR,British,5536,183,0,10,10,0
bar,BAR,British,5547,184,0,10,10,0
bar,BAR,British,5558,185,0,10,10,0
bar,BAR,British,5569,186,0,10,10,0
bar,BAR,British,5580,187,0,10,10,0
bar,BAR,British,5591,188,0,11,11,0
bar,BAR,British,5602,189,0,11,11,0
bar,BAR,British,5613,190,0,11,11,0
jordan,Jordan,Irish,27951,71,0,8,8,0
jordan,Jordan,Irish,27961,72,0,8,8,0
jordan,Jordan,Irish,27971,73,0,8,8,0
jordan,Jordan,Irish,27981,74,0,8,8,0
jordan,Jordan,Irish,27991,75,0,8,8,0
jordan,Jordan,Irish,28001,76,0,8,8,0
jordan,Jordan,Irish,28011,77,0,8,8,0
jordan,Jordan,Irish,28021,78,0,8,8,0
jordan,Jordan,Irish,28031,79,11,8,8,0
jordan,Jordan,Irish,28041,80,11,8,8,0
jordan,Jordan,Irish,28051,81,11,8,8,0
jordan,Jordan,Irish,28061,82,11,9,9,0
jordan,Jordan,Irish,28071,83,11,9,9,0
jordan,Jordan,Irish,28081,84,11,9,9,0
jordan,Jordan,Irish,28091,85,11,9,9,0
jordan,Jordan,Irish,28101,86,12,9,9,0
jordan,Jordan,Irish,28111,87,12,9,9,0
jordan,Jordan,Irish,28121,88,12,9,9,0
jordan,Jordan,Irish,28131,89,12,9,9,0
jordan,Jordan,Irish,6146,90,0,9,9,0
jordan,Jordan,Irish,6155,91,0,9,9,0
jordan,Jordan,Irish,6165,92,0,9,9,0
jordan,Jordan,Irish,6175,93,0,9,9,0
jordan,Jordan,Irish,6185,94,0,9,9,0
jordan,Jordan,Irish,6195,95,2,8,8,0
jordan,Jordan,Irish,6205,96,2,9,9,0
jordan,Jordan,Irish,6215,97,5,7,7,0
jordan,Jordan,Irish,6225,98,5,8,8,0
jordan,Jordan,Irish,6235,99,5,8,8,0
jordan,Jordan,Irish,6245,100,5,8,8,0
jordan,Jordan,Irish,6255,101,5,9,9,0
jordan,Jordan,Irish,6265,102,5,9,9,0
jordan,Jordan,Irish,6275,103,5,9,9,0
jordan,Jordan,Irish,6285,104,5,9,9,0
jordan,Jordan,Irish,6295,105,5,9,9,0
jordan,Jordan,Irish,6305,106,5,9,9,0
jordan,Jordan,Irish,6315,107,5,9,9,0
jordan,Jordan,Irish,5996,109,0,7,7,0
jordan,Jordan,Irish,6005,110,10,5,5,1
jordan,Jordan,Irish,6015,111,10,5,5,1
jordan,Jordan,Irish,6025,112,11,5,5,1
jordan,Jordan,Irish,6035,113,11,5,5,1
jordan,Jordan,Irish,6045,114,11,5,5,1
jordan,Jordan,Irish,6055,115,11,5,5,1
jordan,Jordan,Irish,6065,116,11,6,6,1
jordan,Jordan,Irish,6075,117,11,7,7,1
jordan,Jordan,Irish,6085,118,11,7,7,1
jordan,Jordan,Irish,6095,119,11,8,8,1
jordan,Jordan,Irish,6105,120,11,8,8,1
jordan,Jordan,Irish,6115,121,11,8,8,1
jordan,Jordan,Irish,6125,122,13,9,9,1
jordan,Jordan,Irish,6135,123,13,9,9,1
jordan,Jordan,Irish,5815,125,0,10,10,0
jordan,Jordan,Irish,5826,126,0,10,10,0
jordan,Jordan,Irish,5837,127,0,10,10,0
jordan,Jordan,Irish,5848,128,0,11,11,0
jordan,Jordan,Irish,5859,129,2,8,8,0
jordan,Jordan,Irish,5870,130,4,6,6,0
jordan,Jordan,Irish,5881,131,6,6,6,0
jordan,Jordan,Irish,5892,132,6,6,6,0
jordan,Jordan,Irish,5903,133,6,6,6,0
jordan,Jordan,Irish,5914,134,6,6,6,0
jordan,Jordan,Irish,5925,135,6,6,6,0
jordan,Jordan,Irish,5936,136,7,6,6,0
jordan,Jordan,Irish,5947,137,7,6,6,0
jordan,Jordan,Irish,5958,138,7,7,7,0
jordan,Jordan,Irish,5969,139,7,8,8,0
jordan,Jordan,Irish,5980,140,9,6,6,0
jordan,Jordan,Irish,5617,141,2,4,4,0
jordan,Jordan,Irish,5627,142,5,3,3,0
jordan,Jordan,Irish,5638,143,7,4,4,0
jordan,Jordan,Irish,5649,144,10,4,4,0
jordan,Jordan,Irish,5660,145,13,4,4,0
jordan,Jordan,Irish,5671,146,13,4,4,0
jordan,Jordan,Irish,5682,147,13,4,4,0
jordan,Jordan,Irish,5693,148,13,5,5,0
jordan,Jordan,Irish,5704,149,13,5,5,0
jordan,Jordan,Irish,5715,150,15,5,5,0
jordan,Jordan,Irish,5726,151,15,5,5,0
jordan,Jordan,Irish,5737,152,15,6,6,0
jordan,Jordan,Irish,5748,153,15,6,6,0
jordan,Jordan,Irish,5759,154,16,6,6,0
jordan,Jordan,Irish,5770,155,16,6,6,0
jordan,Jordan,Irish,5781,156,19,5,5,0
jordan,Jordan,Irish,5792,157,19,5,5,0
jordan,Jordan,Irish,1466,159,7,3,3,0
jordan,Jordan,Irish,1474,160,7,4,4,0
jordan,Jordan,Irish,1485,161,8,5,5,0
jordan,Jordan,Irish,1496,162,9,4,4,0
jordan,Jordan,Irish,1507,163,9,5,5,0
jordan,Jordan,Irish,1518,164,9,5,5,0
jordan,Jordan,Irish,1529,165,10,5,5,0
jordan,Jordan,Irish,1540,166,11,5,5,0
jordan,Jordan,Irish,1551,167,11,6,6,0
jordan,Jordan,Irish,1562,168,11,6,6,0
jordan,Jordan,Irish,1573,169,12,5,5,0
jordan,Jordan,Irish,1584,170,13,5,5,0
jordan,Jordan,Irish,1595,171,13,5,5,0
jordan,Jordan,Irish,1606,172,17,5,5,0
jordan,Jordan,Irish,1617,173,17,6,6,0
jordan,Jordan,Irish,1628,174,17,6,6,0
jordan,Jordan,Irish,5446,175,6,2,2,0
jordan,Jordan,Irish,5452,176,10,3,3,0
jordan,Jordan,Irish,5461,177,13,3,3,0
jordan,Jordan,Irish,5472,178,16,3,3,0
jordan,Jordan,Irish,5483,179,16,3,3,0
jordan,Jordan,Irish,5494,180,16,3,3,0
jordan,Jordan,Irish,5505,181,26,3,3,1
jordan,Jordan,Irish,5516,182,31,3,3,1
jordan,Jordan,Irish,5527,183,34,3,3,1
jordan,Jordan,Irish,5538,184,38,3,3,1
jordan,Jordan,Irish,5549,185,42,3,3,1
jordan,Jordan,Irish,5560,186,47,3,3,1
jordan,Jordan,Irish,5571,187,57,3,3,2
jordan,Jordan,Irish,5582,188,57,3,3,2
jordan,Jordan,Irish,5593,189,58,3,3,2
jordan,Jordan,Irish,5604,190,61,3,3,2
jordan,Jordan,Irish,2060,191,0,6,6,0
jordan,Jordan,Irish,2067,192,0,6,6,0
jordan,Jordan,Irish,2075,193,0,6,6,0
jordan,Jordan,Irish,2085,194,0,6,6,0
jordan,Jordan,Irish,2096,195,0,7,7,0
jordan,Jordan,Irish,2107,196,0,8,8,0
jordan,Jordan,Irish,2118,197,0,8,8,0
jordan,Jordan,Irish,2129,198,0,8,8,0
jordan,Jordan,Irish,2140,199,1,8,8,0
jordan,Jordan,Irish,2151,200,3,8,8,0
jordan,Jordan,Irish,2162,201,7,5,5,0
jordan,Jordan,Irish,2173,202,10,5,5,0
jordan,Jordan,Irish,2184,203,26,5,5,1
jordan,Jordan,Irish,2195,204,31,5,5,1
jordan,Jordan,Irish,2206,205,31,5,5,1
jordan,Jordan,Irish,2217,206,34,4,4,1
jordan,Jordan,Irish,5266,208,0,7,7,0
jordan,Jordan,Irish,5276,209,4,6,6,0
jordan,Jordan,Irish,5287,210,7,5,5,0
jordan,Jordan,Irish,5298,211,8,6,6,0
jordan,Jordan,Irish,25365,212,8,6,6,0
jordan,Jordan,Irish,25377,213,12,6,6,0
jordan,Jordan,Irish,25389,214,13,6,6,0
jordan,Jordan,Irish,25401,215,15,6,6,0
jordan,Jordan,Irish,25413,216,17,6,6,0
jordan,Jordan,Irish,25425,217,19,6,6,0
jordan,Jordan,Irish,25437,218,25,5,5,0
jordan,Jordan,Irish,25449,219,28,5,5,0
jordan,Jordan,Irish,25461,220,33,5,5,0
jordan,Jordan,Irish,25473,221,33,5,5,0
jordan,Jordan,Irish,25485,222,33,5,5,0
jordan,Jordan,Irish,25497,223,33,5,5,0
jordan,Jordan,Irish,2436,225,0,11,11,0
jordan,Jordan,Irish,2447,226,3,5,5,0
jordan,Jordan,Irish,2458,227,6,5,5,0
jordan,Jordan,Irish,2469,228,8,5,5,0
jordan,Jordan,Irish,2480,229,8,6,6,0
jordan,Jordan,Irish,2491,230,8,7,7,0
jordan,Jordan,Irish,2502,231,9,7,7,0
jordan,Jordan,Irish,2513,232,9,7,7,0
jordan,Jordan,Irish,2524,233,13,5,5,0
jordan,Jordan,Irish,2535,234,14,5,5,0
jordan,Jordan,Irish,2546,235,15,5,5,0
jordan,Jordan,Irish,2557,236,15,5,5,0
jordan,Jordan,Irish,2568,237,20,5,5,0
jordan,Jordan,Irish,2579,238,20,5,5,0
jordan,Jordan,Irish,2590,239,22,5,5,0
jordan,Jordan,Irish,5065,242,0,8,8,0
jordan,Jordan,Irish,5078,243,2,6,6,0
jordan,Jordan,Irish,5091,244,2,6,6,0
jordan,Jordan,Irish,5104,245,12,4,4,0
jordan,Jordan,Irish,5117,246,13,4,4,0
jordan,Jordan,Irish,5130,247,13,4,4,0
jordan,Jordan,Irish,5143,248,13,4,4,0
jordan,Jordan,Irish,5156,249,13,4,4,0
jordan,Jordan,Irish,5169,250,14,5,5,0
jordan,Jordan,Irish,5182,251,14,7,7,0
jordan,Jordan,Irish,5195,252,14,7,7,0
jordan,Jordan,Irish,5208,253,18,5,5,0
jordan,Jordan,Irish,5221,254,18,5,5,0
jordan,Jordan,Irish,5234,255,21,5,5,0
jordan,Jordan,Irish,5247,256,21,6,6,0
jordan,Jordan,Irish,25516,257,3,4,4,0
jordan,Jordan,Irish,25530,258,7,3,3,0
jordan,Jordan,Irish,25544,259,7,4,4,0
jordan,Jordan,Irish,25558,260,10,4,4,0
jordan,Jordan,Irish,25572,261,11,4,4,0
jordan,Jordan,Irish,25586,262,11,4,4,0
jordan,Jordan,Irish,25600,263,11,4,4,0
jordan,Jordan,Irish,25614,264,14,5,5,0
jordan,Jordan,Irish,25628,265,14,5,5,0
jordan,Jordan,Irish,25642,266,14,5,5,0
jordan,Jordan,Irish,25656,267,14,5,5,0
jordan,Jordan,Irish,25670,268,17,5,5,0
jordan,Jordan,Irish,25684,269,20,5,5,0
jordan,Jordan,Irish,25698,270,23,5,5,0
jordan,Jordan,Irish,25712,271,25,5,5,0
jordan,Jordan,Irish,25502,272,28,5,5,0
jordan,Jordan,Irish,4664,275,0,11,11,0
jordan,Jordan,Irish,4676,276,0,12,12,0
jordan,Jordan,Irish,4688,277,0,12,12,0
jordan,Jordan,Irish,4700,278,0,12,12,0
jordan,Jordan,Irish,4726,280,0,11,11,0
jordan,Jordan,Irish,4713,279,0,12,12,0
jordan,Jordan,Irish,4739,281,0,11,11,0
jordan,Jordan,Irish,4752,282,0,11,11,0
jordan,Jordan,Irish,4765,283,0,11,11,0
jordan,Jordan,Irish,4778,284,0,11,11,0
jordan,Jordan,Irish,4791,285,0,11,11,0
jordan,Jordan,Irish,4804,286,0,11,11,0
jordan,Jordan,Irish,4817,287,3,11,11,0
jordan,Jordan,Irish,4830,288,3,11,11,0
jordan,Jordan,Irish,3253,289,0,7,7,0
jordan,Jordan,Irish,3262,290,0,10,10,0
jordan,Jordan,Irish,3273,291,0,12,12,0
jordan,Jordan,Irish,3314,292,0,13,13,0
jordan,Jordan,Irish,3328,293,0,10,10,0
jordan,Jordan,Irish,3342,294,0,12,12,0
jordan,Jordan,Irish,3356,295,0,13,13,0
jordan,Jordan,Irish,3370,296,0,13,13,0
jordan,Jordan,Irish,3384,297,0,13,13,0
jordan,Jordan,Irish,3399,298,0,13,13,0
jordan,Jordan,Irish,3414,299,0,13,13,0
jordan,Jordan,Irish,3429,300,0,13,13,0
jordan,Jordan,Irish,3444,301,0,13,13,0
jordan,Jordan,Irish,3459,302,0,13,13,0
jordan,Jordan,Irish,3474,303,0,13,13,0
jordan,Jordan,Irish,3489,304,1,11,11,0
jordan,Jordan,Irish,8238,305,0,9,9,0
jordan,Jordan,Irish,8256,306,0,11,11,0
jordan,Jordan,Irish,8274,307,0,14,14,0
jordan,Jordan,Irish,8293,308,0,12,12,0
jordan,Jordan,Irish,8312,309,5,7,7,0
jordan,Jordan,Irish,8331,310,8,6,6,0
jordan,Jordan,Irish,8350,311,9,6,6,0
jordan,Jordan,Irish,8369,312,10,6,6,0
jordan,Jordan,Irish,8388,313,13,5,5,0
jordan,Jordan,Irish,8407,314,13,5,5,0
jordan,Jordan,Irish,8426,315,13,5,5,0
jordan,Jordan,Irish,8445,316,13,5,5,0
jordan,Jordan,Irish,8464,317,13,5,5,0
jordan,Jordan,Irish,8483,318,13,5,5,0
jordan,Jordan,Irish,8502,319,13,5,5,0
jordan,Jordan,Irish,8521,320,13,5,5,0
minardi,Minardi,Italian,27992,75,0,9,9,0
minardi,Minardi,Italian,28012,77,0,10,10,0
minardi,Minardi,Italian,28022,78,0,10,10,0
minardi,Minardi,Italian,28032,79,7,9,9,0
minardi,Minardi,Italian,28042,80,7,9,9,0
minardi,Minardi,Italian,28052,81,7,10,10,0
minardi,Minardi,Italian,28062,82,7,10,10,0
minardi,Minardi,Italian,28072,83,7,10,10,0
minardi,Minardi,Italian,28082,84,7,10,10,0
minardi,Minardi,Italian,28092,85,7,10,10,0
minardi,Minardi,Italian,28102,86,7,10,10,0
minardi,Minardi,Italian,28112,87,7,10,10,0
minardi,Minardi,Italian,28122,88,7,10,10,0
minardi,Minardi,Italian,28132,89,7,10,10,0
minardi,Minardi,Italian,6156,91,0,10,10,0
minardi,Minardi,Italian,6166,92,0,10,10,0
minardi,Minardi,Italian,6176,93,0,10,10,0
minardi,Minardi,Italian,6186,94,0,10,10,0
minardi,Minardi,Italian,6196,95,0,10,10,0
minardi,Minardi,Italian,6206,96,0,10,10,0
minardi,Minardi,Italian,6216,97,0,10,10,0
minardi,Minardi,Italian,6226,98,1,10,10,0
minardi,Minardi,Italian,6236,99,1,10,10,0
minardi,Minardi,Italian,6246,100,1,10,10,0
minardi,Minardi,Italian,6256,101,1,10,10,0
minardi,Minardi,Italian,6266,102,1,10,10,0
minardi,Minardi,Italian,6276,103,1,10,10,0
minardi,Minardi,Italian,6286,104,1,10,10,0
minardi,Minardi,Italian,6296,105,1,10,10,0
minardi,Minardi,Italian,6306,106,1,10,10,0
minardi,Minardi,Italian,6316,107,1,10,10,0
minardi,Minardi,Italian,5988,108,0,7,7,0
minardi,Minardi,Italian,5995,109,0,8,8,0
minardi,Minardi,Italian,6004,110,0,10,10,0
minardi,Minardi,Italian,6014,111,0,10,10,0
minardi,Minardi,Italian,6024,112,0,10,10,0
minardi,Minardi,Italian,6034,113,0,10,10,0
minardi,Minardi,Italian,6044,114,0,10,10,0
minardi,Minardi,Italian,6054,115,0,10,10,0
minardi,Minardi,Italian,6064,116,0,10,10,0
minardi,Minardi,Italian,6074,117,0,10,10,0
minardi,Minardi,Italian,6084,118,0,10,10,0
minardi,Minardi,Italian,6094,119,0,10,10,0
minardi,Minardi,Italian,6104,120,0,10,10,0
minardi,Minardi,Italian,6114,121,0,10,10,0
minardi,Minardi,Italian,6124,122,0,10,10,0
minardi,Minardi,Italian,6134,123,0,10,10,0
minardi,Minardi,Italian,5804,124,2,5,5,0
minardi,Minardi,Italian,5810,125,2,7,7,0
minardi,Minardi,Italian,5821,126,2,7,7,0
minardi,Minardi,Italian,5832,127,2,7,7,0
minardi,Minardi,Italian,5843,128,2,7,7,0
minardi,Minardi,Italian,5854,129,2,7,7,0
minardi,Minardi,Italian,5865,130,2,8,8,0
minardi,Minardi,Italian,5876,131,2,8,8,0
minardi,Minardi,Italian,5887,132,2,8,8,0
minardi,Minardi,Italian,5898,133,2,9,9,0
minardi,Minardi,Italian,5909,134,2,9,9,0
minardi,Minardi,Italian,5920,135,2,9,9,0
minardi,Minardi,Italian,5931,136,2,9,9,0
minardi,Minardi,Italian,5942,137,2,9,9,0
minardi,Minardi,Italian,5953,138,2,9,9,0
minardi,Minardi,Italian,5964,139,2,9,9,0
minardi,Minardi,Italian,5975,140,2,9,9,0
minardi,Minardi,Italian,5622,141,0,9,9,0
minardi,Minardi,Italian,5632,142,0,11,11,0
minardi,Minardi,Italian,5643,143,0,11,11,0
minardi,Minardi,Italian,5654,144,0,11,11,0
minardi,Minardi,Italian,5665,145,0,11,11,0
minardi,Minardi,Italian,5676,146,0,11,11,0
minardi,Minardi,Italian,5687,147,0,11,11,0
minardi,Minardi,Italian,5698,148,0,11,11,0
minardi,Minardi,Italian,5709,149,0,11,11,0
minardi,Minardi,Italian,5720,150,0,11,11,0
minardi,Minardi,Italian,5731,151,0,11,11,0
minardi,Minardi,Italian,5742,152,0,11,11,0
minardi,Minardi,Italian,5753,153,0,11,11,0
minardi,Minardi,Italian,5764,154,0,11,11,0
minardi,Minardi,Italian,5775,155,0,11,11,0
minardi,Minardi,Italian,5786,156,0,11,11,0
minardi,Minardi,Italian,5797,157,0,11,11,0
minardi,Minardi,Italian,1458,158,0,5,5,0
minardi,Minardi,Italian,1464,159,0,7,7,0
minardi,Minardi,Italian,1472,160,0,10,10,0
minardi,Minardi,Italian,1483,161,0,10,10,0
minardi,Minardi,Italian,1494,162,0,10,10,0
minardi,Minardi,Italian,1505,163,0,10,10,0
minardi,Minardi,Italian,1516,164,0,10,10,0
minardi,Minardi,Italian,1527,165,0,10,10,0
minardi,Minardi,Italian,1538,166,0,10,10,0
minardi,Minardi,Italian,1549,167,0,10,10,0
minardi,Minardi,Italian,1560,168,0,10,10,0
minardi,Minardi,Italian,1571,169,0,10,10,0
minardi,Minardi,Italian,1582,170,0,10,10,0
minardi,Minardi,Italian,1593,171,0,10,10,0
minardi,Minardi,Italian,1604,172,0,10,10,0
minardi,Minardi,Italian,1615,173,0,10,10,0
minardi,Minardi,Italian,1626,174,0,10,10,0
minardi,Minardi,Italian,5459,176,0,9,9,0
minardi,Minardi,Italian,5468,177,0,11,11,0
minardi,Minardi,Italian,5479,178,0,11,11,0
minardi,Minardi,Italian,5490,179,0,11,11,0
minardi,Minardi,Italian,5501,180,0,11,11,0
minardi,Minardi,Italian,5512,181,0,11,11,0
minardi,Minardi,Italian,5523,182,0,11,11,0
minardi,Minardi,Italian,5534,183,0,11,11,0
minardi,Minardi,Italian,5545,184,0,11,11,0
minardi,Minardi,Italian,5556,185,0,11,11,0
minardi,Minardi,Italian,5567,186,0,11,11,0
minardi,Minardi,Italian,5578,187,0,11,11,0
minardi,Minardi,Italian,5589,188,1,10,10,0
minardi,Minardi,Italian,5600,189,1,10,10,0
minardi,Minardi,Italian,5611,190,1,10,10,0
minardi,Minardi,Italian,2079,193,0,10,10,0
minardi,Minardi,Italian,2089,194,0,7,7,0
minardi,Minardi,Italian,2100,195,0,8,8,0
minardi,Minardi,Italian,2111,196,0,9,9,0
minardi,Minardi,Italian,2122,197,0,9,9,0
minardi,Minardi,Italian,2133,198,0,9,9,0
minardi,Minardi,Italian,2144,199,0,9,9,0
minardi,Minardi,Italian,2155,200,0,9,9,0
minardi,Minardi,Italian,2166,201,0,9,9,0
minardi,Minardi,Italian,2177,202,0,9,9,0
minardi,Minardi,Italian,2188,203,0,10,10,0
minardi,Minardi,Italian,2199,204,0,10,10,0
minardi,Minardi,Italian,2210,205,0,10,10,0
minardi,Minardi,Italian,2221,206,0,10,10,0
minardi,Minardi,Italian,5256,207,0,7,7,0
minardi,Minardi,Italian,5264,208,0,8,8,0
minardi,Minardi,Italian,5274,209,0,9,9,0
minardi,Minardi,Italian,5285,210,0,9,9,0
minardi,Minardi,Italian,5296,211,0,10,10,0
minardi,Minardi,Italian,25361,212,0,10,10,0
minardi,Minardi,Italian,25373,213,0,11,11,0
minardi,Minardi,Italian,25385,214,0,11,11,0
minardi,Minardi,Italian,25397,215,0,11,11,0
minardi,Minardi,Italian,25409,216,0,11,11,0
minardi,Minardi,Italian,25421,217,0,11,11,0
minardi,Minardi,Italian,25433,218,0,11,11,0
minardi,Minardi,Italian,25445,219,0,11,11,0
minardi,Minardi,Italian,25457,220,0,11,11,0
minardi,Minardi,Italian,25469,221,0,11,11,0
minardi,Minardi,Italian,25481,222,0,11,11,0
minardi,Minardi,Italian,25493,223,0,11,11,0
minardi,Minardi,Italian,2434,225,0,9,9,0
minardi,Minardi,Italian,2445,226,0,11,11,0
minardi,Minardi,Italian,2456,227,0,11,11,0
minardi,Minardi,Italian,2467,228,0,10,10,0
minardi,Minardi,Italian,2478,229,0,10,10,0
minardi,Minardi,Italian,2489,230,0,10,10,0
minardi,Minardi,Italian,2500,231,0,10,10,0
minardi,Minardi,Italian,2511,232,0,10,10,0
minardi,Minardi,Italian,2522,233,0,10,10,0
minardi,Minardi,Italian,2533,234,0,10,10,0
minardi,Minardi,Italian,2544,235,0,10,10,0
minardi,Minardi,Italian,2555,236,0,10,10,0
minardi,Minardi,Italian,2566,237,0,10,10,0
minardi,Minardi,Italian,2577,238,0,10,10,0
minardi,Minardi,Italian,2588,239,0,10,10,0
minardi,Minardi,Italian,5066,242,0,12,12,0
minardi,Minardi,Italian,5079,243,0,13,13,0
minardi,Minardi,Italian,5092,244,0,9,9,0
minardi,Minardi,Italian,5105,245,0,10,10,0
minardi,Minardi,Italian,5118,246,0,10,10,0
minardi,Minardi,Italian,5131,247,0,10,10,0
minardi,Minardi,Italian,5144,248,0,10,10,0
minardi,Minardi,Italian,5157,249,0,10,10,0
minardi,Minardi,Italian,5170,250,0,10,10,0
minardi,Minardi,Italian,5183,251,0,10,10,0
minardi,Minardi,Italian,5196,252,0,10,10,0
minardi,Minardi,Italian,5209,253,0,10,10,0
minardi,Minardi,Italian,5222,254,0,10,10,0
minardi,Minardi,Italian,5235,255,0,10,10,0
minardi,Minardi,Italian,5248,256,1,10,10,0
minardi,Minardi,Italian,25520,257,0,8,8,0
minardi,Minardi,Italian,25534,258,0,10,10,0
minardi,Minardi,Italian,25548,259,0,11,11,0
minardi,Minardi,Italian,25562,260,1,10,10,0
minardi,Minardi,Italian,25576,261,3,9,9,0
minardi,Minardi,Italian,25590,262,3,9,9,0
minardi,Minardi,Italian,25604,263,5,8,8,0
minardi,Minardi,Italian,25618,264,5,8,8,0
minardi,Minardi,Italian,25632,265,5,10,10,0
minardi,Minardi,Italian,25646,266,5,10,10,0
minardi,Minardi,Italian,25660,267,5,10,10,0
minardi,Minardi,Italian,25674,268,5,10,10,0
minardi,Minardi,Italian,25688,269,5,10,10,0
minardi,Minardi,Italian,25702,270,5,10,10,0
minardi,Minardi,Italian,25716,271,5,10,10,0
minardi,Minardi,Italian,25506,272,5,10,10,0
minardi,Minardi,Italian,4638,273,3,4,4,0
minardi,Minardi,Italian,4645,274,3,6,6,0
minardi,Minardi,Italian,4656,275,4,6,6,0
minardi,Minardi,Italian,4668,276,5,7,7,0
minardi,Minardi,Italian,4680,277,5,7,7,0
minardi,Minardi,Italian,4692,278,7,6,6,0
minardi,Minardi,Italian,4705,279,7,7,7,0
minardi,Minardi,Italian,4718,280,7,7,7,0
minardi,Minardi,Italian,4731,281,7,7,7,0
minardi,Minardi,Italian,4744,282,7,7,7,0
minardi,Minardi,Italian,4757,283,7,7,7,0
minardi,Minardi,Italian,4770,284,7,7,7,0
minardi,Minardi,Italian,4783,285,7,8,8,0
minardi,Minardi,Italian,4796,286,7,8,8,0
minardi,Minardi,Italian,4809,287,7,8,8,0
minardi,Minardi,Italian,4822,288,7,8,8,0
minardi,Minardi,Italian,3279,291,0,9,9,0
minardi,Minardi,Italian,3320,292,0,10,10,0
minardi,Minardi,Italian,3334,293,0,11,11,0
minardi,Minardi,Italian,3348,294,0,10,10,0
minardi,Minardi,Italian,3362,295,0,12,12,0
minardi,Minardi,Italian,3376,296,0,12,12,0
minardi,Minardi,Italian,3390,297,0,12,12,0
minardi,Minardi,Italian,3405,298,0,12,12,0
minardi,Minardi,Italian,3420,299,0,12,12,0
minardi,Minardi,Italian,3435,300,0,12,12,0
minardi,Minardi,Italian,3450,301,0,12,12,0
minardi,Minardi,Italian,3465,302,0,12,12,0
minardi,Minardi,Italian,3480,303,1,11,11,0
minardi,Minardi,Italian,3495,304,1,12,12,0
minardi,Minardi,Italian,8255,306,0,8,8,0
minardi,Minardi,Italian,8273,307,3,7,7,0
minardi,Minardi,Italian,8292,308,3,7,7,0
minardi,Minardi,Italian,8311,309,3,8,8,0
minardi,Minardi,Italian,8330,310,3,8,8,0
minardi,Minardi,Italian,8349,311,3,8,8,0
minardi,Minardi,Italian,8368,312,3,8,8,0
minardi,Minardi,Italian,8387,313,3,8,8,0
minardi,Minardi,Italian,8406,314,3,8,8,0
minardi,Minardi,Italian,8425,315,3,8,8,0
minardi,Minardi,Italian,8444,316,3,8,8,0
minardi,Minardi,Italian,8463,317,6,7,7,0
minardi,Minardi,Italian,8482,318,6,7,7,0
minardi,Minardi,Italian,8501,319,6,7,7,0
minardi,Minardi,Italian,8520,320,6,7,7,0
minardi,Minardi,Italian,7629,321,0,6,6,0
minardi,Minardi,Italian,7648,322,0,7,7,0
minardi,Minardi,Italian,7667,323,0,8,8,0
minardi,Minardi,Italian,7686,324,0,10,10,0
minardi,Minardi,Italian,7705,325,0,10,10,0
minardi,Minardi,Italian,7724,326,0,10,10,0
minardi,Minardi,Italian,7743,327,0,11,11,0
minardi,Minardi,Italian,7762,328,0,11,11,0
minardi,Minardi,Italian,7781,329,0,11,11,0
minardi,Minardi,Italian,7800,330,0,11,11,0
minardi,Minardi,Italian,7819,331,0,11,11,0
minardi,Minardi,Italian,7838,332,0,11,11,0
minardi,Minardi,Italian,7857,333,0,11,11,0
minardi,Minardi,Italian,7876,334,0,12,12,0
minardi,Minardi,Italian,7895,335,0,12,12,0
minardi,Minardi,Italian,7914,336,0,12,12,0
minardi,Minardi,Italian,8237,305,0,8,8,0
minardi,Minardi,Italian,8787,356,0,15,15,0
minardi,Minardi,Italian,8807,357,0,16,16,0
minardi,Minardi,Italian,8827,358,0,16,16,0
minardi,Minardi,Italian,8847,359,0,16,16,0
minardi,Minardi,Italian,8867,360,0,17,17,0
minardi,Minardi,Italian,8887,361,0,18,18,0
minardi,Minardi,Italian,8907,362,0,18,18,0
minardi,Minardi,Italian,8927,363,3,13,13,0
minardi,Minardi,Italian,8947,364,3,13,13,0
minardi,Minardi,Italian,8967,365,3,13,13,0
minardi,Minardi,Italian,8987,366,3,13,13,0
minardi,Minardi,Italian,9007,367,3,13,13,0
minardi,Minardi,Italian,9027,368,5,11,11,0
minardi,Minardi,Italian,9047,369,5,11,11,0
minardi,Minardi,Italian,9127,370,5,11,11,0
minardi,Minardi,Italian,9147,371,6,11,11,0
minardi,Minardi,Italian,9160,372,0,9,9,0
minardi,Minardi,Italian,9178,373,0,8,8,0
minardi,Minardi,Italian,9196,374,0,13,13,0
minardi,Minardi,Italian,9214,375,0,13,13,0
minardi,Minardi,Italian,9232,376,0,15,15,0
minardi,Minardi,Italian,9250,377,1,9,9,0
minardi,Minardi,Italian,9268,378,1,9,9,0
minardi,Minardi,Italian,9286,379,1,10,10,0
minardi,Minardi,Italian,9304,380,1,10,10,0
minardi,Minardi,Italian,9322,381,1,10,10,0
minardi,Minardi,Italian,9340,382,1,10,10,0
minardi,Minardi,Italian,9358,383,1,10,10,0
minardi,Minardi,Italian,9376,384,1,10,10,0
minardi,Minardi,Italian,9394,385,1,10,10,0
minardi,Minardi,Italian,9412,386,1,10,10,0
minardi,Minardi,Italian,9430,387,1,10,10,0
minardi,Minardi,Italian,9451,388,0,12,12,0
minardi,Minardi,Italian,9464,389,0,13,13,0
minardi,Minardi,Italian,9479,390,0,15,15,0
minardi,Minardi,Italian,9494,391,0,15,15,0
minardi,Minardi,Italian,9509,392,0,15,15,0
minardi,Minardi,Italian,9524,393,0,15,15,0
minardi,Minardi,Italian,9539,394,0,15,15,0
minardi,Minardi,Italian,9554,395,0,15,15,0
minardi,Minardi,Italian,9569,396,0,14,14,0
minardi,Minardi,Italian,9584,397,0,14,14,0
minardi,Minardi,Italian,9599,398,0,14,14,0
minardi,Minardi,Italian,9615,399,0,14,14,0
minardi,Minardi,Italian,9631,400,0,14,14,0
minardi,Minardi,Italian,9647,401,0,14,14,0
minardi,Minardi,Italian,9663,402,0,14,14,0
minardi,Minardi,Italian,9679,403,0,14,14,0
minardi,Minardi,Italian,9696,404,0,13,13,0
minardi,Minardi,Italian,9709,405,0,13,13,0
minardi,Minardi,Italian,9722,406,0,13,13,0
minardi,Minardi,Italian,9735,407,0,13,13,0
minardi,Minardi,Italian,9748,408,0,13,13,0
minardi,Minardi,Italian,9761,409,0,13,13,0
minardi,Minardi,Italian,9787,410,0,13,13,0
minardi,Minardi,Italian,9800,411,0,13,13,0
minardi,Minardi,Italian,9813,412,0,13,13,0
minardi,Minardi,Italian,9826,413,0,13,13,0
minardi,Minardi,Italian,9839,414,0,13,13,0
minardi,Minardi,Italian,9852,415,0,13,13,0
minardi,Minardi,Italian,9865,416,0,13,13,0
minardi,Minardi,Italian,9879,417,0,13,13,0
minardi,Minardi,Italian,9893,418,0,12,12,0
minardi,Minardi,Italian,9907,419,0,12,12,0
minardi,Minardi,Italian,9919,420,0,11,11,0
minardi,Minardi,Italian,9933,421,0,13,13,0
minardi,Minardi,Italian,9948,422,0,13,13,0
minardi,Minardi,Italian,9963,423,0,15,15,0
minardi,Minardi,Italian,9979,424,0,15,15,0
minardi,Minardi,Italian,10027,425,0,15,15,0
minardi,Minardi,Italian,10059,426,0,15,15,0
minardi,Minardi,Italian,10075,427,0,15,15,0
minardi,Minardi,Italian,10091,428,0,13,13,0
minardi,Minardi,Italian,10107,429,0,13,13,0
minardi,Minardi,Italian,10123,430,0,13,13,0
minardi,Minardi,Italian,10139,431,0,13,13,0
minardi,Minardi,Italian,10156,432,0,13,13,0
minardi,Minardi,Italian,10173,433,0,13,13,0
minardi,Minardi,Italian,10190,434,0,13,13,0
minardi,Minardi,Italian,10207,435,0,11,11,0
minardi,Minardi,Italian,27952,71,0,9,9,0
minardi,Minardi,Italian,27962,72,0,9,9,0
minardi,Minardi,Italian,27972,73,0,9,9,0
minardi,Minardi,Italian,27982,74,0,9,9,0
minardi,Minardi,Italian,28002,76,0,9,9,0
jaguar,Jaguar,British,6144,90,0,7,7,0
jaguar,Jaguar,British,6153,91,0,8,8,0
jaguar,Jaguar,British,6163,92,1,7,7,0
jaguar,Jaguar,British,6173,93,1,7,7,0
jaguar,Jaguar,British,6183,94,1,7,7,0
jaguar,Jaguar,British,6193,95,1,9,9,0
jaguar,Jaguar,British,6203,96,3,8,8,0
jaguar,Jaguar,British,6213,97,3,9,9,0
jaguar,Jaguar,British,6223,98,3,9,9,0
jaguar,Jaguar,British,6233,99,3,9,9,0
jaguar,Jaguar,British,6243,100,4,9,9,0
jaguar,Jaguar,British,6253,101,7,8,8,0
jaguar,Jaguar,British,6263,102,7,8,8,0
jaguar,Jaguar,British,6273,103,10,7,7,0
jaguar,Jaguar,British,6283,104,10,7,7,0
jaguar,Jaguar,British,6293,105,10,7,7,0
jaguar,Jaguar,British,6303,106,10,7,7,0
jaguar,Jaguar,British,6313,107,10,7,7,0
jaguar,Jaguar,British,6007,110,0,8,8,0
jaguar,Jaguar,British,6017,111,0,9,9,0
jaguar,Jaguar,British,6027,112,2,9,9,0
jaguar,Jaguar,British,6037,113,4,8,8,0
jaguar,Jaguar,British,6047,114,4,8,8,0
jaguar,Jaguar,British,6057,115,6,8,8,0
jaguar,Jaguar,British,6067,116,9,8,8,0
jaguar,Jaguar,British,6077,117,12,6,6,0
jaguar,Jaguar,British,6087,118,12,6,6,0
jaguar,Jaguar,British,6097,119,12,7,7,0
jaguar,Jaguar,British,6107,120,15,6,6,0
jaguar,Jaguar,British,6117,121,17,6,6,0
jaguar,Jaguar,British,6127,122,18,7,7,0
jaguar,Jaguar,British,6137,123,18,7,7,0
jaguar,Jaguar,British,5803,124,3,4,4,0
jaguar,Jaguar,British,5809,125,3,4,4,0
jaguar,Jaguar,British,5820,126,3,5,5,0
jaguar,Jaguar,British,5831,127,3,5,5,0
jaguar,Jaguar,British,5842,128,3,6,6,0
jaguar,Jaguar,British,5853,129,3,6,6,0
jaguar,Jaguar,British,5864,130,3,7,7,0
jaguar,Jaguar,British,5875,131,3,7,7,0
jaguar,Jaguar,British,5886,132,3,7,7,0
jaguar,Jaguar,British,5897,133,3,8,8,0
jaguar,Jaguar,British,5908,134,3,8,8,0
jaguar,Jaguar,British,5919,135,3,8,8,0
jaguar,Jaguar,British,5930,136,3,8,8,0
jaguar,Jaguar,British,5941,137,4,8,8,0
jaguar,Jaguar,British,5952,138,8,6,6,0
jaguar,Jaguar,British,5963,139,8,6,6,0
jaguar,Jaguar,British,5974,140,8,7,7,0
jaguar,Jaguar,British,5619,141,0,6,6,0
jaguar,Jaguar,British,5629,142,0,8,8,0
jaguar,Jaguar,British,5640,143,0,10,10,0
jaguar,Jaguar,British,5651,144,0,10,10,0
jaguar,Jaguar,British,5662,145,0,10,10,0
jaguar,Jaguar,British,5673,146,0,9,9,0
jaguar,Jaguar,British,5684,147,4,7,7,0
jaguar,Jaguar,British,5695,148,5,7,7,0
jaguar,Jaguar,British,5706,149,5,7,7,0
jaguar,Jaguar,British,5717,150,5,7,7,0
jaguar,Jaguar,British,5728,151,5,7,7,0
jaguar,Jaguar,British,5739,152,5,8,8,0
jaguar,Jaguar,British,5750,153,5,8,8,0
jaguar,Jaguar,British,5761,154,5,8,8,0
jaguar,Jaguar,British,5772,155,7,8,8,0
jaguar,Jaguar,British,5783,156,9,8,8,0
jaguar,Jaguar,British,5794,157,9,8,8,0
jaguar,Jaguar,British,1478,160,0,9,9,0
jaguar,Jaguar,British,1489,161,0,9,9,0
jaguar,Jaguar,British,1500,162,0,9,9,0
jaguar,Jaguar,British,1511,163,0,9,9,0
jaguar,Jaguar,British,1522,164,3,7,7,0
jaguar,Jaguar,British,1533,165,3,7,7,0
jaguar,Jaguar,British,1544,166,3,7,7,0
jaguar,Jaguar,British,1555,167,3,8,8,0
jaguar,Jaguar,British,1566,168,3,9,9,0
jaguar,Jaguar,British,1577,169,3,9,9,0
jaguar,Jaguar,British,1588,170,3,9,9,0
jaguar,Jaguar,British,1599,171,3,9,9,0
jaguar,Jaguar,British,1610,172,3,9,9,0
jaguar,Jaguar,British,1621,173,3,9,9,0
jaguar,Jaguar,British,1632,174,4,9,9,0
prost,Prost,French,5620,141,0,7,7,0
prost,Prost,French,5630,142,0,9,9,0
prost,Prost,French,5641,143,0,9,9,0
prost,Prost,French,5652,144,0,9,9,0
prost,Prost,French,5663,145,0,9,9,0
prost,Prost,French,5674,146,0,10,10,0
prost,Prost,French,5685,147,1,10,10,0
prost,Prost,French,5696,148,3,8,8,0
prost,Prost,French,5707,149,3,8,8,0
prost,Prost,French,5718,150,3,8,8,0
prost,Prost,French,5729,151,3,8,8,0
prost,Prost,French,5740,152,4,9,9,0
prost,Prost,French,5751,153,4,9,9,0
prost,Prost,French,5762,154,4,9,9,0
prost,Prost,French,5773,155,4,9,9,0
prost,Prost,French,5784,156,4,9,9,0
prost,Prost,French,5795,157,4,9,9,0
prost,Prost,French,1459,158,0,6,6,0
prost,Prost,French,1465,159,0,8,8,0
prost,Prost,French,1473,160,0,11,11,0
prost,Prost,French,1484,161,0,11,11,0
prost,Prost,French,1495,162,0,11,11,0
prost,Prost,French,1506,163,0,11,11,0
prost,Prost,French,1517,164,0,11,11,0
prost,Prost,French,1528,165,0,11,11,0
prost,Prost,French,1539,166,0,11,11,0
prost,Prost,French,1550,167,0,11,11,0
prost,Prost,French,1561,168,0,11,11,0
prost,Prost,French,1572,169,0,11,11,0
prost,Prost,French,1583,170,0,11,11,0
prost,Prost,French,1594,171,0,11,11,0
prost,Prost,French,1605,172,0,11,11,0
prost,Prost,French,1616,173,0,11,11,0
prost,Prost,French,1627,174,0,11,11,0
prost,Prost,French,5458,176,1,8,8,0
prost,Prost,French,5467,177,1,8,8,0
prost,Prost,French,5478,178,1,8,8,0
prost,Prost,French,5489,179,2,7,7,0
prost,Prost,French,5500,180,2,7,7,0
prost,Prost,French,5511,181,2,7,7,0
prost,Prost,French,5522,182,2,8,8,0
prost,Prost,French,5533,183,2,8,8,0
prost,Prost,French,5544,184,3,8,8,0
prost,Prost,French,5555,185,3,8,8,0
prost,Prost,French,5566,186,3,8,8,0
prost,Prost,French,5577,187,3,8,8,0
prost,Prost,French,5588,188,9,7,7,0
prost,Prost,French,5599,189,9,7,7,0
prost,Prost,French,5610,190,9,7,7,0
prost,Prost,French,2061,191,0,7,7,0
prost,Prost,French,2068,192,0,7,7,0
prost,Prost,French,2076,193,0,7,7,0
prost,Prost,French,2086,194,0,8,8,0
prost,Prost,French,2097,195,0,9,9,0
prost,Prost,French,2108,196,0,10,10,0
prost,Prost,French,2119,197,0,11,11,0
prost,Prost,French,2130,198,0,11,11,0
prost,Prost,French,2141,199,0,11,11,0
prost,Prost,French,2152,200,0,11,11,0
prost,Prost,French,2163,201,0,11,11,0
prost,Prost,French,2174,202,0,11,11,0
prost,Prost,French,2185,203,1,9,9,0
prost,Prost,French,2196,204,1,9,9,0
prost,Prost,French,2207,205,1,9,9,0
prost,Prost,French,2218,206,1,9,9,0
prost,Prost,French,5253,207,2,4,4,0
prost,Prost,French,5261,208,6,5,5,0
prost,Prost,French,5271,209,6,5,5,0
prost,Prost,French,5282,210,6,6,6,0
prost,Prost,French,5293,211,9,5,5,0
prost,Prost,French,25358,212,15,5,5,0
prost,Prost,French,25370,213,16,5,5,0
prost,Prost,French,25382,214,16,5,5,0
prost,Prost,French,25394,215,16,5,5,0
prost,Prost,French,25406,216,19,5,5,0
prost,Prost,French,25418,217,20,5,5,0
prost,Prost,French,25430,218,20,6,6,0
prost,Prost,French,25442,219,20,6,6,0
prost,Prost,French,25454,220,20,6,6,0
prost,Prost,French,25466,221,21,6,6,0
prost,Prost,French,25478,222,21,6,6,0
prost,Prost,French,25490,223,21,6,6,0
arrows,Arrows,British,5816,125,0,11,11,0
arrows,Arrows,British,5827,126,0,11,11,0
arrows,Arrows,British,5838,127,0,11,11,0
arrows,Arrows,British,5849,128,1,9,9,0
arrows,Arrows,British,5860,129,1,10,10,0
arrows,Arrows,British,5871,130,2,10,10,0
arrows,Arrows,British,5882,131,2,10,10,0
arrows,Arrows,British,5893,132,2,10,10,0
arrows,Arrows,British,5904,133,2,11,11,0
arrows,Arrows,British,5915,134,2,11,11,0
arrows,Arrows,British,5926,135,2,11,11,0
arrows,Arrows,British,5937,136,2,11,11,0
arrows,Arrows,British,5948,137,2,11,11,0
arrows,Arrows,British,5959,138,2,11,11,0
arrows,Arrows,British,5970,139,2,11,11,0
arrows,Arrows,British,5981,140,2,11,11,0
arrows,Arrows,British,5621,141,0,8,8,0
arrows,Arrows,British,5631,142,0,6,6,0
arrows,Arrows,British,5642,143,0,8,8,0
arrows,Arrows,British,5653,144,0,8,8,0
arrows,Arrows,British,5664,145,0,8,8,0
arrows,Arrows,British,5675,146,1,7,7,0
arrows,Arrows,British,5686,147,1,8,8,0
arrows,Arrows,British,5697,148,1,9,9,0
arrows,Arrows,British,5708,149,1,9,9,0
arrows,Arrows,British,5719,150,1,9,9,0
arrows,Arrows,British,5730,151,1,9,9,0
arrows,Arrows,British,5741,152,1,10,10,0
arrows,Arrows,British,5752,153,1,10,10,0
arrows,Arrows,British,5763,154,1,10,10,0
arrows,Arrows,British,5774,155,1,10,10,0
arrows,Arrows,British,5785,156,1,10,10,0
arrows,Arrows,British,5796,157,1,10,10,0
arrows,Arrows,British,1467,159,0,6,6,0
arrows,Arrows,British,1475,160,0,8,8,0
arrows,Arrows,British,1486,161,0,8,8,0
arrows,Arrows,British,1497,162,0,8,8,0
arrows,Arrows,British,1508,163,1,8,8,0
arrows,Arrows,British,1519,164,1,9,9,0
arrows,Arrows,British,1530,165,3,9,9,0
arrows,Arrows,British,1541,166,3,9,9,0
arrows,Arrows,British,1552,167,3,9,9,0
arrows,Arrows,British,1563,168,4,8,8,0
arrows,Arrows,British,1574,169,4,8,8,0
arrows,Arrows,British,1585,170,4,8,8,0
arrows,Arrows,British,1596,171,7,7,7,0
arrows,Arrows,British,1607,172,7,7,7,0
arrows,Arrows,British,1618,173,7,7,7,0
arrows,Arrows,British,1629,174,7,7,7,0
arrows,Arrows,British,5450,175,1,6,6,0
arrows,Arrows,British,5456,176,1,7,7,0
arrows,Arrows,British,5465,177,1,7,7,0
arrows,Arrows,British,5476,178,1,7,7,0
arrows,Arrows,British,5487,179,1,8,8,0
arrows,Arrows,British,5498,180,1,9,9,0
arrows,Arrows,British,5509,181,1,9,9,0
arrows,Arrows,British,5520,182,1,9,9,0
arrows,Arrows,British,5531,183,1,9,9,0
arrows,Arrows,British,5542,184,1,9,9,0
arrows,Arrows,British,5553,185,1,9,9,0
arrows,Arrows,British,5564,186,1,9,9,0
arrows,Arrows,British,5575,187,1,9,9,0
arrows,Arrows,British,5586,188,1,9,9,0
arrows,Arrows,British,5597,189,1,9,9,0
arrows,Arrows,British,5608,190,1,9,9,0
arrows,Arrows,British,2090,194,0,9,9,0
arrows,Arrows,British,2101,195,0,10,10,0
arrows,Arrows,British,2112,196,4,5,5,0
arrows,Arrows,British,2123,197,4,6,6,0
arrows,Arrows,British,2134,198,4,6,6,0
arrows,Arrows,British,2145,199,4,6,6,0
arrows,Arrows,British,2156,200,4,6,6,0
arrows,Arrows,British,2167,201,4,7,7,0
arrows,Arrows,British,2178,202,4,7,7,0
arrows,Arrows,British,2189,203,6,7,7,0
arrows,Arrows,British,2200,204,6,7,7,0
arrows,Arrows,British,2211,205,6,7,7,0
arrows,Arrows,British,2222,206,6,7,7,0
arrows,Arrows,British,5257,207,0,8,8,0
arrows,Arrows,British,5265,208,0,9,9,0
arrows,Arrows,British,5275,209,0,10,10,0
arrows,Arrows,British,5286,210,0,10,10,0
arrows,Arrows,British,5297,211,0,11,11,0
arrows,Arrows,British,25362,212,0,11,11,0
arrows,Arrows,British,25374,213,0,10,10,0
arrows,Arrows,British,25386,214,0,10,10,0
arrows,Arrows,British,25398,215,1,10,10,0
arrows,Arrows,British,25410,216,1,10,10,0
arrows,Arrows,British,25422,217,7,8,8,0
arrows,Arrows,British,25434,218,7,8,8,0
arrows,Arrows,British,25446,219,7,8,8,0
arrows,Arrows,British,25458,220,7,8,8,0
arrows,Arrows,British,25470,221,9,8,8,0
arrows,Arrows,British,25482,222,9,8,8,0
arrows,Arrows,British,25494,223,9,8,8,0
arrows,Arrows,British,7631,321,0,8,8,0
arrows,Arrows,British,7650,322,0,9,9,0
arrows,Arrows,British,7669,323,0,11,11,0
arrows,Arrows,British,7688,324,2,6,6,0
arrows,Arrows,British,7707,325,2,7,7,0
arrows,Arrows,British,7726,326,2,7,7,0
arrows,Arrows,British,7745,327,2,8,8,0
arrows,Arrows,British,7764,328,2,8,8,0
arrows,Arrows,British,7783,329,2,8,8,0
arrows,Arrows,British,7802,330,2,9,9,0
arrows,Arrows,British,7821,331,2,9,9,0
arrows,Arrows,British,7840,332,2,9,9,0
arrows,Arrows,British,7859,333,2,9,9,0
arrows,Arrows,British,7878,334,2,9,9,0
arrows,Arrows,British,7897,335,2,9,9,0
arrows,Arrows,British,7916,336,2,9,9,0
arrows,Arrows,British,8776,356,2,5,5,0
arrows,Arrows,British,8796,357,4,5,5,0
arrows,Arrows,British,8816,358,4,6,6,0
arrows,Arrows,British,8836,359,4,8,8,0
arrows,Arrows,British,8856,360,8,5,5,0
arrows,Arrows,British,8876,361,8,6,6,0
arrows,Arrows,British,8896,362,8,7,7,0
arrows,Arrows,British,8916,363,8,7,7,0
arrows,Arrows,British,8936,364,9,6,6,0
arrows,Arrows,British,8956,365,11,5,5,0
arrows,Arrows,British,8976,366,12,5,5,0
arrows,Arrows,British,8996,367,12,6,6,0
arrows,Arrows,British,9016,368,12,6,6,0
arrows,Arrows,British,9036,369,12,6,6,0
arrows,Arrows,British,9116,370,13,6,6,0
arrows,Arrows,British,9136,371,13,7,7,0
arrows,Arrows,British,9155,372,3,4,4,0
arrows,Arrows,British,9173,373,3,5,5,0
arrows,Arrows,British,9191,374,6,4,4,0
arrows,Arrows,British,9209,375,9,4,4,0
arrows,Arrows,British,9227,376,9,4,4,0
arrows,Arrows,British,9245,377,9,5,5,0
arrows,Arrows,British,9263,378,9,5,5,0
arrows,Arrows,British,9281,379,10,5,5,0
arrows,Arrows,British,9299,380,10,5,5,0
arrows,Arrows,British,9317,381,10,5,5,0
arrows,Arrows,British,9335,382,13,6,6,0
arrows,Arrows,British,9353,383,20,4,4,0
arrows,Arrows,British,9371,384,23,4,4,0
arrows,Arrows,British,9389,385,23,4,4,0
arrows,Arrows,British,9407,386,23,4,4,0
arrows,Arrows,British,9425,387,23,5,5,0
arrows,Arrows,British,9448,388,0,9,9,0
arrows,Arrows,British,9461,389,0,10,10,0
arrows,Arrows,British,9476,390,3,6,6,0
arrows,Arrows,British,9491,391,3,6,6,0
arrows,Arrows,British,9506,392,4,6,6,0
arrows,Arrows,British,9521,393,4,6,6,0
arrows,Arrows,British,9536,394,6,5,5,0
arrows,Arrows,British,9551,395,6,6,6,0
arrows,Arrows,British,9566,396,7,7,7,0
arrows,Arrows,British,9581,397,7,7,7,0
arrows,Arrows,British,9596,398,7,7,7,0
arrows,Arrows,British,9612,399,8,7,7,0
arrows,Arrows,British,9628,400,8,7,7,0
arrows,Arrows,British,9644,401,11,6,6,0
arrows,Arrows,British,9660,402,11,6,6,0
arrows,Arrows,British,9676,403,11,7,7,0
arrows,Arrows,British,9690,404,0,7,7,0
arrows,Arrows,British,9703,405,0,7,7,0
arrows,Arrows,British,9716,406,0,9,9,0
arrows,Arrows,British,9729,407,0,9,9,0
arrows,Arrows,British,9742,408,0,9,9,0
arrows,Arrows,British,9755,409,0,9,9,0
arrows,Arrows,British,9781,410,0,9,9,0
arrows,Arrows,British,9794,411,0,9,9,0
arrows,Arrows,British,9807,412,0,9,9,0
arrows,Arrows,British,9820,413,0,9,9,0
arrows,Arrows,British,9833,414,0,9,9,0
arrows,Arrows,British,9846,415,1,10,10,0
arrows,Arrows,British,9859,416,1,10,10,0
arrows,Arrows,British,9873,417,1,10,10,0
arrows,Arrows,British,9887,418,1,10,10,0
arrows,Arrows,British,9901,419,1,10,10,0
arrows,Arrows,British,9916,420,0,8,8,0
arrows,Arrows,British,9930,421,0,10,10,0
arrows,Arrows,British,9945,422,6,5,5,0
arrows,Arrows,British,9960,423,6,5,5,0
arrows,Arrows,British,9976,424,6,6,6,0
arrows,Arrows,British,10024,425,6,6,6,0
arrows,Arrows,British,10056,426,6,7,7,0
arrows,Arrows,British,10072,427,6,8,8,0
arrows,Arrows,British,10088,428,9,8,8,0
arrows,Arrows,British,10104,429,9,8,8,0
arrows,Arrows,British,10120,430,9,8,8,0
arrows,Arrows,British,10136,431,9,8,8,0
arrows,Arrows,British,10153,432,9,8,8,0
arrows,Arrows,British,10170,433,10,8,8,0
arrows,Arrows,British,10187,434,13,7,7,0
arrows,Arrows,British,10204,435,14,8,8,0
arrows,Arrows,British,10219,436,1,6,6,0
arrows,Arrows,British,10232,437,1,7,7,0
arrows,Arrows,British,10247,438,1,9,9,0
arrows,Arrows,British,10277,439,3,7,7,0
arrows,Arrows,British,10292,440,3,7,7,0
arrows,Arrows,British,10307,441,3,8,8,0
arrows,Arrows,British,10322,442,3,9,9,0
arrows,Arrows,British,10337,443,3,9,9,0
arrows,Arrows,British,10352,444,3,9,9,0
arrows,Arrows,British,10367,445,3,9,9,0
arrows,Arrows,British,10382,446,3,9,9,0
arrows,Arrows,British,10397,447,6,9,9,0
arrows,Arrows,British,10412,448,6,9,9,0
arrows,Arrows,British,10442,449,6,9,9,0
arrows,Arrows,British,10457,450,6,9,9,0
arrows,Arrows,British,10472,451,6,9,9,0
arrows,Arrows,British,10486,452,1,5,5,0
arrows,Arrows,British,10501,453,3,5,5,0
arrows,Arrows,British,10516,454,3,6,6,0
arrows,Arrows,British,10531,455,4,6,6,0
arrows,Arrows,British,10546,456,4,6,6,0
arrows,Arrows,British,10561,457,4,6,6,0
arrows,Arrows,British,10576,458,4,7,7,0
arrows,Arrows,British,10591,459,4,7,7,0
arrows,Arrows,British,10606,460,4,8,8,0
arrows,Arrows,British,10622,461,4,9,9,0
arrows,Arrows,British,10638,462,4,9,9,0
arrows,Arrows,British,10654,463,4,9,9,0
arrows,Arrows,British,10670,464,4,10,10,0
arrows,Arrows,British,10702,465,4,10,10,0
arrows,Arrows,British,10718,466,4,10,10,0
arrows,Arrows,British,10745,467,0,16,16,0
arrows,Arrows,British,10762,468,0,10,10,0
arrows,Arrows,British,10779,469,0,11,11,0
arrows,Arrows,British,10796,470,0,11,11,0
arrows,Arrows,British,10813,471,0,12,12,0
arrows,Arrows,British,10830,472,0,13,13,0
arrows,Arrows,British,10847,473,0,14,14,0
arrows,Arrows,British,10864,474,2,12,12,0
arrows,Arrows,British,10881,475,3,12,12,0
arrows,Arrows,British,10898,476,3,12,12,0
arrows,Arrows,British,10915,477,3,12,12,0
arrows,Arrows,British,10932,478,4,11,11,0
arrows,Arrows,British,10949,479,5,10,10,0
arrows,Arrows,British,10966,480,5,10,10,0
arrows,Arrows,British,10983,481,5,10,10,0
arrows,Arrows,British,11034,482,5,10,10,0
arrows,Arrows,British,11047,483,0,12,12,0
arrows,Arrows,British,11063,484,4,3,3,0
arrows,Arrows,British,11079,485,4,4,4,0
arrows,Arrows,British,11095,486,10,3,3,0
arrows,Arrows,British,11112,487,10,3,3,0
arrows,Arrows,British,11129,488,10,5,5,0
arrows,Arrows,British,11146,489,10,6,6,0
arrows,Arrows,British,11163,490,10,8,8,0
arrows,Arrows,British,11180,491,10,8,8,0
arrows,Arrows,British,11214,492,10,8,8,0
arrows,Arrows,British,11231,493,10,8,8,0
arrows,Arrows,British,11248,494,10,8,8,0
arrows,Arrows,British,11265,495,10,8,8,0
arrows,Arrows,British,11282,496,10,8,8,0
arrows,Arrows,British,11299,497,10,8,8,0
arrows,Arrows,British,11314,498,0,10,10,0
arrows,Arrows,British,11329,499,1,10,10,0
arrows,Arrows,British,11344,500,2,10,10,0
arrows,Arrows,British,11359,501,8,5,5,0
arrows,Arrows,British,11374,502,8,5,5,0
arrows,Arrows,British,11389,503,11,5,5,0
arrows,Arrows,British,11404,504,11,5,5,0
arrows,Arrows,British,11419,505,11,5,5,0
arrows,Arrows,British,11434,506,11,5,5,0
arrows,Arrows,British,11449,507,11,5,5,0
arrows,Arrows,British,11464,508,11,6,6,0
arrows,Arrows,British,11479,509,11,6,6,0
arrows,Arrows,British,11494,510,11,6,6,0
arrows,Arrows,British,11509,511,11,7,7,0
arrows,Arrows,British,24003,513,0,7,7,0
arrows,Arrows,British,24018,514,0,8,8,0
arrows,Arrows,British,24033,515,0,10,10,0
arrows,Arrows,British,24048,516,0,10,10,0
arrows,Arrows,British,24064,517,2,7,7,0
arrows,Arrows,British,24081,518,3,7,7,0
arrows,Arrows,British,24098,519,3,8,8,0
arrows,Arrows,British,24115,520,3,8,8,0
arrows,Arrows,British,24132,521,4,8,8,0
arrows,Arrows,British,24147,522,4,8,8,0
arrows,Arrows,British,24164,523,5,8,8,0
arrows,Arrows,British,24199,525,5,9,9,0
arrows,Arrows,British,23459,528,0,11,11,0
arrows,Arrows,British,23476,529,0,11,11,0
arrows,Arrows,British,23495,530,1,10,10,0
arrows,Arrows,British,23514,531,2,11,11,0
arrows,Arrows,British,23533,532,2,11,11,0
arrows,Arrows,British,23552,533,2,11,11,0
arrows,Arrows,British,23571,534,8,6,6,0
arrows,Arrows,British,23590,535,8,7,7,0
arrows,Arrows,British,23609,536,8,7,7,0
arrows,Arrows,British,23628,537,8,9,9,0
arrows,Arrows,British,23647,538,8,9,9,0
arrows,Arrows,British,23666,539,8,9,9,0
arrows,Arrows,British,23685,540,8,9,9,0
arrows,Arrows,British,23704,541,8,10,10,0
arrows,Arrows,British,23723,542,11,10,10,0
arrows,Arrows,British,23988,512,0,6,6,0
arrows,Arrows,British,24181,524,5,9,9,0
arrows,Arrows,British,24218,526,5,9,9,0
benetton,Benetton,Italian,5623,141,0,10,10,0
benetton,Benetton,Italian,5633,142,0,10,10,0
benetton,Benetton,Italian,5644,143,1,7,7,0
benetton,Benetton,Italian,5655,144,1,7,7,0
benetton,Benetton,Italian,5666,145,1,7,7,0
benetton,Benetton,Italian,5677,146,1,8,8,0
benetton,Benetton,Italian,5688,147,1,9,9,0
benetton,Benetton,Italian,5699,148,1,10,10,0
benetton,Benetton,Italian,5710,149,1,10,10,0
benetton,Benetton,Italian,5721,150,1,10,10,0
benetton,Benetton,Italian,5732,151,1,10,10,0
benetton,Benetton,Italian,5743,152,6,7,7,0
benetton,Benetton,Italian,5754,153,6,7,7,0
benetton,Benetton,Italian,5765,154,10,7,7,0
benetton,Benetton,Italian,5776,155,10,7,7,0
benetton,Benetton,Italian,5787,156,10,7,7,0
benetton,Benetton,Italian,5798,157,10,7,7,0
benetton,Benetton,Italian,1457,158,2,4,4,0
benetton,Benetton,Italian,1463,159,8,2,2,0
benetton,Benetton,Italian,1471,160,8,3,3,0
benetton,Benetton,Italian,1482,161,8,4,4,0
benetton,Benetton,Italian,1493,162,8,5,5,0
benetton,Benetton,Italian,1504,163,10,4,4,0
benetton,Benetton,Italian,1515,164,14,4,4,0
benetton,Benetton,Italian,1526,165,18,3,3,0
benetton,Benetton,Italian,1537,166,18,3,3,0
benetton,Benetton,Italian,1548,167,18,4,4,0
benetton,Benetton,Italian,1559,168,18,4,4,0
benetton,Benetton,Italian,1570,169,18,4,4,0
benetton,Benetton,Italian,1581,170,18,4,4,0
benetton,Benetton,Italian,1592,171,20,4,4,0
benetton,Benetton,Italian,1603,172,20,4,4,0
benetton,Benetton,Italian,1614,173,20,4,4,0
benetton,Benetton,Italian,1625,174,20,4,4,0
benetton,Benetton,Italian,5448,175,3,4,4,0
benetton,Benetton,Italian,5454,176,3,5,5,0
benetton,Benetton,Italian,5463,177,5,6,6,0
benetton,Benetton,Italian,5474,178,8,4,4,0
benetton,Benetton,Italian,5485,179,8,5,5,0
benetton,Benetton,Italian,5496,180,14,4,4,0
benetton,Benetton,Italian,5507,181,14,5,5,0
benetton,Benetton,Italian,5518,182,14,5,5,0
benetton,Benetton,Italian,5529,183,16,5,5,0
benetton,Benetton,Italian,5540,184,16,5,5,0
benetton,Benetton,Italian,5551,185,16,5,5,0
benetton,Benetton,Italian,5562,186,16,5,5,0
benetton,Benetton,Italian,5573,187,16,6,6,0
benetton,Benetton,Italian,5584,188,16,6,6,0
benetton,Benetton,Italian,5595,189,16,6,6,0
benetton,Benetton,Italian,5606,190,16,6,6,0
benetton,Benetton,Italian,2059,191,0,5,5,0
benetton,Benetton,Italian,2066,192,4,4,4,0
benetton,Benetton,Italian,2074,193,7,4,4,0
benetton,Benetton,Italian,2084,194,7,4,4,0
benetton,Benetton,Italian,2095,195,10,4,4,0
benetton,Benetton,Italian,2106,196,16,3,3,0
benetton,Benetton,Italian,2117,197,25,3,3,0
benetton,Benetton,Italian,2128,198,27,3,3,0
benetton,Benetton,Italian,2139,199,32,3,3,0
benetton,Benetton,Italian,2150,200,32,3,3,0
benetton,Benetton,Italian,2161,201,32,3,3,0
benetton,Benetton,Italian,2172,202,32,3,3,0
benetton,Benetton,Italian,2183,203,32,4,4,0
benetton,Benetton,Italian,2194,204,32,4,4,0
benetton,Benetton,Italian,2205,205,33,4,4,0
benetton,Benetton,Italian,2216,206,33,5,5,0
benetton,Benetton,Italian,5252,207,3,3,3,0
benetton,Benetton,Italian,5260,208,10,3,3,0
benetton,Benetton,Italian,5270,209,11,4,4,0
benetton,Benetton,Italian,5281,210,13,4,4,0
benetton,Benetton,Italian,5292,211,13,4,4,0
benetton,Benetton,Italian,25357,212,17,4,4,0
benetton,Benetton,Italian,25369,213,23,3,3,0
benetton,Benetton,Italian,25381,214,25,3,3,0
benetton,Benetton,Italian,25393,215,35,3,3,0
benetton,Benetton,Italian,25405,216,46,3,3,1
benetton,Benetton,Italian,25417,217,46,3,3,1
benetton,Benetton,Italian,25429,218,47,3,3,1
benetton,Benetton,Italian,25441,219,53,3,3,1
benetton,Benetton,Italian,25453,220,53,3,3,1
benetton,Benetton,Italian,25465,221,62,3,3,1
benetton,Benetton,Italian,25477,222,64,3,3,1
benetton,Benetton,Italian,25489,223,67,3,3,1
benetton,Benetton,Italian,2420,224,3,3,3,0
benetton,Benetton,Italian,2428,225,9,2,2,0
benetton,Benetton,Italian,2439,226,13,2,2,0
benetton,Benetton,Italian,2450,227,13,3,3,0
benetton,Benetton,Italian,2461,228,18,3,3,0
benetton,Benetton,Italian,2472,229,18,3,3,0
benetton,Benetton,Italian,2483,230,24,3,3,0
benetton,Benetton,Italian,2494,231,28,3,3,0
benetton,Benetton,Italian,2505,232,35,3,3,0
benetton,Benetton,Italian,2516,233,41,2,2,0
benetton,Benetton,Italian,2527,234,47,2,2,0
benetton,Benetton,Italian,2538,235,51,2,2,0
benetton,Benetton,Italian,2549,236,55,2,2,0
benetton,Benetton,Italian,2560,237,61,2,2,0
benetton,Benetton,Italian,2571,238,65,2,2,0
benetton,Benetton,Italian,2582,239,68,3,3,0
benetton,Benetton,Italian,5037,240,10,1,1,1
benetton,Benetton,Italian,5045,241,17,1,1,1
benetton,Benetton,Italian,5055,242,17,3,3,1
benetton,Benetton,Italian,5068,243,33,1,1,2
benetton,Benetton,Italian,5081,244,46,1,1,3
benetton,Benetton,Italian,5094,245,48,1,1,3
benetton,Benetton,Italian,5107,246,58,1,1,4
benetton,Benetton,Italian,5120,247,68,1,1,5
benetton,Benetton,Italian,5133,248,81,1,1,6
benetton,Benetton,Italian,5146,249,84,1,1,6
benetton,Benetton,Italian,5159,250,94,1,1,7
benetton,Benetton,Italian,5172,251,104,1,1,8
benetton,Benetton,Italian,5185,252,110,1,1,8
benetton,Benetton,Italian,5198,253,122,1,1,9
benetton,Benetton,Italian,5211,254,133,1,1,10
benetton,Benetton,Italian,5224,255,147,1,1,11
benetton,Benetton,Italian,5237,256,147,1,1,11
benetton,Benetton,Italian,25513,257,10,1,1,1
benetton,Benetton,Italian,25527,258,20,1,1,2
benetton,Benetton,Italian,25541,259,30,1,1,3
benetton,Benetton,Italian,25555,260,40,1,1,4
benetton,Benetton,Italian,25569,261,46,1,1,4
benetton,Benetton,Italian,25583,262,57,1,1,5
benetton,Benetton,Italian,25597,263,67,1,1,6
benetton,Benetton,Italian,25611,264,67,1,1,6
benetton,Benetton,Italian,25625,265,67,1,1,6
benetton,Benetton,Italian,25639,266,81,1,1,7
benetton,Benetton,Italian,25653,267,85,1,1,7
benetton,Benetton,Italian,25667,268,85,1,1,7
benetton,Benetton,Italian,25681,269,87,2,2,7
benetton,Benetton,Italian,25695,270,97,1,1,8
benetton,Benetton,Italian,25709,271,103,2,2,8
benetton,Benetton,Italian,25499,272,103,2,2,8
benetton,Benetton,Italian,4649,274,4,4,4,0
benetton,Benetton,Italian,4660,275,6,4,4,0
benetton,Benetton,Italian,4672,276,12,3,3,0
benetton,Benetton,Italian,4684,277,19,3,3,0
benetton,Benetton,Italian,4696,278,19,3,3,0
benetton,Benetton,Italian,4709,279,25,3,3,0
benetton,Benetton,Italian,4722,280,29,3,3,0
benetton,Benetton,Italian,4735,281,39,3,3,0
benetton,Benetton,Italian,4748,282,47,3,3,0
benetton,Benetton,Italian,4761,283,53,3,3,0
benetton,Benetton,Italian,4774,284,60,2,2,0
benetton,Benetton,Italian,4787,285,62,2,2,0
benetton,Benetton,Italian,4800,286,72,2,2,1
benetton,Benetton,Italian,4813,287,72,3,3,1
benetton,Benetton,Italian,4826,288,72,3,3,1
benetton,Benetton,Italian,3249,289,3,3,3,0
benetton,Benetton,Italian,3258,290,7,3,3,0
benetton,Benetton,Italian,3269,291,11,2,2,0
benetton,Benetton,Italian,3310,292,17,2,2,0
benetton,Benetton,Italian,3324,293,20,2,2,0
benetton,Benetton,Italian,3338,294,25,3,3,0
benetton,Benetton,Italian,3352,295,31,3,3,0
benetton,Benetton,Italian,3366,296,35,3,3,0
benetton,Benetton,Italian,3380,297,42,2,2,0
benetton,Benetton,Italian,3395,298,49,2,2,0
benetton,Benetton,Italian,3410,299,51,3,3,0
benetton,Benetton,Italian,3425,300,64,2,2,1
benetton,Benetton,Italian,3440,301,74,2,2,1
benetton,Benetton,Italian,3455,302,77,3,3,1
benetton,Benetton,Italian,3470,303,81,3,3,1
benetton,Benetton,Italian,3485,304,91,3,3,1
benetton,Benetton,Italian,8420,315,30,4,4,1
benetton,Benetton,Italian,8439,316,33,4,4,1
benetton,Benetton,Italian,8458,317,36,4,4,1
benetton,Benetton,Italian,8477,318,37,4,4,1
benetton,Benetton,Italian,8496,319,37,4,4,1
benetton,Benetton,Italian,8515,320,38.5,4,4,1
benetton,Benetton,Italian,7627,321,3,4,4,0
benetton,Benetton,Italian,7646,322,4,5,5,0
benetton,Benetton,Italian,7665,323,10,4,4,0
benetton,Benetton,Italian,7684,324,10,5,5,0
benetton,Benetton,Italian,7703,325,16,4,4,0
benetton,Benetton,Italian,7722,326,20,4,4,0
benetton,Benetton,Italian,7741,327,23,3,3,0
benetton,Benetton,Italian,7760,328,25,4,4,0
benetton,Benetton,Italian,7779,329,31,3,3,0
benetton,Benetton,Italian,7798,330,35,4,4,0
benetton,Benetton,Italian,7817,331,40,4,4,0
benetton,Benetton,Italian,7836,332,40,4,4,0
benetton,Benetton,Italian,7855,333,43,4,4,0
benetton,Benetton,Italian,7874,334,47,4,4,0
benetton,Benetton,Italian,7893,335,62,3,3,1
benetton,Benetton,Italian,7912,336,71,3,3,2
benetton,Benetton,Italian,8232,305,4,4,4,0
benetton,Benetton,Italian,8250,306,6,4,4,0
benetton,Benetton,Italian,8268,307,6,4,4,0
benetton,Benetton,Italian,8287,308,9,4,4,0
benetton,Benetton,Italian,8306,309,19,2,2,1
benetton,Benetton,Italian,8325,310,21,3,3,1
benetton,Benetton,Italian,8344,311,21,4,4,1
benetton,Benetton,Italian,8363,312,23,4,4,1
benetton,Benetton,Italian,8382,313,23,4,4,1
benetton,Benetton,Italian,8401,314,23,4,4,1
benetton,Benetton,Italian,8775,356,4,4,4,0
benetton,Benetton,Italian,8795,357,8,3,3,0
benetton,Benetton,Italian,8815,358,8,3,3,0
benetton,Benetton,Italian,8835,359,11,2,2,0
benetton,Benetton,Italian,8855,360,13,3,3,0
benetton,Benetton,Italian,8875,361,13,3,3,0
benetton,Benetton,Italian,8895,362,13,4,4,0
benetton,Benetton,Italian,8915,363,17,4,4,0
benetton,Benetton,Italian,8935,364,17,4,4,0
benetton,Benetton,Italian,8955,365,17,4,4,0
benetton,Benetton,Italian,8975,366,19,4,4,0
benetton,Benetton,Italian,8995,367,19,4,4,0
benetton,Benetton,Italian,9015,368,22,4,4,0
benetton,Benetton,Italian,9035,369,22,4,4,0
benetton,Benetton,Italian,9115,370,31,4,4,1
benetton,Benetton,Italian,9135,371,39,4,4,1
benetton,Benetton,Italian,9156,372,0,5,5,0
benetton,Benetton,Italian,9174,373,4,4,4,0
benetton,Benetton,Italian,9192,374,4,5,5,0
benetton,Benetton,Italian,9210,375,4,5,5,0
benetton,Benetton,Italian,9228,376,8,5,5,0
benetton,Benetton,Italian,9246,377,12,3,3,0
benetton,Benetton,Italian,9264,378,13,4,4,0
benetton,Benetton,Italian,9282,379,17,3,3,0
benetton,Benetton,Italian,9300,380,18,3,3,0
benetton,Benetton,Italian,9318,381,22,3,3,0
benetton,Benetton,Italian,9336,382,22,3,3,0
benetton,Benetton,Italian,9354,383,23,3,3,0
benetton,Benetton,Italian,9372,384,27,3,3,0
benetton,Benetton,Italian,9390,385,31,3,3,0
benetton,Benetton,Italian,9408,386,37,3,3,0
benetton,Benetton,Italian,9426,387,39,3,3,0
benetton,Benetton,Italian,9443,388,2,4,4,0
benetton,Benetton,Italian,9456,389,2,6,6,0
benetton,Benetton,Italian,9471,390,2,8,8,0
benetton,Benetton,Italian,9486,391,2,9,9,0
benetton,Benetton,Italian,9501,392,2,9,9,0
benetton,Benetton,Italian,9516,393,4,7,7,0
benetton,Benetton,Italian,9531,394,5,6,6,0
benetton,Benetton,Italian,9546,395,5,7,7,0
benetton,Benetton,Italian,9561,396,8,6,6,0
benetton,Benetton,Italian,9576,397,15,5,5,0
benetton,Benetton,Italian,9591,398,17,5,5,0
benetton,Benetton,Italian,9607,399,20,5,5,0
benetton,Benetton,Italian,9623,400,20,5,5,0
benetton,Benetton,Italian,9639,401,22,5,5,0
benetton,Benetton,Italian,9655,402,24,5,5,0
benetton,Benetton,Italian,9671,403,28,5,5,0
benetton,Benetton,Italian,9688,404,1,5,5,0
benetton,Benetton,Italian,9701,405,4,5,5,0
benetton,Benetton,Italian,9714,406,8,4,4,0
benetton,Benetton,Italian,9727,407,8,5,5,0
benetton,Benetton,Italian,9740,408,8,6,6,0
benetton,Benetton,Italian,9753,409,8,6,6,0
benetton,Benetton,Italian,9779,410,8,6,6,0
benetton,Benetton,Italian,9792,411,8,6,6,0
benetton,Benetton,Italian,9805,412,8,6,6,0
benetton,Benetton,Italian,9818,413,8,6,6,0
benetton,Benetton,Italian,9831,414,8,6,6,0
benetton,Benetton,Italian,9844,415,8,6,6,0
benetton,Benetton,Italian,9857,416,10,6,6,0
benetton,Benetton,Italian,9871,417,10,6,6,0
benetton,Benetton,Italian,9885,418,19,6,6,1
benetton,Benetton,Italian,9899,419,19,6,6,1
brawn,Brawn,British,4038,1,18,1,1,1
brawn,Brawn,British,8532,2,25,1,1,2
brawn,Brawn,British,8562,3,36,1,1,2
brawn,Brawn,British,8582,4,50,1,1,3
brawn,Brawn,British,8592,5,68,1,1,4
brawn,Brawn,British,8672,6,86,1,1,5
brawn,Brawn,British,8642,7,96,1,1,6
brawn,Brawn,British,8662,8,105,1,1,6
brawn,Brawn,British,8682,9,112,1,1,6
brawn,Brawn,British,8692,10,114,1,1,6
brawn,Brawn,British,8702,11,126,1,1,7
brawn,Brawn,British,8712,12,128,1,1,7
brawn,Brawn,British,8722,13,146,1,1,8
brawn,Brawn,British,8732,14,153,1,1,8
brawn,Brawn,British,8752,15,156,1,1,8
brawn,Brawn,British,8762,16,161,1,1,8
brawn,Brawn,British,13918,17,172,1,1,8
stewart,Stewart,British,5449,175,2,5,5,0
stewart,Stewart,British,5455,176,2,6,6,0
stewart,Stewart,British,5464,177,6,5,5,0
stewart,Stewart,British,5475,178,6,6,6,0
stewart,Stewart,British,5486,179,6,6,6,0
stewart,Stewart,British,5497,180,8,6,6,0
stewart,Stewart,British,5508,181,12,6,6,0
stewart,Stewart,British,5519,182,12,6,6,0
stewart,Stewart,British,5530,183,12,6,6,0
stewart,Stewart,British,5541,184,12,6,6,0
stewart,Stewart,British,5552,185,14,6,6,0
stewart,Stewart,British,5563,186,14,6,6,0
stewart,Stewart,British,5574,187,17,5,5,0
stewart,Stewart,British,5585,188,31,5,5,1
stewart,Stewart,British,5596,189,36,4,4,1
stewart,Stewart,British,5607,190,36,4,4,1
stewart,Stewart,British,2069,192,0,8,8,0
stewart,Stewart,British,2077,193,0,8,8,0
stewart,Stewart,British,2087,194,0,10,10,0
stewart,Stewart,British,2098,195,2,6,6,0
stewart,Stewart,British,2109,196,2,7,7,0
stewart,Stewart,British,2120,197,5,5,5,0
stewart,Stewart,British,2131,198,5,5,5,0
stewart,Stewart,British,2142,199,5,5,5,0
stewart,Stewart,British,2153,200,5,5,5,0
stewart,Stewart,British,2164,201,5,6,6,0
stewart,Stewart,British,2175,202,5,6,6,0
stewart,Stewart,British,2186,203,5,8,8,0
stewart,Stewart,British,2197,204,5,8,8,0
stewart,Stewart,British,2208,205,5,8,8,0
stewart,Stewart,British,2219,206,5,8,8,0
stewart,Stewart,British,5278,209,0,11,11,0
stewart,Stewart,British,5289,210,0,11,11,0
stewart,Stewart,British,5300,211,6,7,7,0
stewart,Stewart,British,25363,212,6,7,7,0
stewart,Stewart,British,25375,213,6,8,8,0
stewart,Stewart,British,25387,214,6,8,8,0
stewart,Stewart,British,25399,215,6,8,8,0
stewart,Stewart,British,25411,216,6,8,8,0
stewart,Stewart,British,25423,217,6,9,9,0
stewart,Stewart,British,25435,218,6,9,9,0
stewart,Stewart,British,25447,219,6,9,9,0
stewart,Stewart,British,25459,220,6,9,9,0
stewart,Stewart,British,25471,221,6,9,9,0
stewart,Stewart,British,25483,222,6,9,9,0
stewart,Stewart,British,25495,223,6,9,9,0
tyrrell,Tyrrell,British,2078,193,0,9,9,0
tyrrell,Tyrrell,British,2088,194,0,11,11,0
tyrrell,Tyrrell,British,2099,195,0,11,11,0
tyrrell,Tyrrell,British,2110,196,0,11,11,0
tyrrell,Tyrrell,British,2121,197,0,10,10,0
tyrrell,Tyrrell,British,2132,198,0,10,10,0
tyrrell,Tyrrell,British,2143,199,0,10,10,0
tyrrell,Tyrrell,British,2154,200,0,10,10,0
tyrrell,Tyrrell,British,2165,201,0,10,10,0
tyrrell,Tyrrell,British,2176,202,0,10,10,0
tyrrell,Tyrrell,British,2187,203,0,11,11,0
tyrrell,Tyrrell,British,2198,204,0,11,11,0
tyrrell,Tyrrell,British,2209,205,0,11,11,0
tyrrell,Tyrrell,British,2220,206,0,11,11,0
tyrrell,Tyrrell,British,5267,208,0,10,10,0
tyrrell,Tyrrell,British,5277,209,0,8,8,0
tyrrell,Tyrrell,British,5288,210,0,8,8,0
tyrrell,Tyrrell,British,5299,211,2,9,9,0
tyrrell,Tyrrell,British,25364,212,2,9,9,0
tyrrell,Tyrrell,British,25376,213,2,9,9,0
tyrrell,Tyrrell,British,25388,214,2,9,9,0
tyrrell,Tyrrell,British,25400,215,2,9,9,0
tyrrell,Tyrrell,British,25412,216,2,9,9,0
tyrrell,Tyrrell,British,25424,217,2,10,10,0
tyrrell,Tyrrell,British,25436,218,2,10,10,0
tyrrell,Tyrrell,British,25448,219,2,10,10,0
tyrrell,Tyrrell,British,25460,220,2,10,10,0
tyrrell,Tyrrell,British,25472,221,2,10,10,0
tyrrell,Tyrrell,British,25484,222,2,10,10,0
tyrrell,Tyrrell,British,25496,223,2,10,10,0
tyrrell,Tyrrell,British,2422,224,1,5,5,0
tyrrell,Tyrrell,British,2430,225,3,5,5,0
tyrrell,Tyrrell,British,2441,226,3,6,6,0
tyrrell,Tyrrell,British,2452,227,3,6,6,0
tyrrell,Tyrrell,British,2463,228,3,6,6,0
tyrrell,Tyrrell,British,2474,229,5,8,8,0
tyrrell,Tyrrell,British,2485,230,5,8,8,0
tyrrell,Tyrrell,British,2496,231,5,8,8,0
tyrrell,Tyrrell,British,2507,232,5,8,8,0
tyrrell,Tyrrell,British,2518,233,5,8,8,0
tyrrell,Tyrrell,British,2529,234,5,8,8,0
tyrrell,Tyrrell,British,2540,235,5,8,8,0
tyrrell,Tyrrell,British,2551,236,5,8,8,0
tyrrell,Tyrrell,British,2562,237,5,8,8,0
tyrrell,Tyrrell,British,2573,238,5,8,8,0
tyrrell,Tyrrell,British,2584,239,5,8,8,0
tyrrell,Tyrrell,British,5041,240,0,5,5,0
tyrrell,Tyrrell,British,5049,241,0,7,7,0
tyrrell,Tyrrell,British,5059,242,0,7,7,0
tyrrell,Tyrrell,British,5072,243,0,8,8,0
tyrrell,Tyrrell,British,5085,244,0,8,8,0
tyrrell,Tyrrell,British,5098,245,0,9,9,0
tyrrell,Tyrrell,British,5111,246,0,9,9,0
tyrrell,Tyrrell,British,5124,247,0,9,9,0
tyrrell,Tyrrell,British,5137,248,0,9,9,0
tyrrell,Tyrrell,British,5150,249,0,9,9,0
tyrrell,Tyrrell,British,5163,250,0,9,9,0
tyrrell,Tyrrell,British,5176,251,2,8,8,0
tyrrell,Tyrrell,British,5189,252,2,8,8,0
tyrrell,Tyrrell,British,5202,253,2,8,8,0
tyrrell,Tyrrell,British,5215,254,2,8,8,0
tyrrell,Tyrrell,British,5228,255,3,8,8,0
tyrrell,Tyrrell,British,5241,256,5,9,9,0
tyrrell,Tyrrell,British,25517,257,2,5,5,0
tyrrell,Tyrrell,British,25531,258,2,7,7,0
tyrrell,Tyrrell,British,25545,259,4,7,7,0
tyrrell,Tyrrell,British,25559,260,4,7,7,0
tyrrell,Tyrrell,British,25573,261,8,6,6,0
tyrrell,Tyrrell,British,25587,262,8,6,6,0
tyrrell,Tyrrell,British,25601,263,8,7,7,0
tyrrell,Tyrrell,British,25615,264,9,7,7,0
tyrrell,Tyrrell,British,25629,265,9,8,8,0
tyrrell,Tyrrell,British,25643,266,11,7,7,0
tyrrell,Tyrrell,British,25657,267,13,6,6,0
tyrrell,Tyrrell,British,25671,268,13,6,6,0
tyrrell,Tyrrell,British,25685,269,13,6,6,0
tyrrell,Tyrrell,British,25699,270,13,6,6,0
tyrrell,Tyrrell,British,25713,271,13,6,6,0
tyrrell,Tyrrell,British,25503,272,13,7,7,0
tyrrell,Tyrrell,British,4701,278,0,13,13,0
tyrrell,Tyrrell,British,4727,280,0,13,13,0
tyrrell,Tyrrell,British,4714,279,0,13,13,0
tyrrell,Tyrrell,British,4740,281,0,13,13,0
tyrrell,Tyrrell,British,4753,282,0,13,13,0
tyrrell,Tyrrell,British,4766,283,0,13,13,0
tyrrell,Tyrrell,British,4779,284,0,13,13,0
tyrrell,Tyrrell,British,4792,285,0,13,13,0
tyrrell,Tyrrell,British,4805,286,0,13,13,0
tyrrell,Tyrrell,British,4818,287,0,13,13,0
tyrrell,Tyrrell,British,4831,288,0,13,13,0
tyrrell,Tyrrell,British,3265,290,2,4,4,0
tyrrell,Tyrrell,British,3276,291,2,5,5,0
tyrrell,Tyrrell,British,3317,292,2,6,6,0
tyrrell,Tyrrell,British,3331,293,2,6,6,0
tyrrell,Tyrrell,British,3345,294,2,6,6,0
tyrrell,Tyrrell,British,3359,295,4,6,6,0
tyrrell,Tyrrell,British,3373,296,4,7,7,0
tyrrell,Tyrrell,British,3387,297,4,7,7,0
tyrrell,Tyrrell,British,3402,298,4,7,7,0
tyrrell,Tyrrell,British,3417,299,4,7,7,0
tyrrell,Tyrrell,British,3432,300,4,7,7,0
tyrrell,Tyrrell,British,3447,301,5,7,7,0
tyrrell,Tyrrell,British,3462,302,5,7,7,0
tyrrell,Tyrrell,British,3477,303,8,6,6,0
tyrrell,Tyrrell,British,3492,304,8,6,6,0
tyrrell,Tyrrell,British,8288,308,5,6,6,0
tyrrell,Tyrrell,British,8307,309,11,5,5,0
tyrrell,Tyrrell,British,8326,310,11,5,5,0
tyrrell,Tyrrell,British,8345,311,11,5,5,0
tyrrell,Tyrrell,British,8364,312,11,5,5,0
tyrrell,Tyrrell,British,8383,313,11,6,6,0
tyrrell,Tyrrell,British,8402,314,11,6,6,0
tyrrell,Tyrrell,British,8421,315,11,6,6,0
tyrrell,Tyrrell,British,8440,316,11,6,6,0
tyrrell,Tyrrell,British,8459,317,11,6,6,0
tyrrell,Tyrrell,British,8478,318,11,6,6,0
tyrrell,Tyrrell,British,8497,319,12,6,6,0
tyrrell,Tyrrell,British,8516,320,12,6,6,0
tyrrell,Tyrrell,British,7625,321,7,2,2,0
tyrrell,Tyrrell,British,7644,322,7,3,3,0
tyrrell,Tyrrell,British,7663,323,8,5,5,0
tyrrell,Tyrrell,British,7682,324,14,4,4,0
tyrrell,Tyrrell,British,7701,325,14,5,5,0
tyrrell,Tyrrell,British,7720,326,14,5,5,0
tyrrell,Tyrrell,British,7739,327,14,5,5,0
tyrrell,Tyrrell,British,7758,328,14,5,5,0
tyrrell,Tyrrell,British,7777,329,14,5,5,0
tyrrell,Tyrrell,British,7796,330,14,5,5,0
tyrrell,Tyrrell,British,7815,331,14,5,5,0
tyrrell,Tyrrell,British,7834,332,15,5,5,0
tyrrell,Tyrrell,British,7853,333,15,5,5,0
tyrrell,Tyrrell,British,7872,334,15,5,5,0
tyrrell,Tyrrell,British,7891,335,16,5,5,0
tyrrell,Tyrrell,British,7910,336,16,5,5,0
tyrrell,Tyrrell,British,8233,305,5,3,3,0
tyrrell,Tyrrell,British,8251,306,5,5,5,0
tyrrell,Tyrrell,British,8269,307,5,5,5,0
tyrrell,Tyrrell,British,8777,356,0,6,6,0
tyrrell,Tyrrell,British,8797,357,1,7,7,0
tyrrell,Tyrrell,British,8817,358,3,9,9,0
tyrrell,Tyrrell,British,8837,359,7,5,5,0
tyrrell,Tyrrell,British,8857,360,7,6,6,0
tyrrell,Tyrrell,British,8877,361,7,7,7,0
tyrrell,Tyrrell,British,8897,362,10,5,5,0
tyrrell,Tyrrell,British,8917,363,10,5,5,0
tyrrell,Tyrrell,British,8937,364,10,5,5,0
tyrrell,Tyrrell,British,8957,365,10,6,6,0
tyrrell,Tyrrell,British,8977,366,10,6,6,0
tyrrell,Tyrrell,British,8997,367,12,5,5,0
tyrrell,Tyrrell,British,9017,368,13,5,5,0
tyrrell,Tyrrell,British,9037,369,16,5,5,0
tyrrell,Tyrrell,British,9117,370,16,5,5,0
tyrrell,Tyrrell,British,9137,371,16,5,5,0
tyrrell,Tyrrell,British,9159,372,0,8,8,0
tyrrell,Tyrrell,British,9177,373,0,11,11,0
tyrrell,Tyrrell,British,9195,374,2,6,6,0
tyrrell,Tyrrell,British,9213,375,2,6,6,0
tyrrell,Tyrrell,British,9231,376,3,6,6,0
tyrrell,Tyrrell,British,9249,377,5,6,6,0
tyrrell,Tyrrell,British,9267,378,5,6,6,0
tyrrell,Tyrrell,British,9285,379,5,8,8,0
tyrrell,Tyrrell,British,9303,380,5,8,8,0
tyrrell,Tyrrell,British,9321,381,5,8,8,0
tyrrell,Tyrrell,British,9339,382,5,8,8,0
tyrrell,Tyrrell,British,9357,383,5,8,8,0
tyrrell,Tyrrell,British,9375,384,5,8,8,0
tyrrell,Tyrrell,British,9393,385,5,8,8,0
tyrrell,Tyrrell,British,9411,386,5,8,8,0
tyrrell,Tyrrell,British,9429,387,5,8,8,0
tyrrell,Tyrrell,British,9446,388,0,7,7,0
tyrrell,Tyrrell,British,9459,389,0,7,7,0
tyrrell,Tyrrell,British,9474,390,0,10,10,0
tyrrell,Tyrrell,British,9489,391,2,8,8,0
tyrrell,Tyrrell,British,9504,392,2,8,8,0
tyrrell,Tyrrell,British,9519,393,3,8,8,0
tyrrell,Tyrrell,British,9534,394,3,8,8,0
tyrrell,Tyrrell,British,9549,395,8,5,5,0
tyrrell,Tyrrell,British,9564,396,8,5,5,0
tyrrell,Tyrrell,British,9579,397,8,6,6,0
tyrrell,Tyrrell,British,9594,398,8,6,6,0
tyrrell,Tyrrell,British,9610,399,8,6,6,0
tyrrell,Tyrrell,British,9626,400,8,6,6,0
tyrrell,Tyrrell,British,9642,401,8,8,8,0
tyrrell,Tyrrell,British,9658,402,8,8,8,0
tyrrell,Tyrrell,British,9674,403,11,6,6,0
tyrrell,Tyrrell,British,9687,404,2,4,4,0
tyrrell,Tyrrell,British,9700,405,2,6,6,0
tyrrell,Tyrrell,British,9713,406,2,7,7,0
tyrrell,Tyrrell,British,9726,407,2,7,7,0
tyrrell,Tyrrell,British,9739,408,2,7,7,0
tyrrell,Tyrrell,British,9752,409,2,7,7,0
tyrrell,Tyrrell,British,9778,410,2,7,7,0
tyrrell,Tyrrell,British,9791,411,2,7,7,0
tyrrell,Tyrrell,British,9804,412,5,7,7,0
tyrrell,Tyrrell,British,9817,413,5,7,7,0
tyrrell,Tyrrell,British,9830,414,6,7,7,0
tyrrell,Tyrrell,British,9843,415,6,7,7,0
tyrrell,Tyrrell,British,9856,416,6,8,8,0
tyrrell,Tyrrell,British,9870,417,6,8,8,0
tyrrell,Tyrrell,British,9884,418,6,8,8,0
tyrrell,Tyrrell,British,9898,419,11,7,7,0
tyrrell,Tyrrell,British,9914,420,0,6,6,0
tyrrell,Tyrrell,British,9928,421,1,6,6,0
tyrrell,Tyrrell,British,9943,422,1,7,7,0
tyrrell,Tyrrell,British,9958,423,1,8,8,0
tyrrell,Tyrrell,British,9974,424,1,8,8,0
tyrrell,Tyrrell,British,10022,425,4,8,8,0
tyrrell,Tyrrell,British,10054,426,4,9,9,0
tyrrell,Tyrrell,British,10070,427,4,9,9,0
tyrrell,Tyrrell,British,10086,428,4,9,9,0
tyrrell,Tyrrell,British,10102,429,4,9,9,0
tyrrell,Tyrrell,British,10118,430,4,9,9,0
tyrrell,Tyrrell,British,10134,431,4,9,9,0
tyrrell,Tyrrell,British,10151,432,4,9,9,0
tyrrell,Tyrrell,British,10168,433,4,9,9,0
tyrrell,Tyrrell,British,10185,434,4,9,9,0
tyrrell,Tyrrell,British,10202,435,7,9,9,0
tyrrell,Tyrrell,British,10240,437,0,12,12,0
tyrrell,Tyrrell,British,10255,438,0,13,13,0
tyrrell,Tyrrell,British,10285,439,0,13,13,0
tyrrell,Tyrrell,British,10300,440,0,14,14,0
tyrrell,Tyrrell,British,10315,441,0,15,15,0
tyrrell,Tyrrell,British,10330,442,0,15,15,0
tyrrell,Tyrrell,British,10345,443,0,15,15,0
tyrrell,Tyrrell,British,10360,444,0,15,15,0
tyrrell,Tyrrell,British,10375,445,0,15,15,0
tyrrell,Tyrrell,British,10390,446,0,15,15,0
tyrrell,Tyrrell,British,10405,447,0,15,15,0
tyrrell,Tyrrell,British,10420,448,0,15,15,0
tyrrell,Tyrrell,British,10450,449,0,15,15,0
tyrrell,Tyrrell,British,10465,450,0,15,15,0
tyrrell,Tyrrell,British,10480,451,0,15,15,0
tyrrell,Tyrrell,British,10489,452,0,8,8,0
tyrrell,Tyrrell,British,10504,453,0,9,9,0
tyrrell,Tyrrell,British,10519,454,0,9,9,0
tyrrell,Tyrrell,British,10534,455,0,9,9,0
tyrrell,Tyrrell,British,10549,456,2,7,7,0
tyrrell,Tyrrell,British,10564,457,2,7,7,0
tyrrell,Tyrrell,British,10579,458,11,6,6,1
tyrrell,Tyrrell,British,10594,459,11,6,6,1
tyrrell,Tyrrell,British,10609,460,11,6,6,1
tyrrell,Tyrrell,British,10625,461,11,6,6,1
tyrrell,Tyrrell,British,10641,462,11,6,6,1
tyrrell,Tyrrell,British,10657,463,12,6,6,1
tyrrell,Tyrrell,British,10673,464,12,6,6,1
tyrrell,Tyrrell,British,10705,465,12,6,6,1
tyrrell,Tyrrell,British,10721,466,12,7,7,1
tyrrell,Tyrrell,British,10733,467,0,4,4,0
tyrrell,Tyrrell,British,10750,468,3,5,5,0
tyrrell,Tyrrell,British,10767,469,6,5,5,0
tyrrell,Tyrrell,British,10784,470,10,5,5,0
tyrrell,Tyrrell,British,10801,471,10,5,5,0
tyrrell,Tyrrell,British,10818,472,10,7,7,0
tyrrell,Tyrrell,British,10835,473,10,8,8,0
tyrrell,Tyrrell,British,10852,474,10,8,8,0
tyrrell,Tyrrell,British,10869,475,10,8,8,0
tyrrell,Tyrrell,British,10886,476,10,8,8,0
tyrrell,Tyrrell,British,10903,477,11,8,8,0
tyrrell,Tyrrell,British,10920,478,14,7,7,0
tyrrell,Tyrrell,British,10937,479,14,8,8,0
tyrrell,Tyrrell,British,10954,480,14,8,8,0
tyrrell,Tyrrell,British,10971,481,16,8,8,0
tyrrell,Tyrrell,British,11022,482,25,7,7,1
tyrrell,Tyrrell,British,11039,483,2,4,4,0
tyrrell,Tyrrell,British,11055,484,2,7,7,0
tyrrell,Tyrrell,British,11071,485,2,8,8,0
tyrrell,Tyrrell,British,11087,486,2,9,9,0
tyrrell,Tyrrell,British,11104,487,3,10,10,0
tyrrell,Tyrrell,British,11121,488,5,8,8,0
tyrrell,Tyrrell,British,11138,489,5,9,9,0
tyrrell,Tyrrell,British,11155,490,5,9,9,0
tyrrell,Tyrrell,British,11172,491,8,9,9,0
tyrrell,Tyrrell,British,11206,492,10,9,9,0
tyrrell,Tyrrell,British,11223,493,10,9,9,0
tyrrell,Tyrrell,British,11240,494,10,9,9,0
tyrrell,Tyrrell,British,11257,495,10,9,9,0
tyrrell,Tyrrell,British,11274,496,10,9,9,0
tyrrell,Tyrrell,British,11291,497,10,10,10,0
tyrrell,Tyrrell,British,11308,498,3,4,4,0
tyrrell,Tyrrell,British,11323,499,3,6,6,0
tyrrell,Tyrrell,British,11338,500,3,7,7,0
tyrrell,Tyrrell,British,11353,501,3,9,9,0
tyrrell,Tyrrell,British,11368,502,5,9,9,0
tyrrell,Tyrrell,British,11383,503,5,9,9,0
tyrrell,Tyrrell,British,11398,504,5,9,9,0
tyrrell,Tyrrell,British,11413,505,10,6,6,0
tyrrell,Tyrrell,British,11428,506,10,6,6,0
tyrrell,Tyrrell,British,11443,507,10,6,6,0
tyrrell,Tyrrell,British,11458,508,12,5,5,0
tyrrell,Tyrrell,British,11473,509,12,5,5,0
tyrrell,Tyrrell,British,11488,510,12,5,5,0
tyrrell,Tyrrell,British,11503,511,12,6,6,0
tyrrell,Tyrrell,British,23983,512,0,11,11,0
tyrrell,Tyrrell,British,23998,513,3,4,4,0
tyrrell,Tyrrell,British,24013,514,7,4,4,0
tyrrell,Tyrrell,British,24028,515,8,4,4,0
tyrrell,Tyrrell,British,24093,519,17,4,4,0
tyrrell,Tyrrell,British,24110,520,21,5,5,0
tyrrell,Tyrrell,British,24152,522,21,5,5,0
tyrrell,Tyrrell,British,24169,523,21,5,5,0
tyrrell,Tyrrell,British,24186,524,22,5,5,0
tyrrell,Tyrrell,British,24204,525,24,5,5,0
tyrrell,Tyrrell,British,24223,526,28,5,5,0
tyrrell,Tyrrell,British,23440,527,4,3,3,0
tyrrell,Tyrrell,British,23456,528,5,5,5,0
tyrrell,Tyrrell,British,23473,529,11,3,3,0
tyrrell,Tyrrell,British,23492,530,15,3,3,0
tyrrell,Tyrrell,British,23511,531,24,2,2,1
tyrrell,Tyrrell,British,23530,532,25,2,2,1
tyrrell,Tyrrell,British,23549,533,25,2,2,1
tyrrell,Tyrrell,British,23568,534,25,3,3,1
tyrrell,Tyrrell,British,23587,535,25,3,3,1
tyrrell,Tyrrell,British,23606,536,28,4,4,1
tyrrell,Tyrrell,British,23625,537,30,4,4,1
tyrrell,Tyrrell,British,23644,538,36,3,3,1
tyrrell,Tyrrell,British,23663,539,36,4,4,1
tyrrell,Tyrrell,British,23682,540,36,4,4,1
tyrrell,Tyrrell,British,23701,541,36,4,4,1
tyrrell,Tyrrell,British,23720,542,38,4,4,1
tyrrell,Tyrrell,British,23156,543,0,11,11,0
tyrrell,Tyrrell,British,23167,544,0,12,12,0
tyrrell,Tyrrell,British,23180,545,4,6,6,0
tyrrell,Tyrrell,British,23193,546,7,7,7,0
tyrrell,Tyrrell,British,23207,547,7,7,7,0
tyrrell,Tyrrell,British,23223,548,7,7,7,0
tyrrell,Tyrrell,British,23239,549,11,5,5,0
tyrrell,Tyrrell,British,23255,550,14,5,5,0
tyrrell,Tyrrell,British,23271,551,14,6,6,0
tyrrell,Tyrrell,British,23287,552,14,6,6,0
tyrrell,Tyrrell,British,23305,553,14,6,6,0
tyrrell,Tyrrell,British,23323,554,16,6,6,0
tyrrell,Tyrrell,British,23341,555,16,7,7,0
tyrrell,Tyrrell,British,23359,556,17,7,7,0
tyrrell,Tyrrell,British,23379,557,17,7,7,0
tyrrell,Tyrrell,British,23399,558,23,6,6,0
tyrrell,Tyrrell,British,23419,559,27,6,6,0
tyrrell,Tyrrell,British,22851,560,6,2,2,0
tyrrell,Tyrrell,British,22864,561,9,2,2,0
tyrrell,Tyrrell,British,22881,562,13,2,2,0
tyrrell,Tyrrell,British,22903,563,13,3,3,0
tyrrell,Tyrrell,British,22922,564,16,3,3,0
tyrrell,Tyrrell,British,22941,565,22,2,2,0
tyrrell,Tyrrell,British,22960,566,31,2,2,1
tyrrell,Tyrrell,British,22974,567,37,2,2,1
tyrrell,Tyrrell,British,22993,568,43,2,2,1
tyrrell,Tyrrell,British,23017,569,49,2,2,1
tyrrell,Tyrrell,British,23036,570,49,2,2,1
tyrrell,Tyrrell,British,23055,571,51,3,3,1
tyrrell,Tyrrell,British,23074,572,53,2,2,1
tyrrell,Tyrrell,British,23093,573,59,3,3,1
tyrrell,Tyrrell,British,23112,574,65,3,3,1
tyrrell,Tyrrell,British,23131,575,71,3,3,1
tyrrell,Tyrrell,British,22457,576,2,5,5,0
tyrrell,Tyrrell,British,22471,577,2,5,5,0
tyrrell,Tyrrell,British,22486,578,11,3,3,1
tyrrell,Tyrrell,British,22502,579,11,3,3,1
tyrrell,Tyrrell,British,22519,580,13,4,4,1
tyrrell,Tyrrell,British,22536,581,19,4,4,1
tyrrell,Tyrrell,British,22704,582,19,4,4,1
tyrrell,Tyrrell,British,22721,583,19,4,4,1
tyrrell,Tyrrell,British,22739,584,20,5,5,1
tyrrell,Tyrrell,British,22757,585,24,5,5,1
tyrrell,Tyrrell,British,22776,586,24,5,5,1
tyrrell,Tyrrell,British,22795,587,24,5,5,1
tyrrell,Tyrrell,British,22815,588,24,5,5,1
tyrrell,Tyrrell,British,22835,589,25,5,5,1
tyrrell,Tyrrell,British,22215,590,1,4,4,0
tyrrell,Tyrrell,British,22226,591,1,6,6,0
tyrrell,Tyrrell,British,22237,592,4,6,6,0
tyrrell,Tyrrell,British,22249,593,6,5,5,0
tyrrell,Tyrrell,British,22263,594,10,4,4,0
tyrrell,Tyrrell,British,22279,595,16,3,3,0
tyrrell,Tyrrell,British,22295,596,25,3,3,1
tyrrell,Tyrrell,British,22311,597,27,3,3,1
tyrrell,Tyrrell,British,22327,598,30,3,3,1
tyrrell,Tyrrell,British,22343,599,39,3,3,2
tyrrell,Tyrrell,British,22361,600,45,3,3,2
tyrrell,Tyrrell,British,22379,601,45,3,3,2
tyrrell,Tyrrell,British,22397,602,49,3,3,2
tyrrell,Tyrrell,British,22415,603,51,3,3,2
tyrrell,Tyrrell,British,22435,604,52,3,3,2
tyrrell,Tyrrell,British,22036,605,6,2,2,0
tyrrell,Tyrrell,British,21880,606,12,2,2,0
tyrrell,Tyrrell,British,22045,607,21,2,2,1
tyrrell,Tyrrell,British,22055,608,27,2,2,1
tyrrell,Tyrrell,British,22065,609,36,1,1,2
tyrrell,Tyrrell,British,22076,610,39,1,1,3
tyrrell,Tyrrell,British,22087,611,43,1,1,3
tyrrell,Tyrrell,British,22122,612,51,2,2,3
tyrrell,Tyrrell,British,22134,613,53,2,2,3
tyrrell,Tyrrell,British,22146,614,62,1,1,4
tyrrell,Tyrrell,British,22158,615,71,1,1,5
tyrrell,Tyrrell,British,22170,616,77,1,1,5
tyrrell,Tyrrell,British,22182,617,80,1,1,5
tyrrell,Tyrrell,British,22194,618,82,2,2,5
tyrrell,Tyrrell,British,22206,619,82,2,2,5
tyrrell,Tyrrell,British,21901,620,9,1,1,1
tyrrell,Tyrrell,British,21911,621,9,2,2,1
tyrrell,Tyrrell,British,21920,622,9,4,4,1
tyrrell,Tyrrell,British,21929,623,12,4,4,1
tyrrell,Tyrrell,British,21948,624,18,4,4,1
tyrrell,Tyrrell,British,21958,625,27,2,2,2
tyrrell,Tyrrell,British,21968,626,33,2,2,2
tyrrell,Tyrrell,British,21979,627,33,2,2,2
tyrrell,Tyrrell,British,21990,628,33,3,3,2
tyrrell,Tyrrell,British,22002,629,33,3,3,2
tyrrell,Tyrrell,British,22014,630,42,3,3,3
tyrrell,Tyrrell,British,22026,631,51,2,2,4
tyrrell,Tyrrell,British,21677,632,6,2,2,0
tyrrell,Tyrrell,British,21687,633,15,2,2,1
tyrrell,Tyrrell,British,21697,634,24,1,1,2
tyrrell,Tyrrell,British,21703,635,24,2,2,2
tyrrell,Tyrrell,British,21714,636,33,1,1,3
tyrrell,Tyrrell,British,21729,637,42,1,1,4
tyrrell,Tyrrell,British,21740,638,51,1,1,5
tyrrell,Tyrrell,British,21747,639,51,1,1,5
tyrrell,Tyrrell,British,21758,640,55,1,1,5
tyrrell,Tyrrell,British,21770,641,64,1,1,6
tyrrell,Tyrrell,British,21786,642,73,1,1,7
tyrrell,Tyrrell,British,21647,653,0,11,11,0
tyrrell,Tyrrell,British,21658,654,0,11,11,0
tyrrell,Tyrrell,British,21670,655,0,11,11,0
tyrrell,Tyrrell,British,24043,516,11,4,4,0
tyrrell,Tyrrell,British,24059,517,15,4,4,0
tyrrell,Tyrrell,British,24076,518,15,4,4,0
tyrrell,Tyrrell,British,24127,521,21,5,5,0
lola,Lola,British,25366,212,0,12,12,0
lola,Lola,British,25378,213,0,12,12,0
lola,Lola,British,25390,214,0,12,12,0
lola,Lola,British,25402,215,0,12,12,0
lola,Lola,British,25414,216,0,12,12,0
lola,Lola,British,25426,217,0,12,12,0
lola,Lola,British,25438,218,0,12,12,0
lola,Lola,British,25450,219,0,12,12,0
lola,Lola,British,25462,220,0,12,12,0
lola,Lola,British,25474,221,0,12,12,0
lola,Lola,British,25486,222,0,12,12,0
lola,Lola,British,25498,223,0,12,12,0
lola,Lola,British,4652,274,0,11,11,0
lola,Lola,British,4663,275,0,12,12,0
lola,Lola,British,4675,276,0,11,11,0
lola,Lola,British,4687,277,0,11,11,0
lola,Lola,British,4699,278,0,11,11,0
lola,Lola,British,4712,279,0,11,11,0
lola,Lola,British,4725,280,0,12,12,0
lola,Lola,British,4738,281,0,12,12,0
lola,Lola,British,4751,282,0,12,12,0
lola,Lola,British,4764,283,0,12,12,0
lola,Lola,British,4777,284,0,12,12,0
lola,Lola,British,4790,285,0,12,12,0
lola,Lola,British,4803,286,0,12,12,0
lola,Lola,British,4816,287,0,12,12,0
lola,Lola,British,4829,288,0,12,12,0
lola,Lola,British,8284,307,0,17,17,0
lola,Lola,British,8303,308,0,15,15,0
lola,Lola,British,8322,309,0,15,15,0
lola,Lola,British,8341,310,1,10,10,0
lola,Lola,British,8360,311,1,10,10,0
lola,Lola,British,8379,312,1,10,10,0
lola,Lola,British,8398,313,1,10,10,0
lola,Lola,British,8417,314,1,11,11,0
lola,Lola,British,8474,317,1,12,12,0
lola,Lola,British,8493,318,1,12,12,0
lola,Lola,British,8512,319,1,12,12,0
lola,Lola,British,8531,320,1,12,12,0
lola,Lola,British,8436,315,1,12,12,0
lola,Lola,British,8455,316,1,12,12,0
lola,Lola,British,9694,404,0,11,11,0
lola,Lola,British,9707,405,0,9,9,0
lola,Lola,British,9720,406,0,10,10,0
lola,Lola,British,9733,407,0,10,10,0
lola,Lola,British,9746,408,0,10,10,0
lola,Lola,British,9759,409,0,10,10,0
lola,Lola,British,9785,410,0,10,10,0
lola,Lola,British,9798,411,0,10,10,0
lola,Lola,British,9811,412,0,11,11,0
lola,Lola,British,9824,413,0,10,10,0
lola,Lola,British,9837,414,0,10,10,0
lola,Lola,British,9850,415,5,8,8,0
lola,Lola,British,9863,416,6,7,7,0
lola,Lola,British,9877,417,6,7,7,0
lola,Lola,British,9891,418,6,7,7,0
lola,Lola,British,9905,419,6,8,8,0
lola,Lola,British,10145,431,0,17,17,0
lola,Lola,British,10162,432,0,17,17,0
lola,Lola,British,10179,433,0,17,17,0
lola,Lola,British,10196,434,0,17,17,0
lola,Lola,British,10213,435,0,17,17,0
lola,Lola,British,22453,576,0,9,9,0
lola,Lola,British,22467,577,0,10,10,0
lola,Lola,British,22482,578,0,12,12,0
lola,Lola,British,22498,579,0,14,14,0
lola,Lola,British,22515,580,0,14,14,0
lola,Lola,British,22532,581,0,15,15,0
lola,Lola,British,22700,582,0,15,15,0
lola,Lola,British,22717,583,0,15,15,0
lola,Lola,British,22735,584,0,15,15,0
lola,Lola,British,22753,585,0,15,15,0
lola,Lola,British,22772,586,0,16,16,0
lola,Lola,British,22212,590,0,7,7,0
lola,Lola,British,22223,591,0,9,9,0
lola,Lola,British,22234,592,0,10,10,0
lola,Lola,British,22246,593,0,12,12,0
lola,Lola,British,22260,594,0,11,11,0
lola,Lola,British,22276,595,0,11,11,0
lola,Lola,British,22292,596,1,11,11,0
lola,Lola,British,22308,597,1,11,11,0
lola,Lola,British,22324,598,1,11,11,0
lola,Lola,British,22340,599,1,11,11,0
lola,Lola,British,22358,600,1,11,11,0
lola,Lola,British,22376,601,1,11,11,0
lola,Lola,British,22394,602,1,12,12,0
lola,Lola,British,22412,603,1,12,12,0
lola,Lola,British,22432,604,1,12,12,0
lola,Lola,British,19805,720,0,9,9,0
lola,Lola,British,19516,729,0,7,7,0
lola,Lola,British,19523,730,3,5,5,0
lola,Lola,British,19532,731,5,5,5,0
lola,Lola,British,19541,732,7,6,6,0
lola,Lola,British,19552,733,13,5,5,0
lola,Lola,British,19564,734,19,4,4,0
lola,Lola,British,19796,719,0,6,6,0
lola,Lola,British,19854,724,0,9,9,0
lola,Lola,British,19841,723,0,9,9,0
lola,Lola,British,19817,721,0,10,10,0
lola,Lola,British,19606,737,19,4,4,0
lola,Lola,British,19572,735,19,4,4,0
lola,Lola,British,21101,678,0,13,13,0
lola,Lola,British,21084,677,0,13,13,0
lola,Lola,British,21067,676,0,13,13,0
lola,Lola,British,21050,675,0,13,13,0
lola,Lola,British,21033,674,0,13,13,0
lola,Lola,British,20913,689,0,14,14,0
lola,Lola,British,20893,688,0,14,14,0
lola,Lola,British,20873,687,0,13,13,0
lola,Lola,British,20854,686,0,13,13,0
lola,Lola,British,20836,685,0,13,13,0
lola,Lola,British,19922,728,0,9,9,0
lola,Lola,British,19903,727,0,9,9,0
lola,Lola,British,19885,726,0,9,9,0
lola,Lola,British,19868,725,0,9,9,0
lola,Lola,British,19829,722,0,9,9,0
lola,Lola,British,19589,736,19,4,4,0
lola,Lola,British,22791,587,0,16,16,0
lola,Lola,British,22811,588,0,16,16,0
lola,Lola,British,22831,589,0,17,17,0
ligier,Ligier,French,2423,224,0,6,6,0
ligier,Ligier,French,2431,225,1,6,6,0
ligier,Ligier,French,2442,226,1,7,7,0
ligier,Ligier,French,2453,227,1,7,7,0
ligier,Ligier,French,2464,228,1,7,7,0
ligier,Ligier,French,2475,229,11,5,5,1
ligier,Ligier,French,2486,230,12,5,5,1
ligier,Ligier,French,2497,231,12,5,5,1
ligier,Ligier,French,2508,232,12,5,5,1
ligier,Ligier,French,2519,233,12,6,6,1
ligier,Ligier,French,2530,234,12,6,6,1
ligier,Ligier,French,2541,235,14,6,6,1
ligier,Ligier,French,2552,236,14,6,6,1
ligier,Ligier,French,2563,237,15,6,6,1
ligier,Ligier,French,2574,238,15,6,6,1
ligier,Ligier,French,2585,239,15,6,6,1
ligier,Ligier,French,5042,240,0,6,6,0
ligier,Ligier,French,5050,241,0,6,6,0
ligier,Ligier,French,5060,242,0,6,6,0
ligier,Ligier,French,5073,243,1,7,7,0
ligier,Ligier,French,5086,244,1,7,7,0
ligier,Ligier,French,5099,245,4,6,6,0
ligier,Ligier,French,5112,246,7,6,6,0
ligier,Ligier,French,5125,247,10,5,5,0
ligier,Ligier,French,5138,248,11,5,5,0
ligier,Ligier,French,5151,249,12,5,5,0
ligier,Ligier,French,5164,250,16,4,4,0
ligier,Ligier,French,5177,251,16,6,6,0
ligier,Ligier,French,5190,252,16,6,6,0
ligier,Ligier,French,5203,253,16,7,7,0
ligier,Ligier,French,5216,254,16,7,7,0
ligier,Ligier,French,5229,255,18,6,6,0
ligier,Ligier,French,5242,256,24,5,5,0
ligier,Ligier,French,25522,257,0,10,10,0
ligier,Ligier,French,25536,258,0,11,11,0
ligier,Ligier,French,25550,259,0,12,12,0
ligier,Ligier,French,25564,260,0,12,12,0
ligier,Ligier,French,25578,261,0,12,12,0
ligier,Ligier,French,25592,262,0,12,12,0
ligier,Ligier,French,25606,263,0,12,12,0
ligier,Ligier,French,25620,264,0,12,12,0
ligier,Ligier,French,25634,265,10,6,6,0
ligier,Ligier,French,25648,266,11,6,6,0
ligier,Ligier,French,25662,267,11,7,7,0
ligier,Ligier,French,25676,268,11,7,7,0
ligier,Ligier,French,25690,269,11,7,7,0
ligier,Ligier,French,25704,270,11,7,7,0
ligier,Ligier,French,25718,271,11,8,8,0
ligier,Ligier,French,25508,272,13,6,6,0
ligier,Ligier,French,4637,273,4,3,3,0
ligier,Ligier,French,4644,274,6,3,3,0
ligier,Ligier,French,4655,275,6,5,5,0
ligier,Ligier,French,4667,276,10,4,4,0
ligier,Ligier,French,4679,277,10,4,4,0
ligier,Ligier,French,4691,278,11,4,4,0
ligier,Ligier,French,4704,279,13,4,4,0
ligier,Ligier,French,4717,280,15,4,4,0
ligier,Ligier,French,4730,281,15,4,4,0
ligier,Ligier,French,4743,282,19,4,4,0
ligier,Ligier,French,4756,283,21,4,4,0
ligier,Ligier,French,4769,284,21,4,4,0
ligier,Ligier,French,4782,285,21,4,4,0
ligier,Ligier,French,4795,286,22,5,5,0
ligier,Ligier,French,4808,287,22,5,5,0
ligier,Ligier,French,4821,288,23,5,5,0
ligier,Ligier,French,3251,289,0,5,5,0
ligier,Ligier,French,3260,290,0,6,6,0
ligier,Ligier,French,3271,291,0,8,8,0
ligier,Ligier,French,3312,292,0,9,9,0
ligier,Ligier,French,3326,293,0,9,9,0
ligier,Ligier,French,3340,294,0,11,11,0
ligier,Ligier,French,3354,295,1,10,10,0
ligier,Ligier,French,3368,296,3,9,9,0
ligier,Ligier,French,3382,297,3,9,9,0
ligier,Ligier,French,3397,298,4,8,8,0
ligier,Ligier,French,3412,299,4,8,8,0
ligier,Ligier,French,3427,300,4,8,8,0
ligier,Ligier,French,3442,301,4,8,8,0
ligier,Ligier,French,3457,302,4,8,8,0
ligier,Ligier,French,3472,303,4,8,8,0
ligier,Ligier,French,3487,304,6,8,8,0
ligier,Ligier,French,8244,305,0,15,15,0
ligier,Ligier,French,8262,306,0,12,12,0
ligier,Ligier,French,8280,307,0,11,11,0
ligier,Ligier,French,8299,308,0,10,10,0
ligier,Ligier,French,8318,309,0,11,11,0
ligier,Ligier,French,8337,310,0,12,12,0
ligier,Ligier,French,8356,311,0,12,12,0
ligier,Ligier,French,8375,312,0,12,12,0
ligier,Ligier,French,8394,313,0,12,12,0
ligier,Ligier,French,8413,314,0,13,13,0
ligier,Ligier,French,8432,315,0,14,14,0
ligier,Ligier,French,8451,316,0,14,14,0
ligier,Ligier,French,8470,317,0,14,14,0
ligier,Ligier,French,8489,318,0,14,14,0
ligier,Ligier,French,8508,319,0,14,14,0
ligier,Ligier,French,8527,320,0,14,14,0
ligier,Ligier,French,7676,323,0,10,10,0
ligier,Ligier,French,7695,324,0,12,12,0
ligier,Ligier,French,7714,325,0,12,12,0
ligier,Ligier,French,7733,326,0,12,12,0
ligier,Ligier,French,7752,327,0,13,13,0
ligier,Ligier,French,7771,328,0,13,13,0
ligier,Ligier,French,7790,329,0,13,13,0
ligier,Ligier,French,7809,330,0,13,13,0
ligier,Ligier,French,7828,331,0,13,13,0
ligier,Ligier,French,7847,332,0,13,13,0
ligier,Ligier,French,7866,333,0,13,13,0
ligier,Ligier,French,7885,334,0,11,11,0
ligier,Ligier,French,7904,335,0,11,11,0
ligier,Ligier,French,7923,336,0,11,11,0
ligier,Ligier,French,7638,321,0,15,15,0
ligier,Ligier,French,7657,322,0,10,10,0
ligier,Ligier,French,8779,356,0,8,8,0
ligier,Ligier,French,8799,357,0,11,11,0
ligier,Ligier,French,8819,358,0,12,12,0
ligier,Ligier,French,8839,359,0,11,11,0
ligier,Ligier,French,8859,360,0,12,12,0
ligier,Ligier,French,8879,361,2,12,12,0
ligier,Ligier,French,8899,362,3,12,12,0
ligier,Ligier,French,8919,363,3,12,12,0
ligier,Ligier,French,8939,364,3,12,12,0
ligier,Ligier,French,8959,365,3,12,12,0
ligier,Ligier,French,8979,366,3,12,12,0
ligier,Ligier,French,8999,367,3,12,12,0
ligier,Ligier,French,9019,368,3,14,14,0
ligier,Ligier,French,9039,369,3,14,14,0
ligier,Ligier,French,9119,370,3,14,14,0
ligier,Ligier,French,9139,371,3,14,14,0
ligier,Ligier,French,9157,372,0,6,6,0
ligier,Ligier,French,9175,373,0,6,6,0
ligier,Ligier,French,9193,374,0,9,9,0
ligier,Ligier,French,9211,375,0,9,9,0
ligier,Ligier,French,9229,376,0,11,11,0
ligier,Ligier,French,9247,377,0,14,14,0
ligier,Ligier,French,9265,378,0,14,14,0
ligier,Ligier,French,9283,379,0,14,14,0
ligier,Ligier,French,9301,380,0,14,14,0
ligier,Ligier,French,9319,381,0,14,14,0
ligier,Ligier,French,9337,382,0,14,14,0
ligier,Ligier,French,9355,383,0,14,14,0
ligier,Ligier,French,9373,384,0,14,14,0
ligier,Ligier,French,9391,385,0,14,14,0
ligier,Ligier,French,9409,386,0,15,15,0
ligier,Ligier,French,9427,387,0,15,15,0
ligier,Ligier,French,9467,389,0,15,15,0
ligier,Ligier,French,9482,390,1,9,9,0
ligier,Ligier,French,9497,391,1,10,10,0
ligier,Ligier,French,9512,392,1,10,10,0
ligier,Ligier,French,9527,393,1,10,10,0
ligier,Ligier,French,9542,394,1,10,10,0
ligier,Ligier,French,9557,395,1,10,10,0
ligier,Ligier,French,9572,396,1,10,10,0
ligier,Ligier,French,9587,397,1,10,10,0
ligier,Ligier,French,9602,398,1,10,10,0
ligier,Ligier,French,9618,399,1,10,10,0
ligier,Ligier,French,9634,400,1,11,11,0
ligier,Ligier,French,9650,401,1,11,11,0
ligier,Ligier,French,9666,402,1,11,11,0
ligier,Ligier,French,9682,403,1,11,11,0
ligier,Ligier,French,9686,404,7,2,2,0
ligier,Ligier,French,9699,405,7,3,3,0
ligier,Ligier,French,9712,406,7,5,5,0
ligier,Ligier,French,9725,407,10,4,4,0
ligier,Ligier,French,9738,408,12,4,4,0
ligier,Ligier,French,9751,409,13,4,4,0
ligier,Ligier,French,9777,410,19,4,4,0
ligier,Ligier,French,9790,411,22,4,4,0
ligier,Ligier,French,9803,412,25,4,4,0
ligier,Ligier,French,9816,413,28,4,4,0
ligier,Ligier,French,9829,414,28,4,4,0
ligier,Ligier,French,9842,415,28,4,4,0
ligier,Ligier,French,9855,416,28,5,5,0
ligier,Ligier,French,9869,417,28,5,5,0
ligier,Ligier,French,9883,418,29,5,5,0
ligier,Ligier,French,9897,419,29,5,5,0
ligier,Ligier,French,9913,420,1,5,5,0
ligier,Ligier,French,9927,421,1,7,7,0
ligier,Ligier,French,9942,422,1,8,8,0
ligier,Ligier,French,9957,423,5,6,6,0
ligier,Ligier,French,9973,424,5,7,7,0
ligier,Ligier,French,10021,425,5,7,7,0
ligier,Ligier,French,10053,426,5,8,8,0
ligier,Ligier,French,10069,427,9,7,7,0
ligier,Ligier,French,10085,428,13,7,7,0
ligier,Ligier,French,10101,429,13,7,7,0
ligier,Ligier,French,10117,430,13,7,7,0
ligier,Ligier,French,10133,431,13,7,7,0
ligier,Ligier,French,10150,432,13,7,7,0
ligier,Ligier,French,10167,433,13,7,7,0
ligier,Ligier,French,10184,434,13,8,8,0
ligier,Ligier,French,10201,435,23,6,6,0
ligier,Ligier,French,10221,436,0,8,8,0
ligier,Ligier,French,10234,437,2,6,6,0
ligier,Ligier,French,10249,438,2,7,7,0
ligier,Ligier,French,10279,439,3,8,8,0
ligier,Ligier,French,10294,440,3,8,8,0
ligier,Ligier,French,10309,441,3,9,9,0
ligier,Ligier,French,10324,442,3,10,10,0
ligier,Ligier,French,10339,443,3,10,10,0
ligier,Ligier,French,10354,444,3,10,10,0
ligier,Ligier,French,10369,445,3,10,10,0
ligier,Ligier,French,10384,446,3,10,10,0
ligier,Ligier,French,10399,447,3,10,10,0
ligier,Ligier,French,10414,448,3,10,10,0
ligier,Ligier,French,10444,449,3,10,10,0
ligier,Ligier,French,10459,450,3,10,10,0
ligier,Ligier,French,10474,451,3,10,10,0
ligier,Ligier,French,10494,452,0,13,13,0
ligier,Ligier,French,10509,453,0,8,8,0
ligier,Ligier,French,10524,454,0,8,8,0
ligier,Ligier,French,10539,455,0,8,8,0
ligier,Ligier,French,10554,456,0,10,10,0
ligier,Ligier,French,10569,457,0,11,11,0
ligier,Ligier,French,10584,458,0,12,12,0
ligier,Ligier,French,10599,459,0,12,12,0
ligier,Ligier,French,10614,460,0,12,12,0
ligier,Ligier,French,10630,461,0,12,12,0
ligier,Ligier,French,10646,462,0,11,11,0
ligier,Ligier,French,10662,463,0,12,12,0
ligier,Ligier,French,10678,464,0,12,12,0
ligier,Ligier,French,10710,465,0,12,12,0
ligier,Ligier,French,10726,466,0,12,12,0
ligier,Ligier,French,10741,467,0,12,12,0
ligier,Ligier,French,10758,468,0,15,15,0
ligier,Ligier,French,10775,469,0,15,15,0
ligier,Ligier,French,10792,470,0,16,16,0
ligier,Ligier,French,10809,471,4,8,8,0
ligier,Ligier,French,10826,472,4,8,8,0
ligier,Ligier,French,10843,473,11,7,7,0
ligier,Ligier,French,10860,474,11,7,7,0
ligier,Ligier,French,10877,475,11,7,7,0
ligier,Ligier,French,10894,476,11,7,7,0
ligier,Ligier,French,10911,477,11,7,7,0
ligier,Ligier,French,10928,478,11,8,8,0
ligier,Ligier,French,10945,479,15,7,7,0
ligier,Ligier,French,10962,480,15,7,7,0
ligier,Ligier,French,10979,481,16,7,7,0
ligier,Ligier,French,11030,482,20,8,8,0
ligier,Ligier,French,11045,483,0,10,10,0
ligier,Ligier,French,11061,484,1,8,8,0
ligier,Ligier,French,11077,485,1,9,9,0
ligier,Ligier,French,11093,486,1,10,10,0
ligier,Ligier,French,11110,487,7,5,5,0
ligier,Ligier,French,11127,488,11,4,4,0
ligier,Ligier,French,11144,489,17,4,4,0
ligier,Ligier,French,11161,490,17,5,5,0
ligier,Ligier,French,11178,491,21,4,4,0
ligier,Ligier,French,11212,492,25,4,4,0
ligier,Ligier,French,11229,493,34,3,3,1
ligier,Ligier,French,11246,494,34,4,4,1
ligier,Ligier,French,11263,495,34,4,4,1
ligier,Ligier,French,11280,496,43,4,4,2
ligier,Ligier,French,11297,497,44,4,4,2
ligier,Ligier,French,11313,498,0,9,9,0
ligier,Ligier,French,11328,499,3,7,7,0
ligier,Ligier,French,11343,500,13,3,3,0
ligier,Ligier,French,11358,501,14,4,4,0
ligier,Ligier,French,11373,502,23,2,2,1
ligier,Ligier,French,11388,503,29,2,2,1
ligier,Ligier,French,11403,504,39,2,2,1
ligier,Ligier,French,11418,505,39,2,2,1
ligier,Ligier,French,11433,506,48,2,2,2
ligier,Ligier,French,11448,507,51,2,2,2
ligier,Ligier,French,11463,508,55,2,2,2
ligier,Ligier,French,11478,509,56,2,2,2
ligier,Ligier,French,11493,510,60,2,2,2
ligier,Ligier,French,11508,511,66,2,2,2
ligier,Ligier,French,23993,512,12,1,1,1
ligier,Ligier,French,24008,513,27,1,1,2
ligier,Ligier,French,24023,514,27,1,1,2
ligier,Ligier,French,24038,515,29,2,2,2
ligier,Ligier,French,24053,516,38,1,1,3
ligier,Ligier,French,24069,517,44,2,2,3
ligier,Ligier,French,24086,518,46,2,2,3
ligier,Ligier,French,24103,519,46,2,2,3
ligier,Ligier,French,24120,520,47,2,2,3
ligier,Ligier,French,24137,521,51,2,2,3
ligier,Ligier,French,24142,522,55,2,2,3
ligier,Ligier,French,23433,527,0,10,10,0
ligier,Ligier,French,23449,528,0,9,9,0
ligier,Ligier,French,23466,529,2,8,8,0
ligier,Ligier,French,23485,530,4,6,6,0
ligier,Ligier,French,23504,531,4,7,7,0
ligier,Ligier,French,23523,532,6,6,6,0
ligier,Ligier,French,23542,533,10,5,5,0
ligier,Ligier,French,23561,534,10,5,5,0
ligier,Ligier,French,23580,535,10,6,6,0
ligier,Ligier,French,23599,536,10,6,6,0
ligier,Ligier,French,23618,537,14,6,6,0
ligier,Ligier,French,23637,538,16,5,5,0
ligier,Ligier,French,23656,539,16,5,5,0
ligier,Ligier,French,23675,540,19,5,5,0
ligier,Ligier,French,23694,541,19,5,5,0
ligier,Ligier,French,23713,542,19,6,6,0
ligier,Ligier,French,23155,543,0,10,10,0
ligier,Ligier,French,23168,544,0,11,11,0
ligier,Ligier,French,23181,545,0,13,13,0
ligier,Ligier,French,23194,546,0,12,12,0
ligier,Ligier,French,23208,547,0,12,12,0
ligier,Ligier,French,23224,548,0,12,12,0
ligier,Ligier,French,23240,549,0,12,12,0
ligier,Ligier,French,23256,550,9,7,7,1
ligier,Ligier,French,23272,551,9,7,7,1
ligier,Ligier,French,23288,552,10,7,7,1
ligier,Ligier,French,23306,553,10,7,7,1
ligier,Ligier,French,23324,554,10,8,8,1
ligier,Ligier,French,23342,555,16,6,6,1
ligier,Ligier,French,23360,556,16,8,8,1
ligier,Ligier,French,23380,557,16,8,8,1
ligier,Ligier,French,23400,558,16,8,8,1
ligier,Ligier,French,23420,559,18,8,8,1
ligier,Ligier,French,22859,560,0,10,10,0
ligier,Ligier,French,22872,561,0,16,16,0
ligier,Ligier,French,22889,562,3,6,6,0
ligier,Ligier,French,22911,563,3,8,8,0
ligier,Ligier,French,22930,564,7,4,4,0
ligier,Ligier,French,22949,565,7,4,4,0
ligier,Ligier,French,22968,566,10,4,4,0
ligier,Ligier,French,22982,567,10,4,4,0
ligier,Ligier,French,23001,568,10,5,5,0
ligier,Ligier,French,23025,569,10,5,5,0
ligier,Ligier,French,23044,570,16,5,5,0
ligier,Ligier,French,23063,571,16,5,5,0
ligier,Ligier,French,23082,572,20,4,4,0
ligier,Ligier,French,23101,573,20,4,4,0
ligier,Ligier,French,23120,574,20,5,5,0
ligier,Ligier,French,23139,575,20,6,6,0
ligier,Ligier,French,24159,523,61,2,2,3
ligier,Ligier,French,24176,524,61,3,3,3
ligier,Ligier,French,24194,525,61,3,3,3
ligier,Ligier,French,24213,526,61,3,3,3
forti,Forti,Italian,2435,225,0,10,10,0
forti,Forti,Italian,2446,226,0,10,10,0
forti,Forti,Italian,2457,227,0,10,10,0
forti,Forti,Italian,2468,228,0,11,11,0
forti,Forti,Italian,2479,229,0,11,11,0
forti,Forti,Italian,2490,230,0,11,11,0
forti,Forti,Italian,2501,231,0,11,11,0
forti,Forti,Italian,2512,232,0,11,11,0
forti,Forti,Italian,2523,233,0,11,11,0
forti,Forti,Italian,2534,234,0,11,11,0
forti,Forti,Italian,2545,235,0,11,11,0
forti,Forti,Italian,2556,236,0,11,11,0
forti,Forti,Italian,2567,237,0,11,11,0
forti,Forti,Italian,2578,238,0,11,11,0
forti,Forti,Italian,2589,239,0,11,11,0
forti,Forti,Italian,5044,240,0,8,8,0
forti,Forti,Italian,5052,241,0,10,10,0
forti,Forti,Italian,5062,242,0,11,11,0
forti,Forti,Italian,5075,243,0,11,11,0
forti,Forti,Italian,5088,244,0,13,13,0
forti,Forti,Italian,5101,245,0,13,13,0
forti,Forti,Italian,5114,246,0,13,13,0
forti,Forti,Italian,5127,247,0,13,13,0
forti,Forti,Italian,5140,248,0,13,13,0
forti,Forti,Italian,5153,249,0,13,13,0
forti,Forti,Italian,5166,250,0,13,13,0
forti,Forti,Italian,5179,251,0,12,12,0
forti,Forti,Italian,5192,252,0,12,12,0
forti,Forti,Italian,5205,253,0,12,12,0
forti,Forti,Italian,5218,254,0,12,12,0
forti,Forti,Italian,5231,255,0,12,12,0
forti,Forti,Italian,5244,256,0,11,11,0
footwork,Footwork,British,2425,224,0,8,8,0
footwork,Footwork,British,2433,225,0,8,8,0
footwork,Footwork,British,2444,226,1,8,8,0
footwork,Footwork,British,2455,227,1,8,8,0
footwork,Footwork,British,2466,228,1,8,8,0
footwork,Footwork,British,2477,229,1,9,9,0
footwork,Footwork,British,2488,230,1,9,9,0
footwork,Footwork,British,2499,231,1,9,9,0
footwork,Footwork,British,2510,232,1,9,9,0
footwork,Footwork,British,2521,233,1,9,9,0
footwork,Footwork,British,2532,234,1,9,9,0
footwork,Footwork,British,2543,235,1,9,9,0
footwork,Footwork,British,2554,236,1,9,9,0
footwork,Footwork,British,2565,237,1,9,9,0
footwork,Footwork,British,2576,238,1,9,9,0
footwork,Footwork,British,2587,239,1,9,9,0
footwork,Footwork,British,5067,242,0,13,13,0
footwork,Footwork,British,5080,243,0,12,12,0
footwork,Footwork,British,5106,245,1,8,8,0
footwork,Footwork,British,5093,244,0,10,10,0
footwork,Footwork,British,5119,246,1,8,8,0
footwork,Footwork,British,5132,247,1,8,8,0
footwork,Footwork,British,5145,248,1,8,8,0
footwork,Footwork,British,5158,249,1,8,8,0
footwork,Footwork,British,5171,250,1,8,8,0
footwork,Footwork,British,5184,251,1,9,9,0
footwork,Footwork,British,5197,252,1,9,9,0
footwork,Footwork,British,5210,253,1,9,9,0
footwork,Footwork,British,5223,254,1,9,9,0
footwork,Footwork,British,5236,255,1,9,9,0
footwork,Footwork,British,5249,256,5,8,8,0
footwork,Footwork,British,25553,259,3,8,8,0
footwork,Footwork,British,25567,260,3,8,8,0
footwork,Footwork,British,25581,261,3,8,8,0
footwork,Footwork,British,25595,262,3,8,8,0
footwork,Footwork,British,25609,263,3,9,9,0
footwork,Footwork,British,25623,264,3,9,9,0
footwork,Footwork,British,25637,265,8,9,9,0
footwork,Footwork,British,25651,266,8,9,9,0
footwork,Footwork,British,25665,267,9,9,9,0
footwork,Footwork,British,25679,268,9,9,9,0
footwork,Footwork,British,25693,269,9,9,9,0
footwork,Footwork,British,25707,270,9,9,9,0
footwork,Footwork,British,25721,271,9,9,9,0
footwork,Footwork,British,25511,272,9,9,9,0
footwork,Footwork,British,4641,273,0,7,7,0
footwork,Footwork,British,4648,274,0,9,9,0
footwork,Footwork,British,4659,275,0,10,10,0
footwork,Footwork,British,4671,276,0,10,10,0
footwork,Footwork,British,4683,277,0,10,10,0
footwork,Footwork,British,4695,278,0,10,10,0
footwork,Footwork,British,4708,279,0,10,10,0
footwork,Footwork,British,4721,280,0,10,10,0
footwork,Footwork,British,4734,281,1,10,10,0
footwork,Footwork,British,4747,282,1,10,10,0
footwork,Footwork,British,4760,283,4,9,9,0
footwork,Footwork,British,4773,284,4,9,9,0
footwork,Footwork,British,4786,285,4,9,9,0
footwork,Footwork,British,4799,286,4,9,9,0
footwork,Footwork,British,4812,287,4,9,9,0
footwork,Footwork,British,4825,288,4,9,9,0
footwork,Footwork,British,3252,289,0,6,6,0
footwork,Footwork,British,3261,290,0,7,7,0
footwork,Footwork,British,3272,291,1,7,7,0
footwork,Footwork,British,3313,292,3,5,5,0
footwork,Footwork,British,3327,293,5,5,5,0
footwork,Footwork,British,3341,294,5,5,5,0
footwork,Footwork,British,3355,295,5,5,5,0
footwork,Footwork,British,3369,296,5,6,6,0
footwork,Footwork,British,3383,297,5,6,6,0
footwork,Footwork,British,3398,298,5,6,6,0
footwork,Footwork,British,3413,299,5,6,6,0
footwork,Footwork,British,3428,300,5,6,6,0
footwork,Footwork,British,3443,301,5,6,6,0
footwork,Footwork,British,3458,302,6,6,6,0
footwork,Footwork,British,3473,303,6,7,7,0
footwork,Footwork,British,3488,304,6,7,7,0
footwork,Footwork,British,8242,305,0,13,13,0
footwork,Footwork,British,8260,306,0,15,15,0
footwork,Footwork,British,8278,307,0,16,16,0
footwork,Footwork,British,8297,308,0,17,17,0
footwork,Footwork,British,8316,309,0,17,17,0
footwork,Footwork,British,8335,310,0,17,17,0
footwork,Footwork,British,8354,311,0,17,17,0
footwork,Footwork,British,8373,312,0,17,17,0
footwork,Footwork,British,8392,313,0,17,17,0
footwork,Footwork,British,8411,314,0,17,17,0
footwork,Footwork,British,8430,315,0,18,18,0
footwork,Footwork,British,8449,316,0,18,18,0
footwork,Footwork,British,8468,317,0,18,18,0
footwork,Footwork,British,8487,318,0,18,18,0
footwork,Footwork,British,8506,319,0,18,18,0
footwork,Footwork,British,8525,320,0,18,18,0
footwork,Footwork,British,25525,257,0,13,13,0
footwork,Footwork,British,25539,258,3,5,5,0
pacific,Pacific,British,5043,240,0,7,7,0
pacific,Pacific,British,5051,241,0,8,8,0
pacific,Pacific,British,5061,242,0,9,9,0
pacific,Pacific,British,5074,243,0,10,10,0
pacific,Pacific,British,5087,244,0,12,12,0
pacific,Pacific,British,5100,245,0,12,12,0
pacific,Pacific,British,5113,246,0,12,12,0
pacific,Pacific,British,5126,247,0,12,12,0
pacific,Pacific,British,5139,248,0,11,11,0
pacific,Pacific,British,5152,249,0,11,11,0
pacific,Pacific,British,5165,250,0,11,11,0
pacific,Pacific,British,5178,251,0,11,11,0
pacific,Pacific,British,5191,252,0,11,11,0
pacific,Pacific,British,5204,253,0,11,11,0
pacific,Pacific,British,5217,254,0,11,11,0
pacific,Pacific,British,5230,255,0,11,11,0
pacific,Pacific,British,5243,256,0,12,12,0
pacific,Pacific,British,25512,272,0,14,14,0
pacific,Pacific,British,25526,257,0,14,14,0
pacific,Pacific,British,25540,258,0,14,14,0
pacific,Pacific,British,25554,259,0,14,14,0
pacific,Pacific,British,25568,260,0,14,14,0
pacific,Pacific,British,25582,261,0,14,14,0
pacific,Pacific,British,25596,262,0,14,14,0
pacific,Pacific,British,25610,263,0,14,14,0
pacific,Pacific,British,25624,264,0,14,14,0
pacific,Pacific,British,25638,265,0,14,14,0
pacific,Pacific,British,25652,266,0,14,14,0
pacific,Pacific,British,25666,267,0,14,14,0
pacific,Pacific,British,25680,268,0,14,14,0
pacific,Pacific,British,25694,269,0,14,14,0
pacific,Pacific,British,25708,270,0,14,14,0
pacific,Pacific,British,25722,271,0,14,14,0
simtek,Simtek,British,5054,241,0,9,9,0
simtek,Simtek,British,5064,242,0,10,10,0
simtek,Simtek,British,5077,243,0,9,9,0
simtek,Simtek,British,5090,244,0,11,11,0
simtek,Simtek,British,5103,245,0,11,11,0
simtek,Simtek,British,5116,246,0,11,11,0
simtek,Simtek,British,5129,247,0,11,11,0
simtek,Simtek,British,5142,248,0,12,12,0
simtek,Simtek,British,5155,249,0,12,12,0
simtek,Simtek,British,5168,250,0,12,12,0
simtek,Simtek,British,5181,251,0,13,13,0
simtek,Simtek,British,5194,252,0,13,13,0
simtek,Simtek,British,5207,253,0,13,13,0
simtek,Simtek,British,5220,254,0,13,13,0
simtek,Simtek,British,5233,255,0,13,13,0
simtek,Simtek,British,5246,256,0,13,13,0
simtek,Simtek,British,25523,257,0,11,11,0
simtek,Simtek,British,25537,258,0,12,12,0
simtek,Simtek,British,25551,259,0,13,13,0
simtek,Simtek,British,25565,260,0,13,13,0
simtek,Simtek,British,25579,261,0,13,13,0
simtek,Simtek,British,25593,262,0,13,13,0
simtek,Simtek,British,25607,263,0,13,13,0
simtek,Simtek,British,25621,264,0,13,13,0
simtek,Simtek,British,25635,265,0,13,13,0
simtek,Simtek,British,25649,266,0,13,13,0
simtek,Simtek,British,25663,267,0,13,13,0
simtek,Simtek,British,25677,268,0,13,13,0
simtek,Simtek,British,25691,269,0,13,13,0
simtek,Simtek,British,25705,270,0,13,13,0
simtek,Simtek,British,25719,271,0,13,13,0
simtek,Simtek,British,25509,272,0,13,13,0
team_lotus,Team Lotus,British,25519,257,0,7,7,0
team_lotus,Team Lotus,British,25533,258,0,9,9,0
team_lotus,Team Lotus,British,25547,259,0,10,10,0
team_lotus,Team Lotus,British,25561,260,0,11,11,0
team_lotus,Team Lotus,British,25575,261,0,11,11,0
team_lotus,Team Lotus,British,25589,262,0,11,11,0
team_lotus,Team Lotus,British,25603,263,0,11,11,0
team_lotus,Team Lotus,British,25617,264,0,11,11,0
team_lotus,Team Lotus,British,25631,265,0,12,12,0
team_lotus,Team Lotus,British,25645,266,0,12,12,0
team_lotus,Team Lotus,British,25659,267,0,12,12,0
team_lotus,Team Lotus,British,25673,268,0,12,12,0
team_lotus,Team Lotus,British,25687,269,0,12,12,0
team_lotus,Team Lotus,British,25701,270,0,12,12,0
team_lotus,Team Lotus,British,25715,271,0,12,12,0
team_lotus,Team Lotus,British,25505,272,0,12,12,0
team_lotus,Team Lotus,British,4650,274,4,5,5,0
team_lotus,Team Lotus,British,4661,275,7,3,3,0
team_lotus,Team Lotus,British,4673,276,7,5,5,0
team_lotus,Team Lotus,British,4685,277,7,5,5,0
team_lotus,Team Lotus,British,4697,278,7,5,5,0
team_lotus,Team Lotus,British,4710,279,7,6,6,0
team_lotus,Team Lotus,British,4723,280,7,6,6,0
team_lotus,Team Lotus,British,4736,281,10,5,5,0
team_lotus,Team Lotus,British,4749,282,10,6,6,0
team_lotus,Team Lotus,British,4762,283,10,6,6,0
team_lotus,Team Lotus,British,4775,284,12,6,6,0
team_lotus,Team Lotus,British,4788,285,12,6,6,0
team_lotus,Team Lotus,British,4801,286,12,6,6,0
team_lotus,Team Lotus,British,4814,287,12,6,6,0
team_lotus,Team Lotus,British,4827,288,12,6,6,0
team_lotus,Team Lotus,British,3250,289,1,4,4,0
team_lotus,Team Lotus,British,3259,290,2,5,5,0
team_lotus,Team Lotus,British,3270,291,2,6,6,0
team_lotus,Team Lotus,British,3311,292,2,7,7,0
team_lotus,Team Lotus,British,3325,293,2,7,7,0
team_lotus,Team Lotus,British,3339,294,2,7,7,0
team_lotus,Team Lotus,British,3353,295,2,8,8,0
team_lotus,Team Lotus,British,3367,296,6,5,5,0
team_lotus,Team Lotus,British,3381,297,7,5,5,0
team_lotus,Team Lotus,British,3396,298,7,5,5,0
team_lotus,Team Lotus,British,3411,299,10,5,5,0
team_lotus,Team Lotus,British,3426,300,11,5,5,0
team_lotus,Team Lotus,British,3441,301,11,5,5,0
team_lotus,Team Lotus,British,3456,302,13,5,5,0
team_lotus,Team Lotus,British,3471,303,13,5,5,0
team_lotus,Team Lotus,British,3486,304,13,5,5,0
team_lotus,Team Lotus,British,8240,305,0,11,11,0
team_lotus,Team Lotus,British,8258,306,0,10,10,0
team_lotus,Team Lotus,British,8276,307,3,8,8,0
team_lotus,Team Lotus,British,8295,308,3,8,8,0
team_lotus,Team Lotus,British,8314,309,3,9,9,0
team_lotus,Team Lotus,British,8333,310,3,9,9,0
team_lotus,Team Lotus,British,8352,311,3,9,9,0
team_lotus,Team Lotus,British,8371,312,3,9,9,0
team_lotus,Team Lotus,British,8390,313,3,9,9,0
team_lotus,Team Lotus,British,8409,314,3,9,9,0
team_lotus,Team Lotus,British,8428,315,3,9,9,0
team_lotus,Team Lotus,British,8447,316,3,9,9,0
team_lotus,Team Lotus,British,8466,317,3,9,9,0
team_lotus,Team Lotus,British,8485,318,3,9,9,0
team_lotus,Team Lotus,British,8504,319,3,9,9,0
team_lotus,Team Lotus,British,8523,320,3,9,9,0
team_lotus,Team Lotus,British,7675,323,0,7,7,0
team_lotus,Team Lotus,British,7694,324,0,9,9,0
team_lotus,Team Lotus,British,7713,325,1,8,8,0
team_lotus,Team Lotus,British,7732,326,1,8,8,0
team_lotus,Team Lotus,British,7751,327,1,10,10,0
team_lotus,Team Lotus,British,7770,328,1,10,10,0
team_lotus,Team Lotus,British,7789,329,1,10,10,0
team_lotus,Team Lotus,British,7808,330,3,8,8,0
team_lotus,Team Lotus,British,7827,331,3,8,8,0
team_lotus,Team Lotus,British,7846,332,3,8,8,0
team_lotus,Team Lotus,British,7865,333,3,8,8,0
team_lotus,Team Lotus,British,7884,334,3,8,8,0
team_lotus,Team Lotus,British,7903,335,3,8,8,0
team_lotus,Team Lotus,British,7922,336,3,8,8,0
team_lotus,Team Lotus,British,7637,321,0,14,14,0
team_lotus,Team Lotus,British,7656,322,0,14,14,0
team_lotus,Team Lotus,British,8778,356,0,7,7,0
team_lotus,Team Lotus,British,8798,357,0,9,9,0
team_lotus,Team Lotus,British,8818,358,0,10,10,0
team_lotus,Team Lotus,British,8838,359,0,12,12,0
team_lotus,Team Lotus,British,8858,360,0,13,13,0
team_lotus,Team Lotus,British,8878,361,3,10,10,0
team_lotus,Team Lotus,British,8898,362,3,10,10,0
team_lotus,Team Lotus,British,8918,363,6,8,8,0
team_lotus,Team Lotus,British,8938,364,8,8,8,0
team_lotus,Team Lotus,British,8958,365,9,7,7,0
team_lotus,Team Lotus,British,8978,366,9,7,7,0
team_lotus,Team Lotus,British,8998,367,9,7,7,0
team_lotus,Team Lotus,British,9018,368,9,7,7,0
team_lotus,Team Lotus,British,9038,369,9,7,7,0
team_lotus,Team Lotus,British,9118,370,12,7,7,0
team_lotus,Team Lotus,British,9138,371,15,6,6,0
team_lotus,Team Lotus,British,9154,372,5,3,3,0
team_lotus,Team Lotus,British,9172,373,9,3,3,0
team_lotus,Team Lotus,British,9190,374,9,3,3,0
team_lotus,Team Lotus,British,9208,375,9,3,3,0
team_lotus,Team Lotus,British,9226,376,12,3,3,0
team_lotus,Team Lotus,British,9244,377,12,4,4,0
team_lotus,Team Lotus,British,9262,378,14,3,3,0
team_lotus,Team Lotus,British,9280,379,16,4,4,0
team_lotus,Team Lotus,British,9298,380,16,4,4,0
team_lotus,Team Lotus,British,9316,381,16,4,4,0
team_lotus,Team Lotus,British,9334,382,19,4,4,0
team_lotus,Team Lotus,British,9352,383,19,5,5,0
team_lotus,Team Lotus,British,9370,384,19,6,6,0
team_lotus,Team Lotus,British,9388,385,19,6,6,0
team_lotus,Team Lotus,British,9406,386,19,6,6,0
team_lotus,Team Lotus,British,9424,387,23,4,4,0
team_lotus,Team Lotus,British,9444,388,0,5,5,0
team_lotus,Team Lotus,British,9457,389,7,3,3,0
team_lotus,Team Lotus,British,9472,390,9,3,3,0
team_lotus,Team Lotus,British,9487,391,18,3,3,1
team_lotus,Team Lotus,British,9502,392,27,3,3,2
team_lotus,Team Lotus,British,9517,393,30,3,3,2
team_lotus,Team Lotus,British,9532,394,37,3,3,2
team_lotus,Team Lotus,British,9547,395,41,3,3,2
team_lotus,Team Lotus,British,9562,396,47,3,3,2
team_lotus,Team Lotus,British,9577,397,49,3,3,2
team_lotus,Team Lotus,British,9592,398,55,2,2,2
team_lotus,Team Lotus,British,9608,399,55,3,3,2
team_lotus,Team Lotus,British,9624,400,57,3,3,2
team_lotus,Team Lotus,British,9640,401,57,3,3,2
team_lotus,Team Lotus,British,9656,402,64,3,3,2
team_lotus,Team Lotus,British,9672,403,64,3,3,2
team_lotus,Team Lotus,British,9685,404,6,3,3,0
team_lotus,Team Lotus,British,9698,405,15,1,1,1
team_lotus,Team Lotus,British,9711,406,15,3,3,1
team_lotus,Team Lotus,British,9724,407,19,3,3,1
team_lotus,Team Lotus,British,9737,408,25,3,3,1
team_lotus,Team Lotus,British,9750,409,27,3,3,1
team_lotus,Team Lotus,British,9776,410,36,3,3,2
team_lotus,Team Lotus,British,9789,411,36,3,3,2
team_lotus,Team Lotus,British,9802,412,36,3,3,2
team_lotus,Team Lotus,British,9815,413,42,3,3,2
team_lotus,Team Lotus,British,9828,414,50,3,3,2
team_lotus,Team Lotus,British,9841,415,50,3,3,2
team_lotus,Team Lotus,British,9854,416,50,3,3,2
team_lotus,Team Lotus,British,9868,417,53,3,3,2
team_lotus,Team Lotus,British,9882,418,57,3,3,2
team_lotus,Team Lotus,British,9896,419,58,3,3,2
team_lotus,Team Lotus,British,9911,420,4,3,3,0
team_lotus,Team Lotus,British,9925,421,16,1,1,1
team_lotus,Team Lotus,British,9940,422,25,1,1,2
team_lotus,Team Lotus,British,9955,423,29,1,1,2
team_lotus,Team Lotus,British,9971,424,31,2,2,2
team_lotus,Team Lotus,British,10019,425,33,2,2,2
team_lotus,Team Lotus,British,10051,426,35,2,2,2
team_lotus,Team Lotus,British,10067,427,35,3,3,2
team_lotus,Team Lotus,British,10083,428,35,3,3,2
team_lotus,Team Lotus,British,10099,429,43,3,3,2
team_lotus,Team Lotus,British,10115,430,49,3,3,2
team_lotus,Team Lotus,British,10131,431,54,3,3,2
team_lotus,Team Lotus,British,10148,432,63,3,3,3
team_lotus,Team Lotus,British,10165,433,71,3,3,3
team_lotus,Team Lotus,British,10182,434,71,3,3,3
team_lotus,Team Lotus,British,10199,435,71,4,4,3
team_lotus,Team Lotus,British,10216,436,4,3,3,0
team_lotus,Team Lotus,British,10229,437,4,5,5,0
team_lotus,Team Lotus,British,10244,438,6,5,5,0
team_lotus,Team Lotus,British,10274,439,10,4,4,0
team_lotus,Team Lotus,British,10289,440,16,4,4,0
team_lotus,Team Lotus,British,10304,441,17,4,4,0
team_lotus,Team Lotus,British,10319,442,21,4,4,0
team_lotus,Team Lotus,British,10334,443,27,2,2,0
team_lotus,Team Lotus,British,10349,444,32,3,3,0
team_lotus,Team Lotus,British,10364,445,35,3,3,0
team_lotus,Team Lotus,British,10379,446,38,2,2,0
team_lotus,Team Lotus,British,10394,447,38,3,3,0
team_lotus,Team Lotus,British,10409,448,45,2,2,0
team_lotus,Team Lotus,British,10439,449,45,3,3,0
team_lotus,Team Lotus,British,10454,450,45,3,3,0
team_lotus,Team Lotus,British,10469,451,47,3,3,0
team_lotus,Team Lotus,British,10490,452,0,9,9,0
team_lotus,Team Lotus,British,10505,453,0,11,11,0
team_lotus,Team Lotus,British,10520,454,0,11,11,0
team_lotus,Team Lotus,British,10535,455,0,13,13,0
team_lotus,Team Lotus,British,10550,456,0,13,13,0
team_lotus,Team Lotus,British,10565,457,0,12,12,0
team_lotus,Team Lotus,British,10580,458,1,8,8,0
team_lotus,Team Lotus,British,10595,459,1,8,8,0
team_lotus,Team Lotus,British,10610,460,4,7,7,0
team_lotus,Team Lotus,British,10626,461,4,8,8,0
team_lotus,Team Lotus,British,10642,462,6,8,8,0
team_lotus,Team Lotus,British,10658,463,6,8,8,0
team_lotus,Team Lotus,British,10674,464,8,8,8,0
team_lotus,Team Lotus,British,10706,465,12,8,8,0
team_lotus,Team Lotus,British,10722,466,12,8,8,0
team_lotus,Team Lotus,British,10734,467,0,5,5,0
team_lotus,Team Lotus,British,10751,468,4,4,4,0
team_lotus,Team Lotus,British,10768,469,6,4,4,0
team_lotus,Team Lotus,British,10785,470,6,6,6,0
team_lotus,Team Lotus,British,10802,471,9,6,6,0
team_lotus,Team Lotus,British,10819,472,14,6,6,0
team_lotus,Team Lotus,British,10836,473,14,6,6,0
team_lotus,Team Lotus,British,10853,474,17,6,6,0
team_lotus,Team Lotus,British,10870,475,17,6,6,0
team_lotus,Team Lotus,British,10887,476,20,6,6,0
team_lotus,Team Lotus,British,10904,477,20,6,6,0
team_lotus,Team Lotus,British,10921,478,20,6,6,0
team_lotus,Team Lotus,British,10938,479,29,6,6,1
team_lotus,Team Lotus,British,10955,480,30,6,6,1
team_lotus,Team Lotus,British,10972,481,30,6,6,1
team_lotus,Team Lotus,British,11023,482,30,6,6,1
team_lotus,Team Lotus,British,11049,483,0,14,14,0
team_lotus,Team Lotus,British,11065,484,2,6,6,0
team_lotus,Team Lotus,British,11081,485,3,7,7,0
team_lotus,Team Lotus,British,11097,486,3,7,7,0
team_lotus,Team Lotus,British,11114,487,9,4,4,0
team_lotus,Team Lotus,British,11131,488,9,6,6,0
team_lotus,Team Lotus,British,11148,489,12,5,5,0
team_lotus,Team Lotus,British,11165,490,13,6,6,0
team_lotus,Team Lotus,British,11182,491,13,7,7,0
team_lotus,Team Lotus,British,11216,492,13,7,7,0
team_lotus,Team Lotus,British,11233,493,13,7,7,0
team_lotus,Team Lotus,British,11250,494,15,7,7,0
team_lotus,Team Lotus,British,11267,495,18,7,7,0
team_lotus,Team Lotus,British,11284,496,19,7,7,0
team_lotus,Team Lotus,British,11301,497,22,7,7,0
team_lotus,Team Lotus,British,11316,498,0,12,12,0
team_lotus,Team Lotus,British,11331,499,6,4,4,0
team_lotus,Team Lotus,British,11346,500,6,5,5,0
team_lotus,Team Lotus,British,11361,501,6,7,7,0
team_lotus,Team Lotus,British,11376,502,6,7,7,0
team_lotus,Team Lotus,British,11391,503,6,7,7,0
team_lotus,Team Lotus,British,11406,504,6,7,7,0
team_lotus,Team Lotus,British,11421,505,6,9,9,0
team_lotus,Team Lotus,British,11436,506,6,9,9,0
team_lotus,Team Lotus,British,11451,507,7,8,8,0
team_lotus,Team Lotus,British,11466,508,7,9,9,0
team_lotus,Team Lotus,British,11481,509,10,8,8,0
team_lotus,Team Lotus,British,11496,510,10,9,9,0
team_lotus,Team Lotus,British,11511,511,14,5,5,0
team_lotus,Team Lotus,British,23992,512,8,2,2,0
team_lotus,Team Lotus,British,24022,514,17,3,3,0
team_lotus,Team Lotus,British,24052,516,30,3,3,0
team_lotus,Team Lotus,British,24068,517,33,3,3,0
team_lotus,Team Lotus,British,24085,518,37,3,3,0
team_lotus,Team Lotus,British,24102,519,37,3,3,0
team_lotus,Team Lotus,British,24119,520,37,3,3,0
team_lotus,Team Lotus,British,24136,521,37,4,4,0
team_lotus,Team Lotus,British,24143,522,37,4,4,0
team_lotus,Team Lotus,British,24160,523,37,4,4,0
team_lotus,Team Lotus,British,23442,527,9,1,1,1
team_lotus,Team Lotus,British,23458,528,12,1,1,1
team_lotus,Team Lotus,British,23475,529,21,1,1,2
team_lotus,Team Lotus,British,23494,530,27,1,1,2
team_lotus,Team Lotus,British,23513,531,27,1,1,2
team_lotus,Team Lotus,British,23532,532,36,1,1,3
team_lotus,Team Lotus,British,23551,533,45,1,1,4
team_lotus,Team Lotus,British,23570,534,49,1,1,4
team_lotus,Team Lotus,British,23589,535,58,1,1,5
team_lotus,Team Lotus,British,23608,536,58,1,1,5
team_lotus,Team Lotus,British,23627,537,67,1,1,6
team_lotus,Team Lotus,British,23646,538,76,1,1,7
team_lotus,Team Lotus,British,23665,539,85,1,1,8
team_lotus,Team Lotus,British,23684,540,86,1,1,8
team_lotus,Team Lotus,British,23703,541,86,1,1,8
team_lotus,Team Lotus,British,23722,542,86,1,1,8
team_lotus,Team Lotus,British,23150,543,2,5,5,0
team_lotus,Team Lotus,British,23162,544,4,6,6,0
team_lotus,Team Lotus,British,23175,545,4,7,7,0
team_lotus,Team Lotus,British,23188,546,13,3,3,1
team_lotus,Team Lotus,British,23202,547,22,3,3,2
team_lotus,Team Lotus,British,23218,548,24,3,3,2
team_lotus,Team Lotus,British,23234,549,33,2,2,3
team_lotus,Team Lotus,British,23250,550,34,2,2,3
team_lotus,Team Lotus,British,23266,551,43,2,2,4
team_lotus,Team Lotus,British,23282,552,47,2,2,4
team_lotus,Team Lotus,British,23300,553,47,2,2,4
team_lotus,Team Lotus,British,23318,554,47,2,2,4
team_lotus,Team Lotus,British,23336,555,47,2,2,4
team_lotus,Team Lotus,British,23354,556,56,2,2,5
team_lotus,Team Lotus,British,23374,557,62,2,2,5
team_lotus,Team Lotus,British,23394,558,62,2,2,5
team_lotus,Team Lotus,British,23414,559,62,2,2,5
team_lotus,Team Lotus,British,22860,560,0,11,11,0
team_lotus,Team Lotus,British,22873,561,0,11,11,0
team_lotus,Team Lotus,British,22890,562,0,14,14,0
team_lotus,Team Lotus,British,22906,563,4,5,5,0
team_lotus,Team Lotus,British,22925,564,4,6,6,0
team_lotus,Team Lotus,British,22944,565,4,7,7,0
team_lotus,Team Lotus,British,22963,566,4,7,7,0
team_lotus,Team Lotus,British,22983,567,6,6,6,0
team_lotus,Team Lotus,British,23002,568,6,7,7,0
team_lotus,Team Lotus,British,23020,569,8,7,7,0
team_lotus,Team Lotus,British,23039,570,12,6,6,0
team_lotus,Team Lotus,British,23058,571,16,6,6,0
team_lotus,Team Lotus,British,23077,572,16,7,7,0
team_lotus,Team Lotus,British,23096,573,20,5,5,0
team_lotus,Team Lotus,British,23115,574,20,6,6,0
team_lotus,Team Lotus,British,23134,575,29,4,4,1
team_lotus,Team Lotus,British,22455,576,0,7,7,0
team_lotus,Team Lotus,British,22469,577,0,8,8,0
team_lotus,Team Lotus,British,22484,578,0,9,9,0
team_lotus,Team Lotus,British,22500,579,3,6,6,0
team_lotus,Team Lotus,British,22517,580,6,6,6,0
team_lotus,Team Lotus,British,22534,581,6,6,6,0
team_lotus,Team Lotus,British,22719,583,6,6,6,0
team_lotus,Team Lotus,British,22737,584,6,6,6,0
team_lotus,Team Lotus,British,22755,585,6,6,6,0
team_lotus,Team Lotus,British,22774,586,6,7,7,0
team_lotus,Team Lotus,British,22219,590,0,8,8,0
team_lotus,Team Lotus,British,22231,591,4,3,3,0
team_lotus,Team Lotus,British,22242,592,4,5,5,0
team_lotus,Team Lotus,British,22254,593,4,7,7,0
team_lotus,Team Lotus,British,22268,594,4,7,7,0
team_lotus,Team Lotus,British,22284,595,13,4,4,1
team_lotus,Team Lotus,British,22300,596,13,4,4,1
team_lotus,Team Lotus,British,22316,597,13,4,4,1
team_lotus,Team Lotus,British,22332,598,22,4,4,2
team_lotus,Team Lotus,British,22348,599,26,4,4,2
team_lotus,Team Lotus,British,22366,600,29,4,4,2
team_lotus,Team Lotus,British,22384,601,29,4,4,2
team_lotus,Team Lotus,British,22402,602,38,4,4,3
team_lotus,Team Lotus,British,22420,603,42,4,4,3
team_lotus,Team Lotus,British,22440,604,42,4,4,3
team_lotus,Team Lotus,British,22037,605,9,1,1,1
team_lotus,Team Lotus,British,21881,606,18,1,1,2
team_lotus,Team Lotus,British,22046,607,22,1,1,2
team_lotus,Team Lotus,British,22056,608,31,1,1,3
team_lotus,Team Lotus,British,22066,609,35,2,2,3
team_lotus,Team Lotus,British,22077,610,37,2,2,3
team_lotus,Team Lotus,British,22088,611,43,2,2,3
team_lotus,Team Lotus,British,22123,612,52,1,1,4
team_lotus,Team Lotus,British,22135,613,58,1,1,4
team_lotus,Team Lotus,British,22147,614,58,2,2,4
team_lotus,Team Lotus,British,22159,615,59,2,2,4
team_lotus,Team Lotus,British,22171,616,68,2,2,5
team_lotus,Team Lotus,British,22183,617,77,2,2,6
team_lotus,Team Lotus,British,22195,618,83,1,1,6
team_lotus,Team Lotus,British,22207,619,92,1,1,7
team_lotus,Team Lotus,British,21903,621,6,4,4,0
team_lotus,Team Lotus,British,21950,625,34,1,1,2
team_lotus,Team Lotus,British,21960,626,43,1,1,3
team_lotus,Team Lotus,British,21971,627,43,1,1,3
team_lotus,Team Lotus,British,21982,628,52,1,1,4
team_lotus,Team Lotus,British,21994,629,61,1,1,5
team_lotus,Team Lotus,British,22006,630,61,1,1,5
team_lotus,Team Lotus,British,22018,631,61,1,1,5
team_lotus,Team Lotus,British,19545,732,0,10,10,0
team_lotus,Team Lotus,British,19556,733,0,10,10,0
team_lotus,Team Lotus,British,19568,734,0,11,11,0
team_lotus,Team Lotus,British,19588,735,0,11,11,0
team_lotus,Team Lotus,British,19605,736,0,12,12,0
team_lotus,Team Lotus,British,19624,737,0,14,14,0
team_lotus,Team Lotus,British,18866,759,3,4,4,0
team_lotus,Team Lotus,British,19933,728,0,19,19,0
team_lotus,Team Lotus,British,19128,755,34,2,2,2
team_lotus,Team Lotus,British,19114,754,28,2,2,1
team_lotus,Team Lotus,British,19103,753,28,2,2,1
team_lotus,Team Lotus,British,19091,752,25,2,2,1
team_lotus,Team Lotus,British,19078,751,19,2,2,1
team_lotus,Team Lotus,British,19057,749,15,2,2,1
team_lotus,Team Lotus,British,19048,748,9,3,3,1
team_lotus,Team Lotus,British,19029,746,1,4,4,0
team_lotus,Team Lotus,British,18851,757,0,5,5,0
team_lotus,Team Lotus,British,18858,758,3,4,4,0
team_lotus,Team Lotus,British,17846,775,3,6,6,0
team_lotus,Team Lotus,British,18844,756,0,5,5,0
team_lotus,Team Lotus,British,17837,774,3,6,6,0
team_lotus,Team Lotus,British,17828,773,3,6,6,0
team_lotus,Team Lotus,British,18874,760,3,4,4,0
team_lotus,Team Lotus,British,17819,772,3,6,6,0
team_lotus,Team Lotus,British,18886,761,3,4,4,0
team_lotus,Team Lotus,British,17810,771,3,6,6,0
team_lotus,Team Lotus,British,17801,770,3,6,6,0
team_lotus,Team Lotus,British,17792,769,3,6,6,0
team_lotus,Team Lotus,British,17783,768,0,6,6,0
team_lotus,Team Lotus,British,17774,767,0,6,6,0
team_lotus,Team Lotus,British,17766,766,0,5,5,0
team_lotus,Team Lotus,British,19038,747,9,3,3,1
team_lotus,Team Lotus,British,19068,750,17,2,2,1
team_lotus,Team Lotus,British,21940,624,28,1,1,2
team_lotus,Team Lotus,British,21921,623,19,2,2,1
team_lotus,Team Lotus,British,21912,622,15,2,2,1
team_lotus,Team Lotus,British,21894,620,0,8,8,0
team_lotus,Team Lotus,British,21662,655,59,1,1,6
team_lotus,Team Lotus,British,21650,654,59,1,1,6
team_lotus,Team Lotus,British,21638,653,50,1,1,5
team_lotus,Team Lotus,British,21627,652,50,1,1,5
team_lotus,Team Lotus,British,21616,651,50,1,1,5
team_lotus,Team Lotus,British,21605,650,50,1,1,5
team_lotus,Team Lotus,British,21594,649,41,1,1,4
team_lotus,Team Lotus,British,21584,648,32,1,1,3
team_lotus,Team Lotus,British,21574,647,23,2,2,2
team_lotus,Team Lotus,British,21565,646,14,4,4,1
team_lotus,Team Lotus,British,21556,645,14,3,3,1
team_lotus,Team Lotus,British,21547,644,5,4,4,0
team_lotus,Team Lotus,British,21539,643,2,5,5,0
team_lotus,Team Lotus,British,19914,727,0,15,15,0
team_lotus,Team Lotus,British,18922,764,5,4,4,0
team_lotus,Team Lotus,British,18910,763,3,4,4,0
team_lotus,Team Lotus,British,18898,762,3,4,4,0
team_lotus,Team Lotus,British,22702,582,6,6,6,0
team_lotus,Team Lotus,British,22793,587,7,8,8,0
team_lotus,Team Lotus,British,22813,588,7,8,8,0
team_lotus,Team Lotus,British,22833,589,9,7,7,0
team_lotus,Team Lotus,British,24007,513,12,2,2,0
team_lotus,Team Lotus,British,24037,515,20,3,3,0
team_lotus,Team Lotus,British,24177,524,39,4,4,0
team_lotus,Team Lotus,British,24195,525,39,4,4,0
team_lotus,Team Lotus,British,24214,526,39,4,4,0
larrousse,Larrousse,French,25521,257,0,9,9,0
larrousse,Larrousse,French,25535,258,1,8,8,0
larrousse,Larrousse,French,25549,259,1,9,9,0
larrousse,Larrousse,French,25563,260,1,9,9,0
larrousse,Larrousse,French,25577,261,1,10,10,0
larrousse,Larrousse,French,25591,262,1,10,10,0
larrousse,Larrousse,French,25605,263,1,10,10,0
larrousse,Larrousse,French,25619,264,1,10,10,0
larrousse,Larrousse,French,25633,265,2,11,11,0
larrousse,Larrousse,French,25647,266,2,11,11,0
larrousse,Larrousse,French,25661,267,2,11,11,0
larrousse,Larrousse,French,25675,268,2,11,11,0
larrousse,Larrousse,French,25689,269,2,11,11,0
larrousse,Larrousse,French,25703,270,2,11,11,0
larrousse,Larrousse,French,25717,271,2,11,11,0
larrousse,Larrousse,French,25507,272,2,11,11,0
larrousse,Larrousse,French,4651,274,0,10,10,0
larrousse,Larrousse,French,4662,275,0,9,9,0
larrousse,Larrousse,French,4674,276,2,8,8,0
larrousse,Larrousse,French,4686,277,2,8,8,0
larrousse,Larrousse,French,4698,278,2,9,9,0
larrousse,Larrousse,French,4711,279,2,9,9,0
larrousse,Larrousse,French,4724,280,2,9,9,0
larrousse,Larrousse,French,4737,281,2,9,9,0
larrousse,Larrousse,French,4750,282,2,9,9,0
larrousse,Larrousse,French,4763,283,2,10,10,0
larrousse,Larrousse,French,4776,284,2,10,10,0
larrousse,Larrousse,French,4789,285,3,10,10,0
larrousse,Larrousse,French,4802,286,3,10,10,0
larrousse,Larrousse,French,4815,287,3,10,10,0
larrousse,Larrousse,French,4828,288,3,10,10,0
larrousse,Larrousse,French,3254,289,0,8,8,0
larrousse,Larrousse,French,3263,290,0,9,9,0
larrousse,Larrousse,French,3274,291,0,11,11,0
larrousse,Larrousse,French,3315,292,0,12,12,0
larrousse,Larrousse,French,3329,293,0,13,13,0
larrousse,Larrousse,French,3343,294,1,9,9,0
larrousse,Larrousse,French,3357,295,1,11,11,0
larrousse,Larrousse,French,3371,296,1,11,11,0
larrousse,Larrousse,French,3385,297,1,11,11,0
larrousse,Larrousse,French,3400,298,1,11,11,0
larrousse,Larrousse,French,3415,299,1,11,11,0
larrousse,Larrousse,French,3430,300,1,11,11,0
larrousse,Larrousse,French,3445,301,1,11,11,0
larrousse,Larrousse,French,3460,302,1,11,11,0
larrousse,Larrousse,French,3475,303,1,12,12,0
larrousse,Larrousse,French,3490,304,1,13,13,0
larrousse,Larrousse,French,8252,306,1,6,6,0
larrousse,Larrousse,French,8270,307,1,9,9,0
larrousse,Larrousse,French,8289,308,1,9,9,0
larrousse,Larrousse,French,8308,309,1,10,10,0
larrousse,Larrousse,French,8327,310,1,11,11,0
larrousse,Larrousse,French,8346,311,1,11,11,0
larrousse,Larrousse,French,8365,312,1,11,11,0
larrousse,Larrousse,French,8384,313,1,11,11,0
larrousse,Larrousse,French,8403,314,1,12,12,0
larrousse,Larrousse,French,8422,315,1,13,13,0
larrousse,Larrousse,French,8441,316,1,13,13,0
larrousse,Larrousse,French,8460,317,1,13,13,0
larrousse,Larrousse,French,8479,318,1,13,13,0
larrousse,Larrousse,French,8498,319,1,13,13,0
larrousse,Larrousse,French,8517,320,1,13,13,0
larrousse,Larrousse,French,7630,321,0,7,7,0
larrousse,Larrousse,French,7649,322,0,8,8,0
larrousse,Larrousse,French,7668,323,0,9,9,0
larrousse,Larrousse,French,7687,324,1,8,8,0
larrousse,Larrousse,French,7706,325,1,9,9,0
larrousse,Larrousse,French,7725,326,1,9,9,0
larrousse,Larrousse,French,7744,327,1,9,9,0
larrousse,Larrousse,French,7763,328,5,7,7,0
larrousse,Larrousse,French,7782,329,5,7,7,0
larrousse,Larrousse,French,7801,330,6,7,7,0
larrousse,Larrousse,French,7820,331,6,7,7,0
larrousse,Larrousse,French,7839,332,6,7,7,0
larrousse,Larrousse,French,7858,333,6,7,7,0
larrousse,Larrousse,French,7877,334,7,7,7,0
larrousse,Larrousse,French,7896,335,11,6,6,0
larrousse,Larrousse,French,7915,336,11,6,6,0
larrousse,Larrousse,French,8234,305,1,5,5,0
larrousse,Larrousse,French,8780,356,0,9,9,0
larrousse,Larrousse,French,8800,357,0,12,12,0
larrousse,Larrousse,French,8820,358,0,13,13,0
larrousse,Larrousse,French,8840,359,0,14,14,0
larrousse,Larrousse,French,8860,360,0,14,14,0
larrousse,Larrousse,French,8880,361,0,15,15,0
larrousse,Larrousse,French,8900,362,0,15,15,0
larrousse,Larrousse,French,8920,363,0,16,16,0
larrousse,Larrousse,French,8940,364,0,16,16,0
larrousse,Larrousse,French,8960,365,0,16,16,0
larrousse,Larrousse,French,8980,366,0,16,16,0
larrousse,Larrousse,French,9000,367,0,16,16,0
larrousse,Larrousse,French,9020,368,0,16,16,0
larrousse,Larrousse,French,9040,369,1,16,16,0
larrousse,Larrousse,French,9120,370,1,16,16,0
larrousse,Larrousse,French,9140,371,1,16,16,0
larrousse,Larrousse,French,9161,372,0,10,10,0
larrousse,Larrousse,French,9179,373,0,9,9,0
larrousse,Larrousse,French,9197,374,0,8,8,0
larrousse,Larrousse,French,9215,375,0,8,8,0
larrousse,Larrousse,French,9233,376,0,9,9,0
larrousse,Larrousse,French,9251,377,0,11,11,0
larrousse,Larrousse,French,9269,378,0,11,11,0
larrousse,Larrousse,French,9287,379,0,11,11,0
larrousse,Larrousse,French,9305,380,0,11,11,0
larrousse,Larrousse,French,9323,381,0,11,11,0
larrousse,Larrousse,French,9341,382,0,11,11,0
larrousse,Larrousse,French,9359,383,0,11,11,0
larrousse,Larrousse,French,9377,384,0,11,11,0
larrousse,Larrousse,French,9395,385,0,11,11,0
larrousse,Larrousse,French,9413,386,0,11,11,0
larrousse,Larrousse,French,9431,387,0,11,11,0
larrousse,Larrousse,French,9466,389,0,9,9,0
larrousse,Larrousse,French,9481,390,0,11,11,0
larrousse,Larrousse,French,9496,391,0,12,12,0
larrousse,Larrousse,French,9511,392,0,12,12,0
larrousse,Larrousse,French,9526,393,0,12,12,0
larrousse,Larrousse,French,9541,394,0,12,12,0
larrousse,Larrousse,French,9556,395,1,11,11,0
larrousse,Larrousse,French,9571,396,1,11,11,0
larrousse,Larrousse,French,9586,397,1,11,11,0
larrousse,Larrousse,French,9601,398,1,11,11,0
larrousse,Larrousse,French,9617,399,1,11,11,0
larrousse,Larrousse,French,9633,400,2,10,10,0
larrousse,Larrousse,French,9649,401,3,9,9,0
larrousse,Larrousse,French,9665,402,3,9,9,0
larrousse,Larrousse,French,9681,403,3,9,9,0
brabham,Brabham,British,3255,289,0,9,9,0
brabham,Brabham,British,3264,290,0,11,11,0
brabham,Brabham,British,3275,291,0,13,13,0
brabham,Brabham,British,3316,292,0,14,14,0
brabham,Brabham,British,3330,293,0,14,14,0
brabham,Brabham,British,3344,294,0,14,14,0
brabham,Brabham,British,3358,295,0,14,14,0
brabham,Brabham,British,3372,296,0,14,14,0
brabham,Brabham,British,3386,297,0,14,14,0
brabham,Brabham,British,3401,298,0,14,14,0
brabham,Brabham,British,3416,299,0,14,14,0
brabham,Brabham,British,3431,300,0,15,15,0
brabham,Brabham,British,3446,301,0,15,15,0
brabham,Brabham,British,3461,302,0,15,15,0
brabham,Brabham,British,3476,303,0,15,15,0
brabham,Brabham,British,3491,304,0,15,15,0
brabham,Brabham,British,8239,305,0,10,10,0
brabham,Brabham,British,8257,306,0,13,13,0
brabham,Brabham,British,8275,307,0,12,12,0
brabham,Brabham,British,8294,308,0,13,13,0
brabham,Brabham,British,8313,309,0,13,13,0
brabham,Brabham,British,8332,310,0,14,14,0
brabham,Brabham,British,8351,311,0,15,15,0
brabham,Brabham,British,8370,312,0,15,15,0
brabham,Brabham,British,8389,313,0,15,15,0
brabham,Brabham,British,8408,314,0,15,15,0
brabham,Brabham,British,8427,315,1,11,11,0
brabham,Brabham,British,8446,316,1,11,11,0
brabham,Brabham,British,8465,317,1,11,11,0
brabham,Brabham,British,8484,318,1,11,11,0
brabham,Brabham,British,8503,319,3,10,10,0
brabham,Brabham,British,8522,320,3,10,10,0
brabham,Brabham,British,7628,321,2,5,5,0
brabham,Brabham,British,7647,322,2,6,6,0
brabham,Brabham,British,7666,323,2,6,6,0
brabham,Brabham,British,7685,324,2,7,7,0
brabham,Brabham,British,7704,325,2,6,6,0
brabham,Brabham,British,7723,326,2,6,6,0
brabham,Brabham,British,7742,327,2,7,7,0
brabham,Brabham,British,7761,328,2,9,9,0
brabham,Brabham,British,7780,329,2,9,9,0
brabham,Brabham,British,7799,330,2,10,10,0
brabham,Brabham,British,7818,331,2,10,10,0
brabham,Brabham,British,7837,332,2,10,10,0
brabham,Brabham,British,7856,333,2,10,10,0
brabham,Brabham,British,7875,334,2,10,10,0
brabham,Brabham,British,7894,335,2,10,10,0
brabham,Brabham,British,7913,336,2,10,10,0
brabham,Brabham,British,8785,356,0,14,14,0
brabham,Brabham,British,8805,357,0,15,15,0
brabham,Brabham,British,8825,358,5,4,4,0
brabham,Brabham,British,8845,359,5,6,6,0
brabham,Brabham,British,8865,360,5,7,7,0
brabham,Brabham,British,8885,361,5,8,8,0
brabham,Brabham,British,8905,362,5,8,8,0
brabham,Brabham,British,8925,363,5,9,9,0
brabham,Brabham,British,8945,364,5,9,9,0
brabham,Brabham,British,8965,365,5,9,9,0
brabham,Brabham,British,8985,366,5,9,9,0
brabham,Brabham,British,9005,367,6,9,9,0
brabham,Brabham,British,9025,368,6,10,10,0
brabham,Brabham,British,9045,369,6,10,10,0
brabham,Brabham,British,9125,370,8,9,9,0
brabham,Brabham,British,9145,371,8,9,9,0
brabham,Brabham,British,9449,388,0,10,10,0
brabham,Brabham,British,9462,389,0,8,8,0
brabham,Brabham,British,9477,390,4,5,5,0
brabham,Brabham,British,9492,391,4,5,5,0
brabham,Brabham,British,9507,392,4,5,5,0
brabham,Brabham,British,9522,393,4,5,5,0
brabham,Brabham,British,9537,394,4,7,7,0
brabham,Brabham,British,9552,395,4,8,8,0
brabham,Brabham,British,9567,396,6,8,8,0
brabham,Brabham,British,9582,397,6,8,8,0
brabham,Brabham,British,9597,398,6,8,8,0
brabham,Brabham,British,9613,399,6,8,8,0
brabham,Brabham,British,9629,400,6,8,8,0
brabham,Brabham,British,9645,401,10,7,7,0
brabham,Brabham,British,9661,402,10,7,7,0
brabham,Brabham,British,9677,403,10,8,8,0
brabham,Brabham,British,9689,404,0,6,6,0
brabham,Brabham,British,9702,405,0,8,8,0
brabham,Brabham,British,9715,406,1,8,8,0
brabham,Brabham,British,9728,407,1,8,8,0
brabham,Brabham,British,9741,408,1,8,8,0
brabham,Brabham,British,9754,409,1,8,8,0
brabham,Brabham,British,9780,410,2,8,8,0
brabham,Brabham,British,9793,411,2,8,8,0
brabham,Brabham,British,9806,412,2,8,8,0
brabham,Brabham,British,9819,413,2,8,8,0
brabham,Brabham,British,9832,414,2,8,8,0
brabham,Brabham,British,9845,415,2,9,9,0
brabham,Brabham,British,9858,416,2,9,9,0
brabham,Brabham,British,9872,417,2,9,9,0
brabham,Brabham,British,9886,418,2,9,9,0
brabham,Brabham,British,9900,419,2,9,9,0
brabham,Brabham,British,9921,420,0,13,13,0
brabham,Brabham,British,9935,421,0,12,12,0
brabham,Brabham,British,9950,422,0,9,9,0
brabham,Brabham,British,9965,423,0,9,9,0
brabham,Brabham,British,9981,424,0,9,9,0
brabham,Brabham,British,10029,425,1,9,9,0
brabham,Brabham,British,10061,426,10,6,6,1
brabham,Brabham,British,10077,427,14,6,6,1
brabham,Brabham,British,10093,428,14,6,6,1
brabham,Brabham,British,10109,429,15,5,5,1
brabham,Brabham,British,10125,430,15,5,5,1
brabham,Brabham,British,10141,431,24,5,5,1
brabham,Brabham,British,10158,432,26,5,5,1
brabham,Brabham,British,10175,433,26,5,5,1
brabham,Brabham,British,10192,434,26,5,5,1
brabham,Brabham,British,10209,435,26,5,5,1
brabham,Brabham,British,10222,436,0,9,9,0
brabham,Brabham,British,10235,437,0,13,13,0
brabham,Brabham,British,10250,438,0,12,12,0
brabham,Brabham,British,10280,439,0,12,12,0
brabham,Brabham,British,10295,440,0,12,12,0
brabham,Brabham,British,10310,441,0,13,13,0
brabham,Brabham,British,10325,442,9,6,6,1
brabham,Brabham,British,10340,443,22,4,4,2
brabham,Brabham,British,10355,444,22,5,5,2
brabham,Brabham,British,10370,445,22,6,6,2
brabham,Brabham,British,10385,446,22,6,6,2
brabham,Brabham,British,10400,447,31,5,5,2
brabham,Brabham,British,10415,448,33,5,5,2
brabham,Brabham,British,10445,449,33,5,5,2
brabham,Brabham,British,10460,450,37,4,4,2
brabham,Brabham,British,10475,451,38,4,4,2
brabham,Brabham,British,10482,452,9,1,1,1
brabham,Brabham,British,10497,453,9,2,2,1
brabham,Brabham,British,10512,454,15,2,2,1
brabham,Brabham,British,10527,455,15,4,4,1
brabham,Brabham,British,10542,456,21,3,3,1
brabham,Brabham,British,10557,457,24,3,3,1
brabham,Brabham,British,10572,458,27,4,4,1
brabham,Brabham,British,10587,459,27,4,4,1
brabham,Brabham,British,10602,460,33,4,4,1
brabham,Brabham,British,10618,461,37,3,3,1
brabham,Brabham,British,10634,462,41,3,3,1
brabham,Brabham,British,10650,463,41,3,3,1
brabham,Brabham,British,10666,464,50,3,3,2
brabham,Brabham,British,10714,466,72,3,3,4
brabham,Brabham,British,10698,465,59,3,3,3
brabham,Brabham,British,10743,467,0,14,14,0
brabham,Brabham,British,10760,468,0,14,14,0
brabham,Brabham,British,10777,469,4,6,6,0
brabham,Brabham,British,10794,470,4,7,7,0
brabham,Brabham,British,10811,471,6,7,7,0
brabham,Brabham,British,10828,472,15,5,5,1
brabham,Brabham,British,10845,473,15,5,5,1
brabham,Brabham,British,10862,474,30,2,2,2
brabham,Brabham,British,10879,475,36,2,2,2
brabham,Brabham,British,10896,476,36,3,3,2
brabham,Brabham,British,10913,477,36,4,4,2
brabham,Brabham,British,10930,478,36,5,5,2
brabham,Brabham,British,10947,479,36,5,5,2
brabham,Brabham,British,10964,480,41,5,5,2
brabham,Brabham,British,10981,481,41,5,5,2
brabham,Brabham,British,11037,483,4,2,2,0
brabham,Brabham,British,11032,482,41,5,5,2
brabham,Brabham,British,11053,484,4,2,2,0
brabham,Brabham,British,11069,485,13,2,2,1
brabham,Brabham,British,11085,486,25,2,2,2
brabham,Brabham,British,11102,487,25,2,2,2
brabham,Brabham,British,11119,488,25,2,2,2
brabham,Brabham,British,11136,489,25,3,3,2
brabham,Brabham,British,11153,490,29,2,2,2
brabham,Brabham,British,11170,491,31,2,2,2
brabham,Brabham,British,11204,492,43,2,2,3
brabham,Brabham,British,11221,493,47,2,2,3
brabham,Brabham,British,11238,494,56,2,2,3
brabham,Brabham,British,11255,495,57,2,2,3
brabham,Brabham,British,11272,496,59,2,2,3
brabham,Brabham,British,11289,497,61,2,2,3
brabham,Brabham,British,11306,498,6,2,2,0
brabham,Brabham,British,11321,499,6,3,3,0
brabham,Brabham,British,11336,500,9,4,4,0
brabham,Brabham,British,11351,501,18,2,2,1
brabham,Brabham,British,11366,502,18,4,4,1
brabham,Brabham,British,11381,503,22,3,3,1
brabham,Brabham,British,11396,504,25,3,3,1
brabham,Brabham,British,11411,505,31,3,3,1
brabham,Brabham,British,11426,506,34,3,3,1
brabham,Brabham,British,11441,507,36,3,3,1
brabham,Brabham,British,11456,508,45,3,3,2
brabham,Brabham,British,11471,509,54,3,3,3
brabham,Brabham,British,11486,510,55,3,3,3
brabham,Brabham,British,11501,511,55,3,3,3
brabham,Brabham,British,23441,527,6,2,2,0
brabham,Brabham,British,23457,528,10,2,2,0
brabham,Brabham,British,23474,529,14,2,2,0
brabham,Brabham,British,23493,530,14,4,4,0
brabham,Brabham,British,23512,531,20,3,3,0
brabham,Brabham,British,23531,532,20,4,4,0
brabham,Brabham,British,23550,533,22,4,4,0
brabham,Brabham,British,23569,534,31,2,2,1
brabham,Brabham,British,23588,535,34,2,2,1
brabham,Brabham,British,23607,536,40,2,2,1
brabham,Brabham,British,23626,537,40,2,2,1
brabham,Brabham,British,23645,538,40,2,2,1
brabham,Brabham,British,23664,539,44,2,2,1
brabham,Brabham,British,23683,540,53,2,2,2
brabham,Brabham,British,23702,541,53,2,2,2
brabham,Brabham,British,23721,542,53,3,3,2
brabham,Brabham,British,23153,543,6,2,2,0
brabham,Brabham,British,23165,544,6,3,3,0
brabham,Brabham,British,23178,545,7,4,4,0
brabham,Brabham,British,23191,546,7,6,6,0
brabham,Brabham,British,23205,547,8,5,5,0
brabham,Brabham,British,23221,548,8,5,5,0
brabham,Brabham,British,23237,549,9,6,6,0
brabham,Brabham,British,23253,550,11,6,6,0
brabham,Brabham,British,23269,551,17,5,5,0
brabham,Brabham,British,23285,552,19,5,5,0
brabham,Brabham,British,23303,553,23,5,5,0
brabham,Brabham,British,23321,554,27,5,5,0
brabham,Brabham,British,23339,555,27,5,5,0
brabham,Brabham,British,23357,556,27,5,5,0
brabham,Brabham,British,23377,557,27,5,5,0
brabham,Brabham,British,23397,558,27,5,5,0
brabham,Brabham,British,23417,559,27,5,5,0
brabham,Brabham,British,22459,576,4,3,3,0
brabham,Brabham,British,22473,577,13,2,2,1
brabham,Brabham,British,22488,578,19,1,1,1
brabham,Brabham,British,22504,579,21,1,1,1
brabham,Brabham,British,22521,580,25,2,2,1
brabham,Brabham,British,22538,581,29,1,1,1
brabham,Brabham,British,22706,582,33,2,2,1
brabham,Brabham,British,22723,583,36,2,2,1
brabham,Brabham,British,22797,587,51,2,2,2
brabham,Brabham,British,22817,588,54,2,2,2
brabham,Brabham,British,22837,589,54,2,2,2
brabham,Brabham,British,22214,590,0,5,5,0
brabham,Brabham,British,22225,591,0,7,7,0
brabham,Brabham,British,22236,592,9,3,3,1
brabham,Brabham,British,22248,593,9,3,3,1
brabham,Brabham,British,22262,594,9,5,5,1
brabham,Brabham,British,22278,595,10,5,5,1
brabham,Brabham,British,22294,596,10,5,5,1
brabham,Brabham,British,22310,597,10,5,5,1
brabham,Brabham,British,22326,598,10,5,5,1
brabham,Brabham,British,22342,599,11,5,5,1
brabham,Brabham,British,22360,600,15,5,5,1
brabham,Brabham,British,22378,601,24,5,5,2
brabham,Brabham,British,22396,602,26,5,5,2
brabham,Brabham,British,22414,603,26,5,5,2
brabham,Brabham,British,22434,604,35,5,5,3
brabham,Brabham,British,21877,606,1,6,6,0
brabham,Brabham,British,22052,608,1,7,7,0
brabham,Brabham,British,22062,609,4,7,7,0
brabham,Brabham,British,22073,610,4,7,7,0
brabham,Brabham,British,22084,611,7,5,5,0
brabham,Brabham,British,22143,614,12,4,4,0
brabham,Brabham,British,22155,615,14,4,4,0
brabham,Brabham,British,22167,616,17,4,4,0
brabham,Brabham,British,22179,617,18,4,4,0
brabham,Brabham,British,22191,618,18,4,4,0
brabham,Brabham,British,22203,619,22,4,4,0
brabham,Brabham,British,21896,620,0,6,6,0
brabham,Brabham,British,21923,623,1,8,8,0
brabham,Brabham,British,21942,624,1,9,9,0
brabham,Brabham,British,21952,625,1,9,9,0
brabham,Brabham,British,21962,626,1,9,9,0
brabham,Brabham,British,21973,627,2,9,9,0
brabham,Brabham,British,21984,628,2,9,9,0
brabham,Brabham,British,21996,629,4,9,9,0
brabham,Brabham,British,22008,630,7,9,9,0
brabham,Brabham,British,22020,631,7,9,9,0
brabham,Brabham,British,21672,632,0,7,7,0
brabham,Brabham,British,21682,633,0,8,8,0
brabham,Brabham,British,21692,634,0,9,9,0
brabham,Brabham,British,21708,635,0,9,9,0
brabham,Brabham,British,21719,636,0,9,9,0
brabham,Brabham,British,21724,637,0,9,9,0
brabham,Brabham,British,21735,638,1,9,9,0
brabham,Brabham,British,21752,639,5,8,8,0
brabham,Brabham,British,21763,640,5,9,9,0
brabham,Brabham,British,21775,641,5,9,9,0
brabham,Brabham,British,21781,642,5,9,9,0
brabham,Brabham,British,21543,643,9,1,1,1
brabham,Brabham,British,21550,644,9,3,3,1
brabham,Brabham,British,21559,645,15,1,1,1
brabham,Brabham,British,21568,646,17,2,2,1
brabham,Brabham,British,21577,647,17,3,3,1
brabham,Brabham,British,21587,648,21,3,3,1
brabham,Brabham,British,21597,649,27,3,3,1
brabham,Brabham,British,21608,650,29,3,3,1
brabham,Brabham,British,21619,651,33,3,3,1
brabham,Brabham,British,21630,652,35,3,3,1
brabham,Brabham,British,21641,653,35,4,4,1
brabham,Brabham,British,21653,654,35,4,4,1
brabham,Brabham,British,21665,655,35,4,4,1
brabham,Brabham,British,19804,720,4,4,4,0
brabham,Brabham,British,19571,734,0,12,12,0
brabham,Brabham,British,19797,719,0,7,7,0
brabham,Brabham,British,19583,735,0,12,12,0
brabham,Brabham,British,19600,736,3,7,7,0
brabham,Brabham,British,19828,722,13,4,4,0
brabham,Brabham,British,22131,613,12,4,4,0
brabham,Brabham,British,22119,612,11,5,5,0
brabham,Brabham,British,22042,607,1,6,6,0
brabham,Brabham,British,22033,605,1,5,5,0
brabham,Brabham,British,21914,622,1,7,7,0
brabham,Brabham,British,21905,621,1,7,7,0
brabham,Brabham,British,19921,728,28,3,3,0
brabham,Brabham,British,19902,727,24,4,4,0
brabham,Brabham,British,19884,726,18,5,5,0
brabham,Brabham,British,19867,725,15,5,5,0
brabham,Brabham,British,19853,724,13,5,5,0
brabham,Brabham,British,19840,723,13,4,4,0
brabham,Brabham,British,19816,721,10,4,4,0
brabham,Brabham,British,19617,737,6,7,7,0
brabham,Brabham,British,22741,584,36,2,2,1
brabham,Brabham,British,22759,585,42,2,2,1
brabham,Brabham,British,22778,586,51,2,2,2
dallara,Dallara,Italian,3266,290,0,8,8,0
dallara,Dallara,Italian,3277,291,0,10,10,0
dallara,Dallara,Italian,3318,292,1,8,8,0
dallara,Dallara,Italian,3332,293,2,8,8,0
dallara,Dallara,Italian,3346,294,2,8,8,0
dallara,Dallara,Italian,3360,295,2,9,9,0
dallara,Dallara,Italian,3374,296,2,10,10,0
dallara,Dallara,Italian,3388,297,2,10,10,0
dallara,Dallara,Italian,3403,298,2,10,10,0
dallara,Dallara,Italian,3418,299,2,10,10,0
dallara,Dallara,Italian,3433,300,2,10,10,0
dallara,Dallara,Italian,3448,301,2,10,10,0
dallara,Dallara,Italian,3463,302,2,10,10,0
dallara,Dallara,Italian,3478,303,2,10,10,0
dallara,Dallara,Italian,3493,304,2,10,10,0
dallara,Dallara,Italian,8245,305,0,16,16,0
dallara,Dallara,Italian,8263,306,0,14,14,0
dallara,Dallara,Italian,8281,307,4,6,6,0
dallara,Dallara,Italian,8300,308,5,5,5,0
dallara,Dallara,Italian,8319,309,5,6,6,0
dallara,Dallara,Italian,8338,310,5,7,7,0
dallara,Dallara,Italian,8357,311,5,7,7,0
dallara,Dallara,Italian,8376,312,5,7,7,0
dallara,Dallara,Italian,8395,313,5,7,7,0
dallara,Dallara,Italian,8414,314,5,7,7,0
dallara,Dallara,Italian,8433,315,5,7,7,0
dallara,Dallara,Italian,8452,316,5,7,7,0
dallara,Dallara,Italian,8471,317,5,8,8,0
dallara,Dallara,Italian,8490,318,5,8,8,0
dallara,Dallara,Italian,8509,319,5,8,8,0
dallara,Dallara,Italian,8528,320,5,8,8,0
dallara,Dallara,Italian,7655,322,0,12,12,0
dallara,Dallara,Italian,7674,323,0,14,14,0
dallara,Dallara,Italian,7693,324,0,14,14,0
dallara,Dallara,Italian,7712,325,0,16,16,0
dallara,Dallara,Italian,7731,326,0,14,14,0
dallara,Dallara,Italian,7750,327,0,14,14,0
dallara,Dallara,Italian,7769,328,0,14,14,0
dallara,Dallara,Italian,7788,329,0,14,14,0
dallara,Dallara,Italian,7807,330,0,14,14,0
dallara,Dallara,Italian,7826,331,0,14,14,0
dallara,Dallara,Italian,7845,332,0,14,14,0
dallara,Dallara,Italian,7864,333,0,14,14,0
dallara,Dallara,Italian,7883,334,0,15,15,0
dallara,Dallara,Italian,7902,335,0,15,15,0
dallara,Dallara,Italian,7921,336,0,15,15,0
dallara,Dallara,Italian,7636,321,0,13,13,0
dallara,Dallara,Italian,8781,356,0,10,10,0
dallara,Dallara,Italian,8801,357,0,8,8,0
dallara,Dallara,Italian,8821,358,3,7,7,0
dallara,Dallara,Italian,8841,359,3,9,9,0
dallara,Dallara,Italian,8861,360,3,9,9,0
dallara,Dallara,Italian,8881,361,8,5,5,0
dallara,Dallara,Italian,8901,362,8,6,6,0
dallara,Dallara,Italian,8921,363,8,6,6,0
dallara,Dallara,Italian,8941,364,8,7,7,0
dallara,Dallara,Italian,8961,365,8,8,8,0
dallara,Dallara,Italian,8981,366,8,8,8,0
dallara,Dallara,Italian,9001,367,8,8,8,0
dallara,Dallara,Italian,9021,368,8,8,8,0
dallara,Dallara,Italian,9041,369,8,8,8,0
dallara,Dallara,Italian,9121,370,8,8,8,0
dallara,Dallara,Italian,9141,371,8,8,8,0
dallara,Dallara,Italian,9169,372,0,18,18,0
dallara,Dallara,Italian,9187,373,0,16,16,0
dallara,Dallara,Italian,9205,374,0,18,18,0
dallara,Dallara,Italian,9223,375,0,18,18,0
dallara,Dallara,Italian,9241,376,0,18,18,0
dallara,Dallara,Italian,9259,377,0,13,13,0
dallara,Dallara,Italian,9277,378,0,12,12,0
dallara,Dallara,Italian,9295,379,0,12,12,0
dallara,Dallara,Italian,9313,380,0,12,12,0
dallara,Dallara,Italian,9331,381,0,12,12,0
dallara,Dallara,Italian,9349,382,0,12,12,0
dallara,Dallara,Italian,9367,383,0,12,12,0
dallara,Dallara,Italian,9385,384,0,12,12,0
dallara,Dallara,Italian,9403,385,0,12,12,0
dallara,Dallara,Italian,9421,386,0,12,12,0
dallara,Dallara,Italian,9439,387,0,12,12,0
fondmetal,Fondmetal,Italian,3392,297,0,15,15,0
fondmetal,Fondmetal,Italian,3407,298,0,15,15,0
fondmetal,Fondmetal,Italian,3422,299,0,15,15,0
fondmetal,Fondmetal,Italian,3437,300,0,14,14,0
fondmetal,Fondmetal,Italian,3452,301,0,14,14,0
fondmetal,Fondmetal,Italian,3467,302,0,14,14,0
fondmetal,Fondmetal,Italian,3482,303,0,14,14,0
fondmetal,Fondmetal,Italian,3497,304,0,14,14,0
fondmetal,Fondmetal,Italian,8247,305,0,18,18,0
fondmetal,Fondmetal,Italian,8265,306,0,17,17,0
fondmetal,Fondmetal,Italian,8283,307,0,18,18,0
fondmetal,Fondmetal,Italian,8302,308,0,18,18,0
fondmetal,Fondmetal,Italian,8321,309,0,18,18,0
fondmetal,Fondmetal,Italian,8340,310,0,18,18,0
fondmetal,Fondmetal,Italian,8359,311,0,18,18,0
fondmetal,Fondmetal,Italian,8378,312,0,18,18,0
fondmetal,Fondmetal,Italian,8397,313,0,18,18,0
fondmetal,Fondmetal,Italian,8416,314,0,18,18,0
fondmetal,Fondmetal,Italian,8435,315,0,17,17,0
fondmetal,Fondmetal,Italian,8454,316,0,17,17,0
fondmetal,Fondmetal,Italian,8473,317,0,17,17,0
fondmetal,Fondmetal,Italian,8492,318,0,17,17,0
fondmetal,Fondmetal,Italian,8511,319,0,17,17,0
fondmetal,Fondmetal,Italian,8530,320,0,17,17,0
march,March,British,3321,292,0,11,11,0
march,March,British,3335,293,0,12,12,0
march,March,British,3349,294,0,13,13,0
march,March,British,3363,295,3,7,7,0
march,March,British,3377,296,3,8,8,0
march,March,British,3391,297,3,8,8,0
march,March,British,3406,298,3,9,9,0
march,March,British,3421,299,3,9,9,0
march,March,British,3436,300,3,9,9,0
march,March,British,3451,301,3,9,9,0
march,March,British,3466,302,3,9,9,0
march,March,British,3481,303,3,9,9,0
march,March,British,3496,304,3,9,9,0
march,March,British,8774,356,4,3,3,0
march,March,British,8794,357,4,4,4,0
march,March,British,8814,358,4,5,5,0
march,March,British,8834,359,4,7,7,0
march,March,British,8854,360,4,8,8,0
march,March,British,8874,361,4,9,9,0
march,March,British,8894,362,4,9,9,0
march,March,British,8914,363,4,10,10,0
march,March,British,8934,364,4,10,10,0
march,March,British,8954,365,4,10,10,0
march,March,British,8974,366,4,10,10,0
march,March,British,8994,367,4,10,10,0
march,March,British,9014,368,4,12,12,0
march,March,British,9034,369,4,12,12,0
march,March,British,9114,370,4,12,12,0
march,March,British,9134,371,4,12,12,0
march,March,British,9166,372,0,15,15,0
march,March,British,9184,373,0,12,12,0
march,March,British,9202,374,0,11,11,0
march,March,British,9220,375,0,12,12,0
march,March,British,9238,376,2,7,7,0
march,March,British,9256,377,2,8,8,0
march,March,British,9274,378,2,8,8,0
march,March,British,9292,379,5,7,7,0
march,March,British,9310,380,7,7,7,0
march,March,British,9328,381,9,6,6,0
march,March,British,9346,382,13,5,5,0
march,March,British,9364,383,15,6,6,0
march,March,British,9382,384,21,5,5,0
march,March,British,9400,385,21,5,5,0
march,March,British,9418,386,21,5,5,0
march,March,British,9436,387,22,6,6,0
march,March,British,9452,388,0,13,13,0
march,March,British,9465,389,0,14,14,0
march,March,British,9480,390,0,14,14,0
march,March,British,9495,391,1,11,11,0
march,March,British,9510,392,1,11,11,0
march,March,British,9525,393,1,11,11,0
march,March,British,9540,394,1,11,11,0
march,March,British,9555,395,1,12,12,0
march,March,British,9570,396,1,12,12,0
march,March,British,9585,397,1,12,12,0
march,March,British,9600,398,1,12,12,0
march,March,British,9616,399,1,12,12,0
march,March,British,9632,400,1,12,12,0
march,March,British,9648,401,1,12,12,0
march,March,British,9664,402,1,12,12,0
march,March,British,9680,403,1,13,13,0
march,March,British,10737,467,0,8,8,0
march,March,British,10754,468,0,8,8,0
march,March,British,10771,469,0,9,9,0
march,March,British,10788,470,0,10,10,0
march,March,British,10805,471,0,13,13,0
march,March,British,10822,472,0,14,14,0
march,March,British,10839,473,0,13,13,0
march,March,British,10856,474,0,14,14,0
march,March,British,10873,475,0,14,14,0
march,March,British,10890,476,0,14,14,0
march,March,British,10907,477,0,14,14,0
march,March,British,10924,478,0,14,14,0
march,March,British,10941,479,0,14,14,0
march,March,British,10958,480,0,14,14,0
march,March,British,10975,481,0,14,14,0
march,March,British,11026,482,0,14,14,0
march,March,British,11051,483,0,16,16,0
march,March,British,11067,484,0,16,16,0
march,March,British,11083,485,0,16,16,0
march,March,British,11099,486,0,15,15,0
march,March,British,11116,487,0,16,16,0
march,March,British,11133,488,0,16,16,0
march,March,British,11150,489,0,16,16,0
march,March,British,11167,490,0,16,16,0
march,March,British,11184,491,0,15,15,0
march,March,British,11218,492,0,15,15,0
march,March,British,11235,493,0,15,15,0
march,March,British,11252,494,0,15,15,0
march,March,British,11269,495,0,15,15,0
march,March,British,11286,496,0,14,14,0
march,March,British,11303,497,0,14,14,0
march,March,British,23147,543,0,8,8,0
march,March,British,23159,544,0,10,10,0
march,March,British,23172,545,0,11,11,0
march,March,British,23185,546,0,13,13,0
march,March,British,23199,547,0,13,13,0
march,March,British,23215,548,0,13,13,0
march,March,British,23231,549,0,14,14,0
march,March,British,23247,550,0,14,14,0
march,March,British,23263,551,0,14,14,0
march,March,British,23279,552,0,14,14,0
march,March,British,23297,553,0,13,13,0
march,March,British,23315,554,0,14,14,0
march,March,British,23333,555,0,14,14,0
march,March,British,23351,556,0,13,13,0
march,March,British,23371,557,0,14,14,0
march,March,British,23391,558,0,13,13,0
march,March,British,23411,559,0,13,13,0
march,March,British,22853,560,3,4,4,0
march,March,British,22866,561,3,5,5,0
march,March,British,22883,562,3,5,5,0
march,March,British,22901,563,3,7,7,0
march,March,British,22920,564,3,8,8,0
march,March,British,22939,565,6,5,5,0
march,March,British,22958,566,6,5,5,0
march,March,British,22976,567,6,8,8,0
march,March,British,22995,568,6,9,9,0
march,March,British,23015,569,6,9,9,0
march,March,British,23034,570,7,9,9,0
march,March,British,23053,571,8,9,9,0
march,March,British,23072,572,17,6,6,1
march,March,British,23091,573,17,7,7,1
march,March,British,23110,574,19,7,7,1
march,March,British,23129,575,19,7,7,1
march,March,British,22454,576,0,8,8,0
march,March,British,22468,577,0,9,9,0
march,March,British,22483,578,0,11,11,0
march,March,British,22499,579,1,8,8,0
march,March,British,22516,580,1,8,8,0
march,March,British,22533,581,1,8,8,0
march,March,British,22701,582,1,10,10,0
march,March,British,22718,583,1,10,10,0
march,March,British,22736,584,1,10,10,0
march,March,British,22754,585,3,9,9,0
march,March,British,22773,586,3,10,10,0
march,March,British,22213,590,0,6,6,0
march,March,British,22224,591,0,8,8,0
march,March,British,22235,592,2,8,8,0
march,March,British,22247,593,5,6,6,0
march,March,British,22261,594,5,6,6,0
march,March,British,22277,595,5,7,7,0
march,March,British,22293,596,5,8,8,0
march,March,British,22309,597,5,8,8,0
march,March,British,22325,598,5,8,8,0
march,March,British,22341,599,5,8,8,0
march,March,British,22359,600,5,8,8,0
march,March,British,22377,601,6,9,9,0
march,March,British,22395,602,6,9,9,0
march,March,British,22413,603,6,9,9,0
march,March,British,22433,604,6,9,9,0
march,March,British,22031,605,0,7,7,0
march,March,British,21875,606,0,8,8,0
march,March,British,22050,608,0,8,8,0
march,March,British,22060,609,0,9,9,0
march,March,British,22071,610,0,9,9,0
march,March,British,22082,611,0,9,9,0
march,March,British,22117,612,1,8,8,0
march,March,British,22129,613,4,8,8,0
march,March,British,22141,614,8,6,6,0
march,March,British,22153,615,8,6,6,0
march,March,British,22165,616,8,7,7,0
march,March,British,22177,617,8,7,7,0
march,March,British,22189,618,8,8,8,0
march,March,British,22201,619,14,5,5,0
march,March,British,21897,620,1,5,5,0
march,March,British,21915,622,4,6,6,0
march,March,British,21924,623,4,7,7,0
march,March,British,21943,624,6,7,7,0
march,March,British,21953,625,8,7,7,0
march,March,British,21963,626,8,8,8,0
march,March,British,21974,627,12,6,6,0
march,March,British,21985,628,12,6,6,0
march,March,British,21997,629,12,7,7,0
march,March,British,22009,630,12,8,8,0
march,March,British,22021,631,15,6,6,0
march,March,British,21541,643,4,3,3,0
march,March,British,21549,644,13,1,1,1
march,March,British,21567,646,19,1,1,1
march,March,British,21596,649,33,2,2,1
march,March,British,21629,652,39,2,2,1
march,March,British,22040,607,0,10,10,0
march,March,British,21906,621,3,5,5,0
march,March,British,21664,655,48,3,3,1
march,March,British,21652,654,45,3,3,1
march,March,British,21640,653,43,3,3,1
march,March,British,21618,651,33,2,2,1
march,March,British,21607,650,33,2,2,1
march,March,British,21586,648,31,2,2,1
march,March,British,21576,647,25,1,1,1
march,March,British,21558,645,13,4,4,1
march,March,British,22792,587,7.5,7,7,1
march,March,British,22812,588,7.5,7,7,1
march,March,British,22832,589,7.5,8,8,1
ags,AGS,French,8254,306,0,9,9,0
ags,AGS,French,8272,307,0,13,13,0
ags,AGS,French,8291,308,0,14,14,0
ags,AGS,French,8310,309,0,14,14,0
ags,AGS,French,8329,310,0,15,15,0
ags,AGS,French,8348,311,0,16,16,0
ags,AGS,French,8367,312,0,16,16,0
ags,AGS,French,8386,313,0,16,16,0
ags,AGS,French,8405,314,0,16,16,0
ags,AGS,French,8424,315,0,16,16,0
ags,AGS,French,8443,316,0,16,16,0
ags,AGS,French,8462,317,0,16,16,0
ags,AGS,French,8481,318,0,16,16,0
ags,AGS,French,8500,319,0,16,16,0
ags,AGS,French,8519,320,0,16,16,0
ags,AGS,French,7754,327,0,17,17,0
ags,AGS,French,7773,328,0,17,17,0
ags,AGS,French,7792,329,0,17,17,0
ags,AGS,French,7811,330,0,15,15,0
ags,AGS,French,7830,331,0,16,16,0
ags,AGS,French,7849,332,0,16,16,0
ags,AGS,French,7868,333,0,16,16,0
ags,AGS,French,7887,334,0,14,14,0
ags,AGS,French,7906,335,0,14,14,0
ags,AGS,French,7925,336,0,14,14,0
ags,AGS,French,7640,321,0,17,17,0
ags,AGS,French,7659,322,0,15,15,0
ags,AGS,French,7678,323,0,17,17,0
ags,AGS,French,7697,324,0,17,17,0
ags,AGS,French,7716,325,0,17,17,0
ags,AGS,French,7735,326,0,17,17,0
ags,AGS,French,8236,305,0,7,7,0
ags,AGS,French,8790,356,0,19,19,0
ags,AGS,French,8810,357,0,10,10,0
ags,AGS,French,8830,358,0,11,11,0
ags,AGS,French,8850,359,1,10,10,0
ags,AGS,French,8870,360,1,11,11,0
ags,AGS,French,8890,361,1,13,13,0
ags,AGS,French,8910,362,1,14,14,0
ags,AGS,French,8930,363,1,15,15,0
ags,AGS,French,8950,364,1,15,15,0
ags,AGS,French,8970,365,1,15,15,0
ags,AGS,French,8990,366,1,15,15,0
ags,AGS,French,9010,367,1,15,15,0
ags,AGS,French,9030,368,1,15,15,0
ags,AGS,French,9050,369,1,15,15,0
ags,AGS,French,9130,370,1,15,15,0
ags,AGS,French,9150,371,1,15,15,0
ags,AGS,French,9163,372,0,12,12,0
ags,AGS,French,9181,373,0,7,7,0
ags,AGS,French,9199,374,0,12,12,0
ags,AGS,French,9217,375,0,11,11,0
ags,AGS,French,9235,376,0,14,14,0
ags,AGS,French,9253,377,0,16,16,0
ags,AGS,French,9271,378,0,16,16,0
ags,AGS,French,9289,379,0,16,16,0
ags,AGS,French,9307,380,0,16,16,0
ags,AGS,French,9325,381,0,16,16,0
ags,AGS,French,9343,382,0,16,16,0
ags,AGS,French,9361,383,0,16,16,0
ags,AGS,French,9379,384,0,15,15,0
ags,AGS,French,9397,385,0,15,15,0
ags,AGS,French,9415,386,0,13,13,0
ags,AGS,French,9433,387,0,13,13,0
ags,AGS,French,9447,388,0,8,8,0
ags,AGS,French,9460,389,0,11,11,0
ags,AGS,French,9475,390,0,12,12,0
ags,AGS,French,9490,391,0,13,13,0
ags,AGS,French,9505,392,0,13,13,0
ags,AGS,French,9520,393,0,13,13,0
ags,AGS,French,9535,394,0,13,13,0
ags,AGS,French,9550,395,0,13,13,0
ags,AGS,French,9565,396,0,13,13,0
ags,AGS,French,9580,397,0,13,13,0
ags,AGS,French,9595,398,0,13,13,0
ags,AGS,French,9611,399,0,13,13,0
ags,AGS,French,9627,400,0,13,13,0
ags,AGS,French,9643,401,0,13,13,0
ags,AGS,French,9659,402,0,13,13,0
ags,AGS,French,9675,403,1,12,12,0
ags,AGS,French,9866,416,0,14,14,0
ags,AGS,French,9880,417,0,14,14,0
ags,AGS,French,9894,418,0,14,14,0
ags,AGS,French,9908,419,0,14,14,0
lambo,Lambo,Italian,8253,306,0,7,7,0
lambo,Lambo,Italian,8271,307,0,10,10,0
lambo,Lambo,Italian,8290,308,0,11,11,0
lambo,Lambo,Italian,8309,309,0,12,12,0
lambo,Lambo,Italian,8328,310,0,13,13,0
lambo,Lambo,Italian,8347,311,0,13,13,0
lambo,Lambo,Italian,8366,312,0,13,13,0
lambo,Lambo,Italian,8385,313,0,13,13,0
lambo,Lambo,Italian,8404,314,0,14,14,0
lambo,Lambo,Italian,8423,315,0,15,15,0
lambo,Lambo,Italian,8442,316,0,15,15,0
lambo,Lambo,Italian,8461,317,0,15,15,0
lambo,Lambo,Italian,8480,318,0,15,15,0
lambo,Lambo,Italian,8499,319,0,15,15,0
lambo,Lambo,Italian,8518,320,0,15,15,0
lambo,Lambo,Italian,8235,305,0,6,6,0
leyton,Leyton House,British,8243,305,0,14,14,0
leyton,Leyton House,British,8261,306,0,16,16,0
leyton,Leyton House,British,8279,307,0,15,15,0
leyton,Leyton House,British,8298,308,0,16,16,0
leyton,Leyton House,British,8317,309,0,16,16,0
leyton,Leyton House,British,8336,310,0,16,16,0
leyton,Leyton House,British,8355,311,0,14,14,0
leyton,Leyton House,British,8374,312,0,14,14,0
leyton,Leyton House,British,8393,313,0,14,14,0
leyton,Leyton House,British,8412,314,1,10,10,0
leyton,Leyton House,British,8431,315,1,10,10,0
leyton,Leyton House,British,8450,316,1,10,10,0
leyton,Leyton House,British,8469,317,1,10,10,0
leyton,Leyton House,British,8488,318,1,10,10,0
leyton,Leyton House,British,8507,319,1,11,11,0
leyton,Leyton House,British,8526,320,1,11,11,0
leyton,Leyton House,British,7633,321,0,10,10,0
leyton,Leyton House,British,7652,322,0,13,13,0
leyton,Leyton House,British,7671,323,0,15,15,0
leyton,Leyton House,British,7690,324,0,15,15,0
leyton,Leyton House,British,7709,325,0,13,13,0
leyton,Leyton House,British,7728,326,0,13,13,0
leyton,Leyton House,British,7747,327,6,6,6,0
leyton,Leyton House,British,7766,328,6,6,6,0
leyton,Leyton House,British,7785,329,6,6,6,0
leyton,Leyton House,British,7804,330,6,6,6,0
leyton,Leyton House,British,7823,331,7,6,6,0
leyton,Leyton House,British,7842,332,7,6,6,0
leyton,Leyton House,British,7861,333,7,6,6,0
leyton,Leyton House,British,7880,334,7,6,6,0
leyton,Leyton House,British,7899,335,7,7,7,0
leyton,Leyton House,British,7918,336,7,7,7,0
coloni,Coloni,Italian,8246,305,0,17,17,0
coloni,Coloni,Italian,8264,306,0,18,18,0
coloni,Coloni,Italian,8282,307,0,19,19,0
coloni,Coloni,Italian,8301,308,0,19,19,0
coloni,Coloni,Italian,8320,309,0,19,19,0
coloni,Coloni,Italian,8339,310,0,19,19,0
coloni,Coloni,Italian,8358,311,0,19,19,0
coloni,Coloni,Italian,8377,312,0,19,19,0
coloni,Coloni,Italian,8396,313,0,19,19,0
coloni,Coloni,Italian,8415,314,0,19,19,0
coloni,Coloni,Italian,8434,315,0,19,19,0
coloni,Coloni,Italian,8453,316,0,19,19,0
coloni,Coloni,Italian,8472,317,0,19,19,0
coloni,Coloni,Italian,8491,318,0,19,19,0
coloni,Coloni,Italian,8510,319,0,19,19,0
coloni,Coloni,Italian,8529,320,0,19,19,0
coloni,Coloni,Italian,7642,321,0,19,19,0
coloni,Coloni,Italian,7661,322,0,18,18,0
coloni,Coloni,Italian,7680,323,0,18,18,0
coloni,Coloni,Italian,7699,324,0,18,18,0
coloni,Coloni,Italian,7718,325,0,18,18,0
coloni,Coloni,Italian,7737,326,0,18,18,0
coloni,Coloni,Italian,7756,327,0,18,18,0
coloni,Coloni,Italian,7775,328,0,18,18,0
coloni,Coloni,Italian,7794,329,0,18,18,0
coloni,Coloni,Italian,7813,330,0,18,18,0
coloni,Coloni,Italian,7832,331,0,18,18,0
coloni,Coloni,Italian,7851,332,0,18,18,0
coloni,Coloni,Italian,7870,333,0,18,18,0
coloni,Coloni,Italian,7889,334,0,18,18,0
coloni,Coloni,Italian,7908,335,0,18,18,0
coloni,Coloni,Italian,7927,336,0,18,18,0
coloni,Coloni,Italian,8789,356,0,17,17,0
coloni,Coloni,Italian,8809,357,0,19,19,0
coloni,Coloni,Italian,8829,358,0,18,18,0
coloni,Coloni,Italian,8849,359,0,18,18,0
coloni,Coloni,Italian,8869,360,0,19,19,0
coloni,Coloni,Italian,8889,361,0,16,16,0
coloni,Coloni,Italian,8909,362,0,17,17,0
coloni,Coloni,Italian,8929,363,0,18,18,0
coloni,Coloni,Italian,8949,364,0,18,18,0
coloni,Coloni,Italian,8969,365,0,18,18,0
coloni,Coloni,Italian,8989,366,0,18,18,0
coloni,Coloni,Italian,9009,367,0,18,18,0
coloni,Coloni,Italian,9029,368,0,18,18,0
coloni,Coloni,Italian,9049,369,0,18,18,0
coloni,Coloni,Italian,9129,370,0,18,18,0
coloni,Coloni,Italian,9149,371,0,18,18,0
coloni,Coloni,Italian,9162,372,0,11,11,0
coloni,Coloni,Italian,9180,373,0,14,14,0
coloni,Coloni,Italian,9198,374,0,15,15,0
coloni,Coloni,Italian,9216,375,0,15,15,0
coloni,Coloni,Italian,9234,376,0,10,10,0
coloni,Coloni,Italian,9252,377,0,12,12,0
coloni,Coloni,Italian,9270,378,0,13,13,0
coloni,Coloni,Italian,9288,379,0,13,13,0
coloni,Coloni,Italian,9306,380,0,13,13,0
coloni,Coloni,Italian,9324,381,0,13,13,0
coloni,Coloni,Italian,9342,382,0,13,13,0
coloni,Coloni,Italian,9360,383,0,13,13,0
coloni,Coloni,Italian,9378,384,0,13,13,0
coloni,Coloni,Italian,9396,385,0,13,13,0
coloni,Coloni,Italian,9414,386,0,14,14,0
coloni,Coloni,Italian,9432,387,0,14,14,0
coloni,Coloni,Italian,9603,398,0,16,16,0
coloni,Coloni,Italian,9619,399,0,16,16,0
coloni,Coloni,Italian,9635,400,0,16,16,0
coloni,Coloni,Italian,9651,401,0,16,16,0
coloni,Coloni,Italian,9667,402,0,16,16,0
coloni,Coloni,Italian,9683,403,0,16,16,0
eurobrun,Euro Brun,Italian,7632,321,0,9,9,0
eurobrun,Euro Brun,Italian,7651,322,0,11,11,0
eurobrun,Euro Brun,Italian,7670,323,0,13,13,0
eurobrun,Euro Brun,Italian,7689,324,0,13,13,0
eurobrun,Euro Brun,Italian,7708,325,0,15,15,0
eurobrun,Euro Brun,Italian,7727,326,0,16,16,0
eurobrun,Euro Brun,Italian,7746,327,0,16,16,0
eurobrun,Euro Brun,Italian,7765,328,0,16,16,0
eurobrun,Euro Brun,Italian,7784,329,0,16,16,0
eurobrun,Euro Brun,Italian,7803,330,0,17,17,0
eurobrun,Euro Brun,Italian,7822,331,0,17,17,0
eurobrun,Euro Brun,Italian,7841,332,0,17,17,0
eurobrun,Euro Brun,Italian,7860,333,0,17,17,0
eurobrun,Euro Brun,Italian,7879,334,0,17,17,0
eurobrun,Euro Brun,Italian,7898,335,0,17,17,0
eurobrun,Euro Brun,Italian,7917,336,0,17,17,0
eurobrun,Euro Brun,Italian,8788,356,0,16,16,0
eurobrun,Euro Brun,Italian,8808,357,0,18,18,0
eurobrun,Euro Brun,Italian,8828,358,0,19,19,0
eurobrun,Euro Brun,Italian,8848,359,0,20,20,0
eurobrun,Euro Brun,Italian,8868,360,0,20,20,0
eurobrun,Euro Brun,Italian,8888,361,0,20,20,0
eurobrun,Euro Brun,Italian,8908,362,0,20,20,0
eurobrun,Euro Brun,Italian,8928,363,0,20,20,0
eurobrun,Euro Brun,Italian,8948,364,0,20,20,0
eurobrun,Euro Brun,Italian,8968,365,0,20,20,0
eurobrun,Euro Brun,Italian,8988,366,0,20,20,0
eurobrun,Euro Brun,Italian,9008,367,0,20,20,0
eurobrun,Euro Brun,Italian,9028,368,0,20,20,0
eurobrun,Euro Brun,Italian,9048,369,0,20,20,0
eurobrun,Euro Brun,Italian,9128,370,0,20,20,0
eurobrun,Euro Brun,Italian,9148,371,0,20,20,0
eurobrun,Euro Brun,Italian,9164,372,0,13,13,0
eurobrun,Euro Brun,Italian,9182,373,0,15,15,0
eurobrun,Euro Brun,Italian,9200,374,0,17,17,0
eurobrun,Euro Brun,Italian,9218,375,0,14,14,0
eurobrun,Euro Brun,Italian,9236,376,0,16,16,0
eurobrun,Euro Brun,Italian,9254,377,0,17,17,0
eurobrun,Euro Brun,Italian,9272,378,0,17,17,0
eurobrun,Euro Brun,Italian,9290,379,0,17,17,0
eurobrun,Euro Brun,Italian,9308,380,0,17,17,0
eurobrun,Euro Brun,Italian,9326,381,0,17,17,0
eurobrun,Euro Brun,Italian,9344,382,0,17,17,0
eurobrun,Euro Brun,Italian,9362,383,0,17,17,0
eurobrun,Euro Brun,Italian,9380,384,0,17,17,0
eurobrun,Euro Brun,Italian,9398,385,0,17,17,0
eurobrun,Euro Brun,Italian,9416,386,0,17,17,0
eurobrun,Euro Brun,Italian,9434,387,0,17,17,0
osella,Osella,Italian,7654,322,0,16,16,0
osella,Osella,Italian,7673,323,0,16,16,0
osella,Osella,Italian,7692,324,0,16,16,0
osella,Osella,Italian,7711,325,0,14,14,0
osella,Osella,Italian,7730,326,0,15,15,0
osella,Osella,Italian,7749,327,0,15,15,0
osella,Osella,Italian,7768,328,0,15,15,0
osella,Osella,Italian,7787,329,0,15,15,0
osella,Osella,Italian,7806,330,0,16,16,0
osella,Osella,Italian,7825,331,0,15,15,0
osella,Osella,Italian,7844,332,0,15,15,0
osella,Osella,Italian,7863,333,0,15,15,0
osella,Osella,Italian,7882,334,0,16,16,0
osella,Osella,Italian,7901,335,0,16,16,0
osella,Osella,Italian,7920,336,0,16,16,0
osella,Osella,Italian,7635,321,0,12,12,0
osella,Osella,Italian,8786,356,0,18,18,0
osella,Osella,Italian,8806,357,0,13,13,0
osella,Osella,Italian,8826,358,0,14,14,0
osella,Osella,Italian,8846,359,0,15,15,0
osella,Osella,Italian,8866,360,0,15,15,0
osella,Osella,Italian,8886,361,0,14,14,0
osella,Osella,Italian,8906,362,0,16,16,0
osella,Osella,Italian,8926,363,0,17,17,0
osella,Osella,Italian,8946,364,0,17,17,0
osella,Osella,Italian,8966,365,0,17,17,0
osella,Osella,Italian,8986,366,0,17,17,0
osella,Osella,Italian,9006,367,0,17,17,0
osella,Osella,Italian,9026,368,0,17,17,0
osella,Osella,Italian,9046,369,0,17,17,0
osella,Osella,Italian,9126,370,0,17,17,0
osella,Osella,Italian,9146,371,0,17,17,0
osella,Osella,Italian,9168,372,0,17,17,0
osella,Osella,Italian,9186,373,0,18,18,0
osella,Osella,Italian,9204,374,0,10,10,0
osella,Osella,Italian,9222,375,0,10,10,0
osella,Osella,Italian,9240,376,0,13,13,0
osella,Osella,Italian,9258,377,0,15,15,0
osella,Osella,Italian,9276,378,0,15,15,0
osella,Osella,Italian,9294,379,0,15,15,0
osella,Osella,Italian,9312,380,0,15,15,0
osella,Osella,Italian,9330,381,0,15,15,0
osella,Osella,Italian,9348,382,0,15,15,0
osella,Osella,Italian,9366,383,0,15,15,0
osella,Osella,Italian,9384,384,0,16,16,0
osella,Osella,Italian,9402,385,0,16,16,0
osella,Osella,Italian,9420,386,0,16,16,0
osella,Osella,Italian,9438,387,0,16,16,0
osella,Osella,Italian,9450,388,0,11,11,0
osella,Osella,Italian,9463,389,0,12,12,0
osella,Osella,Italian,9478,390,0,13,13,0
osella,Osella,Italian,9493,391,0,14,14,0
osella,Osella,Italian,9508,392,0,14,14,0
osella,Osella,Italian,9523,393,0,14,14,0
osella,Osella,Italian,9538,394,0,14,14,0
osella,Osella,Italian,9553,395,0,14,14,0
osella,Osella,Italian,9568,396,0,15,15,0
osella,Osella,Italian,9583,397,0,15,15,0
osella,Osella,Italian,9598,398,0,15,15,0
osella,Osella,Italian,9614,399,0,15,15,0
osella,Osella,Italian,9630,400,0,15,15,0
osella,Osella,Italian,9646,401,0,15,15,0
osella,Osella,Italian,9662,402,0,15,15,0
osella,Osella,Italian,9678,403,0,15,15,0
osella,Osella,Italian,9693,404,0,10,10,0
osella,Osella,Italian,9706,405,0,11,11,0
osella,Osella,Italian,9719,406,0,11,11,0
osella,Osella,Italian,9732,407,0,12,12,0
osella,Osella,Italian,9745,408,0,12,12,0
osella,Osella,Italian,9758,409,0,12,12,0
osella,Osella,Italian,9784,410,0,12,12,0
osella,Osella,Italian,9797,411,0,12,12,0
osella,Osella,Italian,9810,412,0,12,12,0
osella,Osella,Italian,9823,413,0,12,12,0
osella,Osella,Italian,9836,414,0,12,12,0
osella,Osella,Italian,9849,415,0,12,12,0
osella,Osella,Italian,9862,416,0,12,12,0
osella,Osella,Italian,9876,417,0,12,12,0
osella,Osella,Italian,9890,418,0,13,13,0
osella,Osella,Italian,9904,419,0,13,13,0
osella,Osella,Italian,9917,420,0,9,9,0
osella,Osella,Italian,9931,421,0,8,8,0
osella,Osella,Italian,9946,422,0,10,10,0
osella,Osella,Italian,9961,423,0,10,10,0
osella,Osella,Italian,9977,424,0,10,10,0
osella,Osella,Italian,10025,425,0,11,11,0
osella,Osella,Italian,10057,426,0,12,12,0
osella,Osella,Italian,10073,427,0,12,12,0
osella,Osella,Italian,10089,428,0,12,12,0
osella,Osella,Italian,10105,429,0,11,11,0
osella,Osella,Italian,10121,430,0,11,11,0
osella,Osella,Italian,10137,431,0,11,11,0
osella,Osella,Italian,10154,432,0,11,11,0
osella,Osella,Italian,10171,433,0,11,11,0
osella,Osella,Italian,10188,434,0,11,11,0
osella,Osella,Italian,10205,435,0,10,10,0
osella,Osella,Italian,10224,436,0,11,11,0
osella,Osella,Italian,10237,437,0,15,15,0
osella,Osella,Italian,10252,438,0,15,15,0
osella,Osella,Italian,10282,439,0,15,15,0
osella,Osella,Italian,10297,440,0,13,13,0
osella,Osella,Italian,10312,441,0,10,10,0
osella,Osella,Italian,10327,442,0,11,11,0
osella,Osella,Italian,10342,443,0,11,11,0
osella,Osella,Italian,10357,444,2,11,11,0
osella,Osella,Italian,10372,445,2,11,11,0
osella,Osella,Italian,10387,446,2,11,11,0
osella,Osella,Italian,10402,447,2,11,11,0
osella,Osella,Italian,10417,448,2,11,11,0
osella,Osella,Italian,10447,449,2,11,11,0
osella,Osella,Italian,10462,450,2,11,11,0
osella,Osella,Italian,10477,451,2,11,11,0
osella,Osella,Italian,10496,452,0,15,15,0
osella,Osella,Italian,10511,453,0,15,15,0
osella,Osella,Italian,10526,454,0,15,15,0
osella,Osella,Italian,10541,455,0,15,15,0
osella,Osella,Italian,10556,456,0,15,15,0
osella,Osella,Italian,10571,457,0,15,15,0
osella,Osella,Italian,10586,458,0,15,15,0
osella,Osella,Italian,10601,459,0,15,15,0
osella,Osella,Italian,10616,460,0,15,15,0
osella,Osella,Italian,10632,461,0,15,15,0
osella,Osella,Italian,10648,462,0,14,14,0
osella,Osella,Italian,10664,463,0,15,15,0
osella,Osella,Italian,10680,464,0,15,15,0
osella,Osella,Italian,10712,465,0,15,15,0
osella,Osella,Italian,10728,466,0,15,15,0
osella,Osella,Italian,10744,467,0,15,15,0
osella,Osella,Italian,10761,468,0,9,9,0
osella,Osella,Italian,10778,469,0,10,10,0
osella,Osella,Italian,10795,470,3,9,9,0
osella,Osella,Italian,10812,471,3,10,10,0
osella,Osella,Italian,10829,472,3,11,11,0
osella,Osella,Italian,10846,473,3,11,11,0
osella,Osella,Italian,10863,474,3,11,11,0
osella,Osella,Italian,10880,475,3,11,11,0
osella,Osella,Italian,10897,476,3,11,11,0
osella,Osella,Italian,10914,477,3,11,11,0
osella,Osella,Italian,10931,478,3,12,12,0
osella,Osella,Italian,10948,479,3,12,12,0
osella,Osella,Italian,10965,480,3,12,12,0
osella,Osella,Italian,10982,481,3,12,12,0
osella,Osella,Italian,11033,482,3,12,12,0
osella,Osella,Italian,11048,483,0,13,13,0
osella,Osella,Italian,11064,484,0,15,15,0
osella,Osella,Italian,11080,485,0,15,15,0
osella,Osella,Italian,11096,486,0,16,16,0
osella,Osella,Italian,11113,487,0,15,15,0
osella,Osella,Italian,11130,488,0,15,15,0
osella,Osella,Italian,11147,489,0,15,15,0
osella,Osella,Italian,11164,490,0,15,15,0
osella,Osella,Italian,11181,491,0,16,16,0
osella,Osella,Italian,11215,492,0,16,16,0
osella,Osella,Italian,11232,493,0,16,16,0
osella,Osella,Italian,11249,494,0,16,16,0
osella,Osella,Italian,11266,495,0,16,16,0
osella,Osella,Italian,11283,496,0,16,16,0
osella,Osella,Italian,11300,497,0,16,16,0
osella,Osella,Italian,11319,498,0,15,15,0
osella,Osella,Italian,11334,499,0,15,15,0
osella,Osella,Italian,11349,500,0,15,15,0
osella,Osella,Italian,11364,501,0,15,15,0
osella,Osella,Italian,11379,502,0,15,15,0
osella,Osella,Italian,11394,503,0,15,15,0
osella,Osella,Italian,11409,504,0,15,15,0
osella,Osella,Italian,11424,505,0,15,15,0
osella,Osella,Italian,11439,506,0,15,15,0
osella,Osella,Italian,11454,507,0,15,15,0
osella,Osella,Italian,11469,508,0,15,15,0
osella,Osella,Italian,11484,509,0,14,14,0
osella,Osella,Italian,11499,510,0,14,14,0
osella,Osella,Italian,11514,511,0,14,14,0
onyx,Onyx,British,7715,325,0,11,11,0
onyx,Onyx,British,7734,326,0,11,11,0
onyx,Onyx,British,7753,327,0,12,12,0
onyx,Onyx,British,7772,328,0,12,12,0
onyx,Onyx,British,7791,329,0,12,12,0
onyx,Onyx,British,7810,330,0,12,12,0
onyx,Onyx,British,7829,331,0,12,12,0
onyx,Onyx,British,7848,332,0,12,12,0
onyx,Onyx,British,7867,333,0,12,12,0
onyx,Onyx,British,7886,334,0,13,13,0
onyx,Onyx,British,7905,335,0,13,13,0
onyx,Onyx,British,7924,336,0,13,13,0
onyx,Onyx,British,7639,321,0,16,16,0
onyx,Onyx,British,7658,322,0,17,17,0
onyx,Onyx,British,7677,323,0,12,12,0
onyx,Onyx,British,7696,324,0,11,11,0
onyx,Onyx,British,8791,356,0,20,20,0
onyx,Onyx,British,8811,357,0,20,20,0
onyx,Onyx,British,8831,358,0,20,20,0
onyx,Onyx,British,8851,359,0,19,19,0
onyx,Onyx,British,8871,360,0,16,16,0
onyx,Onyx,British,8891,361,0,17,17,0
onyx,Onyx,British,8911,362,2,13,13,0
onyx,Onyx,British,8931,363,2,14,14,0
onyx,Onyx,British,8951,364,2,14,14,0
onyx,Onyx,British,8971,365,2,14,14,0
onyx,Onyx,British,8991,366,2,14,14,0
onyx,Onyx,British,9011,367,2,14,14,0
onyx,Onyx,British,9031,368,6,9,9,0
onyx,Onyx,British,9051,369,6,9,9,0
onyx,Onyx,British,9131,370,6,10,10,0
onyx,Onyx,British,9151,371,6,10,10,0
life,Life,Italian,7641,321,0,18,18,0
life,Life,Italian,7660,322,0,19,19,0
life,Life,Italian,7679,323,0,19,19,0
life,Life,Italian,7698,324,0,19,19,0
life,Life,Italian,7717,325,0,19,19,0
life,Life,Italian,7736,326,0,19,19,0
life,Life,Italian,7755,327,0,19,19,0
life,Life,Italian,7774,328,0,19,19,0
life,Life,Italian,7793,329,0,19,19,0
life,Life,Italian,7812,330,0,19,19,0
life,Life,Italian,7831,331,0,19,19,0
life,Life,Italian,7850,332,0,19,19,0
life,Life,Italian,7869,333,0,19,19,0
life,Life,Italian,7888,334,0,19,19,0
life,Life,Italian,7907,335,0,19,19,0
life,Life,Italian,7926,336,0,19,19,0
rial,Rial,German,8782,356,0,11,11,0
rial,Rial,German,8802,357,0,14,14,0
rial,Rial,German,8822,358,0,15,15,0
rial,Rial,German,8842,359,0,13,13,0
rial,Rial,German,8862,360,3,10,10,0
rial,Rial,German,8882,361,3,11,11,0
rial,Rial,German,8902,362,3,11,11,0
rial,Rial,German,8922,363,3,11,11,0
rial,Rial,German,8942,364,3,11,11,0
rial,Rial,German,8962,365,3,11,11,0
rial,Rial,German,8982,366,3,11,11,0
rial,Rial,German,9002,367,3,11,11,0
rial,Rial,German,9022,368,3,13,13,0
rial,Rial,German,9042,369,3,13,13,0
rial,Rial,German,9122,370,3,13,13,0
rial,Rial,German,9142,371,3,13,13,0
rial,Rial,German,9158,372,0,7,7,0
rial,Rial,German,9176,373,0,13,13,0
rial,Rial,German,9194,374,0,14,14,0
rial,Rial,German,9212,375,0,17,17,0
rial,Rial,German,9230,376,0,12,12,0
rial,Rial,German,9248,377,3,7,7,0
rial,Rial,German,9266,378,3,7,7,0
rial,Rial,German,9284,379,3,9,9,0
rial,Rial,German,9302,380,3,9,9,0
rial,Rial,German,9320,381,3,9,9,0
rial,Rial,German,9338,382,3,9,9,0
rial,Rial,German,9356,383,3,9,9,0
rial,Rial,German,9374,384,3,9,9,0
rial,Rial,German,9392,385,3,9,9,0
rial,Rial,German,9410,386,3,9,9,0
rial,Rial,German,9428,387,3,9,9,0
zakspeed,Zakspeed,German,8784,356,0,13,13,0
zakspeed,Zakspeed,German,8804,357,0,17,17,0
zakspeed,Zakspeed,German,8824,358,0,17,17,0
zakspeed,Zakspeed,German,8844,359,0,17,17,0
zakspeed,Zakspeed,German,8864,360,0,18,18,0
zakspeed,Zakspeed,German,8884,361,0,19,19,0
zakspeed,Zakspeed,German,8904,362,0,19,19,0
zakspeed,Zakspeed,German,8924,363,0,19,19,0
zakspeed,Zakspeed,German,8944,364,0,19,19,0
zakspeed,Zakspeed,German,8964,365,0,19,19,0
zakspeed,Zakspeed,German,8984,366,0,19,19,0
zakspeed,Zakspeed,German,9004,367,0,19,19,0
zakspeed,Zakspeed,German,9024,368,0,19,19,0
zakspeed,Zakspeed,German,9044,369,0,19,19,0
zakspeed,Zakspeed,German,9124,370,0,19,19,0
zakspeed,Zakspeed,German,9144,371,0,19,19,0
zakspeed,Zakspeed,German,9167,372,0,16,16,0
zakspeed,Zakspeed,German,9185,373,0,17,17,0
zakspeed,Zakspeed,German,9203,374,0,16,16,0
zakspeed,Zakspeed,German,9221,375,0,16,16,0
zakspeed,Zakspeed,German,9239,376,0,17,17,0
zakspeed,Zakspeed,German,9257,377,0,18,18,0
zakspeed,Zakspeed,German,9275,378,0,18,18,0
zakspeed,Zakspeed,German,9293,379,0,18,18,0
zakspeed,Zakspeed,German,9311,380,0,18,18,0
zakspeed,Zakspeed,German,9329,381,0,18,18,0
zakspeed,Zakspeed,German,9347,382,0,18,18,0
zakspeed,Zakspeed,German,9365,383,0,18,18,0
zakspeed,Zakspeed,German,9383,384,0,18,18,0
zakspeed,Zakspeed,German,9401,385,0,18,18,0
zakspeed,Zakspeed,German,9419,386,0,18,18,0
zakspeed,Zakspeed,German,9437,387,0,18,18,0
zakspeed,Zakspeed,German,9445,388,0,6,6,0
zakspeed,Zakspeed,German,9458,389,2,5,5,0
zakspeed,Zakspeed,German,9473,390,2,7,7,0
zakspeed,Zakspeed,German,9488,391,2,7,7,0
zakspeed,Zakspeed,German,9503,392,2,7,7,0
zakspeed,Zakspeed,German,9518,393,2,9,9,0
zakspeed,Zakspeed,German,9533,394,2,9,9,0
zakspeed,Zakspeed,German,9548,395,2,9,9,0
zakspeed,Zakspeed,German,9563,396,2,9,9,0
zakspeed,Zakspeed,German,9578,397,2,9,9,0
zakspeed,Zakspeed,German,9593,398,2,9,9,0
zakspeed,Zakspeed,German,9609,399,2,9,9,0
zakspeed,Zakspeed,German,9625,400,2,9,9,0
zakspeed,Zakspeed,German,9641,401,2,10,10,0
zakspeed,Zakspeed,German,9657,402,2,10,10,0
zakspeed,Zakspeed,German,9673,403,2,10,10,0
zakspeed,Zakspeed,German,9695,404,0,12,12,0
zakspeed,Zakspeed,German,9708,405,0,12,12,0
zakspeed,Zakspeed,German,9721,406,0,12,12,0
zakspeed,Zakspeed,German,9734,407,0,11,11,0
zakspeed,Zakspeed,German,9747,408,0,11,11,0
zakspeed,Zakspeed,German,9760,409,0,11,11,0
zakspeed,Zakspeed,German,9786,410,0,11,11,0
zakspeed,Zakspeed,German,9799,411,0,11,11,0
zakspeed,Zakspeed,German,9812,412,0,10,10,0
zakspeed,Zakspeed,German,9825,413,0,11,11,0
zakspeed,Zakspeed,German,9838,414,0,11,11,0
zakspeed,Zakspeed,German,9851,415,0,11,11,0
zakspeed,Zakspeed,German,9864,416,0,11,11,0
zakspeed,Zakspeed,German,9878,417,0,11,11,0
zakspeed,Zakspeed,German,9892,418,0,11,11,0
zakspeed,Zakspeed,German,9906,419,0,11,11,0
zakspeed,Zakspeed,German,9937,421,0,15,15,0
zakspeed,Zakspeed,German,9952,422,0,15,15,0
zakspeed,Zakspeed,German,9967,423,0,12,12,0
zakspeed,Zakspeed,German,9983,424,0,13,13,0
zakspeed,Zakspeed,German,10031,425,0,13,13,0
zakspeed,Zakspeed,German,10063,426,0,13,13,0
zakspeed,Zakspeed,German,10079,427,0,13,13,0
zakspeed,Zakspeed,German,10095,428,0,14,14,0
zakspeed,Zakspeed,German,10111,429,0,14,14,0
zakspeed,Zakspeed,German,10127,430,0,14,14,0
zakspeed,Zakspeed,German,10143,431,0,14,14,0
zakspeed,Zakspeed,German,10160,432,0,14,14,0
zakspeed,Zakspeed,German,10177,433,0,14,14,0
zakspeed,Zakspeed,German,10194,434,0,14,14,0
zakspeed,Zakspeed,German,10211,435,0,14,14,0
ram,RAM,British,9915,420,0,7,7,0
ram,RAM,British,9929,421,0,9,9,0
ram,RAM,British,9944,422,0,11,11,0
ram,RAM,British,9959,423,0,11,11,0
ram,RAM,British,9975,424,0,11,11,0
ram,RAM,British,10023,425,0,12,12,0
ram,RAM,British,10055,426,0,11,11,0
ram,RAM,British,10071,427,0,11,11,0
ram,RAM,British,10087,428,0,11,11,0
ram,RAM,British,10103,429,0,12,12,0
ram,RAM,British,10119,430,0,12,12,0
ram,RAM,British,10135,431,0,12,12,0
ram,RAM,British,10152,432,0,12,12,0
ram,RAM,British,10169,433,0,12,12,0
ram,RAM,British,10186,434,0,12,12,0
ram,RAM,British,10203,435,0,13,13,0
ram,RAM,British,10220,436,0,7,7,0
ram,RAM,British,10233,437,0,9,9,0
ram,RAM,British,10248,438,0,10,10,0
ram,RAM,British,10278,439,0,11,11,0
ram,RAM,British,10293,440,0,11,11,0
ram,RAM,British,10308,441,0,12,12,0
ram,RAM,British,10323,442,0,13,13,0
ram,RAM,British,10338,443,0,13,13,0
ram,RAM,British,10353,444,0,14,14,0
ram,RAM,British,10368,445,0,14,14,0
ram,RAM,British,10383,446,0,14,14,0
ram,RAM,British,10398,447,0,14,14,0
ram,RAM,British,10413,448,0,14,14,0
ram,RAM,British,10443,449,0,14,14,0
ram,RAM,British,10458,450,0,14,14,0
ram,RAM,British,10473,451,0,14,14,0
ram,RAM,British,10492,452,0,11,11,0
ram,RAM,British,10507,453,0,12,12,0
ram,RAM,British,10522,454,0,13,13,0
ram,RAM,British,10537,455,0,14,14,0
ram,RAM,British,10552,456,0,14,14,0
ram,RAM,British,10567,457,0,14,14,0
ram,RAM,British,10582,458,0,14,14,0
ram,RAM,British,10597,459,0,14,14,0
ram,RAM,British,10612,460,0,14,14,0
ram,RAM,British,10628,461,0,14,14,0
ram,RAM,British,10644,462,0,16,16,0
ram,RAM,British,10660,463,0,16,16,0
ram,RAM,British,10676,464,0,16,16,0
ram,RAM,British,10708,465,0,16,16,0
ram,RAM,British,10724,466,0,16,16,0
alfa,Alfa Romeo,Swiss,9918,420,0,10,10,0
alfa,Alfa Romeo,Swiss,9932,421,0,11,11,0
alfa,Alfa Romeo,Swiss,9947,422,0,12,12,0
alfa,Alfa Romeo,Swiss,9962,423,0,13,13,0
alfa,Alfa Romeo,Swiss,9978,424,0,12,12,0
alfa,Alfa Romeo,Swiss,10026,425,0,10,10,0
alfa,Alfa Romeo,Swiss,10058,426,0,10,10,0
alfa,Alfa Romeo,Swiss,10074,427,0,10,10,0
alfa,Alfa Romeo,Swiss,10090,428,0,10,10,0
alfa,Alfa Romeo,Swiss,10106,429,0,10,10,0
alfa,Alfa Romeo,Swiss,10122,430,0,10,10,0
alfa,Alfa Romeo,Swiss,10138,431,0,10,10,0
alfa,Alfa Romeo,Swiss,10155,432,0,10,10,0
alfa,Alfa Romeo,Swiss,10172,433,0,10,10,0
alfa,Alfa Romeo,Swiss,10189,434,0,10,10,0
alfa,Alfa Romeo,Swiss,10206,435,0,12,12,0
alfa,Alfa Romeo,Swiss,10217,436,3,4,4,0
alfa,Alfa Romeo,Swiss,10230,437,6,4,4,0
alfa,Alfa Romeo,Swiss,10245,438,6,6,6,0
alfa,Alfa Romeo,Swiss,10275,439,6,6,6,0
alfa,Alfa Romeo,Swiss,10290,440,6,6,6,0
alfa,Alfa Romeo,Swiss,10305,441,6,6,6,0
alfa,Alfa Romeo,Swiss,10320,442,6,7,7,0
alfa,Alfa Romeo,Swiss,10335,443,6,7,7,0
alfa,Alfa Romeo,Swiss,10350,444,6,7,7,0
alfa,Alfa Romeo,Swiss,10365,445,6,8,8,0
alfa,Alfa Romeo,Swiss,10380,446,6,8,8,0
alfa,Alfa Romeo,Swiss,10395,447,6,8,8,0
alfa,Alfa Romeo,Swiss,10410,448,6,8,8,0
alfa,Alfa Romeo,Swiss,10440,449,10,8,8,0
alfa,Alfa Romeo,Swiss,10455,450,11,8,8,0
alfa,Alfa Romeo,Swiss,10470,451,11,8,8,0
alfa,Alfa Romeo,Swiss,10495,452,0,14,14,0
alfa,Alfa Romeo,Swiss,10510,453,0,14,14,0
alfa,Alfa Romeo,Swiss,10525,454,0,12,12,0
alfa,Alfa Romeo,Swiss,10540,455,0,11,11,0
alfa,Alfa Romeo,Swiss,10555,456,1,8,8,0
alfa,Alfa Romeo,Swiss,10570,457,1,9,9,0
alfa,Alfa Romeo,Swiss,10585,458,1,10,10,0
alfa,Alfa Romeo,Swiss,10600,459,1,9,9,0
alfa,Alfa Romeo,Swiss,10615,460,1,9,9,0
alfa,Alfa Romeo,Swiss,10631,461,7,7,7,0
alfa,Alfa Romeo,Swiss,10647,462,7,7,7,0
alfa,Alfa Romeo,Swiss,10663,463,9,7,7,0
alfa,Alfa Romeo,Swiss,10679,464,9,7,7,0
alfa,Alfa Romeo,Swiss,10711,465,12,7,7,0
alfa,Alfa Romeo,Swiss,10727,466,18,6,6,0
alfa,Alfa Romeo,Swiss,10736,467,0,7,7,0
alfa,Alfa Romeo,Swiss,10753,468,0,11,11,0
alfa,Alfa Romeo,Swiss,10770,469,0,12,12,0
alfa,Alfa Romeo,Swiss,10787,470,0,12,12,0
alfa,Alfa Romeo,Swiss,10804,471,0,14,14,0
alfa,Alfa Romeo,Swiss,10821,472,4,9,9,0
alfa,Alfa Romeo,Swiss,10838,473,4,9,9,0
alfa,Alfa Romeo,Swiss,10855,474,5,9,9,0
alfa,Alfa Romeo,Swiss,10872,475,5,9,9,0
alfa,Alfa Romeo,Swiss,10889,476,5,9,9,0
alfa,Alfa Romeo,Swiss,10906,477,5,9,9,0
alfa,Alfa Romeo,Swiss,10923,478,7,9,9,0
alfa,Alfa Romeo,Swiss,10940,479,7,9,9,0
alfa,Alfa Romeo,Swiss,10957,480,7,9,9,0
alfa,Alfa Romeo,Swiss,10974,481,7,9,9,0
alfa,Alfa Romeo,Swiss,11025,482,7,9,9,0
alfa,Alfa Romeo,Swiss,11038,483,3,3,3,0
alfa,Alfa Romeo,Swiss,11054,484,3,5,5,0
alfa,Alfa Romeo,Swiss,11070,485,3,5,5,0
alfa,Alfa Romeo,Swiss,11086,486,3,5,5,0
alfa,Alfa Romeo,Swiss,11103,487,3,8,8,0
alfa,Alfa Romeo,Swiss,11120,488,3,10,10,0
alfa,Alfa Romeo,Swiss,11137,489,3,11,11,0
alfa,Alfa Romeo,Swiss,11154,490,3,11,11,0
alfa,Alfa Romeo,Swiss,11171,491,3,11,11,0
alfa,Alfa Romeo,Swiss,11205,492,3,11,11,0
alfa,Alfa Romeo,Swiss,11222,493,3,11,11,0
alfa,Alfa Romeo,Swiss,11239,494,3,11,11,0
alfa,Alfa Romeo,Swiss,11256,495,3,11,11,0
alfa,Alfa Romeo,Swiss,11273,496,6,10,10,0
alfa,Alfa Romeo,Swiss,11290,497,10,9,9,0
alfa,Alfa Romeo,Swiss,11309,498,2,5,5,0
alfa,Alfa Romeo,Swiss,11324,499,2,9,9,0
alfa,Alfa Romeo,Swiss,11339,500,2,9,9,0
alfa,Alfa Romeo,Swiss,11354,501,2,10,10,0
alfa,Alfa Romeo,Swiss,11369,502,2,11,11,0
alfa,Alfa Romeo,Swiss,11384,503,2,11,11,0
alfa,Alfa Romeo,Swiss,11399,504,2,11,11,0
alfa,Alfa Romeo,Swiss,11414,505,2,11,11,0
alfa,Alfa Romeo,Swiss,11429,506,4,11,11,0
alfa,Alfa Romeo,Swiss,11444,507,4,11,11,0
alfa,Alfa Romeo,Swiss,11459,508,4,11,11,0
alfa,Alfa Romeo,Swiss,11474,509,4,11,11,0
alfa,Alfa Romeo,Swiss,11489,510,4,11,11,0
alfa,Alfa Romeo,Swiss,11504,511,4,11,11,0
alfa,Alfa Romeo,Swiss,24073,517,0,15,15,0
alfa,Alfa Romeo,Swiss,24090,518,0,15,15,0
alfa,Alfa Romeo,Swiss,24106,519,0,15,15,0
alfa,Alfa Romeo,Swiss,24123,520,0,15,15,0
alfa,Alfa Romeo,Swiss,24140,521,0,15,15,0
alfa,Alfa Romeo,Swiss,24158,522,0,15,15,0
alfa,Alfa Romeo,Swiss,24175,523,0,15,15,0
alfa,Alfa Romeo,Swiss,24192,524,0,15,15,0
alfa,Alfa Romeo,Swiss,24210,525,0,16,16,0
alfa,Alfa Romeo,Swiss,24229,526,0,16,16,0
alfa,Alfa Romeo,Swiss,20374,700,0,8,8,0
alfa,Alfa Romeo,Swiss,20390,701,0,9,9,0
alfa,Alfa Romeo,Swiss,20406,702,0,9,9,0
alfa,Alfa Romeo,Swiss,20422,703,0,9,9,0
alfa,Alfa Romeo,Swiss,20438,704,0,10,10,0
alfa,Alfa Romeo,Swiss,20454,705,0,10,10,0
alfa,Alfa Romeo,Swiss,20470,706,0,10,10,0
alfa,Alfa Romeo,Swiss,20486,707,0,10,10,0
alfa,Alfa Romeo,Swiss,20502,708,0,10,10,0
alfa,Alfa Romeo,Swiss,20352,699,0,8,8,0
alfa,Alfa Romeo,Swiss,19938,728,0,16,16,0
alfa,Alfa Romeo,Swiss,27198,1010,4,6,6,0
alfa,Alfa Romeo,Swiss,27218,1011,10,4,4,0
alfa,Alfa Romeo,Swiss,27228,1012,12,5,5,0
alfa,Alfa Romeo,Swiss,27238,1013,13,6,6,0
alfa,Alfa Romeo,Swiss,27248,1014,13,7,7,0
alfa,Alfa Romeo,Swiss,27258,1015,13,9,9,0
alfa,Alfa Romeo,Swiss,27268,1016,13,9,9,0
alfa,Alfa Romeo,Swiss,27298,1017,19,7,7,0
alfa,Alfa Romeo,Swiss,27308,1018,22,6,6,0
alfa,Alfa Romeo,Swiss,27318,1019,26,6,6,0
alfa,Alfa Romeo,Swiss,27338,1020,26,9,9,0
alfa,Alfa Romeo,Swiss,27348,1021,32,7,7,0
alfa,Alfa Romeo,Swiss,27358,1022,32,8,8,0
alfa,Alfa Romeo,Swiss,27368,1023,34,8,8,0
alfa,Alfa Romeo,Swiss,27378,1024,35,8,8,0
alfa,Alfa Romeo,Swiss,27388,1025,35,8,8,0
alfa,Alfa Romeo,Swiss,27418,1026,35,8,8,0
alfa,Alfa Romeo,Swiss,27428,1027,35,8,8,0
alfa,Alfa Romeo,Swiss,27438,1028,35,8,8,0
alfa,Alfa Romeo,Swiss,27448,1029,57,8,8,0
alfa,Alfa Romeo,Swiss,27458,1030,57,8,8,0
alfa,Alfa Romeo,Swiss,27519,1034,2,8,8,0
alfa,Alfa Romeo,Swiss,27579,1031,2,7,7,0
alfa,Alfa Romeo,Swiss,27489,1032,2,8,8,0
alfa,Alfa Romeo,Swiss,27509,1033,2,8,8,0
alfa,Alfa Romeo,Swiss,27529,1035,2,8,8,0
alfa,Alfa Romeo,Swiss,27539,1036,2,8,8,0
alfa,Alfa Romeo,Swiss,27549,1037,2,8,8,0
alfa,Alfa Romeo,Swiss,27559,1038,2,8,8,0
alfa,Alfa Romeo,Swiss,27569,1039,4,8,8,0
alfa,Alfa Romeo,Swiss,27589,1040,4,8,8,0
alfa,Alfa Romeo,Swiss,27599,1041,5,8,8,0
alfa,Alfa Romeo,Swiss,27609,1042,5,8,8,0
alfa,Alfa Romeo,Swiss,27619,1043,8,8,8,0
alfa,Alfa Romeo,Swiss,27629,1044,8,8,8,0
alfa,Alfa Romeo,Swiss,27639,1045,8,8,8,0
alfa,Alfa Romeo,Swiss,27649,1046,8,8,8,0
alfa,Alfa Romeo,Swiss,27659,1047,8,8,8,0
alfa,Alfa Romeo,Swiss,27909,1051,11,9,9,0
alfa,Alfa Romeo,Swiss,27679,1052,0,7,7,0
alfa,Alfa Romeo,Swiss,27709,1053,0,8,8,0
alfa,Alfa Romeo,Swiss,27719,1054,0,8,8,0
alfa,Alfa Romeo,Swiss,27729,1055,0,8,8,0
alfa,Alfa Romeo,Swiss,27739,1056,1,8,8,0
alfa,Alfa Romeo,Swiss,27749,1057,2,8,8,0
alfa,Alfa Romeo,Swiss,27759,1059,2,8,8,0
alfa,Alfa Romeo,Swiss,27769,1058,2,8,8,0
alfa,Alfa Romeo,Swiss,27789,1060,2,8,8,0
alfa,Alfa Romeo,Swiss,27799,1061,2,8,8,0
alfa,Alfa Romeo,Swiss,27819,1062,3,9,9,0
alfa,Alfa Romeo,Swiss,27829,1063,3,9,9,0
alfa,Alfa Romeo,Swiss,27839,1064,3,9,9,0
alfa,Alfa Romeo,Swiss,27849,1065,3,9,9,0
alfa,Alfa Romeo,Swiss,27859,1066,7,9,9,0
alfa,Alfa Romeo,Swiss,27869,1067,7,9,9,0
alfa,Alfa Romeo,Swiss,27879,1069,7,9,9,0
alfa,Alfa Romeo,Swiss,27889,1070,11,9,9,0
alfa,Alfa Romeo,Swiss,27899,1071,11,9,9,0
alfa,Alfa Romeo,Swiss,27919,1072,13,9,9,0
alfa,Alfa Romeo,Swiss,27929,1073,13,9,9,0
alfa,Alfa Romeo,Swiss,28136,1074,9,4,4,0
alfa,Alfa Romeo,Swiss,28146,1075,9,6,6,0
alfa,Alfa Romeo,Swiss,28156,1076,13,6,6,0
alfa,Alfa Romeo,Swiss,28166,1077,25,5,5,0
alfa,Alfa Romeo,Swiss,28176,1078,31,5,5,0
alfa,Alfa Romeo,Swiss,28186,1079,39,5,5,0
alfa,Alfa Romeo,Swiss,28196,1080,41,5,5,0
spirit,Spirit,British,9922,420,0,14,14,0
spirit,Spirit,British,9936,421,0,14,14,0
spirit,Spirit,British,9951,422,0,14,14,0
spirit,Spirit,British,9966,423,0,16,16,0
spirit,Spirit,British,9982,424,0,16,16,0
spirit,Spirit,British,10030,425,0,16,16,0
spirit,Spirit,British,10062,426,0,16,16,0
spirit,Spirit,British,10078,427,0,16,16,0
spirit,Spirit,British,10094,428,0,16,16,0
spirit,Spirit,British,10110,429,0,16,16,0
spirit,Spirit,British,10126,430,0,16,16,0
spirit,Spirit,British,10142,431,0,16,16,0
spirit,Spirit,British,10159,432,0,16,16,0
spirit,Spirit,British,10176,433,0,16,16,0
spirit,Spirit,British,10193,434,0,16,16,0
spirit,Spirit,British,10210,435,0,16,16,0
spirit,Spirit,British,10226,436,0,13,13,0
spirit,Spirit,British,10239,437,0,10,10,0
spirit,Spirit,British,10254,438,0,11,11,0
spirit,Spirit,British,10284,439,0,10,10,0
spirit,Spirit,British,10299,440,0,10,10,0
spirit,Spirit,British,10314,441,0,11,11,0
spirit,Spirit,British,10329,442,0,12,12,0
spirit,Spirit,British,10344,443,0,12,12,0
spirit,Spirit,British,10359,444,0,12,12,0
spirit,Spirit,British,10374,445,0,12,12,0
spirit,Spirit,British,10389,446,0,12,12,0
spirit,Spirit,British,10404,447,0,12,12,0
spirit,Spirit,British,10419,448,0,12,12,0
spirit,Spirit,British,10449,449,0,13,13,0
spirit,Spirit,British,10464,450,0,13,13,0
spirit,Spirit,British,10479,451,0,13,13,0
spirit,Spirit,British,10617,460,0,16,16,0
spirit,Spirit,British,10633,461,0,16,16,0
spirit,Spirit,British,10649,462,0,15,15,0
spirit,Spirit,British,10665,463,0,13,13,0
spirit,Spirit,British,10681,464,0,13,13,0
spirit,Spirit,British,10713,465,0,13,13,0
spirit,Spirit,British,10729,466,0,13,13,0
toleman,Toleman,British,9968,423,0,14,14,0
toleman,Toleman,British,9984,424,0,14,14,0
toleman,Toleman,British,10032,425,0,14,14,0
toleman,Toleman,British,10064,426,0,14,14,0
toleman,Toleman,British,10080,427,0,14,14,0
toleman,Toleman,British,10096,428,0,15,15,0
toleman,Toleman,British,10112,429,0,15,15,0
toleman,Toleman,British,10128,430,0,15,15,0
toleman,Toleman,British,10144,431,0,15,15,0
toleman,Toleman,British,10161,432,0,15,15,0
toleman,Toleman,British,10178,433,0,15,15,0
toleman,Toleman,British,10195,434,0,15,15,0
toleman,Toleman,British,10212,435,0,15,15,0
toleman,Toleman,British,10225,436,0,12,12,0
toleman,Toleman,British,10238,437,1,8,8,0
toleman,Toleman,British,10253,438,2,8,8,0
toleman,Toleman,British,10283,439,2,9,9,0
toleman,Toleman,British,10298,440,2,9,9,0
toleman,Toleman,British,10313,441,5,7,7,0
toleman,Toleman,British,10328,442,5,8,8,0
toleman,Toleman,British,10343,443,5,8,8,0
toleman,Toleman,British,10358,444,5,8,8,0
toleman,Toleman,British,10373,445,9,7,7,0
toleman,Toleman,British,10388,446,9,7,7,0
toleman,Toleman,British,10403,447,9,7,7,0
toleman,Toleman,British,10418,448,9,7,7,0
toleman,Toleman,British,10448,449,12,7,7,0
toleman,Toleman,British,10463,450,12,7,7,0
toleman,Toleman,British,10478,451,16,7,7,0
toleman,Toleman,British,10488,452,0,7,7,0
toleman,Toleman,British,10503,453,0,10,10,0
toleman,Toleman,British,10518,454,0,10,10,0
toleman,Toleman,British,10533,455,0,10,10,0
toleman,Toleman,British,10548,456,0,11,11,0
toleman,Toleman,British,10563,457,0,10,10,0
toleman,Toleman,British,10578,458,0,11,11,0
toleman,Toleman,British,10593,459,0,11,11,0
toleman,Toleman,British,10608,460,0,11,11,0
toleman,Toleman,British,10624,461,0,11,11,0
toleman,Toleman,British,10640,462,0,12,12,0
toleman,Toleman,British,10656,463,3,10,10,0
toleman,Toleman,British,10672,464,4,9,9,0
toleman,Toleman,British,10704,465,7,9,9,0
toleman,Toleman,British,10720,466,10,9,9,0
toleman,Toleman,British,10742,467,0,13,13,0
toleman,Toleman,British,10759,468,0,16,16,0
toleman,Toleman,British,10776,469,0,17,17,0
toleman,Toleman,British,10793,470,0,15,15,0
toleman,Toleman,British,10810,471,0,16,16,0
toleman,Toleman,British,10827,472,0,16,16,0
toleman,Toleman,British,10844,473,0,16,16,0
toleman,Toleman,British,10861,474,0,16,16,0
toleman,Toleman,British,10878,475,0,16,16,0
toleman,Toleman,British,10895,476,0,16,16,0
toleman,Toleman,British,10912,477,0,16,16,0
toleman,Toleman,British,10929,478,0,16,16,0
toleman,Toleman,British,10946,479,0,16,16,0
toleman,Toleman,British,10963,480,0,16,16,0
toleman,Toleman,British,10980,481,0,16,16,0
toleman,Toleman,British,11031,482,0,16,16,0
toleman,Toleman,British,11100,486,0,17,17,0
toleman,Toleman,British,11117,487,0,17,17,0
toleman,Toleman,British,11134,488,0,17,17,0
toleman,Toleman,British,11151,489,0,17,17,0
toleman,Toleman,British,11168,490,0,17,17,0
toleman,Toleman,British,11185,491,0,17,17,0
toleman,Toleman,British,11219,492,0,17,17,0
toleman,Toleman,British,11236,493,0,17,17,0
toleman,Toleman,British,11253,494,0,17,17,0
toleman,Toleman,British,11270,495,0,17,17,0
toleman,Toleman,British,11287,496,0,17,17,0
toleman,Toleman,British,11304,497,0,17,17,0
ats,ATS,Italian,10241,437,0,14,14,0
ats,ATS,Italian,10256,438,0,14,14,0
ats,ATS,Italian,10286,439,0,14,14,0
ats,ATS,Italian,10301,440,0,15,15,0
ats,ATS,Italian,10316,441,0,14,14,0
ats,ATS,Italian,10331,442,0,14,14,0
ats,ATS,Italian,10346,443,0,14,14,0
ats,ATS,Italian,10361,444,0,13,13,0
ats,ATS,Italian,10376,445,0,13,13,0
ats,ATS,Italian,10391,446,0,13,13,0
ats,ATS,Italian,10406,447,0,13,13,0
ats,ATS,Italian,10421,448,0,13,13,0
ats,ATS,Italian,10451,449,0,12,12,0
ats,ATS,Italian,10466,450,0,12,12,0
ats,ATS,Italian,10481,451,0,12,12,0
ats,ATS,Italian,10493,452,0,12,12,0
ats,ATS,Italian,10508,453,0,13,13,0
ats,ATS,Italian,10523,454,0,14,14,0
ats,ATS,Italian,10538,455,0,12,12,0
ats,ATS,Italian,10553,456,0,12,12,0
ats,ATS,Italian,10568,457,0,13,13,0
ats,ATS,Italian,10583,458,0,13,13,0
ats,ATS,Italian,10598,459,0,13,13,0
ats,ATS,Italian,10613,460,0,13,13,0
ats,ATS,Italian,10629,461,0,13,13,0
ats,ATS,Italian,10645,462,0,13,13,0
ats,ATS,Italian,10661,463,0,14,14,0
ats,ATS,Italian,10677,464,0,14,14,0
ats,ATS,Italian,10709,465,0,14,14,0
ats,ATS,Italian,10725,466,0,14,14,0
ats,ATS,Italian,10735,467,0,6,6,0
ats,ATS,Italian,10752,468,2,6,6,0
ats,ATS,Italian,10769,469,2,7,7,0
ats,ATS,Italian,10786,470,4,8,8,0
ats,ATS,Italian,10803,471,4,9,9,0
ats,ATS,Italian,10820,472,4,10,10,0
ats,ATS,Italian,10837,473,4,10,10,0
ats,ATS,Italian,10854,474,4,10,10,0
ats,ATS,Italian,10871,475,4,10,10,0
ats,ATS,Italian,10888,476,4,10,10,0
ats,ATS,Italian,10905,477,4,10,10,0
ats,ATS,Italian,10922,478,4,10,10,0
ats,ATS,Italian,10939,479,4,11,11,0
ats,ATS,Italian,10956,480,4,11,11,0
ats,ATS,Italian,10973,481,4,11,11,0
ats,ATS,Italian,11024,482,4,11,11,0
ats,ATS,Italian,11046,483,0,11,11,0
ats,ATS,Italian,11062,484,0,14,14,0
ats,ATS,Italian,11078,485,0,13,13,0
ats,ATS,Italian,11094,486,0,14,14,0
ats,ATS,Italian,11111,487,0,14,14,0
ats,ATS,Italian,11128,488,0,14,14,0
ats,ATS,Italian,11145,489,0,14,14,0
ats,ATS,Italian,11162,490,0,14,14,0
ats,ATS,Italian,11179,491,1,13,13,0
ats,ATS,Italian,11213,492,1,13,13,0
ats,ATS,Italian,11230,493,1,13,13,0
ats,ATS,Italian,11247,494,1,13,13,0
ats,ATS,Italian,11264,495,1,13,13,0
ats,ATS,Italian,11281,496,1,13,13,0
ats,ATS,Italian,11298,497,1,13,13,0
ats,ATS,Italian,11315,498,0,11,11,0
ats,ATS,Italian,11330,499,0,11,11,0
ats,ATS,Italian,11345,500,0,11,11,0
ats,ATS,Italian,11360,501,0,12,12,0
ats,ATS,Italian,11375,502,0,12,12,0
ats,ATS,Italian,11390,503,0,12,12,0
ats,ATS,Italian,11405,504,0,12,12,0
ats,ATS,Italian,11420,505,0,12,12,0
ats,ATS,Italian,11435,506,0,12,12,0
ats,ATS,Italian,11450,507,0,12,12,0
ats,ATS,Italian,11465,508,0,12,12,0
ats,ATS,Italian,11480,509,0,12,12,0
ats,ATS,Italian,11495,510,0,12,12,0
ats,ATS,Italian,11510,511,0,12,12,0
ats,ATS,Italian,23995,512,0,15,15,0
ats,ATS,Italian,24009,513,0,13,13,0
ats,ATS,Italian,24024,514,0,14,14,0
ats,ATS,Italian,24039,515,0,14,14,0
ats,ATS,Italian,24054,516,0,14,14,0
ats,ATS,Italian,24070,517,0,11,11,0
ats,ATS,Italian,24087,518,0,11,11,0
ats,ATS,Italian,24104,519,0,13,13,0
ats,ATS,Italian,24121,520,0,13,13,0
ats,ATS,Italian,24138,521,0,13,13,0
ats,ATS,Italian,24156,522,0,13,13,0
ats,ATS,Italian,24173,523,0,13,13,0
ats,ATS,Italian,24190,524,0,13,13,0
ats,ATS,Italian,24208,525,0,14,14,0
ats,ATS,Italian,24227,526,2,11,11,0
ats,ATS,Italian,23435,527,0,8,8,0
ats,ATS,Italian,23451,528,0,8,8,0
ats,ATS,Italian,23468,529,0,10,10,0
ats,ATS,Italian,23487,530,0,11,11,0
ats,ATS,Italian,23506,531,0,12,12,0
ats,ATS,Italian,23525,532,0,12,12,0
ats,ATS,Italian,23544,533,0,12,12,0
ats,ATS,Italian,23563,534,0,12,12,0
ats,ATS,Italian,23582,535,0,12,12,0
ats,ATS,Italian,23601,536,0,12,12,0
ats,ATS,Italian,23620,537,0,12,12,0
ats,ATS,Italian,23639,538,0,13,13,0
ats,ATS,Italian,23658,539,0,13,13,0
ats,ATS,Italian,23677,540,0,13,13,0
ats,ATS,Italian,23696,541,0,14,14,0
ats,ATS,Italian,23715,542,0,15,15,0
ats,ATS,Italian,19798,719,0,8,8,0
ats,ATS,Italian,19852,724,0,11,11,0
ats,ATS,Italian,19839,723,0,11,11,0
ats,ATS,Italian,19815,721,0,11,11,0
ats,ATS,Italian,19803,720,0,10,10,0
ats,ATS,Italian,19920,728,0,12,12,0
ats,ATS,Italian,19901,727,0,12,12,0
ats,ATS,Italian,19883,726,0,12,12,0
ats,ATS,Italian,19866,725,0,11,11,0
ats,ATS,Italian,19827,722,0,11,11,0
theodore,Theodore,Hong Kong,10491,452,0,10,10,0
theodore,Theodore,Hong Kong,10506,453,1,6,6,0
theodore,Theodore,Hong Kong,10521,454,1,7,7,0
theodore,Theodore,Hong Kong,10536,455,1,7,7,0
theodore,Theodore,Hong Kong,10551,456,1,9,9,0
theodore,Theodore,Hong Kong,10566,457,1,8,8,0
theodore,Theodore,Hong Kong,10581,458,1,9,9,0
theodore,Theodore,Hong Kong,10596,459,1,10,10,0
theodore,Theodore,Hong Kong,10611,460,1,10,10,0
theodore,Theodore,Hong Kong,10627,461,1,10,10,0
theodore,Theodore,Hong Kong,10643,462,1,10,10,0
theodore,Theodore,Hong Kong,10659,463,1,11,11,0
theodore,Theodore,Hong Kong,10675,464,1,11,11,0
theodore,Theodore,Hong Kong,10707,465,1,11,11,0
theodore,Theodore,Hong Kong,10723,466,1,11,11,0
theodore,Theodore,Hong Kong,10738,467,0,9,9,0
theodore,Theodore,Hong Kong,10755,468,0,12,12,0
theodore,Theodore,Hong Kong,10772,469,0,13,13,0
theodore,Theodore,Hong Kong,10789,470,0,13,13,0
theodore,Theodore,Hong Kong,10806,471,0,15,15,0
theodore,Theodore,Hong Kong,10823,472,0,15,15,0
theodore,Theodore,Hong Kong,10840,473,0,15,15,0
theodore,Theodore,Hong Kong,10857,474,0,15,15,0
theodore,Theodore,Hong Kong,10874,475,0,15,15,0
theodore,Theodore,Hong Kong,10891,476,0,15,15,0
theodore,Theodore,Hong Kong,10908,477,0,15,15,0
theodore,Theodore,Hong Kong,10925,478,0,17,17,0
theodore,Theodore,Hong Kong,10942,479,0,17,17,0
theodore,Theodore,Hong Kong,10959,480,0,17,17,0
theodore,Theodore,Hong Kong,10976,481,0,17,17,0
theodore,Theodore,Hong Kong,11027,482,0,17,17,0
theodore,Theodore,Hong Kong,11040,483,1,5,5,0
theodore,Theodore,Hong Kong,11056,484,1,9,9,0
theodore,Theodore,Hong Kong,11072,485,1,10,10,0
theodore,Theodore,Hong Kong,11088,486,1,12,12,0
theodore,Theodore,Hong Kong,11105,487,1,12,12,0
theodore,Theodore,Hong Kong,11122,488,1,12,12,0
theodore,Theodore,Hong Kong,11139,489,1,12,12,0
theodore,Theodore,Hong Kong,11156,490,1,12,12,0
theodore,Theodore,Hong Kong,11173,491,1,12,12,0
theodore,Theodore,Hong Kong,11207,492,1,12,12,0
theodore,Theodore,Hong Kong,11224,493,1,12,12,0
theodore,Theodore,Hong Kong,11241,494,1,12,12,0
theodore,Theodore,Hong Kong,11258,495,1,12,12,0
theodore,Theodore,Hong Kong,11275,496,1,12,12,0
theodore,Theodore,Hong Kong,11292,497,1,12,12,0
theodore,Theodore,Hong Kong,23445,527,0,15,15,0
theodore,Theodore,Hong Kong,23462,528,0,16,16,0
theodore,Theodore,Hong Kong,23477,529,0,17,17,0
theodore,Theodore,Hong Kong,23496,530,0,17,17,0
theodore,Theodore,Hong Kong,23515,531,0,17,17,0
theodore,Theodore,Hong Kong,23534,532,0,18,18,0
theodore,Theodore,Hong Kong,23553,533,0,18,18,0
theodore,Theodore,Hong Kong,23572,534,0,18,18,0
theodore,Theodore,Hong Kong,23591,535,0,18,18,0
theodore,Theodore,Hong Kong,23610,536,0,18,18,0
theodore,Theodore,Hong Kong,23629,537,0,18,18,0
theodore,Theodore,Hong Kong,23648,538,0,18,18,0
theodore,Theodore,Hong Kong,23667,539,0,18,18,0
theodore,Theodore,Hong Kong,23686,540,0,18,18,0
theodore,Theodore,Hong Kong,23705,541,0,18,18,0
theodore,Theodore,Hong Kong,23724,542,0,18,18,0
fittipaldi,Fittipaldi,Brazilian,10739,467,0,10,10,0
fittipaldi,Fittipaldi,Brazilian,10756,468,0,13,13,0
fittipaldi,Fittipaldi,Brazilian,10773,469,0,14,14,0
fittipaldi,Fittipaldi,Brazilian,10790,470,0,14,14,0
fittipaldi,Fittipaldi,Brazilian,10807,471,1,11,11,0
fittipaldi,Fittipaldi,Brazilian,10824,472,1,12,12,0
fittipaldi,Fittipaldi,Brazilian,10841,473,1,12,12,0
fittipaldi,Fittipaldi,Brazilian,10858,474,1,13,13,0
fittipaldi,Fittipaldi,Brazilian,10875,475,1,13,13,0
fittipaldi,Fittipaldi,Brazilian,10892,476,1,13,13,0
fittipaldi,Fittipaldi,Brazilian,10909,477,1,13,13,0
fittipaldi,Fittipaldi,Brazilian,10926,478,1,13,13,0
fittipaldi,Fittipaldi,Brazilian,10943,479,1,13,13,0
fittipaldi,Fittipaldi,Brazilian,10960,480,1,13,13,0
fittipaldi,Fittipaldi,Brazilian,10977,481,1,13,13,0
fittipaldi,Fittipaldi,Brazilian,11028,482,1,13,13,0
fittipaldi,Fittipaldi,Brazilian,11041,483,0,6,6,0
fittipaldi,Fittipaldi,Brazilian,11057,484,0,10,10,0
fittipaldi,Fittipaldi,Brazilian,11073,485,0,11,11,0
fittipaldi,Fittipaldi,Brazilian,11089,486,0,13,13,0
fittipaldi,Fittipaldi,Brazilian,11106,487,0,13,13,0
fittipaldi,Fittipaldi,Brazilian,11123,488,0,13,13,0
fittipaldi,Fittipaldi,Brazilian,11140,489,0,13,13,0
fittipaldi,Fittipaldi,Brazilian,11157,490,0,13,13,0
fittipaldi,Fittipaldi,Brazilian,11174,491,0,14,14,0
fittipaldi,Fittipaldi,Brazilian,11208,492,0,14,14,0
fittipaldi,Fittipaldi,Brazilian,11225,493,0,14,14,0
fittipaldi,Fittipaldi,Brazilian,11242,494,0,14,14,0
fittipaldi,Fittipaldi,Brazilian,11259,495,0,14,14,0
fittipaldi,Fittipaldi,Brazilian,11276,496,0,15,15,0
fittipaldi,Fittipaldi,Brazilian,11293,497,0,15,15,0
fittipaldi,Fittipaldi,Brazilian,11307,498,4,3,3,0
fittipaldi,Fittipaldi,Brazilian,11322,499,4,5,5,0
fittipaldi,Fittipaldi,Brazilian,11337,500,4,6,6,0
fittipaldi,Fittipaldi,Brazilian,11352,501,8,6,6,0
fittipaldi,Fittipaldi,Brazilian,11367,502,8,6,6,0
fittipaldi,Fittipaldi,Brazilian,11382,503,9,6,6,0
fittipaldi,Fittipaldi,Brazilian,11397,504,9,6,6,0
fittipaldi,Fittipaldi,Brazilian,11412,505,9,7,7,0
fittipaldi,Fittipaldi,Brazilian,11427,506,9,7,7,0
fittipaldi,Fittipaldi,Brazilian,11442,507,9,7,7,0
fittipaldi,Fittipaldi,Brazilian,11457,508,9,7,7,0
fittipaldi,Fittipaldi,Brazilian,11472,509,11,7,7,0
fittipaldi,Fittipaldi,Brazilian,11487,510,11,7,7,0
fittipaldi,Fittipaldi,Brazilian,11502,511,11,8,8,0
fittipaldi,Fittipaldi,Brazilian,23990,512,1,4,4,0
fittipaldi,Fittipaldi,Brazilian,24020,514,1,7,7,0
fittipaldi,Fittipaldi,Brazilian,24035,515,1,8,8,0
fittipaldi,Fittipaldi,Brazilian,24050,516,1,8,8,0
fittipaldi,Fittipaldi,Brazilian,24066,517,1,9,9,0
fittipaldi,Fittipaldi,Brazilian,24083,518,1,9,9,0
fittipaldi,Fittipaldi,Brazilian,24100,519,1,10,10,0
fittipaldi,Fittipaldi,Brazilian,24134,521,1,10,10,0
fittipaldi,Fittipaldi,Brazilian,24145,522,1,10,10,0
fittipaldi,Fittipaldi,Brazilian,24162,523,1,10,10,0
fittipaldi,Fittipaldi,Brazilian,24197,525,1,10,10,0
fittipaldi,Fittipaldi,Brazilian,23437,527,0,6,6,0
fittipaldi,Fittipaldi,Brazilian,23453,528,6,4,4,0
fittipaldi,Fittipaldi,Brazilian,23470,529,6,5,5,0
fittipaldi,Fittipaldi,Brazilian,23489,530,6,5,5,0
fittipaldi,Fittipaldi,Brazilian,23508,531,6,5,5,0
fittipaldi,Fittipaldi,Brazilian,23527,532,6,5,5,0
fittipaldi,Fittipaldi,Brazilian,23546,533,6,7,7,0
fittipaldi,Fittipaldi,Brazilian,23565,534,7,7,7,0
fittipaldi,Fittipaldi,Brazilian,23584,535,7,9,9,0
fittipaldi,Fittipaldi,Brazilian,23603,536,7,9,9,0
fittipaldi,Fittipaldi,Brazilian,23622,537,10,8,8,0
fittipaldi,Fittipaldi,Brazilian,23641,538,13,7,7,0
fittipaldi,Fittipaldi,Brazilian,23660,539,15,6,6,0
fittipaldi,Fittipaldi,Brazilian,23679,540,15,6,6,0
fittipaldi,Fittipaldi,Brazilian,23698,541,17,7,7,0
fittipaldi,Fittipaldi,Brazilian,23717,542,17,7,7,0
fittipaldi,Fittipaldi,Brazilian,23151,543,3,4,4,0
fittipaldi,Fittipaldi,Brazilian,23163,544,6,5,5,0
fittipaldi,Fittipaldi,Brazilian,23176,545,6,5,5,0
fittipaldi,Fittipaldi,Brazilian,23189,546,8,5,5,0
fittipaldi,Fittipaldi,Brazilian,23203,547,8,6,6,0
fittipaldi,Fittipaldi,Brazilian,23219,548,8,6,6,0
fittipaldi,Fittipaldi,Brazilian,23235,549,8,7,7,0
fittipaldi,Fittipaldi,Brazilian,23251,550,8,8,8,0
fittipaldi,Fittipaldi,Brazilian,23267,551,8,8,8,0
fittipaldi,Fittipaldi,Brazilian,23283,552,8,8,8,0
fittipaldi,Fittipaldi,Brazilian,23301,553,8,8,8,0
fittipaldi,Fittipaldi,Brazilian,23319,554,8,9,9,0
fittipaldi,Fittipaldi,Brazilian,23337,555,11,9,9,0
fittipaldi,Fittipaldi,Brazilian,23355,556,11,9,9,0
fittipaldi,Fittipaldi,Brazilian,23375,557,11,9,9,0
fittipaldi,Fittipaldi,Brazilian,23395,558,11,9,9,0
fittipaldi,Fittipaldi,Brazilian,23415,559,11,9,9,0
fittipaldi,Fittipaldi,Brazilian,22858,560,0,9,9,0
fittipaldi,Fittipaldi,Brazilian,22871,561,0,12,12,0
fittipaldi,Fittipaldi,Brazilian,22888,562,1,8,8,0
fittipaldi,Fittipaldi,Brazilian,22910,563,1,11,11,0
fittipaldi,Fittipaldi,Brazilian,22929,564,1,12,12,0
fittipaldi,Fittipaldi,Brazilian,22948,565,2,12,12,0
fittipaldi,Fittipaldi,Brazilian,22967,566,2,12,12,0
fittipaldi,Fittipaldi,Brazilian,22981,567,2,12,12,0
fittipaldi,Fittipaldi,Brazilian,23000,568,3,11,11,0
fittipaldi,Fittipaldi,Brazilian,23024,569,3,11,11,0
fittipaldi,Fittipaldi,Brazilian,23043,570,3,11,11,0
fittipaldi,Fittipaldi,Brazilian,23062,571,3,11,11,0
fittipaldi,Fittipaldi,Brazilian,23081,572,3,11,11,0
fittipaldi,Fittipaldi,Brazilian,23100,573,3,11,11,0
fittipaldi,Fittipaldi,Brazilian,23119,574,3,11,11,0
fittipaldi,Fittipaldi,Brazilian,23138,575,3,11,11,0
fittipaldi,Fittipaldi,Brazilian,22465,576,0,14,14,0
fittipaldi,Fittipaldi,Brazilian,22476,577,0,14,14,0
fittipaldi,Fittipaldi,Brazilian,22491,578,0,15,15,0
fittipaldi,Fittipaldi,Brazilian,22507,579,0,15,15,0
fittipaldi,Fittipaldi,Brazilian,22524,580,0,15,15,0
fittipaldi,Fittipaldi,Brazilian,22541,581,0,16,16,0
fittipaldi,Fittipaldi,Brazilian,22709,582,0,16,16,0
fittipaldi,Fittipaldi,Brazilian,22726,583,0,17,17,0
fittipaldi,Fittipaldi,Brazilian,22800,587,0,17,17,0
fittipaldi,Fittipaldi,Brazilian,22820,588,0,17,17,0
fittipaldi,Fittipaldi,Brazilian,22840,589,0,16,16,0
fittipaldi,Fittipaldi,Brazilian,22744,584,0,17,17,0
fittipaldi,Fittipaldi,Brazilian,22762,585,0,17,17,0
fittipaldi,Fittipaldi,Brazilian,22781,586,0,17,17,0
fittipaldi,Fittipaldi,Brazilian,24005,513,1,6,6,0
fittipaldi,Fittipaldi,Brazilian,24117,520,1,10,10,0
fittipaldi,Fittipaldi,Brazilian,24179,524,1,10,10,0
fittipaldi,Fittipaldi,Brazilian,24216,526,1,12,12,0
ensign,Ensign,British,10746,467,0,17,17,0
ensign,Ensign,British,10763,468,0,17,17,0
ensign,Ensign,British,10780,469,0,16,16,0
ensign,Ensign,British,10797,470,0,17,17,0
ensign,Ensign,British,10814,471,0,17,17,0
ensign,Ensign,British,10831,472,0,17,17,0
ensign,Ensign,British,10848,473,0,17,17,0
ensign,Ensign,British,10865,474,0,17,17,0
ensign,Ensign,British,10882,475,0,17,17,0
ensign,Ensign,British,10899,476,0,17,17,0
ensign,Ensign,British,10916,477,0,17,17,0
ensign,Ensign,British,10933,478,0,15,15,0
ensign,Ensign,British,10950,479,0,15,15,0
ensign,Ensign,British,10967,480,0,15,15,0
ensign,Ensign,British,10984,481,0,15,15,0
ensign,Ensign,British,11035,482,0,15,15,0
ensign,Ensign,British,11043,483,0,8,8,0
ensign,Ensign,British,11059,484,3,4,4,0
ensign,Ensign,British,11075,485,3,6,6,0
ensign,Ensign,British,11091,486,3,6,6,0
ensign,Ensign,British,11108,487,3,9,9,0
ensign,Ensign,British,11125,488,4,9,9,0
ensign,Ensign,British,11142,489,4,10,10,0
ensign,Ensign,British,11159,490,4,10,10,0
ensign,Ensign,British,11176,491,4,10,10,0
ensign,Ensign,British,11210,492,4,10,10,0
ensign,Ensign,British,11227,493,4,10,10,0
ensign,Ensign,British,11244,494,5,10,10,0
ensign,Ensign,British,11261,495,5,10,10,0
ensign,Ensign,British,11278,496,5,11,11,0
ensign,Ensign,British,11295,497,5,11,11,0
ensign,Ensign,British,11312,498,0,8,8,0
ensign,Ensign,British,11327,499,0,13,13,0
ensign,Ensign,British,11342,500,0,12,12,0
ensign,Ensign,British,11357,501,0,13,13,0
ensign,Ensign,British,11372,502,0,13,13,0
ensign,Ensign,British,11387,503,0,13,13,0
ensign,Ensign,British,11402,504,0,13,13,0
ensign,Ensign,British,11417,505,0,13,13,0
ensign,Ensign,British,11432,506,0,13,13,0
ensign,Ensign,British,11447,507,0,13,13,0
ensign,Ensign,British,11462,508,0,13,13,0
ensign,Ensign,British,11477,509,0,13,13,0
ensign,Ensign,British,11492,510,0,13,13,0
ensign,Ensign,British,11507,511,0,13,13,0
ensign,Ensign,British,24001,513,0,11,11,0
ensign,Ensign,British,24016,514,0,13,13,0
ensign,Ensign,British,24031,515,0,13,13,0
ensign,Ensign,British,24096,519,0,14,14,0
ensign,Ensign,British,24113,520,0,14,14,0
ensign,Ensign,British,24130,521,0,14,14,0
ensign,Ensign,British,24149,522,0,14,14,0
ensign,Ensign,British,24183,524,0,14,14,0
ensign,Ensign,British,24201,525,0,15,15,0
ensign,Ensign,British,24220,526,0,15,15,0
ensign,Ensign,British,23443,527,0,13,13,0
ensign,Ensign,British,23460,528,0,14,14,0
ensign,Ensign,British,23480,529,0,14,14,0
ensign,Ensign,British,23499,530,0,15,15,0
ensign,Ensign,British,23518,531,0,15,15,0
ensign,Ensign,British,23537,532,0,16,16,0
ensign,Ensign,British,23556,533,0,16,16,0
ensign,Ensign,British,23575,534,0,16,16,0
ensign,Ensign,British,23594,535,0,16,16,0
ensign,Ensign,British,23613,536,0,16,16,0
ensign,Ensign,British,23632,537,0,16,16,0
ensign,Ensign,British,23651,538,0,16,16,0
ensign,Ensign,British,23670,539,0,16,16,0
ensign,Ensign,British,23689,540,0,15,15,0
ensign,Ensign,British,23708,541,0,15,15,0
ensign,Ensign,British,23727,542,1,14,14,0
ensign,Ensign,British,23149,543,1,6,6,0
ensign,Ensign,British,23161,544,1,8,8,0
ensign,Ensign,British,23174,545,1,8,8,0
ensign,Ensign,British,23187,546,1,8,8,0
ensign,Ensign,British,23201,547,1,8,8,0
ensign,Ensign,British,23217,548,1,9,9,0
ensign,Ensign,British,23233,549,1,10,10,0
ensign,Ensign,British,23249,550,1,11,11,0
ensign,Ensign,British,23265,551,1,11,11,0
ensign,Ensign,British,23281,552,1,11,11,0
ensign,Ensign,British,23299,553,2,11,11,0
ensign,Ensign,British,23317,554,2,11,11,0
ensign,Ensign,British,23335,555,4,11,11,0
ensign,Ensign,British,23353,556,6,10,10,0
ensign,Ensign,British,23373,557,8,10,10,0
ensign,Ensign,British,23393,558,10,10,10,0
ensign,Ensign,British,23413,559,10,10,10,0
ensign,Ensign,British,22878,561,0,14,14,0
ensign,Ensign,British,22895,562,0,11,11,0
ensign,Ensign,British,22909,563,2,9,9,0
ensign,Ensign,British,22928,564,2,10,10,0
ensign,Ensign,British,22947,565,2,10,10,0
ensign,Ensign,British,22966,566,2,10,10,0
ensign,Ensign,British,22988,567,2,10,10,0
ensign,Ensign,British,23007,568,2,12,12,0
ensign,Ensign,British,23023,569,2,12,12,0
ensign,Ensign,British,23042,570,2,12,12,0
ensign,Ensign,British,23061,571,2,12,12,0
ensign,Ensign,British,23080,572,2,12,12,0
ensign,Ensign,British,23099,573,2,12,12,0
ensign,Ensign,British,23118,574,2,12,12,0
ensign,Ensign,British,23137,575,2,12,12,0
ensign,Ensign,British,22513,579,0,17,17,0
ensign,Ensign,British,22530,580,0,17,17,0
ensign,Ensign,British,22547,581,0,17,17,0
ensign,Ensign,British,22715,582,0,17,17,0
ensign,Ensign,British,22732,583,0,16,16,0
ensign,Ensign,British,22750,584,0,16,16,0
ensign,Ensign,British,22768,585,0,16,16,0
ensign,Ensign,British,22787,586,1,13,13,0
ensign,Ensign,British,22806,587,1,13,13,0
ensign,Ensign,British,22826,588,1,13,13,0
ensign,Ensign,British,22846,589,1,13,13,0
ensign,Ensign,British,22273,594,0,14,14,0
ensign,Ensign,British,22289,595,0,14,14,0
ensign,Ensign,British,22305,596,0,14,14,0
ensign,Ensign,British,22321,597,0,14,14,0
ensign,Ensign,British,22337,598,0,14,14,0
ensign,Ensign,British,22353,599,0,14,14,0
ensign,Ensign,British,22371,600,0,15,15,0
ensign,Ensign,British,22389,601,0,15,15,0
ensign,Ensign,British,22407,602,0,15,15,0
ensign,Ensign,British,22425,603,0,17,17,0
ensign,Ensign,British,22445,604,0,17,17,0
ensign,Ensign,British,22127,612,0,12,12,0
ensign,Ensign,British,22139,613,0,12,12,0
ensign,Ensign,British,22151,614,0,12,12,0
ensign,Ensign,British,22163,615,0,12,12,0
ensign,Ensign,British,22175,616,0,12,12,0
ensign,Ensign,British,22187,617,0,12,12,0
ensign,Ensign,British,22199,618,0,12,12,0
ensign,Ensign,British,22211,619,0,12,12,0
ensign,Ensign,British,23986,512,0,8,8,0
ensign,Ensign,British,24046,516,0,13,13,0
ensign,Ensign,British,24062,517,0,14,14,0
ensign,Ensign,British,24079,518,0,14,14,0
ensign,Ensign,British,24166,523,0,14,14,0
shadow,Shadow,British,11318,498,0,14,14,0
shadow,Shadow,British,11333,499,0,14,14,0
shadow,Shadow,British,11348,500,0,13,13,0
shadow,Shadow,British,11363,501,0,14,14,0
shadow,Shadow,British,11378,502,0,14,14,0
shadow,Shadow,British,11393,503,0,14,14,0
shadow,Shadow,British,11408,504,0,14,14,0
shadow,Shadow,British,11423,505,0,14,14,0
shadow,Shadow,British,11438,506,0,14,14,0
shadow,Shadow,British,11453,507,0,14,14,0
shadow,Shadow,British,11468,508,0,14,14,0
shadow,Shadow,British,11483,509,0,15,15,0
shadow,Shadow,British,11498,510,0,15,15,0
shadow,Shadow,British,11513,511,0,15,15,0
shadow,Shadow,British,23989,512,0,5,5,0
shadow,Shadow,British,24004,513,0,8,8,0
shadow,Shadow,British,24019,514,0,9,9,0
shadow,Shadow,British,24034,515,0,9,9,0
shadow,Shadow,British,24065,517,0,10,10,0
shadow,Shadow,British,24082,518,0,10,10,0
shadow,Shadow,British,24099,519,0,11,11,0
shadow,Shadow,British,24116,520,0,11,11,0
shadow,Shadow,British,24133,521,0,11,11,0
shadow,Shadow,British,24146,522,0,11,11,0
shadow,Shadow,British,24180,524,0,11,11,0
shadow,Shadow,British,24217,526,3,10,10,0
shadow,Shadow,British,23434,527,0,9,9,0
shadow,Shadow,British,23450,528,2,7,7,0
shadow,Shadow,British,23467,529,2,9,9,0
shadow,Shadow,British,23486,530,2,9,9,0
shadow,Shadow,British,23505,531,2,10,10,0
shadow,Shadow,British,23524,532,2,10,10,0
shadow,Shadow,British,23543,533,2,10,10,0
shadow,Shadow,British,23562,534,4,10,10,0
shadow,Shadow,British,23581,535,4,11,11,0
shadow,Shadow,British,23600,536,6,10,10,0
shadow,Shadow,British,23619,537,6,10,10,0
shadow,Shadow,British,23638,538,6,10,10,0
shadow,Shadow,British,23657,539,6,10,10,0
shadow,Shadow,British,23676,540,6,10,10,0
shadow,Shadow,British,23695,541,6,11,11,0
shadow,Shadow,British,23714,542,6,11,11,0
shadow,Shadow,British,23146,543,0,9,9,0
shadow,Shadow,British,23158,544,1,7,7,0
shadow,Shadow,British,23171,545,1,9,9,0
shadow,Shadow,British,23184,546,1,9,9,0
shadow,Shadow,British,23198,547,1,9,9,0
shadow,Shadow,British,23214,548,2,8,8,0
shadow,Shadow,British,23230,549,4,8,8,0
shadow,Shadow,British,23246,550,4,9,9,0
shadow,Shadow,British,23262,551,4,9,9,0
shadow,Shadow,British,23278,552,4,9,9,0
shadow,Shadow,British,23296,553,4,10,10,0
shadow,Shadow,British,23314,554,13,7,7,1
shadow,Shadow,British,23332,555,13,8,8,1
shadow,Shadow,British,23370,557,17,6,6,1
shadow,Shadow,British,23390,558,20,7,7,1
shadow,Shadow,British,23410,559,23,7,7,1
shadow,Shadow,British,23350,556,17,6,6,1
shadow,Shadow,British,22852,560,4,3,3,0
shadow,Shadow,British,22865,561,4,4,4,0
shadow,Shadow,British,22882,562,4,4,4,0
shadow,Shadow,British,22902,563,4,4,4,0
shadow,Shadow,British,22921,564,4,5,5,0
shadow,Shadow,British,22940,565,4,6,6,0
shadow,Shadow,British,22959,566,4,6,6,0
shadow,Shadow,British,22975,567,4,9,9,0
shadow,Shadow,British,22994,568,7,6,6,0
shadow,Shadow,British,23016,569,7,8,8,0
shadow,Shadow,British,23035,570,7,8,8,0
shadow,Shadow,British,23054,571,10,7,7,0
shadow,Shadow,British,23073,572,10,8,8,0
shadow,Shadow,British,23092,573,10,8,8,0
shadow,Shadow,British,23111,574,10,8,8,0
shadow,Shadow,British,23130,575,10,8,8,0
shadow,Shadow,British,22222,590,0,11,11,0
shadow,Shadow,British,22233,591,0,10,10,0
shadow,Shadow,British,22244,592,0,11,11,0
shadow,Shadow,British,22258,593,0,10,10,0
shadow,Shadow,British,22272,594,0,10,10,0
shadow,Shadow,British,22288,595,4,8,8,0
shadow,Shadow,British,22304,596,6,7,7,0
shadow,Shadow,British,22320,597,6,7,7,0
shadow,Shadow,British,22336,598,6,7,7,0
shadow,Shadow,British,22352,599,6,7,7,0
shadow,Shadow,British,22370,600,7,7,7,0
shadow,Shadow,British,22388,601,7,8,8,0
shadow,Shadow,British,22406,602,7,8,8,0
shadow,Shadow,British,22424,603,7,8,8,0
shadow,Shadow,British,22444,604,7,8,8,0
shadow,Shadow,British,22048,607,1,7,7,0
shadow,Shadow,British,22058,608,5,5,5,0
shadow,Shadow,British,22068,609,5,5,5,0
shadow,Shadow,British,22079,610,5,5,5,0
shadow,Shadow,British,22090,611,5,6,6,0
shadow,Shadow,British,22125,612,5,6,6,0
shadow,Shadow,British,22137,613,5,6,6,0
shadow,Shadow,British,22149,614,5,8,8,0
shadow,Shadow,British,22161,615,5,8,8,0
shadow,Shadow,British,22173,616,5,9,9,0
shadow,Shadow,British,22185,617,5,9,9,0
shadow,Shadow,British,22197,618,9,7,7,0
shadow,Shadow,British,22209,619,9,8,8,0
shadow,Shadow,British,24049,516,0,9,9,0
shadow,Shadow,British,24163,523,0,11,11,0
shadow,Shadow,British,24198,525,0,11,11,0
wolf,Wolf,Canadian,23999,513,0,12,12,0
wolf,Wolf,Canadian,24014,514,0,10,10,0
wolf,Wolf,Canadian,24029,515,0,11,11,0
wolf,Wolf,Canadian,24044,516,0,11,11,0
wolf,Wolf,Canadian,24060,517,0,12,12,0
wolf,Wolf,Canadian,24077,518,0,12,12,0
wolf,Wolf,Canadian,24151,522,0,12,12,0
wolf,Wolf,Canadian,24168,523,0,12,12,0
wolf,Wolf,Canadian,24185,524,0,12,12,0
wolf,Wolf,Canadian,24203,525,0,13,13,0
wolf,Wolf,Canadian,24222,526,0,14,14,0
wolf,Wolf,Canadian,23436,527,0,7,7,0
wolf,Wolf,Canadian,23452,528,0,10,10,0
wolf,Wolf,Canadian,23469,529,0,12,12,0
wolf,Wolf,Canadian,23488,530,0,12,12,0
wolf,Wolf,Canadian,23507,531,4,6,6,0
wolf,Wolf,Canadian,23526,532,4,7,7,0
wolf,Wolf,Canadian,23545,533,7,6,6,0
wolf,Wolf,Canadian,23564,534,7,8,8,0
wolf,Wolf,Canadian,23583,535,8,8,8,0
wolf,Wolf,Canadian,23602,536,8,8,8,0
wolf,Wolf,Canadian,23621,537,14,5,5,0
wolf,Wolf,Canadian,23640,538,14,6,6,0
wolf,Wolf,Canadian,23659,539,14,7,7,0
wolf,Wolf,Canadian,23678,540,14,7,7,0
wolf,Wolf,Canadian,23697,541,18,6,6,0
wolf,Wolf,Canadian,23716,542,24,5,5,0
wolf,Wolf,Canadian,23154,543,9,1,1,1
wolf,Wolf,Canadian,23166,544,9,2,2,1
wolf,Wolf,Canadian,23179,545,15,2,2,1
wolf,Wolf,Canadian,23192,546,19,2,2,1
wolf,Wolf,Canadian,23206,547,23,2,2,1
wolf,Wolf,Canadian,23222,548,32,2,2,2
wolf,Wolf,Canadian,23238,549,32,3,3,2
wolf,Wolf,Canadian,23254,550,32,3,3,2
wolf,Wolf,Canadian,23270,551,32,3,3,2
wolf,Wolf,Canadian,23286,552,32,4,4,2
wolf,Wolf,Canadian,23304,553,38,3,3,2
wolf,Wolf,Canadian,23322,554,38,3,3,2
wolf,Wolf,Canadian,23340,555,42,3,3,2
wolf,Wolf,Canadian,23358,556,42,3,3,2
wolf,Wolf,Canadian,23378,557,46,4,4,2
wolf,Wolf,Canadian,23398,558,55,3,3,3
wolf,Wolf,Canadian,23418,559,55,4,4,3
wolf,Wolf,Canadian,22855,560,0,6,6,0
wolf,Wolf,Canadian,22868,561,0,8,8,0
wolf,Wolf,Canadian,22885,562,0,10,10,0
wolf,Wolf,Canadian,22899,563,0,13,13,0
wolf,Wolf,Canadian,22918,564,0,14,14,0
wolf,Wolf,Canadian,22937,565,0,14,14,0
wolf,Wolf,Canadian,22956,566,0,14,14,0
wolf,Wolf,Canadian,22978,567,0,14,14,0
wolf,Wolf,Canadian,22997,568,0,14,14,0
wolf,Wolf,Canadian,23013,569,0,14,14,0
wolf,Wolf,Canadian,23032,570,0,14,14,0
wolf,Wolf,Canadian,23051,571,0,14,14,0
wolf,Wolf,Canadian,23070,572,0,14,14,0
wolf,Wolf,Canadian,23089,573,0,14,14,0
wolf,Wolf,Canadian,23108,574,0,14,14,0
wolf,Wolf,Canadian,23127,575,0,15,15,0
wolf,Wolf,Canadian,23984,512,0,10,10,0
wolf,Wolf,Canadian,24094,519,0,12,12,0
wolf,Wolf,Canadian,24111,520,0,12,12,0
wolf,Wolf,Canadian,24128,521,0,12,12,0
merzario,Merzario,Italian,23994,512,0,14,14,0
merzario,Merzario,Italian,24010,513,0,15,15,0
merzario,Merzario,Italian,24025,514,0,15,15,0
merzario,Merzario,Italian,24040,515,0,15,15,0
merzario,Merzario,Italian,24055,516,0,15,15,0
merzario,Merzario,Italian,24071,517,0,16,16,0
merzario,Merzario,Italian,24088,518,0,16,16,0
merzario,Merzario,Italian,24105,519,0,16,16,0
merzario,Merzario,Italian,24122,520,0,16,16,0
merzario,Merzario,Italian,24139,521,0,16,16,0
merzario,Merzario,Italian,24155,522,0,16,16,0
merzario,Merzario,Italian,24172,523,0,16,16,0
merzario,Merzario,Italian,24189,524,0,16,16,0
merzario,Merzario,Italian,24207,525,0,18,18,0
merzario,Merzario,Italian,24226,526,0,18,18,0
merzario,Merzario,Italian,23444,527,0,14,14,0
merzario,Merzario,Italian,23461,528,0,15,15,0
merzario,Merzario,Italian,23479,529,0,15,15,0
merzario,Merzario,Italian,23498,530,0,16,16,0
merzario,Merzario,Italian,23517,531,0,16,16,0
merzario,Merzario,Italian,23536,532,0,17,17,0
merzario,Merzario,Italian,23555,533,0,17,17,0
merzario,Merzario,Italian,23574,534,0,17,17,0
merzario,Merzario,Italian,23593,535,0,17,17,0
merzario,Merzario,Italian,23612,536,0,17,17,0
merzario,Merzario,Italian,23631,537,0,17,17,0
merzario,Merzario,Italian,23650,538,0,17,17,0
merzario,Merzario,Italian,23669,539,0,17,17,0
merzario,Merzario,Italian,23688,540,0,17,17,0
merzario,Merzario,Italian,23707,541,0,17,17,0
merzario,Merzario,Italian,23726,542,0,17,17,0
kauhsen,Kauhsen,German,24072,517,0,17,17,0
kauhsen,Kauhsen,German,24089,518,0,17,17,0
kauhsen,Kauhsen,German,24107,519,0,17,17,0
kauhsen,Kauhsen,German,24124,520,0,17,17,0
kauhsen,Kauhsen,German,24141,521,0,17,17,0
kauhsen,Kauhsen,German,24157,522,0,17,17,0
kauhsen,Kauhsen,German,24174,523,0,17,17,0
kauhsen,Kauhsen,German,24191,524,0,17,17,0
kauhsen,Kauhsen,German,24209,525,0,19,19,0
kauhsen,Kauhsen,German,24228,526,0,19,19,0
kauhsen,Kauhsen,German,24056,516,0,16,16,0
rebaque,Rebaque,Mexican,24193,524,0,18,18,0
rebaque,Rebaque,Mexican,24211,525,0,17,17,0
rebaque,Rebaque,Mexican,24230,526,0,17,17,0
surtees,Surtees,British,23432,527,0,11,11,0
surtees,Surtees,British,23448,528,0,13,13,0
surtees,Surtees,British,23465,529,0,13,13,0
surtees,Surtees,British,23484,530,0,13,13,0
surtees,Surtees,British,23503,531,0,14,14,0
surtees,Surtees,British,23522,532,0,15,15,0
surtees,Surtees,British,23541,533,0,13,13,0
surtees,Surtees,British,23560,534,0,13,13,0
surtees,Surtees,British,23579,535,0,13,13,0
surtees,Surtees,British,23598,536,0,13,13,0
surtees,Surtees,British,23617,537,0,13,13,0
surtees,Surtees,British,23636,538,1,12,12,0
surtees,Surtees,British,23655,539,1,12,12,0
surtees,Surtees,British,23674,540,1,12,12,0
surtees,Surtees,British,23693,541,1,13,13,0
surtees,Surtees,British,23712,542,1,13,13,0
surtees,Surtees,British,23148,543,0,7,7,0
surtees,Surtees,British,23160,544,0,9,9,0
surtees,Surtees,British,23173,545,0,10,10,0
surtees,Surtees,British,23186,546,0,11,11,0
surtees,Surtees,British,23200,547,0,11,11,0
surtees,Surtees,British,23216,548,0,11,11,0
surtees,Surtees,British,23232,549,3,9,9,0
surtees,Surtees,British,23248,550,3,10,10,0
surtees,Surtees,British,23264,551,3,10,10,0
surtees,Surtees,British,23280,552,3,10,10,0
surtees,Surtees,British,23298,553,5,9,9,0
surtees,Surtees,British,23316,554,5,10,10,0
surtees,Surtees,British,23334,555,5,10,10,0
surtees,Surtees,British,23352,556,5,11,11,0
surtees,Surtees,British,23372,557,5,11,11,0
surtees,Surtees,British,23392,558,6,11,11,0
surtees,Surtees,British,23412,559,6,11,11,0
surtees,Surtees,British,22877,561,0,13,13,0
surtees,Surtees,British,22894,562,0,15,15,0
surtees,Surtees,British,22905,563,0,14,14,0
surtees,Surtees,British,22924,564,2,11,11,0
surtees,Surtees,British,22943,565,2,11,11,0
surtees,Surtees,British,22962,566,2,11,11,0
surtees,Surtees,British,22987,567,2,11,11,0
surtees,Surtees,British,23006,568,4,10,10,0
surtees,Surtees,British,23019,569,4,10,10,0
surtees,Surtees,British,23038,570,4,10,10,0
surtees,Surtees,British,23057,571,4,10,10,0
surtees,Surtees,British,23076,572,4,10,10,0
surtees,Surtees,British,23095,573,4,10,10,0
surtees,Surtees,British,23114,574,4,10,10,0
surtees,Surtees,British,23133,575,7,10,10,0
surtees,Surtees,British,22478,577,0,11,11,0
surtees,Surtees,British,22493,578,0,13,13,0
surtees,Surtees,British,22509,579,0,13,13,0
surtees,Surtees,British,22526,580,0,13,13,0
surtees,Surtees,British,22543,581,0,13,13,0
surtees,Surtees,British,22711,582,0,13,13,0
surtees,Surtees,British,22728,583,0,13,13,0
surtees,Surtees,British,22746,584,0,13,13,0
surtees,Surtees,British,22764,585,0,13,13,0
surtees,Surtees,British,22783,586,0,14,14,0
surtees,Surtees,British,22802,587,0,14,14,0
surtees,Surtees,British,22822,588,0,14,14,0
surtees,Surtees,British,22842,589,0,14,14,0
surtees,Surtees,British,22220,590,0,9,9,0
surtees,Surtees,British,22230,591,3,4,4,0
surtees,Surtees,British,22241,592,3,7,7,0
surtees,Surtees,British,22253,593,3,8,8,0
surtees,Surtees,British,22267,594,3,8,8,0
surtees,Surtees,British,22283,595,3,9,9,0
surtees,Surtees,British,22299,596,3,10,10,0
surtees,Surtees,British,22315,597,3,10,10,0
surtees,Surtees,British,22331,598,3,10,10,0
surtees,Surtees,British,22347,599,3,10,10,0
surtees,Surtees,British,22365,600,3,10,10,0
surtees,Surtees,British,22383,601,3,10,10,0
surtees,Surtees,British,22401,602,3,11,11,0
surtees,Surtees,British,22419,603,3,11,11,0
surtees,Surtees,British,22439,604,3,11,11,0
surtees,Surtees,British,22038,605,0,9,9,0
surtees,Surtees,British,21883,606,0,9,9,0
surtees,Surtees,British,22047,607,0,9,9,0
surtees,Surtees,British,22057,608,0,10,10,0
surtees,Surtees,British,22067,609,0,11,11,0
surtees,Surtees,British,22078,610,0,11,11,0
surtees,Surtees,British,22089,611,0,11,11,0
surtees,Surtees,British,22124,612,0,11,11,0
surtees,Surtees,British,22136,613,0,11,11,0
surtees,Surtees,British,22148,614,0,11,11,0
surtees,Surtees,British,22160,615,3,9,9,0
surtees,Surtees,British,22172,616,7,8,8,0
surtees,Surtees,British,22184,617,7,8,8,0
surtees,Surtees,British,22196,618,7,9,9,0
surtees,Surtees,British,22208,619,7,9,9,0
surtees,Surtees,British,21907,621,2,6,6,0
surtees,Surtees,British,21916,622,5,5,5,0
surtees,Surtees,British,21925,623,5,6,6,0
surtees,Surtees,British,21944,624,8,6,6,0
surtees,Surtees,British,21954,625,9,6,6,0
surtees,Surtees,British,21964,626,9,7,7,0
surtees,Surtees,British,21975,627,9,8,8,0
surtees,Surtees,British,21986,628,12,7,7,0
surtees,Surtees,British,21998,629,18,5,5,0
surtees,Surtees,British,22010,630,18,5,5,0
surtees,Surtees,British,22022,631,18,5,5,0
surtees,Surtees,British,21673,632,0,6,6,0
surtees,Surtees,British,21683,633,0,7,7,0
surtees,Surtees,British,21693,634,1,8,8,0
surtees,Surtees,British,21707,635,3,8,8,0
surtees,Surtees,British,21718,636,3,8,8,0
surtees,Surtees,British,21725,637,5,8,8,0
surtees,Surtees,British,21736,638,5,8,8,0
surtees,Surtees,British,21751,639,5,9,9,0
surtees,Surtees,British,21762,640,8,7,7,0
surtees,Surtees,British,21774,641,8,8,8,0
surtees,Surtees,British,21782,642,8,8,8,0
surtees,Surtees,British,21600,649,0,10,10,0
surtees,Surtees,British,21611,650,0,8,8,0
surtees,Surtees,British,21622,651,0,8,8,0
surtees,Surtees,British,21633,652,0,9,9,0
surtees,Surtees,British,21644,653,2,8,8,0
surtees,Surtees,British,21656,654,3,8,8,0
surtees,Surtees,British,21668,655,3,8,8,0
surtees,Surtees,British,21898,620,2,4,4,0
hesketh,Hesketh,British,23446,527,0,16,16,0
hesketh,Hesketh,British,23463,528,0,17,17,0
hesketh,Hesketh,British,23481,529,0,18,18,0
hesketh,Hesketh,British,23500,530,0,18,18,0
hesketh,Hesketh,British,23519,531,0,18,18,0
hesketh,Hesketh,British,23539,532,0,19,19,0
hesketh,Hesketh,British,23558,533,0,19,19,0
hesketh,Hesketh,British,23577,534,0,19,19,0
hesketh,Hesketh,British,23596,535,0,19,19,0
hesketh,Hesketh,British,23615,536,0,19,19,0
hesketh,Hesketh,British,23634,537,0,19,19,0
hesketh,Hesketh,British,23672,539,0,19,19,0
hesketh,Hesketh,British,23653,538,0,19,19,0
hesketh,Hesketh,British,23691,540,0,19,19,0
hesketh,Hesketh,British,23710,541,0,19,19,0
hesketh,Hesketh,British,23729,542,0,19,19,0
hesketh,Hesketh,British,23212,547,0,15,15,0
hesketh,Hesketh,British,23228,548,0,14,14,0
hesketh,Hesketh,British,23244,549,0,13,13,0
hesketh,Hesketh,British,23260,550,0,13,13,0
hesketh,Hesketh,British,23276,551,0,13,13,0
hesketh,Hesketh,British,23292,552,0,13,13,0
hesketh,Hesketh,British,23310,553,0,14,14,0
hesketh,Hesketh,British,23328,554,0,13,13,0
hesketh,Hesketh,British,23346,555,0,13,13,0
hesketh,Hesketh,British,23364,556,0,14,14,0
hesketh,Hesketh,British,23384,557,0,13,13,0
hesketh,Hesketh,British,23404,558,0,14,14,0
hesketh,Hesketh,British,23424,559,0,14,14,0
hesketh,Hesketh,British,22989,567,0,18,18,0
hesketh,Hesketh,British,23008,568,0,15,15,0
hesketh,Hesketh,British,23142,575,0,14,14,0
hesketh,Hesketh,British,22460,576,6,2,2,0
hesketh,Hesketh,British,22474,577,7,3,3,0
hesketh,Hesketh,British,22489,578,7,5,5,0
hesketh,Hesketh,British,22505,579,7,5,5,0
hesketh,Hesketh,British,22522,580,7,5,5,0
hesketh,Hesketh,British,22539,581,7,5,5,0
hesketh,Hesketh,British,22742,584,22,4,4,1
hesketh,Hesketh,British,22760,585,25,4,4,1
hesketh,Hesketh,British,22779,586,25,4,4,1
hesketh,Hesketh,British,22798,587,28,4,4,1
hesketh,Hesketh,British,22818,588,30,4,4,1
hesketh,Hesketh,British,22838,589,33,4,4,1
hesketh,Hesketh,British,22245,592,0,12,12,0
hesketh,Hesketh,British,22257,593,0,11,11,0
hesketh,Hesketh,British,22271,594,0,13,13,0
hesketh,Hesketh,British,22287,595,0,13,13,0
hesketh,Hesketh,British,22303,596,4,9,9,0
hesketh,Hesketh,British,22319,597,4,9,9,0
hesketh,Hesketh,British,22335,598,4,9,9,0
hesketh,Hesketh,British,22351,599,4,9,9,0
hesketh,Hesketh,British,22369,600,4,9,9,0
hesketh,Hesketh,British,22387,601,8,7,7,0
hesketh,Hesketh,British,22405,602,8,7,7,0
hesketh,Hesketh,British,22423,603,11,6,6,0
hesketh,Hesketh,British,22443,604,15,6,6,0
hesketh,Hesketh,British,22707,582,7,5,5,0
hesketh,Hesketh,British,22724,583,16,5,5,1
hesketh,Hesketh,British,22879,561,0,15,15,0
hesketh,Hesketh,British,22896,562,0,16,16,0
hesketh,Hesketh,British,22914,563,0,17,17,0
hesketh,Hesketh,British,22934,564,0,18,18,0
hesketh,Hesketh,British,22953,565,0,18,18,0
hesketh,Hesketh,British,22971,566,0,18,18,0
hesketh,Hesketh,British,23028,569,0,15,15,0
hesketh,Hesketh,British,23047,570,0,15,15,0
hesketh,Hesketh,British,23066,571,0,15,15,0
hesketh,Hesketh,British,23085,572,0,15,15,0
hesketh,Hesketh,British,23104,573,0,15,15,0
hesketh,Hesketh,British,23123,574,0,15,15,0
martini,Martini,French,23501,530,0,19,19,0
martini,Martini,French,23482,529,0,19,19,0
martini,Martini,French,23520,531,0,19,19,0
martini,Martini,French,23538,532,0,13,13,0
martini,Martini,French,23557,533,0,14,14,0
martini,Martini,French,23576,534,0,14,14,0
martini,Martini,French,23595,535,0,14,14,0
martini,Martini,French,23614,536,0,14,14,0
martini,Martini,French,23633,537,0,14,14,0
martini,Martini,French,23652,538,0,14,14,0
martini,Martini,French,23671,539,0,14,14,0
martini,Martini,French,23690,540,0,14,14,0
martini,Martini,French,23709,541,0,16,16,0
martini,Martini,French,23728,542,0,16,16,0
brm,BRM,British,23170,544,0,13,13,0
brm,BRM,British,23183,545,0,12,12,0
brm,BRM,British,23197,546,0,14,14,0
brm,BRM,British,23211,547,0,14,14,0
brm,BRM,British,23227,548,0,15,15,0
brm,BRM,British,23245,549,0,16,16,0
brm,BRM,British,23261,550,0,16,16,0
brm,BRM,British,23277,551,0,16,16,0
brm,BRM,British,23294,552,0,16,16,0
brm,BRM,British,23312,553,0,16,16,0
brm,BRM,British,23330,554,0,16,16,0
brm,BRM,British,23348,555,0,16,16,0
brm,BRM,British,23366,556,0,16,16,0
brm,BRM,British,23386,557,0,16,16,0
brm,BRM,British,23406,558,0,16,16,0
brm,BRM,British,23426,559,0,17,17,0
brm,BRM,British,22875,561,0,17,17,0
brm,BRM,British,22892,562,0,17,17,0
brm,BRM,British,22913,563,0,18,18,0
brm,BRM,British,22985,567,0,19,19,0
brm,BRM,British,23004,568,0,19,19,0
brm,BRM,British,22464,576,0,13,13,0
brm,BRM,British,22480,577,0,15,15,0
brm,BRM,British,22495,578,0,16,16,0
brm,BRM,British,22511,579,0,16,16,0
brm,BRM,British,22528,580,0,16,16,0
brm,BRM,British,22545,581,0,14,14,0
brm,BRM,British,22713,582,0,14,14,0
brm,BRM,British,22730,583,0,14,14,0
brm,BRM,British,22748,584,0,14,14,0
brm,BRM,British,22766,585,0,14,14,0
brm,BRM,British,22785,586,0,15,15,0
brm,BRM,British,22804,587,0,15,15,0
brm,BRM,British,22824,588,0,15,15,0
brm,BRM,British,22844,589,0,15,15,0
brm,BRM,British,22216,590,2,3,3,0
brm,BRM,British,22227,591,2,5,5,0
brm,BRM,British,22238,592,8,4,4,0
brm,BRM,British,22250,593,8,4,4,0
brm,BRM,British,22264,594,10,3,3,0
brm,BRM,British,22280,595,10,6,6,0
brm,BRM,British,22296,596,10,6,6,0
brm,BRM,British,22312,597,10,6,6,0
brm,BRM,British,22328,598,10,6,6,0
brm,BRM,British,22344,599,10,6,6,0
brm,BRM,British,22362,600,10,6,6,0
brm,BRM,British,22380,601,10,6,6,0
brm,BRM,British,22398,602,10,6,6,0
brm,BRM,British,22416,603,10,7,7,0
brm,BRM,British,22436,604,10,7,7,0
brm,BRM,British,21876,606,1,5,5,0
brm,BRM,British,22051,608,3,6,6,0
brm,BRM,British,22061,609,5,6,6,0
brm,BRM,British,22072,610,5,6,6,0
brm,BRM,British,22083,611,5,7,7,0
brm,BRM,British,22118,612,5,7,7,0
brm,BRM,British,22130,613,5,7,7,0
brm,BRM,British,22142,614,7,7,7,0
brm,BRM,British,22154,615,7,7,7,0
brm,BRM,British,22166,616,9,6,6,0
brm,BRM,British,22178,617,9,6,6,0
brm,BRM,British,22190,618,12,6,6,0
brm,BRM,British,22202,619,12,7,7,0
brm,BRM,British,21922,623,9,5,5,1
brm,BRM,British,21951,625,9,5,5,1
brm,BRM,British,21961,626,9,5,5,1
brm,BRM,British,21972,627,12,5,5,1
brm,BRM,British,21983,628,13,5,5,1
brm,BRM,British,21995,629,14,6,6,1
brm,BRM,British,22007,630,14,6,6,1
brm,BRM,British,22019,631,14,7,7,1
brm,BRM,British,21689,633,3,4,4,0
brm,BRM,British,21699,634,3,7,7,0
brm,BRM,British,21731,637,12,5,5,0
brm,BRM,British,21742,638,12,5,5,0
brm,BRM,British,21766,640,30,3,3,2
brm,BRM,British,21778,641,30,3,3,2
brm,BRM,British,21788,642,36,2,2,2
brm,BRM,British,21538,643,0,6,6,0
brm,BRM,British,21299,656,0,4,4,0
brm,BRM,British,21306,657,2,4,4,0
brm,BRM,British,21313,658,2,5,5,0
brm,BRM,British,21321,659,2,6,6,0
brm,BRM,British,21329,660,2,6,6,0
brm,BRM,British,21337,661,2,6,6,0
brm,BRM,British,21345,662,2,6,6,0
brm,BRM,British,21383,666,7,5,5,0
brm,BRM,British,21028,674,18,5,5,0
brm,BRM,British,21062,676,25,5,5,0
brm,BRM,British,20750,680,1,9,9,0
brm,BRM,British,20766,681,1,10,10,0
brm,BRM,British,20781,682,7,6,6,0
brm,BRM,British,20794,683,11,3,3,0
brm,BRM,British,20809,684,11,5,5,0
brm,BRM,British,20827,685,11,5,5,0
brm,BRM,British,20844,686,13,6,6,0
brm,BRM,British,20863,687,15,6,6,0
brm,BRM,British,20882,688,15,6,6,0
brm,BRM,British,20902,689,17,6,6,0
brm,BRM,British,20628,690,9,1,1,1
brm,BRM,British,20645,692,9,3,3,1
brm,BRM,British,20372,700,13,1,1,1
brm,BRM,British,20388,701,19,1,1,1
brm,BRM,British,20404,702,25,2,2,1
brm,BRM,British,20420,703,31,2,2,1
brm,BRM,British,20436,704,37,2,2,1
brm,BRM,British,20452,705,39,2,2,1
brm,BRM,British,20468,706,42,2,2,2
brm,BRM,British,20484,707,45,2,2,3
brm,BRM,British,20500,708,45,2,2,3
brm,BRM,British,20071,709,9,1,1,1
brm,BRM,British,20080,710,12,2,2,1
brm,BRM,British,20088,711,15,2,2,1
brm,BRM,British,20098,712,21,2,2,1
brm,BRM,British,20108,713,27,2,2,1
brm,BRM,British,20119,714,33,2,2,1
brm,BRM,British,20143,716,36,2,2,1
brm,BRM,British,19834,722,14,3,3,1
brm,BRM,British,19859,724,22,2,2,1
brm,BRM,British,19873,725,28,2,2,1
brm,BRM,British,19908,727,36,2,2,2
brm,BRM,British,19810,720,12,1,1,1
brm,BRM,British,19791,719,9,1,1,1
brm,BRM,British,19340,740,0,6,6,0
brm,BRM,British,19333,739,0,6,6,0
brm,BRM,British,19546,733,23,2,2,1
brm,BRM,British,19535,732,20,1,1,1
brm,BRM,British,19356,742,1,5,5,0
brm,BRM,British,19526,731,16,1,1,1
brm,BRM,British,19510,729,9,1,1,1
brm,BRM,British,19517,730,10,2,2,1
brm,BRM,British,19390,745,7,5,5,0
brm,BRM,British,18865,759,8,3,3,1
brm,BRM,British,19558,734,31,1,1,2
brm,BRM,British,19377,744,3,5,5,0
brm,BRM,British,19366,743,1,5,5,0
brm,BRM,British,19347,741,1,5,5,0
brm,BRM,British,19127,755,8,4,4,0
brm,BRM,British,19115,754,6,4,4,0
brm,BRM,British,19102,753,6,4,4,0
brm,BRM,British,19090,752,6,4,4,0
brm,BRM,British,19056,749,6,4,4,0
brm,BRM,British,19045,748,2,5,5,0
brm,BRM,British,19035,747,2,5,5,0
brm,BRM,British,19030,746,0,5,5,0
brm,BRM,British,19580,735,37,1,1,3
brm,BRM,British,18850,757,0,4,4,0
brm,BRM,British,18857,758,8,2,2,1
brm,BRM,British,18843,756,0,4,4,0
brm,BRM,British,17845,775,18,4,4,0
brm,BRM,British,17836,774,15,4,4,0
brm,BRM,British,17827,773,15,4,4,0
brm,BRM,British,18873,760,14,3,3,1
brm,BRM,British,17818,772,12,4,4,0
brm,BRM,British,18885,761,16,3,3,1
brm,BRM,British,17809,771,12,4,4,0
brm,BRM,British,17800,770,10,4,4,0
brm,BRM,British,19597,736,39,1,1,3
brm,BRM,British,17782,768,8,4,4,0
brm,BRM,British,17791,769,10,4,4,0
brm,BRM,British,17765,766,2,4,4,0
brm,BRM,British,17773,767,8,4,4,0
brm,BRM,British,19079,751,6,4,4,0
brm,BRM,British,19067,750,6,4,4,0
brm,BRM,British,22041,607,1,5,5,0
brm,BRM,British,22032,605,0,6,6,0
brm,BRM,British,21941,624,9,5,5,1
brm,BRM,British,21913,622,0,8,8,0
brm,BRM,British,21904,621,0,8,8,0
brm,BRM,British,21895,620,0,7,7,0
brm,BRM,British,21755,639,21,3,3,1
brm,BRM,British,21722,636,12,3,3,0
brm,BRM,British,21711,635,9,3,3,0
brm,BRM,British,21681,632,0,10,10,0
brm,BRM,British,21661,655,23,6,6,1
brm,BRM,British,21649,654,22,6,6,1
brm,BRM,British,21637,653,16,7,7,1
brm,BRM,British,21626,652,13,7,7,1
brm,BRM,British,21615,651,13,7,7,1
brm,BRM,British,21604,650,10,7,7,1
brm,BRM,British,21593,649,10,6,6,1
brm,BRM,British,21583,648,10,6,6,1
brm,BRM,British,21573,647,10,6,6,1
brm,BRM,British,21564,646,10,6,6,1
brm,BRM,British,21555,645,1,6,6,0
brm,BRM,British,21546,644,0,6,6,0
brm,BRM,British,21373,665,6,6,6,0
brm,BRM,British,21363,664,2,6,6,0
brm,BRM,British,21354,663,2,6,6,0
brm,BRM,British,21097,678,28,5,5,0
brm,BRM,British,21080,677,25,5,5,0
brm,BRM,British,21046,675,21,5,5,0
brm,BRM,British,21014,673,17,5,5,0
brm,BRM,British,20998,672,17,5,5,0
brm,BRM,British,20983,671,16,3,3,0
brm,BRM,British,20969,670,12,3,3,0
brm,BRM,British,20953,669,6,4,4,0
brm,BRM,British,20942,668,0,10,10,0
brm,BRM,British,20927,667,0,12,12,0
brm,BRM,British,20743,679,0,9,9,0
brm,BRM,British,20725,698,22,4,4,1
brm,BRM,British,20710,697,22,4,4,1
brm,BRM,British,20695,696,22,3,3,1
brm,BRM,British,20682,695,22,3,3,1
brm,BRM,British,20669,694,19,3,3,1
brm,BRM,British,20656,693,13,3,3,1
brm,BRM,British,20634,691,9,2,2,1
brm,BRM,British,20357,699,4,3,3,0
brm,BRM,British,20163,718,42,2,2,2
brm,BRM,British,20150,717,42,2,2,2
brm,BRM,British,20131,715,36,1,1,1
brm,BRM,British,19927,728,36,2,2,2
brm,BRM,British,19890,726,35,2,2,2
brm,BRM,British,19846,723,18,2,2,1
brm,BRM,British,19822,721,14,2,2,1
brm,BRM,British,19614,737,42,1,1,4
brm,BRM,British,19322,738,0,6,6,0
brm,BRM,British,18921,764,18,3,3,1
brm,BRM,British,18909,763,18,3,3,1
brm,BRM,British,18897,762,18,3,3,1
brm,BRM,British,22862,560,0,13,13,0
brm,BRM,British,22933,564,0,19,19,0
brm,BRM,British,22952,565,0,19,19,0
brm,BRM,British,22972,566,0,19,19,0
brm,BRM,British,23029,569,0,19,19,0
brm,BRM,British,23048,570,0,19,19,0
brm,BRM,British,23067,571,0,19,19,0
brm,BRM,British,23086,572,0,19,19,0
brm,BRM,British,23105,573,0,19,19,0
brm,BRM,British,23124,574,0,19,19,0
brm,BRM,British,23144,575,0,20,20,0
penske,Penske,American,23196,546,1,10,10,0
penske,Penske,American,23210,547,1,10,10,0
penske,Penske,American,23226,548,1,10,10,0
penske,Penske,American,23242,549,1,11,11,0
penske,Penske,American,23258,550,1,12,12,0
penske,Penske,American,23274,551,1,12,12,0
penske,Penske,American,23290,552,1,12,12,0
penske,Penske,American,23308,553,1,12,12,0
penske,Penske,American,23326,554,1,12,12,0
penske,Penske,American,23344,555,1,12,12,0
penske,Penske,American,23362,556,1,12,12,0
penske,Penske,American,23382,557,1,12,12,0
penske,Penske,American,23402,558,1,12,12,0
penske,Penske,American,23422,559,1,12,12,0
penske,Penske,American,22861,560,0,12,12,0
penske,Penske,American,22874,561,2,6,6,0
penske,Penske,American,22891,562,2,7,7,0
penske,Penske,American,22908,563,2,10,10,0
penske,Penske,American,22927,564,2,9,9,0
penske,Penske,American,22946,565,2,9,9,0
penske,Penske,American,22965,566,2,9,9,0
penske,Penske,American,22984,567,6,5,5,0
penske,Penske,American,23003,568,10,4,4,0
penske,Penske,American,23022,569,10,4,4,0
penske,Penske,American,23041,570,19,4,4,1
penske,Penske,American,23060,571,19,4,4,1
penske,Penske,American,23079,572,19,5,5,1
penske,Penske,American,23098,573,19,6,6,1
penske,Penske,American,23117,574,20,4,4,1
penske,Penske,American,23136,575,20,5,5,1
penske,Penske,American,22456,576,0,6,6,0
penske,Penske,American,22470,577,0,7,7,0
penske,Penske,American,22485,578,0,6,6,0
penske,Penske,American,22501,579,0,9,9,0
penske,Penske,American,22518,580,0,9,9,0
penske,Penske,American,22535,581,0,9,9,0
penske,Penske,American,22756,585,2,10,10,0
penske,Penske,American,22775,586,2,12,12,0
penske,Penske,American,22794,587,2,12,12,0
penske,Penske,American,22814,588,2,12,12,0
penske,Penske,American,22834,589,2,12,12,0
penske,Penske,American,22427,603,0,15,15,0
penske,Penske,American,22447,604,0,15,15,0
penske,Penske,American,22703,582,2,9,9,0
penske,Penske,American,22720,583,2,9,9,0
penske,Penske,American,22738,584,2,9,9,0
lec,LEC,British,23213,547,0,16,16,0
lec,LEC,British,23229,548,0,16,16,0
lec,LEC,British,23243,549,0,15,15,0
lec,LEC,British,23259,550,0,15,15,0
lec,LEC,British,23275,551,0,15,15,0
lec,LEC,British,23291,552,0,15,15,0
lec,LEC,British,23309,553,0,15,15,0
lec,LEC,British,23327,554,0,15,15,0
lec,LEC,British,23345,555,0,15,15,0
lec,LEC,British,23363,556,0,15,15,0
lec,LEC,British,23383,557,0,15,15,0
lec,LEC,British,23403,558,0,15,15,0
lec,LEC,British,23423,559,0,16,16,0
mcguire,McGuire,Australian,23295,552,0,18,18,0
mcguire,McGuire,Australian,23313,553,0,18,18,0
mcguire,McGuire,Australian,23331,554,0,18,18,0
mcguire,McGuire,Australian,23349,555,0,18,18,0
mcguire,McGuire,Australian,23367,556,0,20,20,0
mcguire,McGuire,Australian,23387,557,0,20,20,0
mcguire,McGuire,Australian,23407,558,0,20,20,0
mcguire,McGuire,Australian,23427,559,0,21,21,0
boro,Boro,Dutch,23368,556,0,18,18,0
boro,Boro,Dutch,23388,557,0,18,18,0
boro,Boro,Dutch,23408,558,0,18,18,0
boro,Boro,Dutch,23428,559,0,19,19,0
boro,Boro,Dutch,22912,563,0,16,16,0
boro,Boro,Dutch,22931,564,0,15,15,0
boro,Boro,Dutch,22950,565,0,15,15,0
boro,Boro,Dutch,22969,566,0,15,15,0
boro,Boro,Dutch,23026,569,0,16,16,0
boro,Boro,Dutch,23045,570,0,16,16,0
boro,Boro,Dutch,23064,571,0,16,16,0
boro,Boro,Dutch,23083,572,0,16,16,0
boro,Boro,Dutch,23102,573,0,16,16,0
boro,Boro,Dutch,23121,574,0,16,16,0
boro,Boro,Dutch,23140,575,0,16,16,0
boro,Boro,Dutch,22990,567,0,15,15,0
boro,Boro,Dutch,23009,568,0,16,16,0
apollon,Apollon,Swiss,23369,556,0,19,19,0
apollon,Apollon,Swiss,23389,557,0,19,19,0
apollon,Apollon,Swiss,23409,558,0,19,19,0
apollon,Apollon,Swiss,23429,559,0,20,20,0
kojima,Kojima,Japanese,23430,559,0,15,15,0
kojima,Kojima,Japanese,23143,575,0,18,18,0
parnelli,Parnelli,American,22876,561,1,7,7,0
parnelli,Parnelli,American,22893,562,1,9,9,0
parnelli,Parnelli,American,22907,563,1,12,12,0
parnelli,Parnelli,American,22926,564,1,13,13,0
parnelli,Parnelli,American,22945,565,1,13,13,0
parnelli,Parnelli,American,22964,566,1,13,13,0
parnelli,Parnelli,American,22986,567,1,13,13,0
parnelli,Parnelli,American,23005,568,1,13,13,0
parnelli,Parnelli,American,23021,569,1,13,13,0
parnelli,Parnelli,American,23040,570,1,13,13,0
parnelli,Parnelli,American,23059,571,1,13,13,0
parnelli,Parnelli,American,23078,572,1,13,13,0
parnelli,Parnelli,American,23097,573,1,13,13,0
parnelli,Parnelli,American,23116,574,1,13,13,0
parnelli,Parnelli,American,23135,575,1,13,13,0
parnelli,Parnelli,American,22463,576,0,12,12,0
parnelli,Parnelli,American,22479,577,0,6,6,0
parnelli,Parnelli,American,22494,578,0,7,7,0
parnelli,Parnelli,American,22510,579,0,11,11,0
parnelli,Parnelli,American,22527,580,0,11,11,0
parnelli,Parnelli,American,22544,581,0,11,11,0
parnelli,Parnelli,American,22712,582,3,7,7,0
parnelli,Parnelli,American,22729,583,3,8,8,0
parnelli,Parnelli,American,22747,584,5,7,7,0
parnelli,Parnelli,American,22765,585,5,7,7,0
parnelli,Parnelli,American,22784,586,5,9,9,0
parnelli,Parnelli,American,22803,587,5,10,10,0
parnelli,Parnelli,American,22823,588,5,10,10,0
parnelli,Parnelli,American,22843,589,5,10,10,0
parnelli,Parnelli,American,22428,603,0,13,13,0
parnelli,Parnelli,American,22448,604,0,13,13,0
maki,Maki,Japanese,22733,583,0,18,18,0
maki,Maki,Japanese,22751,584,0,18,18,0
maki,Maki,Japanese,22770,585,0,19,19,0
maki,Maki,Japanese,22789,586,0,19,19,0
maki,Maki,Japanese,22809,587,0,20,20,0
maki,Maki,Japanese,22829,588,0,20,20,0
maki,Maki,Japanese,22849,589,0,20,20,0
maki,Maki,Japanese,22357,599,0,18,18,0
maki,Maki,Japanese,22375,600,0,18,18,0
maki,Maki,Japanese,22393,601,0,18,18,0
maki,Maki,Japanese,22411,602,0,18,18,0
maki,Maki,Japanese,22431,603,0,20,20,0
maki,Maki,Japanese,22451,604,0,20,20,0
maki,Maki,Japanese,23145,575,0,21,21,0
hill,Embassy Hill,British,22496,578,0,8,8,0
hill,Embassy Hill,British,22512,579,0,12,12,0
hill,Embassy Hill,British,22529,580,0,12,12,0
hill,Embassy Hill,British,22546,581,0,12,12,0
hill,Embassy Hill,British,22714,582,1,11,11,0
hill,Embassy Hill,British,22731,583,1,11,11,0
hill,Embassy Hill,British,22749,584,1,11,11,0
hill,Embassy Hill,British,22767,585,1,11,11,0
hill,Embassy Hill,British,22786,586,3,11,11,0
hill,Embassy Hill,British,22805,587,3,11,11,0
hill,Embassy Hill,British,22825,588,3,11,11,0
hill,Embassy Hill,British,22845,589,3,11,11,0
lyncar,Lyncar,British,22769,585,0,18,18,0
lyncar,Lyncar,British,22788,586,0,18,18,0
lyncar,Lyncar,British,22807,587,0,18,18,0
lyncar,Lyncar,British,22827,588,0,18,18,0
lyncar,Lyncar,British,22847,589,0,18,18,0
lyncar,Lyncar,British,22356,599,0,17,17,0
lyncar,Lyncar,British,22374,600,0,17,17,0
lyncar,Lyncar,British,22392,601,0,17,17,0
lyncar,Lyncar,British,22410,602,0,17,17,0
lyncar,Lyncar,British,22430,603,0,19,19,0
lyncar,Lyncar,British,22450,604,0,19,19,0
trojan,Trojan,British,22256,593,0,13,13,0
trojan,Trojan,British,22270,594,0,12,12,0
trojan,Trojan,British,22286,595,0,12,12,0
trojan,Trojan,British,22302,596,0,13,13,0
trojan,Trojan,British,22318,597,0,13,13,0
trojan,Trojan,British,22334,598,0,13,13,0
trojan,Trojan,British,22350,599,0,13,13,0
trojan,Trojan,British,22368,600,0,13,13,0
trojan,Trojan,British,22386,601,0,13,13,0
trojan,Trojan,British,22404,602,0,13,13,0
trojan,Trojan,British,22422,603,0,14,14,0
trojan,Trojan,British,22442,604,0,14,14,0
amon,Amon,New Zealander,22259,593,0,14,14,0
amon,Amon,New Zealander,22274,594,0,16,16,0
amon,Amon,New Zealander,22290,595,0,16,16,0
amon,Amon,New Zealander,22306,596,0,16,16,0
amon,Amon,New Zealander,22322,597,0,16,16,0
amon,Amon,New Zealander,22338,598,0,16,16,0
amon,Amon,New Zealander,22354,599,0,16,16,0
amon,Amon,New Zealander,22373,600,0,16,16,0
amon,Amon,New Zealander,22391,601,0,16,16,0
amon,Amon,New Zealander,22409,602,0,16,16,0
amon,Amon,New Zealander,22429,603,0,18,18,0
amon,Amon,New Zealander,22449,604,0,18,18,0
token,Token,British,22275,594,0,15,15,0
token,Token,British,22291,595,0,15,15,0
token,Token,British,22307,596,0,15,15,0
token,Token,British,22323,597,0,15,15,0
token,Token,British,22339,598,0,15,15,0
token,Token,British,22355,599,0,15,15,0
token,Token,British,22372,600,0,14,14,0
token,Token,British,22390,601,0,14,14,0
token,Token,British,22408,602,0,14,14,0
token,Token,British,22426,603,0,16,16,0
token,Token,British,22446,604,0,16,16,0
iso_marlboro,Iso Marlboro,British,22221,590,0,10,10,0
iso_marlboro,Iso Marlboro,British,22232,591,0,11,11,0
iso_marlboro,Iso Marlboro,British,22243,592,1,9,9,0
iso_marlboro,Iso Marlboro,British,22255,593,1,9,9,0
iso_marlboro,Iso Marlboro,British,22269,594,1,9,9,0
iso_marlboro,Iso Marlboro,British,22285,595,1,10,10,0
iso_marlboro,Iso Marlboro,British,22301,596,1,12,12,0
iso_marlboro,Iso Marlboro,British,22317,597,1,12,12,0
iso_marlboro,Iso Marlboro,British,22333,598,1,12,12,0
iso_marlboro,Iso Marlboro,British,22349,599,1,12,12,0
iso_marlboro,Iso Marlboro,British,22367,600,1,12,12,0
iso_marlboro,Iso Marlboro,British,22385,601,1,12,12,0
iso_marlboro,Iso Marlboro,British,22403,602,4,10,10,0
iso_marlboro,Iso Marlboro,British,22421,603,4,10,10,0
iso_marlboro,Iso Marlboro,British,22441,604,4,10,10,0
iso_marlboro,Iso Marlboro,British,22030,605,0,8,8,0
iso_marlboro,Iso Marlboro,British,21882,606,0,7,7,0
iso_marlboro,Iso Marlboro,British,22039,607,0,8,8,0
iso_marlboro,Iso Marlboro,British,22049,608,0,9,9,0
iso_marlboro,Iso Marlboro,British,22059,609,0,10,10,0
iso_marlboro,Iso Marlboro,British,22070,610,0,10,10,0
iso_marlboro,Iso Marlboro,British,22081,611,0,10,10,0
iso_marlboro,Iso Marlboro,British,22116,612,0,10,10,0
iso_marlboro,Iso Marlboro,British,22128,613,0,10,10,0
iso_marlboro,Iso Marlboro,British,22140,614,1,9,9,0
iso_marlboro,Iso Marlboro,British,22152,615,1,10,10,0
iso_marlboro,Iso Marlboro,British,22164,616,1,10,10,0
iso_marlboro,Iso Marlboro,British,22176,617,1,10,10,0
iso_marlboro,Iso Marlboro,British,22188,618,2,10,10,0
iso_marlboro,Iso Marlboro,British,22200,619,2,10,10,0
tecno,Tecno,Italian,22069,609,1,8,8,0
tecno,Tecno,Italian,22080,610,1,8,8,0
tecno,Tecno,Italian,22091,611,1,8,8,0
tecno,Tecno,Italian,22126,612,1,9,9,0
tecno,Tecno,Italian,22138,613,1,9,9,0
tecno,Tecno,Italian,22150,614,1,10,10,0
tecno,Tecno,Italian,22162,615,1,11,11,0
tecno,Tecno,Italian,22174,616,1,11,11,0
tecno,Tecno,Italian,22186,617,1,11,11,0
tecno,Tecno,Italian,22198,618,1,11,11,0
tecno,Tecno,Italian,22210,619,1,11,11,0
tecno,Tecno,Italian,21949,624,0,10,10,0
tecno,Tecno,Italian,21959,625,0,10,10,0
tecno,Tecno,Italian,21969,626,0,10,10,0
tecno,Tecno,Italian,21980,627,0,10,10,0
tecno,Tecno,Italian,21991,628,0,10,10,0
tecno,Tecno,Italian,22003,629,0,10,10,0
tecno,Tecno,Italian,22015,630,0,10,10,0
tecno,Tecno,Italian,22027,631,0,10,10,0
matra,Matra,French,21902,620,0,9,9,0
matra,Matra,French,21910,621,0,9,9,0
matra,Matra,French,21919,622,0,9,9,0
matra,Matra,French,21928,623,1,9,9,0
matra,Matra,French,21947,624,2,8,8,0
matra,Matra,French,21957,625,6,8,8,0
matra,Matra,French,21967,626,9,6,6,0
matra,Matra,French,21978,627,9,7,7,0
matra,Matra,French,21989,628,11,8,8,0
matra,Matra,French,22001,629,11,8,8,0
matra,Matra,French,22013,630,12,7,7,0
matra,Matra,French,22025,631,12,8,8,0
matra,Matra,French,21675,632,2,4,4,0
matra,Matra,French,21685,633,6,3,3,0
matra,Matra,French,21695,634,6,4,4,0
matra,Matra,French,21705,635,6,5,5,0
matra,Matra,French,21716,636,8,6,6,0
matra,Matra,French,21727,637,8,6,6,0
matra,Matra,French,21738,638,8,6,6,0
matra,Matra,French,21749,639,8,6,6,0
matra,Matra,French,21760,640,9,6,6,0
matra,Matra,French,21772,641,9,7,7,0
matra,Matra,French,21784,642,9,7,7,0
matra,Matra,French,21557,645,7,5,5,0
matra,Matra,French,21566,646,11,5,5,0
matra,Matra,French,21575,647,13,5,5,0
matra,Matra,French,21585,648,15,5,5,0
matra,Matra,French,21606,650,16,6,6,0
matra,Matra,French,21617,651,17,6,6,0
matra,Matra,French,21651,654,21,7,7,0
matra,Matra,French,21663,655,23,7,7,0
matra,Matra,French,20952,669,0,11,11,0
matra,Matra,French,20982,671,6,7,7,0
matra,Matra,French,20997,672,6,7,7,0
matra,Matra,French,21027,674,6,9,9,0
matra,Matra,French,21061,676,8,8,8,0
matra,Matra,French,21639,653,21,6,6,0
matra,Matra,French,21628,652,21,6,6,0
matra,Matra,French,21595,649,15,5,5,0
matra,Matra,French,21548,644,3,5,5,0
matra,Matra,French,21540,643,3,4,4,0
matra,Matra,French,21100,678,8,9,9,0
matra,Matra,French,21083,677,8,9,9,0
matra,Matra,French,21049,675,8,8,8,0
matra,Matra,French,21017,673,6,8,8,0
matra,Matra,French,20972,670,0,11,11,0
matra,Matra,French,20912,689,0,18,18,0
matra,Matra,French,20892,688,0,18,18,0
matra,Matra,French,20872,687,0,17,17,0
matra,Matra,French,20853,686,0,17,17,0
matra,Matra,French,20832,685,0,17,17,0
matra,Matra,French,20817,684,0,15,15,0
matra,Matra,French,20801,683,0,15,15,0
matra,Matra,French,20786,682,0,15,15,0
matra,Matra,French,20771,681,0,15,15,0
matra,Matra,French,20755,680,0,14,14,0
politoys,Politoys,British,21970,626,0,11,11,0
politoys,Politoys,British,21981,627,0,11,11,0
politoys,Politoys,British,21992,628,0,12,12,0
politoys,Politoys,British,22004,629,0,12,12,0
politoys,Politoys,British,22016,630,0,12,12,0
politoys,Politoys,British,22028,631,0,12,12,0
connew,Connew,British,21993,628,0,11,11,0
connew,Connew,British,22005,629,0,11,11,0
connew,Connew,British,22017,630,0,11,11,0
connew,Connew,British,22029,631,0,11,11,0
bellasi,Bellasi,Swiss,21581,647,0,10,10,0
bellasi,Bellasi,Swiss,21591,648,0,10,10,0
bellasi,Bellasi,Swiss,21602,649,0,11,11,0
bellasi,Bellasi,Swiss,21613,650,0,11,11,0
bellasi,Bellasi,Swiss,21635,652,0,11,11,0
bellasi,Bellasi,Swiss,21646,653,0,12,12,0
bellasi,Bellasi,Swiss,21659,654,0,12,12,0
bellasi,Bellasi,Swiss,21671,655,0,12,12,0
bellasi,Bellasi,Swiss,21792,642,0,12,12,0
bellasi,Bellasi,Swiss,21780,641,0,12,12,0
bellasi,Bellasi,Swiss,21768,640,0,12,12,0
bellasi,Bellasi,Swiss,21624,651,0,11,11,0
tomaso,De Tomaso,Italian,21544,643,0,8,8,0
tomaso,De Tomaso,Italian,21552,644,0,8,8,0
tomaso,De Tomaso,Italian,21569,646,0,8,8,0
tomaso,De Tomaso,Italian,21578,647,0,8,8,0
tomaso,De Tomaso,Italian,21588,648,0,8,8,0
tomaso,De Tomaso,Italian,21598,649,0,8,8,0
tomaso,De Tomaso,Italian,21609,650,0,9,9,0
tomaso,De Tomaso,Italian,21620,651,0,10,10,0
tomaso,De Tomaso,Italian,21631,652,0,10,10,0
tomaso,De Tomaso,Italian,21642,653,0,10,10,0
tomaso,De Tomaso,Italian,19812,720,0,12,12,0
tomaso,De Tomaso,Italian,19825,721,0,12,12,0
tomaso,De Tomaso,Italian,19837,722,0,12,12,0
tomaso,De Tomaso,Italian,19850,723,0,13,13,0
tomaso,De Tomaso,Italian,19864,724,0,13,13,0
tomaso,De Tomaso,Italian,19881,725,0,13,13,0
tomaso,De Tomaso,Italian,19899,726,0,14,14,0
tomaso,De Tomaso,Italian,19918,727,0,14,14,0
tomaso,De Tomaso,Italian,19586,735,0,16,16,0
tomaso,De Tomaso,Italian,19603,736,0,16,16,0
tomaso,De Tomaso,Italian,19800,719,0,10,10,0
tomaso,De Tomaso,Italian,19622,737,0,18,18,0
tomaso,De Tomaso,Italian,19937,728,0,18,18,0
tomaso,De Tomaso,Italian,21666,655,0,10,10,0
tomaso,De Tomaso,Italian,21654,654,0,10,10,0
tomaso,De Tomaso,Italian,21560,645,0,7,7,0
cooper,Cooper,British,19544,732,0,7,7,0
cooper,Cooper,British,19555,733,0,8,8,0
cooper,Cooper,British,19581,735,0,10,10,0
cooper,Cooper,British,19598,736,0,11,11,0
cooper,Cooper,British,19615,737,0,11,11,0
cooper,Cooper,British,17833,774,31,3,3,2
cooper,Cooper,British,17824,773,29,3,3,2
cooper,Cooper,British,17815,772,29,3,3,2
cooper,Cooper,British,17806,771,23,3,3,2
cooper,Cooper,British,17779,768,19,1,1,2
cooper,Cooper,British,17762,766,16,1,1,2
cooper,Cooper,British,17770,767,19,1,1,2
cooper,Cooper,British,17759,765,8,1,1,1
cooper,Cooper,British,17788,769,19,2,2,2
cooper,Cooper,British,17797,770,19,3,3,2
cooper,Cooper,British,17842,775,31,3,3,2
cooper,Cooper,British,19567,734,0,9,9,0
lds,LDS,South African,20925,667,0,10,10,0
lds,LDS,South African,20967,670,0,14,14,0
lds,LDS,South African,21012,673,0,14,14,0
lds,LDS,South African,21044,675,0,16,16,0
lds,LDS,South African,21078,677,0,16,16,0
lds,LDS,South African,21095,678,0,16,16,0
lds,LDS,South African,19619,737,0,12,12,0
lds,LDS,South African,19940,728,0,13,13,0
lds,LDS,South African,21065,676,0,16,16,0
lds,LDS,South African,21031,674,0,16,16,0
lds,LDS,South African,21001,672,0,14,14,0
lds,LDS,South African,20986,671,0,14,14,0
lds,LDS,South African,20956,669,0,14,14,0
lds,LDS,South African,20940,668,0,13,13,0
protos,Protos,British,20911,689,0,19,19,0
protos,Protos,British,20891,688,0,19,19,0
protos,Protos,British,20871,687,0,18,18,0
protos,Protos,British,20852,686,0,18,18,0
protos,Protos,British,20837,685,0,18,18,0
shannon,Shannon,British,20660,693,0,13,13,0
shannon,Shannon,British,20675,694,0,13,13,0
shannon,Shannon,British,20688,695,0,13,13,0
shannon,Shannon,British,20703,696,0,15,15,0
shannon,Shannon,British,20718,697,0,15,15,0
shannon,Shannon,British,20734,698,0,15,15,0
scirocco,Scirocco,British,20100,712,0,9,9,0
scirocco,Scirocco,British,20111,713,0,9,9,0
scirocco,Scirocco,British,20134,715,0,10,10,0
scirocco,Scirocco,British,20147,716,0,10,10,0
scirocco,Scirocco,British,20157,717,0,10,10,0
scirocco,Scirocco,British,20170,718,0,10,10,0
scirocco,Scirocco,British,19799,719,0,9,9,0
scirocco,Scirocco,British,20068,709,0,8,8,0
scirocco,Scirocco,British,19802,720,0,7,7,0
scirocco,Scirocco,British,20122,714,0,10,10,0
scirocco,Scirocco,British,20089,711,0,9,9,0
scirocco,Scirocco,British,20078,710,0,10,10,0
scirocco,Scirocco,British,19919,728,0,11,11,0
scirocco,Scirocco,British,19900,727,0,11,11,0
scirocco,Scirocco,British,19882,726,0,11,11,0
scirocco,Scirocco,British,19865,725,0,10,10,0
scirocco,Scirocco,British,19851,724,0,10,10,0
scirocco,Scirocco,British,19838,723,0,10,10,0
scirocco,Scirocco,British,19826,722,0,10,10,0
scirocco,Scirocco,British,19814,721,0,9,9,0
re,RE,Rhodesian,20490,708,0,15,15,0
re,RE,Rhodesian,20474,707,0,15,15,0
re,RE,Rhodesian,20458,706,0,15,15,0
re,RE,Rhodesian,20442,705,0,15,15,0
re,RE,Rhodesian,20426,704,0,15,15,0
re,RE,Rhodesian,20410,703,0,15,15,0
re,RE,Rhodesian,20394,702,0,15,15,0
re,RE,Rhodesian,20378,701,0,15,15,0
re,RE,Rhodesian,20362,700,0,15,15,0
re,RE,Rhodesian,20346,699,0,14,14,0
brp,BRP,British,20069,709,0,7,7,0
brp,BRP,British,20079,710,0,8,8,0
brp,BRP,British,20097,712,0,7,7,0
brp,BRP,British,20107,713,0,7,7,0
brp,BRP,British,20118,714,0,8,8,0
brp,BRP,British,20130,715,2,8,8,0
brp,BRP,British,19811,720,0,11,11,0
brp,BRP,British,19824,721,3,6,6,0
brp,BRP,British,19848,723,3,6,6,0
brp,BRP,British,19861,724,3,8,8,0
brp,BRP,British,19875,725,6,6,6,0
brp,BRP,British,19910,727,6,6,6,0
brp,BRP,British,20169,718,5,7,7,0
brp,BRP,British,20156,717,5,7,7,0
brp,BRP,British,20142,716,4,6,6,0
brp,BRP,British,20087,711,0,7,7,0
brp,BRP,British,19929,728,6,6,6,0
brp,BRP,British,19892,726,6,6,6,0
brp,BRP,British,19836,722,3,6,6,0
porsche,Porsche,German,20077,710,0,9,9,0
porsche,Porsche,German,20090,711,0,10,10,0
porsche,Porsche,German,20112,713,0,10,10,0
porsche,Porsche,German,20124,714,0,11,11,0
porsche,Porsche,German,20136,715,0,11,11,0
porsche,Porsche,German,20149,716,0,12,12,0
porsche,Porsche,German,20159,717,0,12,12,0
porsche,Porsche,German,20172,718,0,12,12,0
porsche,Porsche,German,19801,719,0,11,11,0
porsche,Porsche,German,19809,720,1,6,6,0
porsche,Porsche,German,19821,721,1,7,7,0
porsche,Porsche,German,19845,723,1,8,8,0
porsche,Porsche,German,19872,725,4,7,7,0
porsche,Porsche,German,19889,726,5,7,7,0
porsche,Porsche,German,19514,729,1,5,5,0
porsche,Porsche,German,19530,731,3,6,6,0
porsche,Porsche,German,19550,733,12,6,6,1
porsche,Porsche,German,19539,732,12,5,5,1
porsche,Porsche,German,19521,730,3,6,6,0
porsche,Porsche,German,19387,745,22,3,3,0
porsche,Porsche,German,18899,762,0,9,9,0
porsche,Porsche,German,18867,759,0,7,7,0
porsche,Porsche,German,19123,754,1,7,7,0
porsche,Porsche,German,19907,727,5,7,7,0
porsche,Porsche,German,19363,743,11,3,3,0
porsche,Porsche,German,19353,742,11,3,3,0
porsche,Porsche,German,19325,738,2,3,3,0
porsche,Porsche,German,19136,755,1,7,7,0
porsche,Porsche,German,18852,757,0,6,6,0
porsche,Porsche,German,18859,758,0,6,6,0
porsche,Porsche,German,17850,775,0,7,7,0
porsche,Porsche,German,18845,756,0,6,6,0
porsche,Porsche,German,17841,774,0,7,7,0
porsche,Porsche,German,17832,773,0,7,7,0
porsche,Porsche,German,18875,760,0,9,9,0
porsche,Porsche,German,17823,772,0,7,7,0
porsche,Porsche,German,18887,761,0,9,9,0
porsche,Porsche,German,17814,771,0,7,7,0
porsche,Porsche,German,19608,737,18,5,5,1
porsche,Porsche,German,17805,770,0,7,7,0
porsche,Porsche,German,17796,769,0,7,7,0
porsche,Porsche,German,19374,744,17,3,3,0
porsche,Porsche,German,17787,768,0,7,7,0
porsche,Porsche,German,19591,736,18,5,5,1
porsche,Porsche,German,19344,741,9,3,3,0
porsche,Porsche,German,19337,740,3,4,4,0
porsche,Porsche,German,17778,767,0,7,7,0
porsche,Porsche,German,19562,734,16,5,5,1
porsche,Porsche,German,19574,735,17,6,6,1
porsche,Porsche,German,19330,739,2,3,3,0
porsche,Porsche,German,20101,712,0,10,10,0
porsche,Porsche,German,19926,728,5,7,7,0
porsche,Porsche,German,19858,724,4,6,6,0
porsche,Porsche,German,19833,722,1,8,8,0
porsche,Porsche,German,18923,764,0,8,8,0
porsche,Porsche,German,18911,763,0,9,9,0
derrington,Derrington,British,20146,716,0,11,11,0
derrington,Derrington,British,20162,717,0,11,11,0
derrington,Derrington,British,20175,718,0,11,11,0
gilby,Gilby,British,19849,723,0,12,12,0
gilby,Gilby,British,19862,724,0,12,12,0
gilby,Gilby,British,19893,726,0,13,13,0
gilby,Gilby,British,19911,727,0,13,13,0
gilby,Gilby,British,19557,733,0,12,12,0
gilby,Gilby,British,19569,734,0,13,13,0
gilby,Gilby,British,19582,735,0,13,13,0
gilby,Gilby,British,19360,742,0,7,7,0
gilby,Gilby,British,19370,743,0,7,7,0
gilby,Gilby,British,19381,744,0,7,7,0
gilby,Gilby,British,19394,745,0,7,7,0
gilby,Gilby,British,19930,728,0,17,17,0
gilby,Gilby,British,19599,736,0,13,13,0
gilby,Gilby,British,19876,725,0,12,12,0
gilby,Gilby,British,19616,737,0,15,15,0
stebro,Stebro,Canadian,19895,726,0,10,10,0
stebro,Stebro,Canadian,19913,727,0,10,10,0
stebro,Stebro,Canadian,19932,728,0,10,10,0
emeryson,Emeryson,British,19515,729,0,6,6,0
emeryson,Emeryson,British,19522,730,0,7,7,0
emeryson,Emeryson,British,19531,731,0,7,7,0
emeryson,Emeryson,British,19540,732,0,9,9,0
emeryson,Emeryson,British,19551,733,0,7,7,0
emeryson,Emeryson,British,19334,739,0,7,7,0
emeryson,Emeryson,British,19341,740,0,7,7,0
emeryson,Emeryson,British,19348,741,0,7,7,0
emeryson,Emeryson,British,19357,742,0,8,8,0
emeryson,Emeryson,British,19367,743,0,8,8,0
emeryson,Emeryson,British,19391,745,0,10,10,0
emeryson,Emeryson,British,19378,744,0,10,10,0
emeryson,Emeryson,British,19607,737,0,9,9,0
emeryson,Emeryson,British,19563,734,0,7,7,0
emeryson,Emeryson,British,19573,735,0,7,7,0
emeryson,Emeryson,British,19590,736,0,9,9,0
emeryson,Emeryson,British,19321,738,0,7,7,0
enb,ENB,Belgian,19570,734,0,8,8,0
enb,ENB,Belgian,19601,736,0,10,10,0
enb,ENB,Belgian,19584,735,0,9,9,0
enb,ENB,Belgian,19618,737,0,10,10,0
jbw,JBW,British,19350,741,0,9,9,0
jbw,JBW,British,19359,742,0,10,10,0
jbw,JBW,British,19369,743,0,11,11,0
jbw,JBW,British,19380,744,0,12,12,0
jbw,JBW,British,19393,745,0,12,12,0
jbw,JBW,British,18903,762,0,10,10,0
jbw,JBW,British,18915,763,0,10,10,0
jbw,JBW,British,19130,755,0,12,12,0
jbw,JBW,British,19118,754,0,11,11,0
jbw,JBW,British,19105,753,0,9,9,0
jbw,JBW,British,19093,752,0,9,9,0
jbw,JBW,British,19082,751,0,12,12,0
jbw,JBW,British,19059,749,0,9,9,0
jbw,JBW,British,19043,748,0,8,8,0
jbw,JBW,British,19033,747,0,8,8,0
jbw,JBW,British,18879,760,0,10,10,0
jbw,JBW,British,18891,761,0,10,10,0
jbw,JBW,British,19070,750,0,10,10,0
jbw,JBW,British,18927,764,0,14,14,0
mbm,MBM,Swiss,19371,743,0,10,10,0
mbm,MBM,Swiss,19382,744,0,13,13,0
mbm,MBM,Swiss,19395,745,0,13,13,0
behra-porsche,Behra-Porsche,Italian,19131,755,0,8,8,0
behra-porsche,Behra-Porsche,Italian,19116,754,0,8,8,0
behra-porsche,Behra-Porsche,Italian,19106,753,0,7,7,0
behra-porsche,Behra-Porsche,Italian,19094,752,0,7,7,0
behra-porsche,Behra-Porsche,Italian,19080,751,0,6,6,0
behra-porsche,Behra-Porsche,Italian,19060,749,0,6,6,0
behra-porsche,Behra-Porsche,Italian,19049,748,0,6,6,0
behra-porsche,Behra-Porsche,Italian,19039,747,0,6,6,0
behra-porsche,Behra-Porsche,Italian,19031,746,0,6,6,0
behra-porsche,Behra-Porsche,Italian,19071,750,0,6,6,0
maserati,Maserati,Italian,18900,762,0,7,7,0
maserati,Maserati,Italian,18868,759,0,6,6,0
maserati,Maserati,Italian,19063,749,0,7,7,0
maserati,Maserati,Italian,18853,757,0,7,7,0
maserati,Maserati,Italian,18846,756,0,7,7,0
maserati,Maserati,Italian,19132,755,0,11,11,0
maserati,Maserati,Italian,19117,754,0,10,10,0
maserati,Maserati,Italian,19098,752,0,8,8,0
maserati,Maserati,Italian,19081,751,0,7,7,0
maserati,Maserati,Italian,19110,753,0,8,8,0
maserati,Maserati,Italian,19074,750,0,7,7,0
maserati,Maserati,Italian,19052,748,0,7,7,0
maserati,Maserati,Italian,19032,746,0,7,7,0
maserati,Maserati,Italian,18860,758,0,8,8,0
maserati,Maserati,Italian,17844,775,6,5,5,0
maserati,Maserati,Italian,17835,774,6,5,5,0
maserati,Maserati,Italian,18876,760,0,7,7,0
maserati,Maserati,Italian,17826,773,6,5,5,0
maserati,Maserati,Italian,17817,772,6,5,5,0
maserati,Maserati,Italian,18888,761,0,7,7,0
maserati,Maserati,Italian,17799,770,6,5,5,0
maserati,Maserati,Italian,17790,769,3,5,5,0
maserati,Maserati,Italian,17781,768,3,5,5,0
maserati,Maserati,Italian,17764,766,3,3,3,0
maserati,Maserati,Italian,17772,767,3,5,5,0
maserati,Maserati,Italian,17761,765,3,3,3,0
maserati,Maserati,Italian,17808,771,6,5,5,0
maserati,Maserati,Italian,19042,747,0,7,7,0
maserati,Maserati,Italian,18924,764,0,9,9,0
maserati,Maserati,Italian,18912,763,0,7,7,0
scarab,Scarab,American,19134,755,0,9,9,0
scarab,Scarab,American,19083,751,0,8,8,0
scarab,Scarab,American,19072,750,0,8,8,0
scarab,Scarab,American,19061,749,0,10,10,0
scarab,Scarab,American,19051,748,0,9,9,0
scarab,Scarab,American,19041,747,0,9,9,0
scarab,Scarab,American,19119,754,0,12,12,0
scarab,Scarab,American,19108,753,0,11,11,0
scarab,Scarab,American,19096,752,0,11,11,0
kurtis_kraft,Kurtis Kraft,American,18930,764,0,7,7,0
aston_martin,Aston Martin,British,18901,762,0,5,5,0
aston_martin,Aston Martin,British,18913,763,0,5,5,0
aston_martin,Aston Martin,British,18869,759,0,8,8,0
aston_martin,Aston Martin,British,18861,758,0,7,7,0
aston_martin,Aston Martin,British,19124,755,0,10,10,0
aston_martin,Aston Martin,British,19121,754,0,9,9,0
aston_martin,Aston Martin,British,19099,753,0,6,6,0
aston_martin,Aston Martin,British,19087,752,0,6,6,0
aston_martin,Aston Martin,British,19085,751,0,10,10,0
aston_martin,Aston Martin,British,19064,750,0,9,9,0
aston_martin,Aston Martin,British,19053,749,0,8,8,0
aston_martin,Aston Martin,British,18877,760,0,5,5,0
aston_martin,Aston Martin,British,18889,761,0,6,6,0
aston_martin,Aston Martin,British,18925,764,0,5,5,0
aston_martin,Aston Martin,British,27908,1051,77,7,7,0
aston_martin,Aston Martin,British,27678,1052,1,6,6,0
aston_martin,Aston Martin,British,27708,1053,5,6,6,0
aston_martin,Aston Martin,British,27718,1054,5,7,7,0
aston_martin,Aston Martin,British,27728,1055,5,7,7,0
aston_martin,Aston Martin,British,27738,1056,19,5,5,0
aston_martin,Aston Martin,British,27748,1057,37,6,6,0
aston_martin,Aston Martin,British,27758,1059,40,6,6,0
aston_martin,Aston Martin,British,27768,1058,44,6,6,0
aston_martin,Aston Martin,British,27788,1060,44,6,6,0
aston_martin,Aston Martin,British,27798,1061,48,6,6,0
aston_martin,Aston Martin,British,27818,1062,48,7,7,0
aston_martin,Aston Martin,British,27828,1063,53,7,7,0
aston_martin,Aston Martin,British,27838,1064,53,7,7,0
aston_martin,Aston Martin,British,27848,1065,59,7,7,0
aston_martin,Aston Martin,British,27858,1066,59,7,7,0
aston_martin,Aston Martin,British,27868,1067,61,7,7,0
aston_martin,Aston Martin,British,27878,1069,62,7,7,0
aston_martin,Aston Martin,British,27888,1070,68,7,7,0
aston_martin,Aston Martin,British,27898,1071,68,7,7,0
aston_martin,Aston Martin,British,27918,1072,77,7,7,0
aston_martin,Aston Martin,British,27928,1073,77,7,7,0
aston_martin,Aston Martin,British,28139,1074,0,7,7,0
aston_martin,Aston Martin,British,28149,1075,0,9,9,0
aston_martin,Aston Martin,British,28159,1076,0,10,10,0
aston_martin,Aston Martin,British,28169,1077,5,9,9,0
aston_martin,Aston Martin,British,28179,1078,6,9,9,0
aston_martin,Aston Martin,British,28189,1079,6,9,9,0
aston_martin,Aston Martin,British,28199,1080,7,9,9,0
vanwall,Vanwall,British,18892,761,0,11,11,0
vanwall,Vanwall,British,18904,762,0,11,11,0
vanwall,Vanwall,British,18880,760,0,11,11,0
vanwall,Vanwall,British,18916,763,0,11,11,0
vanwall,Vanwall,British,19135,755,0,13,13,0
vanwall,Vanwall,British,19122,754,0,13,13,0
vanwall,Vanwall,British,19109,753,0,12,12,0
vanwall,Vanwall,British,19097,752,0,12,12,0
vanwall,Vanwall,British,19086,751,0,11,11,0
vanwall,Vanwall,British,17847,775,48,1,1,6
vanwall,Vanwall,British,17838,774,46,1,1,5
vanwall,Vanwall,British,17829,773,41,1,1,4
vanwall,Vanwall,British,17820,772,33,2,2,3
vanwall,Vanwall,British,17811,771,25,2,2,2
vanwall,Vanwall,British,17802,770,22,2,2,2
vanwall,Vanwall,British,17793,769,16,3,3,2
vanwall,Vanwall,British,17784,768,8,3,3,1
vanwall,Vanwall,British,17775,767,8,3,3,1
vanwall,Vanwall,British,17767,766,0,6,6,0
vanwall,Vanwall,British,18928,764,0,15,15,0
fry,Fry,British,18893,761,0,12,12,0
fry,Fry,British,18917,763,0,12,12,0
fry,Fry,British,18905,762,0,12,12,0
fry,Fry,British,18881,760,0,12,12,0
fry,Fry,British,18929,764,0,16,16,0
tec-mec,Tec-Mec,Italian,18932,764,0,12,12,0
connaught,Connaught,British,17848,775,0,8,8,0
connaught,Connaught,British,17839,774,0,8,8,0
connaught,Connaught,British,17830,773,0,8,8,0
connaught,Connaught,British,17821,772,0,8,8,0
connaught,Connaught,British,17812,771,0,8,8,0
connaught,Connaught,British,17803,770,0,8,8,0
connaught,Connaught,British,17794,769,0,8,8,0
connaught,Connaught,British,17785,768,0,8,8,0
connaught,Connaught,British,17776,767,0,8,8,0
connaught,Connaught,British,17768,766,0,7,7,0
connaught,Connaught,British,18933,764,0,13,13,0
osca,OSCA,Italian,17849,775,0,9,9,0
osca,OSCA,Italian,17840,774,0,9,9,0
osca,OSCA,Italian,17831,773,0,9,9,0
osca,OSCA,Italian,17822,772,0,9,9,0
osca,OSCA,Italian,17813,771,0,9,9,0
osca,OSCA,Italian,17804,770,0,9,9,0
osca,OSCA,Italian,17795,769,0,9,9,0
osca,OSCA,Italian,17786,768,0,9,9,0
osca,OSCA,Italian,17777,767,0,9,9,0
osca,OSCA,Italian,17769,766,0,8,8,0
mercedes,Mercedes,German,24235,337,18,3,3,0
mercedes,Mercedes,German,24247,338,29,3,3,0
mercedes,Mercedes,German,24259,339,44,4,4,0
mercedes,Mercedes,German,24271,340,60,4,4,0
mercedes,Mercedes,German,24283,341,72,4,4,0
mercedes,Mercedes,German,24307,342,78,4,4,0
mercedes,Mercedes,German,24319,343,100,4,4,0
mercedes,Mercedes,German,24331,344,108,4,4,0
mercedes,Mercedes,German,24343,345,109,4,4,0
mercedes,Mercedes,German,24355,346,126,4,4,0
mercedes,Mercedes,German,24367,347,132,4,4,0
mercedes,Mercedes,German,24379,348,132,4,4,0
mercedes,Mercedes,German,24391,349,146,4,4,0
mercedes,Mercedes,German,24403,350,158,4,4,0
mercedes,Mercedes,German,24439,351,168,4,4,0
mercedes,Mercedes,German,24451,352,176,4,4,0
mercedes,Mercedes,German,24475,353,188,4,4,0
mercedes,Mercedes,German,24487,354,202,4,4,0
mercedes,Mercedes,German,24499,355,214,4,4,0
mercedes,Mercedes,German,24669,841,0,10,10,0
mercedes,Mercedes,German,24549,842,2,8,8,0
mercedes,Mercedes,German,24561,843,16,5,5,0
mercedes,Mercedes,German,24573,844,26,5,5,0
mercedes,Mercedes,German,24585,845,40,5,5,0
mercedes,Mercedes,German,24597,846,40,5,5,0
mercedes,Mercedes,German,24609,847,52,5,5,0
mercedes,Mercedes,German,24621,848,58,5,5,0
mercedes,Mercedes,German,24633,849,68,4,4,0
mercedes,Mercedes,German,24645,850,78,4,4,0
mercedes,Mercedes,German,24657,851,80,4,4,0
mercedes,Mercedes,German,24679,852,98,4,4,0
mercedes,Mercedes,German,24691,853,108,4,4,0
mercedes,Mercedes,German,24703,854,114,4,4,0
mercedes,Mercedes,German,24715,855,123,4,4,0
mercedes,Mercedes,German,24727,856,127,4,4,0
mercedes,Mercedes,German,24739,857,145,4,4,0
mercedes,Mercedes,German,24751,858,159,4,4,0
mercedes,Mercedes,German,24763,859,165,4,4,0
mercedes,Mercedes,German,24939,860,0,8,8,0
mercedes,Mercedes,German,24784,861,1,9,9,0
mercedes,Mercedes,German,24796,862,26,5,5,1
mercedes,Mercedes,German,24843,864,43,5,5,1
mercedes,Mercedes,German,24831,863,37,5,5,1
mercedes,Mercedes,German,24855,865,61,5,5,1
mercedes,Mercedes,German,24867,866,69,5,5,1
mercedes,Mercedes,German,24879,867,92,5,5,1
mercedes,Mercedes,German,24891,868,98,5,5,1
mercedes,Mercedes,German,24974,869,105,5,5,1
mercedes,Mercedes,German,24986,870,106,5,5,1
mercedes,Mercedes,German,24998,871,112,5,5,1
mercedes,Mercedes,German,25010,872,126,5,5,1
mercedes,Mercedes,German,25046,873,136,5,5,1
mercedes,Mercedes,German,25058,874,136,5,5,1
mercedes,Mercedes,German,25070,875,136,5,5,1
mercedes,Mercedes,German,25094,876,136,5,5,1
mercedes,Mercedes,German,25106,877,136,5,5,1
mercedes,Mercedes,German,25118,878,136,5,5,1
mercedes,Mercedes,German,25130,879,142,5,5,1
mercedes,Mercedes,German,25138,880,10,4,4,0
mercedes,Mercedes,German,25149,881,37,4,4,0
mercedes,Mercedes,German,25160,882,52,4,4,0
mercedes,Mercedes,German,25171,883,64,4,4,0
mercedes,Mercedes,German,25182,884,72,4,4,0
mercedes,Mercedes,German,25193,885,109,4,4,1
mercedes,Mercedes,German,25204,886,134,3,3,1
mercedes,Mercedes,German,25215,887,171,2,2,2
mercedes,Mercedes,German,25226,888,183,2,2,2
mercedes,Mercedes,German,25237,890,208,2,2,3
mercedes,Mercedes,German,25248,891,235,2,2,3
mercedes,Mercedes,German,25281,893,267,3,3,3
mercedes,Mercedes,German,25270,892,245,3,3,3
mercedes,Mercedes,German,25292,894,283,3,3,3
mercedes,Mercedes,German,25303,895,287,3,3,3
mercedes,Mercedes,German,25314,896,313,2,2,3
mercedes,Mercedes,German,25325,897,334,2,2,3
mercedes,Mercedes,German,25336,898,348,2,2,3
mercedes,Mercedes,German,25347,899,360,2,2,3
mercedes,Mercedes,German,25942,901,68,1,1,2
mercedes,Mercedes,German,25931,900,25,2,2,1
mercedes,Mercedes,German,25953,902,111,1,1,3
mercedes,Mercedes,German,25964,903,154,1,1,4
mercedes,Mercedes,German,25975,904,197,1,1,5
mercedes,Mercedes,German,25986,905,240,1,1,6
mercedes,Mercedes,German,25997,906,258,1,1,6
mercedes,Mercedes,German,26008,907,301,1,1,7
mercedes,Mercedes,German,26019,908,326,1,1,8
mercedes,Mercedes,German,26030,909,366,1,1,9
mercedes,Mercedes,German,26041,910,393,1,1,9
mercedes,Mercedes,German,26052,911,411,1,1,9
mercedes,Mercedes,German,26063,912,454,1,1,10
mercedes,Mercedes,German,26074,913,479,1,1,11
mercedes,Mercedes,German,26085,914,522,1,1,12
mercedes,Mercedes,German,26096,915,565,1,1,13
mercedes,Mercedes,German,26107,916,608,1,1,14
mercedes,Mercedes,German,26118,917,651,1,1,15
mercedes,Mercedes,German,26129,918,701,1,1,16
mercedes,Mercedes,German,26140,926,43,1,1,1
mercedes,Mercedes,German,26149,927,76,1,1,1
mercedes,Mercedes,German,26159,928,119,1,1,2
mercedes,Mercedes,German,26169,929,159,1,1,3
mercedes,Mercedes,German,26179,930,202,1,1,4
mercedes,Mercedes,German,26189,931,242,1,1,5
mercedes,Mercedes,German,26199,932,285,1,1,6
mercedes,Mercedes,German,26209,933,328,1,1,7
mercedes,Mercedes,German,26219,934,371,1,1,8
mercedes,Mercedes,German,26229,936,383,1,1,8
mercedes,Mercedes,German,26260,938,451,1,1,10
mercedes,Mercedes,German,26250,937,426,1,1,9
mercedes,Mercedes,German,26270,939,463,1,1,10
mercedes,Mercedes,German,26290,940,506,1,1,11
mercedes,Mercedes,German,26375,941,531,1,1,12
mercedes,Mercedes,German,26385,942,574,1,1,13
mercedes,Mercedes,German,26395,943,617,1,1,14
mercedes,Mercedes,German,26405,944,660,1,1,15
mercedes,Mercedes,German,26426,945,703,1,1,16
mercedes,Mercedes,German,26524,955,258,1,1,7
mercedes,Mercedes,German,26557,948,43,1,1,1
mercedes,Mercedes,German,26447,949,83,1,1,2
mercedes,Mercedes,German,26458,950,114,1,1,3
mercedes,Mercedes,German,26469,951,157,1,1,4
mercedes,Mercedes,German,26480,952,157,1,1,4
mercedes,Mercedes,German,26491,953,188,1,1,5
mercedes,Mercedes,German,26502,954,223,1,1,6
mercedes,Mercedes,German,26535,956,295,1,1,8
mercedes,Mercedes,German,26546,957,335,1,1,9
mercedes,Mercedes,German,26568,958,378,1,1,10
mercedes,Mercedes,German,26579,959,415,1,1,11
mercedes,Mercedes,German,26590,960,455,1,1,12
mercedes,Mercedes,German,26601,961,498,1,1,13
mercedes,Mercedes,German,26612,962,538,1,1,14
mercedes,Mercedes,German,26623,963,553,1,1,14
mercedes,Mercedes,German,26634,964,593,1,1,15
mercedes,Mercedes,German,26711,967,722,1,1,18
mercedes,Mercedes,German,26689,965,636,1,1,16
mercedes,Mercedes,German,26700,966,679,1,1,17
mercedes,Mercedes,German,26722,968,765,1,1,19
mercedes,Mercedes,German,26734,969,33,2,2,0
mercedes,Mercedes,German,26744,970,66,1,1,1
mercedes,Mercedes,German,26754,971,99,2,2,1
mercedes,Mercedes,German,26764,972,136,1,1,2
mercedes,Mercedes,German,26774,973,161,1,1,3
mercedes,Mercedes,German,26784,974,179,2,2,3
mercedes,Mercedes,German,26794,975,222,1,1,4
mercedes,Mercedes,German,26804,976,250,1,1,4
mercedes,Mercedes,German,26814,977,287,1,1,5
mercedes,Mercedes,German,26824,978,330,1,1,6
mercedes,Mercedes,German,26834,979,357,1,1,6
mercedes,Mercedes,German,26844,980,392,1,1,7
mercedes,Mercedes,German,26854,981,435,1,1,8
mercedes,Mercedes,German,26864,982,475,1,1,9
mercedes,Mercedes,German,26874,983,503,1,1,9
mercedes,Mercedes,German,26884,984,540,1,1,10
mercedes,Mercedes,German,26894,985,575,1,1,11
mercedes,Mercedes,German,26904,986,595,1,1,11
mercedes,Mercedes,German,26914,987,625,1,1,11
mercedes,Mercedes,German,26924,988,668,1,1,12
mercedes,Mercedes,German,26934,989,22,2,2,0
mercedes,Mercedes,German,26974,990,55,2,2,0
mercedes,Mercedes,German,26964,991,85,1,1,0
mercedes,Mercedes,German,26984,992,110,2,2,1
mercedes,Mercedes,German,26994,993,153,1,1,2
mercedes,Mercedes,German,27004,994,178,1,1,2
mercedes,Mercedes,German,27014,995,206,1,1,2
mercedes,Mercedes,German,27024,996,237,1,1,3
mercedes,Mercedes,German,27034,997,237,2,2,3
mercedes,Mercedes,German,27044,998,267,2,2,3
mercedes,Mercedes,German,27054,999,310,1,1,4
mercedes,Mercedes,German,27064,1000,345,1,1,5
mercedes,Mercedes,German,27074,1001,375,1,1,5
mercedes,Mercedes,German,27094,1002,415,1,1,6
mercedes,Mercedes,German,27104,1003,452,1,1,7
mercedes,Mercedes,German,27114,1004,495,1,1,8
mercedes,Mercedes,German,27124,1005,538,1,1,9
mercedes,Mercedes,German,27144,1006,563,1,1,9
mercedes,Mercedes,German,27154,1007,585,1,1,9
mercedes,Mercedes,German,27164,1008,620,1,1,10
mercedes,Mercedes,German,27174,1009,655,1,1,11
mercedes,Mercedes,German,27193,1010,44,1,1,1
mercedes,Mercedes,German,27223,1012,130,1,1,3
mercedes,Mercedes,German,27213,1011,87,1,1,2
mercedes,Mercedes,German,27233,1013,173,1,1,4
mercedes,Mercedes,German,27243,1014,217,1,1,5
mercedes,Mercedes,German,27253,1015,257,1,1,6
mercedes,Mercedes,German,27263,1016,295,1,1,7
mercedes,Mercedes,German,27303,1018,363,1,1,8
mercedes,Mercedes,German,27293,1017,338,1,1,8
mercedes,Mercedes,German,27313,1019,407,1,1,9
mercedes,Mercedes,German,27333,1020,409,1,1,9
mercedes,Mercedes,German,27343,1021,438,1,1,10
mercedes,Mercedes,German,27353,1022,471,1,1,10
mercedes,Mercedes,German,27363,1023,505,1,1,10
mercedes,Mercedes,German,27373,1024,527,1,1,10
mercedes,Mercedes,German,27383,1025,571,1,1,11
mercedes,Mercedes,German,27413,1026,612,1,1,12
mercedes,Mercedes,German,27423,1027,652,1,1,13
mercedes,Mercedes,German,27433,1028,695,1,1,14
mercedes,Mercedes,German,27443,1029,701,1,1,14
mercedes,Mercedes,German,27453,1030,739,1,1,15
mercedes,Mercedes,German,27513,1034,146,1,1,4
mercedes,Mercedes,German,27583,1040,366,1,1,8
mercedes,Mercedes,German,27573,1031,37,1,1,1
mercedes,Mercedes,German,27483,1032,80,1,1,2
mercedes,Mercedes,German,27503,1033,121,1,1,3
mercedes,Mercedes,German,27523,1035,180,1,1,4
mercedes,Mercedes,German,27533,1036,221,1,1,5
mercedes,Mercedes,German,27543,1037,264,1,1,6
mercedes,Mercedes,German,27553,1038,281,1,1,6
mercedes,Mercedes,German,27563,1039,325,1,1,7
mercedes,Mercedes,German,27593,1041,391,1,1,9
mercedes,Mercedes,German,27603,1042,435,1,1,10
mercedes,Mercedes,German,27613,1043,479,1,1,11
mercedes,Mercedes,German,27623,1044,504,1,1,12
mercedes,Mercedes,German,27633,1045,533,1,1,13
mercedes,Mercedes,German,27643,1046,540,1,1,13
mercedes,Mercedes,German,27653,1047,573,1,1,13
mercedes,Mercedes,German,27903,1051,546.5,1,1,8
mercedes,Mercedes,German,27673,1052,41,1,1,1
mercedes,Mercedes,German,27703,1053,60,1,1,1
mercedes,Mercedes,German,27713,1054,101,1,1,2
mercedes,Mercedes,German,27723,1055,141,1,1,3
mercedes,Mercedes,German,27733,1056,148,2,2,3
mercedes,Mercedes,German,27743,1057,148,2,2,3
mercedes,Mercedes,German,27753,1059,178,2,2,3
mercedes,Mercedes,German,27763,1058,212,2,2,3
mercedes,Mercedes,German,27783,1060,242,2,2,3
mercedes,Mercedes,German,27793,1061,285,2,2,4
mercedes,Mercedes,German,27813,1062,303,1,1,4
mercedes,Mercedes,German,27823,1063,310.5,1,1,4
mercedes,Mercedes,German,27833,1064,344.5,1,1,4
mercedes,Mercedes,German,27843,1065,362.5,1,1,4
mercedes,Mercedes,German,27853,1066,397.5,1,1,5
mercedes,Mercedes,German,27863,1067,433.5,1,1,6
mercedes,Mercedes,German,27873,1069,460.5,1,1,6
mercedes,Mercedes,German,27883,1070,478.5,1,1,6
mercedes,Mercedes,German,27893,1071,521.5,1,1,7
mercedes,Mercedes,German,27913,1072,587.5,1,1,9
mercedes,Mercedes,German,27923,1073,613.5,1,1,9
mercedes,Mercedes,German,28134,1074,27,2,2,0
mercedes,Mercedes,German,28144,1075,38,2,2,0
mercedes,Mercedes,German,28154,1076,65,2,2,0
mercedes,Mercedes,German,28164,1077,77,3,3,0
mercedes,Mercedes,German,28174,1078,95,3,3,0
mercedes,Mercedes,German,28184,1079,120,3,3,0
mercedes,Mercedes,German,28194,1080,134,3,3,0
hrt,HRT,Spanish,24242,337,0,11,11,0
hrt,HRT,Spanish,24254,338,0,11,11,0
hrt,HRT,Spanish,24266,339,0,11,11,0
hrt,HRT,Spanish,24278,340,0,11,11,0
hrt,HRT,Spanish,24290,341,0,11,11,0
hrt,HRT,Spanish,24314,342,0,11,11,0
hrt,HRT,Spanish,24326,343,0,11,11,0
hrt,HRT,Spanish,24338,344,0,11,11,0
hrt,HRT,Spanish,24350,345,0,11,11,0
hrt,HRT,Spanish,24362,346,0,11,11,0
hrt,HRT,Spanish,24374,347,0,11,11,0
hrt,HRT,Spanish,24386,348,0,11,11,0
hrt,HRT,Spanish,24398,349,0,11,11,0
hrt,HRT,Spanish,24410,350,0,11,11,0
hrt,HRT,Spanish,24446,351,0,11,11,0
hrt,HRT,Spanish,24458,352,0,11,11,0
hrt,HRT,Spanish,24482,353,0,11,11,0
hrt,HRT,Spanish,24494,354,0,11,11,0
hrt,HRT,Spanish,24506,355,0,11,11,0
hrt,HRT,Spanish,24551,842,0,12,12,0
hrt,HRT,Spanish,24563,843,0,12,12,0
hrt,HRT,Spanish,24575,844,0,12,12,0
hrt,HRT,Spanish,24587,845,0,12,12,0
hrt,HRT,Spanish,24599,846,0,12,12,0
hrt,HRT,Spanish,24611,847,0,11,11,0
hrt,HRT,Spanish,24623,848,0,11,11,0
hrt,HRT,Spanish,24635,849,0,11,11,0
hrt,HRT,Spanish,24647,850,0,11,11,0
hrt,HRT,Spanish,24659,851,0,11,11,0
hrt,HRT,Spanish,24681,852,0,11,11,0
hrt,HRT,Spanish,24693,853,0,11,11,0
hrt,HRT,Spanish,24705,854,0,11,11,0
hrt,HRT,Spanish,24717,855,0,11,11,0
hrt,HRT,Spanish,24729,856,0,11,11,0
hrt,HRT,Spanish,24741,857,0,11,11,0
hrt,HRT,Spanish,24753,858,0,11,11,0
hrt,HRT,Spanish,24765,859,0,11,11,0
hrt,HRT,Spanish,24788,861,0,12,12,0
hrt,HRT,Spanish,24800,862,0,12,12,0
hrt,HRT,Spanish,24847,864,0,12,12,0
hrt,HRT,Spanish,24835,863,0,12,12,0
hrt,HRT,Spanish,24859,865,0,12,12,0
hrt,HRT,Spanish,24871,866,0,12,12,0
hrt,HRT,Spanish,24883,867,0,12,12,0
hrt,HRT,Spanish,24895,868,0,12,12,0
hrt,HRT,Spanish,24978,869,0,12,12,0
hrt,HRT,Spanish,24990,870,0,12,12,0
hrt,HRT,Spanish,25002,871,0,12,12,0
hrt,HRT,Spanish,25014,872,0,12,12,0
hrt,HRT,Spanish,25050,873,0,12,12,0
hrt,HRT,Spanish,25062,874,0,12,12,0
hrt,HRT,Spanish,25074,875,0,12,12,0
hrt,HRT,Spanish,25098,876,0,12,12,0
hrt,HRT,Spanish,25110,877,0,12,12,0
hrt,HRT,Spanish,25122,878,0,12,12,0
hrt,HRT,Spanish,25134,879,0,12,12,0
cooper-maserati,Cooper-Maserati,British,21315,658,0,6,6,0
cooper-maserati,Cooper-Maserati,British,21323,659,0,7,7,0
cooper-maserati,Cooper-Maserati,British,21331,660,0,7,7,0
cooper-maserati,Cooper-Maserati,British,21339,661,0,7,7,0
cooper-maserati,Cooper-Maserati,British,21347,662,0,7,7,0
cooper-maserati,Cooper-Maserati,British,21356,663,0,7,7,0
cooper-maserati,Cooper-Maserati,British,21375,665,0,7,7,0
cooper-maserati,Cooper-Maserati,British,21385,666,0,7,7,0
cooper-maserati,Cooper-Maserati,British,20917,667,0,6,6,0
cooper-maserati,Cooper-Maserati,British,20930,668,0,8,8,0
cooper-maserati,Cooper-Maserati,British,20944,669,0,9,9,0
cooper-maserati,Cooper-Maserati,British,20963,670,0,9,9,0
cooper-maserati,Cooper-Maserati,British,20974,671,0,10,10,0
cooper-maserati,Cooper-Maserati,British,20989,672,0,11,11,0
cooper-maserati,Cooper-Maserati,British,21008,673,0,11,11,0
cooper-maserati,Cooper-Maserati,British,21019,674,0,11,11,0
cooper-maserati,Cooper-Maserati,British,21040,675,0,11,11,0
cooper-maserati,Cooper-Maserati,British,21053,676,0,11,11,0
cooper-maserati,Cooper-Maserati,British,21074,677,0,11,11,0
cooper-maserati,Cooper-Maserati,British,21091,678,0,11,11,0
cooper-maserati,Cooper-Maserati,British,20735,679,9,1,1,1
cooper-maserati,Cooper-Maserati,British,20748,680,11,2,2,1
cooper-maserati,Cooper-Maserati,British,20758,681,11,2,2,1
cooper-maserati,Cooper-Maserati,British,20773,682,14,2,2,1
cooper-maserati,Cooper-Maserati,British,20792,683,17,2,2,1
cooper-maserati,Cooper-Maserati,British,20807,684,19,3,3,1
cooper-maserati,Cooper-Maserati,British,20819,685,21,2,2,1
cooper-maserati,Cooper-Maserati,British,20842,686,21,3,3,1
cooper-maserati,Cooper-Maserati,British,20861,687,24,3,3,1
cooper-maserati,Cooper-Maserati,British,20880,688,27,3,3,1
cooper-maserati,Cooper-Maserati,British,20900,689,28,3,3,1
cooper-maserati,Cooper-Maserati,British,20626,690,0,3,3,0
cooper-maserati,Cooper-Maserati,British,20638,691,6,3,3,0
cooper-maserati,Cooper-Maserati,British,20649,692,9,4,4,0
cooper-maserati,Cooper-Maserati,British,20662,693,11,4,4,0
cooper-maserati,Cooper-Maserati,British,20673,694,11,4,4,0
cooper-maserati,Cooper-Maserati,British,20686,695,17,4,4,0
cooper-maserati,Cooper-Maserati,British,20699,696,20,4,4,0
cooper-maserati,Cooper-Maserati,British,20729,698,30,3,3,1
cooper-maserati,Cooper-Maserati,British,19877,725,0,14,14,0
cooper-maserati,Cooper-Maserati,British,19894,726,0,15,15,0
cooper-maserati,Cooper-Maserati,British,19912,727,0,16,16,0
cooper-maserati,Cooper-Maserati,British,19389,745,0,6,6,0
cooper-maserati,Cooper-Maserati,British,18864,759,0,5,5,0
cooper-maserati,Cooper-Maserati,British,19931,728,0,14,14,0
cooper-maserati,Cooper-Maserati,British,19365,743,0,6,6,0
cooper-maserati,Cooper-Maserati,British,19355,742,0,6,6,0
cooper-maserati,Cooper-Maserati,British,19346,741,0,6,6,0
cooper-maserati,Cooper-Maserati,British,19339,740,0,5,5,0
cooper-maserati,Cooper-Maserati,British,19332,739,0,5,5,0
cooper-maserati,Cooper-Maserati,British,19125,755,3,5,5,0
cooper-maserati,Cooper-Maserati,British,19113,754,3,5,5,0
cooper-maserati,Cooper-Maserati,British,19100,753,3,5,5,0
cooper-maserati,Cooper-Maserati,British,19088,752,3,5,5,0
cooper-maserati,Cooper-Maserati,British,19077,751,3,5,5,0
cooper-maserati,Cooper-Maserati,British,19044,748,3,4,4,0
cooper-maserati,Cooper-Maserati,British,19028,746,3,3,3,0
cooper-maserati,Cooper-Maserati,British,18849,757,0,3,3,0
cooper-maserati,Cooper-Maserati,British,18856,758,0,5,5,0
cooper-maserati,Cooper-Maserati,British,18842,756,0,3,3,0
cooper-maserati,Cooper-Maserati,British,18872,760,0,6,6,0
cooper-maserati,Cooper-Maserati,British,18884,761,0,5,5,0
cooper-maserati,Cooper-Maserati,British,19376,744,0,6,6,0
cooper-maserati,Cooper-Maserati,British,19323,738,0,5,5,0
cooper-maserati,Cooper-Maserati,British,19065,750,3,5,5,0
cooper-maserati,Cooper-Maserati,British,19034,747,3,4,4,0
cooper-maserati,Cooper-Maserati,British,19054,749,3,5,5,0
cooper-maserati,Cooper-Maserati,British,21365,664,0,7,7,0
cooper-maserati,Cooper-Maserati,British,20714,697,24,3,3,0
cooper-maserati,Cooper-Maserati,British,20489,708,0,16,16,0
cooper-maserati,Cooper-Maserati,British,20473,707,0,16,16,0
cooper-maserati,Cooper-Maserati,British,20457,706,0,16,16,0
cooper-maserati,Cooper-Maserati,British,20441,705,0,16,16,0
cooper-maserati,Cooper-Maserati,British,20425,704,0,16,16,0
cooper-maserati,Cooper-Maserati,British,20409,703,0,16,16,0
cooper-maserati,Cooper-Maserati,British,20393,702,0,16,16,0
cooper-maserati,Cooper-Maserati,British,20377,701,0,16,16,0
cooper-maserati,Cooper-Maserati,British,20361,700,0,16,16,0
cooper-maserati,Cooper-Maserati,British,20345,699,0,15,15,0
cooper-maserati,Cooper-Maserati,British,18920,764,0,6,6,0
cooper-maserati,Cooper-Maserati,British,18908,763,0,6,6,0
cooper-maserati,Cooper-Maserati,British,18896,762,0,6,6,0
virgin,Virgin,British,24243,337,0,12,12,0
virgin,Virgin,British,24255,338,0,12,12,0
virgin,Virgin,British,24267,339,0,12,12,0
virgin,Virgin,British,24279,340,0,12,12,0
virgin,Virgin,British,24291,341,0,12,12,0
virgin,Virgin,British,24315,342,0,12,12,0
virgin,Virgin,British,24327,343,0,12,12,0
virgin,Virgin,British,24339,344,0,12,12,0
virgin,Virgin,British,24351,345,0,12,12,0
virgin,Virgin,British,24363,346,0,12,12,0
virgin,Virgin,British,24375,347,0,12,12,0
virgin,Virgin,British,24387,348,0,12,12,0
virgin,Virgin,British,24399,349,0,12,12,0
virgin,Virgin,British,24411,350,0,12,12,0
virgin,Virgin,British,24447,351,0,12,12,0
virgin,Virgin,British,24483,353,0,12,12,0
virgin,Virgin,British,24459,352,0,12,12,0
virgin,Virgin,British,24495,354,0,12,12,0
virgin,Virgin,British,24507,355,0,12,12,0
virgin,Virgin,British,24667,841,0,8,8,0
virgin,Virgin,British,24547,842,0,10,10,0
virgin,Virgin,British,24559,843,0,11,11,0
virgin,Virgin,British,24571,844,0,11,11,0
virgin,Virgin,British,24583,845,0,11,11,0
virgin,Virgin,British,24595,846,0,11,11,0
virgin,Virgin,British,24607,847,0,12,12,0
virgin,Virgin,British,24619,848,0,12,12,0
virgin,Virgin,British,24631,849,0,12,12,0
virgin,Virgin,British,24643,850,0,12,12,0
virgin,Virgin,British,24655,851,0,12,12,0
virgin,Virgin,British,24677,852,0,12,12,0
virgin,Virgin,British,24689,853,0,12,12,0
virgin,Virgin,British,24701,854,0,12,12,0
virgin,Virgin,British,24713,855,0,12,12,0
virgin,Virgin,British,24725,856,0,12,12,0
virgin,Virgin,British,24737,857,0,12,12,0
virgin,Virgin,British,24749,858,0,12,12,0
virgin,Virgin,British,24761,859,0,12,12,0
cooper-osca,Cooper-OSCA,British,18931,764,0,11,11,0
cooper-borgward,Cooper-Borgward,British,18902,762,0,8,8,0
cooper-borgward,Cooper-Borgward,British,18914,763,0,8,8,0
cooper-borgward,Cooper-Borgward,British,18878,760,0,8,8,0
cooper-borgward,Cooper-Borgward,British,18890,761,0,8,8,0
cooper-borgward,Cooper-Borgward,British,18926,764,0,10,10,0
cooper-climax,Cooper-Climax,British,21045,675,0,17,17,0
cooper-climax,Cooper-Climax,British,21079,677,0,17,17,0
cooper-climax,Cooper-Climax,British,21096,678,0,17,17,0
cooper-climax,Cooper-Climax,British,20736,679,6,2,2,0
cooper-climax,Cooper-Climax,British,20747,680,6,4,4,0
cooper-climax,Cooper-Climax,British,20759,681,6,6,6,0
cooper-climax,Cooper-Climax,British,20774,682,6,8,8,0
cooper-climax,Cooper-Climax,British,20791,683,6,8,8,0
cooper-climax,Cooper-Climax,British,20806,684,6,8,8,0
cooper-climax,Cooper-Climax,British,20820,685,6,9,9,0
cooper-climax,Cooper-Climax,British,20841,686,6,9,9,0
cooper-climax,Cooper-Climax,British,20860,687,6,9,9,0
cooper-climax,Cooper-Climax,British,20879,688,6,9,9,0
cooper-climax,Cooper-Climax,British,20899,689,6,9,9,0
cooper-climax,Cooper-Climax,British,20356,699,2,4,4,0
cooper-climax,Cooper-Climax,British,20370,700,4,4,4,0
cooper-climax,Cooper-Climax,British,20402,702,8,4,4,0
cooper-climax,Cooper-Climax,British,20434,704,8,5,5,0
cooper-climax,Cooper-Climax,British,20482,707,14,5,5,0
cooper-climax,Cooper-Climax,British,20067,709,2,3,3,0
cooper-climax,Cooper-Climax,British,20095,712,9,4,4,0
cooper-climax,Cooper-Climax,British,20075,710,2,5,5,0
cooper-climax,Cooper-Climax,British,19792,719,4,2,2,0
cooper-climax,Cooper-Climax,British,19823,721,10,3,3,0
cooper-climax,Cooper-Climax,British,19835,722,16,2,2,0
cooper-climax,Cooper-Climax,British,19847,723,16,3,3,0
cooper-climax,Cooper-Climax,British,19891,726,21,4,4,0
cooper-climax,Cooper-Climax,British,19513,729,2,4,4,0
cooper-climax,Cooper-Climax,British,19520,730,11,1,1,1
cooper-climax,Cooper-Climax,British,19561,734,23,3,3,1
cooper-climax,Cooper-Climax,British,19538,732,17,2,2,1
cooper-climax,Cooper-Climax,British,19529,731,11,4,4,1
cooper-climax,Cooper-Climax,British,19549,733,21,3,3,1
cooper-climax,Cooper-Climax,British,19388,745,14,4,4,0
cooper-climax,Cooper-Climax,British,19928,728,25,5,5,0
cooper-climax,Cooper-Climax,British,19364,743,10,4,4,0
cooper-climax,Cooper-Climax,British,19354,742,9,4,4,0
cooper-climax,Cooper-Climax,British,19129,755,48,1,1,6
cooper-climax,Cooper-Climax,British,19111,754,48,1,1,6
cooper-climax,Cooper-Climax,British,19104,753,48,1,1,6
cooper-climax,Cooper-Climax,British,19092,752,46,1,1,5
cooper-climax,Cooper-Climax,British,19075,751,38,1,1,4
cooper-climax,Cooper-Climax,British,19058,749,22,1,1,2
cooper-climax,Cooper-Climax,British,19047,748,14,1,1,1
cooper-climax,Cooper-Climax,British,19037,747,14,1,1,1
cooper-climax,Cooper-Climax,British,19026,746,8,1,1,1
cooper-climax,Cooper-Climax,British,19592,736,27,3,3,1
cooper-climax,Cooper-Climax,British,18854,758,14,1,1,1
cooper-climax,Cooper-Climax,British,18840,756,8,1,1,1
cooper-climax,Cooper-Climax,British,18847,757,8,1,1,1
cooper-climax,Cooper-Climax,British,18862,759,18,1,1,1
cooper-climax,Cooper-Climax,British,18870,760,26,1,1,2
cooper-climax,Cooper-Climax,British,19609,737,29,3,3,1
cooper-climax,Cooper-Climax,British,18882,761,29,1,1,2
cooper-climax,Cooper-Climax,British,19375,744,13,4,4,0
cooper-climax,Cooper-Climax,British,19345,741,6,4,4,0
cooper-climax,Cooper-Climax,British,19338,740,4,3,3,0
cooper-climax,Cooper-Climax,British,19575,735,25,3,3,1
cooper-climax,Cooper-Climax,British,19331,739,2,4,4,0
cooper-climax,Cooper-Climax,British,19324,738,1,4,4,0
cooper-climax,Cooper-Climax,British,19069,750,30,1,1,3
cooper-climax,Cooper-Climax,British,21066,676,0,17,17,0
cooper-climax,Cooper-Climax,British,21032,674,0,17,17,0
cooper-climax,Cooper-Climax,British,21013,673,0,15,15,0
cooper-climax,Cooper-Climax,British,21002,672,0,15,15,0
cooper-climax,Cooper-Climax,British,20987,671,0,15,15,0
cooper-climax,Cooper-Climax,British,20968,670,0,15,15,0
cooper-climax,Cooper-Climax,British,20957,669,0,15,15,0
cooper-climax,Cooper-Climax,British,20941,668,0,14,14,0
cooper-climax,Cooper-Climax,British,20926,667,0,11,11,0
cooper-climax,Cooper-Climax,British,20498,708,14,5,5,0
cooper-climax,Cooper-Climax,British,20466,706,13,5,5,0
cooper-climax,Cooper-Climax,British,20450,705,11,5,5,0
cooper-climax,Cooper-Climax,British,20418,703,8,4,4,0
cooper-climax,Cooper-Climax,British,20386,701,8,4,4,0
cooper-climax,Cooper-Climax,British,20165,718,16,5,5,0
cooper-climax,Cooper-Climax,British,20152,717,16,5,5,0
cooper-climax,Cooper-Climax,British,20140,716,16,5,5,0
cooper-climax,Cooper-Climax,British,20128,715,10,5,5,0
cooper-climax,Cooper-Climax,British,20116,714,10,5,5,0
cooper-climax,Cooper-Climax,British,20105,713,10,5,5,0
cooper-climax,Cooper-Climax,British,20085,711,8,3,3,0
cooper-climax,Cooper-Climax,British,19909,727,23,5,5,0
cooper-climax,Cooper-Climax,British,19874,725,21,4,4,0
cooper-climax,Cooper-Climax,British,19860,724,17,4,4,0
cooper-climax,Cooper-Climax,British,19813,720,10,3,3,0
cooper-climax,Cooper-Climax,British,18918,764,40,1,1,5
cooper-climax,Cooper-Climax,British,18906,763,38,1,1,4
cooper-climax,Cooper-Climax,British,18894,762,34,1,1,3
cooper-castellotti,Cooper-Castellotti,British,19133,755,3,6,6,0
cooper-castellotti,Cooper-Castellotti,British,19120,754,3,6,6,0
cooper-castellotti,Cooper-Castellotti,British,19107,753,0,10,10,0
cooper-castellotti,Cooper-Castellotti,British,19095,752,0,10,10,0
cooper-castellotti,Cooper-Castellotti,British,19084,751,0,9,9,0
cooper-castellotti,Cooper-Castellotti,British,19073,750,0,11,11,0
cooper-castellotti,Cooper-Castellotti,British,19062,749,0,11,11,0
cooper-castellotti,Cooper-Castellotti,British,19050,748,0,10,10,0
cooper-castellotti,Cooper-Castellotti,British,19040,747,0,10,10,0
lotus-climax,Lotus-Climax,British,20749,680,0,11,11,0
lotus-climax,Lotus-Climax,British,20793,683,0,13,13,0
lotus-climax,Lotus-Climax,British,20808,684,0,13,13,0
lotus-climax,Lotus-Climax,British,20830,685,0,15,15,0
lotus-climax,Lotus-Climax,British,20843,686,0,15,15,0
lotus-climax,Lotus-Climax,British,20862,687,0,15,15,0
lotus-climax,Lotus-Climax,British,20881,688,0,16,16,0
lotus-climax,Lotus-Climax,British,20901,689,0,16,16,0
lotus-climax,Lotus-Climax,British,20359,699,9,1,1,1
lotus-climax,Lotus-Climax,British,20081,710,13,1,1,1
lotus-climax,Lotus-Climax,British,20091,711,22,1,1,2
lotus-climax,Lotus-Climax,British,20109,713,34,1,1,3
lotus-climax,Lotus-Climax,British,20132,715,34,2,2,3
lotus-climax,Lotus-Climax,British,19794,719,1,4,4,0
lotus-climax,Lotus-Climax,British,20070,709,4,2,2,0
lotus-climax,Lotus-Climax,British,19819,721,19,1,1,2
lotus-climax,Lotus-Climax,British,19831,722,28,1,1,3
lotus-climax,Lotus-Climax,British,19843,723,37,1,1,4
lotus-climax,Lotus-Climax,British,19856,724,43,1,1,4
lotus-climax,Lotus-Climax,British,19527,731,15,2,2,1
lotus-climax,Lotus-Climax,British,19577,735,27,2,2,2
lotus-climax,Lotus-Climax,British,19327,738,9,1,1,1
lotus-climax,Lotus-Climax,British,19547,733,24,1,1,2
lotus-climax,Lotus-Climax,British,19536,732,15,3,3,1
lotus-climax,Lotus-Climax,British,19511,729,6,2,2,0
lotus-climax,Lotus-Climax,British,19518,730,6,4,4,0
lotus-climax,Lotus-Climax,British,19887,726,51,1,1,5
lotus-climax,Lotus-Climax,British,19870,725,51,1,1,5
lotus-climax,Lotus-Climax,British,19559,734,27,2,2,2
lotus-climax,Lotus-Climax,British,19385,745,35,2,2,3
lotus-climax,Lotus-Climax,British,19611,737,36,2,2,3
lotus-climax,Lotus-Climax,British,19594,736,36,2,2,3
lotus-climax,Lotus-Climax,British,19361,743,26,2,2,2
lotus-climax,Lotus-Climax,British,19351,742,17,2,2,1
lotus-climax,Lotus-Climax,British,19342,741,17,2,2,1
lotus-climax,Lotus-Climax,British,19335,740,13,2,2,1
lotus-climax,Lotus-Climax,British,20784,682,0,13,13,0
lotus-climax,Lotus-Climax,British,20769,681,0,12,12,0
lotus-climax,Lotus-Climax,British,20723,698,8,6,6,0
lotus-climax,Lotus-Climax,British,20708,697,8,6,6,0
lotus-climax,Lotus-Climax,British,20693,696,7,5,5,0
lotus-climax,Lotus-Climax,British,20680,695,7,5,5,0
lotus-climax,Lotus-Climax,British,20667,694,7,5,5,0
lotus-climax,Lotus-Climax,British,20654,693,3,5,5,0
lotus-climax,Lotus-Climax,British,20643,692,0,8,8,0
lotus-climax,Lotus-Climax,British,20632,691,0,6,6,0
lotus-climax,Lotus-Climax,British,20623,690,0,4,4,0
lotus-climax,Lotus-Climax,British,20495,708,54,1,1,6
lotus-climax,Lotus-Climax,British,20479,707,54,1,1,6
lotus-climax,Lotus-Climax,British,20463,706,54,1,1,6
lotus-climax,Lotus-Climax,British,20447,705,54,1,1,6
lotus-climax,Lotus-Climax,British,20431,704,45,1,1,5
lotus-climax,Lotus-Climax,British,20415,703,36,1,1,4
lotus-climax,Lotus-Climax,British,20399,702,27,1,1,3
lotus-climax,Lotus-Climax,British,20383,701,18,2,2,2
lotus-climax,Lotus-Climax,British,20367,700,9,3,3,1
lotus-climax,Lotus-Climax,British,20164,718,37,3,3,3
lotus-climax,Lotus-Climax,British,20151,717,36,3,3,3
lotus-climax,Lotus-Climax,British,20144,716,35,3,3,3
lotus-climax,Lotus-Climax,British,20120,714,34,1,1,3
lotus-climax,Lotus-Climax,British,20099,712,25,1,1,2
lotus-climax,Lotus-Climax,British,19924,728,54,1,1,7
lotus-climax,Lotus-Climax,British,19905,727,54,1,1,6
lotus-climax,Lotus-Climax,British,19807,720,10,2,2,1
lotus-climax,Lotus-Climax,British,19372,744,26,2,2,2
lotus-climax,Lotus-Climax,British,19328,739,13,2,2,1
lotus-maserati,Lotus-Maserati,British,19878,725,0,17,17,0
lotus-maserati,Lotus-Maserati,British,19915,727,0,19,19,0
lotus-maserati,Lotus-Maserati,British,19396,745,0,8,8,0
lotus-maserati,Lotus-Maserati,British,19383,744,0,8,8,0
lotus-maserati,Lotus-Maserati,British,19934,728,0,22,22,0
lotus-maserati,Lotus-Maserati,British,19896,726,0,18,18,0
de_tomaso-osca,De Tomaso-Osca,Italian,19587,735,0,15,15,0
de_tomaso-osca,De Tomaso-Osca,Italian,19604,736,0,15,15,0
de_tomaso-osca,De Tomaso-Osca,Italian,19623,737,0,17,17,0
de_tomaso-osca,De Tomaso-Osca,Italian,19349,741,0,8,8,0
de_tomaso-osca,De Tomaso-Osca,Italian,19358,742,0,9,9,0
de_tomaso-osca,De Tomaso-Osca,Italian,19368,743,0,9,9,0
de_tomaso-osca,De Tomaso-Osca,Italian,19379,744,0,11,11,0
de_tomaso-osca,De Tomaso-Osca,Italian,19392,745,0,11,11,0
de_tomaso-alfa_romeo,De Tomaso-Alfa Romeo,Italian,19525,730,0,9,9,0
de_tomaso-alfa_romeo,De Tomaso-Alfa Romeo,Italian,19534,731,0,9,9,0
de_tomaso-alfa_romeo,De Tomaso-Alfa Romeo,Italian,19543,732,0,11,11,0
de_tomaso-alfa_romeo,De Tomaso-Alfa Romeo,Italian,19554,733,0,11,11,0
de_tomaso-alfa_romeo,De Tomaso-Alfa Romeo,Italian,19397,745,0,9,9,0
de_tomaso-alfa_romeo,De Tomaso-Alfa Romeo,Italian,19384,744,0,9,9,0
de_tomaso-alfa_romeo,De Tomaso-Alfa Romeo,Italian,19578,735,0,14,14,0
de_tomaso-alfa_romeo,De Tomaso-Alfa Romeo,Italian,19595,736,0,14,14,0
de_tomaso-alfa_romeo,De Tomaso-Alfa Romeo,Italian,19566,734,0,14,14,0
de_tomaso-alfa_romeo,De Tomaso-Alfa Romeo,Italian,19612,737,0,16,16,0
lotus-brm,Lotus-BRM,British,20741,679,0,7,7,0
lotus-brm,Lotus-BRM,British,20753,680,6,3,3,0
lotus-brm,Lotus-BRM,British,20764,681,6,5,5,0
lotus-brm,Lotus-BRM,British,20779,682,6,7,7,0
lotus-brm,Lotus-BRM,British,20797,683,6,7,7,0
lotus-brm,Lotus-BRM,British,20812,684,6,7,7,0
lotus-brm,Lotus-BRM,British,20825,685,6,8,8,0
lotus-brm,Lotus-BRM,British,20847,686,6,8,8,0
lotus-brm,Lotus-BRM,British,20866,687,6,8,8,0
lotus-brm,Lotus-BRM,British,20885,688,6,8,8,0
lotus-brm,Lotus-BRM,British,20905,689,6,8,8,0
lotus-brm,Lotus-BRM,British,20351,699,0,9,9,0
lotus-brm,Lotus-BRM,British,20074,710,3,4,4,0
lotus-brm,Lotus-BRM,British,19795,719,0,5,5,0
lotus-brm,Lotus-BRM,British,20066,709,1,4,4,0
lotus-brm,Lotus-BRM,British,19806,720,0,8,8,0
lotus-brm,Lotus-BRM,British,19818,721,0,8,8,0
lotus-brm,Lotus-BRM,British,19524,730,0,8,8,0
lotus-brm,Lotus-BRM,British,19533,731,0,8,8,0
lotus-brm,Lotus-BRM,British,19542,732,0,8,8,0
lotus-brm,Lotus-BRM,British,19613,737,1,8,8,0
lotus-brm,Lotus-BRM,British,19553,733,0,9,9,0
lotus-brm,Lotus-BRM,British,19904,727,4,8,8,0
lotus-brm,Lotus-BRM,British,19886,726,4,8,8,0
lotus-brm,Lotus-BRM,British,19855,724,4,7,7,0
lotus-brm,Lotus-BRM,British,19830,722,1,7,7,0
lotus-brm,Lotus-BRM,British,19596,736,1,8,8,0
lotus-brm,Lotus-BRM,British,19579,735,0,8,8,0
lotus-brm,Lotus-BRM,British,19565,734,0,10,10,0
lotus-brm,Lotus-BRM,British,20721,698,13,5,5,1
lotus-brm,Lotus-BRM,British,20706,697,13,5,5,1
lotus-brm,Lotus-BRM,British,20691,696,4,6,6,0
lotus-brm,Lotus-BRM,British,20678,695,2,7,7,0
lotus-brm,Lotus-BRM,British,20665,694,2,7,7,0
lotus-brm,Lotus-BRM,British,20652,693,0,11,11,0
lotus-brm,Lotus-BRM,British,20641,692,0,9,9,0
lotus-brm,Lotus-BRM,British,20630,691,0,7,7,0
lotus-brm,Lotus-BRM,British,20621,690,0,6,6,0
lotus-brm,Lotus-BRM,British,20494,708,2,8,8,0
lotus-brm,Lotus-BRM,British,20478,707,1,8,8,0
lotus-brm,Lotus-BRM,British,20462,706,1,8,8,0
lotus-brm,Lotus-BRM,British,20446,705,0,9,9,0
lotus-brm,Lotus-BRM,British,20430,704,0,9,9,0
lotus-brm,Lotus-BRM,British,20414,703,0,10,10,0
lotus-brm,Lotus-BRM,British,20398,702,0,10,10,0
lotus-brm,Lotus-BRM,British,20382,701,0,10,10,0
lotus-brm,Lotus-BRM,British,20366,700,0,9,9,0
lotus-brm,Lotus-BRM,British,20166,718,3,8,8,0
lotus-brm,Lotus-BRM,British,20153,717,3,8,8,0
lotus-brm,Lotus-BRM,British,20139,716,3,8,8,0
lotus-brm,Lotus-BRM,British,20127,715,3,7,7,0
lotus-brm,Lotus-BRM,British,20115,714,3,7,7,0
lotus-brm,Lotus-BRM,British,20104,713,3,6,6,0
lotus-brm,Lotus-BRM,British,20094,712,3,6,6,0
lotus-brm,Lotus-BRM,British,20084,711,3,6,6,0
lotus-brm,Lotus-BRM,British,19923,728,4,8,8,0
lotus-brm,Lotus-BRM,British,19869,725,4,8,8,0
lotus-brm,Lotus-BRM,British,19842,723,2,7,7,0
lotus-borgward,Lotus-Borgward,British,19880,725,0,15,15,0
lotus-borgward,Lotus-Borgward,British,19917,727,0,17,17,0
lotus-borgward,Lotus-Borgward,British,19602,736,0,17,17,0
lotus-borgward,Lotus-Borgward,British,19621,737,0,19,19,0
lotus-borgward,Lotus-Borgward,British,19585,735,0,17,17,0
lotus-borgward,Lotus-Borgward,British,19936,728,0,20,20,0
lotus-borgward,Lotus-Borgward,British,19898,726,0,16,16,0
lotus-borgward,Lotus-Borgward,British,19863,724,0,14,14,0
cooper-alfa_romeo,Cooper-Alfa Romeo,British,19620,737,0,13,13,0
de_tomaso-ferrari,De Tomaso-Ferrari,Italian,19879,725,0,16,16,0
de_tomaso-ferrari,De Tomaso-Ferrari,Italian,19897,726,0,17,17,0
de_tomaso-ferrari,De Tomaso-Ferrari,Italian,19935,728,0,21,21,0
de_tomaso-ferrari,De Tomaso-Ferrari,Italian,19916,727,0,18,18,0
lotus-ford,Lotus-Ford,British,21676,632,3,3,3,0
lotus-ford,Lotus-Ford,British,21686,633,3,5,5,0
lotus-ford,Lotus-Ford,British,21696,634,5,6,6,0
lotus-ford,Lotus-Ford,British,21704,635,5,7,7,0
lotus-ford,Lotus-Ford,British,21715,636,9,5,5,0
lotus-ford,Lotus-Ford,British,21728,637,13,4,4,0
lotus-ford,Lotus-Ford,British,21739,638,13,4,4,0
lotus-ford,Lotus-Ford,British,21748,639,19,4,4,0
lotus-ford,Lotus-Ford,British,21759,640,19,5,5,0
lotus-ford,Lotus-Ford,British,21771,641,21,5,5,0
lotus-ford,Lotus-Ford,British,21785,642,21,5,5,0
lotus-ford,Lotus-Ford,British,21300,656,6,2,2,0
lotus-ford,Lotus-Ford,British,21307,657,6,3,3,0
lotus-ford,Lotus-Ford,British,21316,658,15,2,2,1
lotus-ford,Lotus-Ford,British,21324,659,21,2,2,1
lotus-ford,Lotus-Ford,British,21332,660,22,2,2,1
lotus-ford,Lotus-Ford,British,21340,661,25,2,2,1
lotus-ford,Lotus-Ford,British,21348,662,28,2,2,1
lotus-ford,Lotus-Ford,British,21357,663,34,2,2,1
lotus-ford,Lotus-Ford,British,21376,665,47,2,2,2
lotus-ford,Lotus-Ford,British,20922,667,9,1,1,1
lotus-ford,Lotus-Ford,British,20935,668,18,1,1,2
lotus-ford,Lotus-Ford,British,20949,669,27,1,1,3
lotus-ford,Lotus-Ford,British,20958,670,29,1,1,3
lotus-ford,Lotus-Ford,British,20979,671,29,1,1,3
lotus-ford,Lotus-Ford,British,20994,672,29,1,1,3
lotus-ford,Lotus-Ford,British,21003,673,38,1,1,4
lotus-ford,Lotus-Ford,British,21024,674,44,1,1,4
lotus-ford,Lotus-Ford,British,21035,675,44,1,1,4
lotus-ford,Lotus-Ford,British,21058,676,47,1,1,4
lotus-ford,Lotus-Ford,British,21069,677,53,1,1,4
lotus-ford,Lotus-Ford,British,21086,678,62,1,1,5
lotus-ford,Lotus-Ford,British,20848,686,22,2,2,2
lotus-ford,Lotus-Ford,British,20867,687,26,2,2,2
lotus-ford,Lotus-Ford,British,20886,688,35,2,2,3
lotus-ford,Lotus-Ford,British,20906,689,44,2,2,4
lotus-ford,Lotus-Ford,British,19939,728,0,15,15,0
lotus-ford,Lotus-Ford,British,21386,666,47,3,3,2
lotus-ford,Lotus-Ford,British,21366,664,38,3,3,1
lotus-ford,Lotus-Ford,British,20833,685,19,3,3,2
lotus-ford,Lotus-Ford,British,20813,684,19,2,2,2
lotus-ford,Lotus-Ford,British,20798,683,10,5,5,1
lotus-ford,Lotus-Ford,British,20787,682,10,4,4,1
lotus-ford,Lotus-Ford,British,20772,681,9,3,3,1
lotus-ford,Lotus-Ford,British,20491,708,0,14,14,0
lotus-ford,Lotus-Ford,British,20475,707,0,14,14,0
lotus-ford,Lotus-Ford,British,20459,706,0,14,14,0
lotus-ford,Lotus-Ford,British,20443,705,0,14,14,0
lotus-ford,Lotus-Ford,British,20427,704,0,14,14,0
lotus-ford,Lotus-Ford,British,20411,703,0,14,14,0
lotus-ford,Lotus-Ford,British,20395,702,0,14,14,0
lotus-ford,Lotus-Ford,British,20379,701,0,14,14,0
lotus-ford,Lotus-Ford,British,20363,700,0,14,14,0
lotus-ford,Lotus-Ford,British,20347,699,0,13,13,0
brabham-brm,Brabham-BRM,British,20355,699,0,5,5,0
brabham-brm,Brabham-BRM,British,20622,690,0,5,5,0
brabham-brm,Brabham-BRM,British,20076,710,0,7,7,0
brabham-brm,Brabham-BRM,British,20096,712,0,8,8,0
brabham-brm,Brabham-BRM,British,20106,713,0,8,8,0
brabham-brm,Brabham-BRM,British,20722,698,1,11,11,0
brabham-brm,Brabham-BRM,British,20707,697,1,10,10,0
brabham-brm,Brabham-BRM,British,20692,696,1,9,9,0
brabham-brm,Brabham-BRM,British,20679,695,1,8,8,0
brabham-brm,Brabham-BRM,British,20666,694,1,8,8,0
brabham-brm,Brabham-BRM,British,20653,693,1,7,7,0
brabham-brm,Brabham-BRM,British,20642,692,1,6,6,0
brabham-brm,Brabham-BRM,British,20631,691,0,8,8,0
brabham-brm,Brabham-BRM,British,20497,708,5,7,7,0
brabham-brm,Brabham-BRM,British,20481,707,2,6,6,0
brabham-brm,Brabham-BRM,British,20465,706,2,6,6,0
brabham-brm,Brabham-BRM,British,20449,705,2,6,6,0
brabham-brm,Brabham-BRM,British,20433,704,2,6,6,0
brabham-brm,Brabham-BRM,British,20417,703,2,6,6,0
brabham-brm,Brabham-BRM,British,20401,702,2,6,6,0
brabham-brm,Brabham-BRM,British,20385,701,1,6,6,0
brabham-brm,Brabham-BRM,British,20369,700,1,5,5,0
brabham-brm,Brabham-BRM,British,20171,718,7,6,6,0
brabham-brm,Brabham-BRM,British,20158,717,7,6,6,0
brabham-brm,Brabham-BRM,British,20141,716,3,7,7,0
brabham-brm,Brabham-BRM,British,20129,715,3,6,6,0
brabham-brm,Brabham-BRM,British,20117,714,3,6,6,0
brabham-brm,Brabham-BRM,British,20086,711,0,8,8,0
brabham-ford,Brabham-Ford,British,24212,525,0,12,12,0
brabham-ford,Brabham-Ford,British,24231,526,0,13,13,0
brabham-ford,Brabham-Ford,British,22932,564,0,17,17,0
brabham-ford,Brabham-Ford,British,22951,565,0,17,17,0
brabham-ford,Brabham-Ford,British,22970,566,0,17,17,0
brabham-ford,Brabham-Ford,British,23027,569,0,18,18,0
brabham-ford,Brabham-Ford,British,23046,570,0,18,18,0
brabham-ford,Brabham-Ford,British,23065,571,0,18,18,0
brabham-ford,Brabham-Ford,British,23084,572,0,18,18,0
brabham-ford,Brabham-Ford,British,23103,573,0,18,18,0
brabham-ford,Brabham-Ford,British,23122,574,0,18,18,0
brabham-ford,Brabham-Ford,British,23141,575,0,19,19,0
brabham-ford,Brabham-Ford,British,20353,699,0,7,7,0
brabham-ford,Brabham-Ford,British,20375,700,0,7,7,0
brabham-ford,Brabham-Ford,British,20391,701,0,8,8,0
brabham-ford,Brabham-Ford,British,20407,702,0,8,8,0
brabham-ford,Brabham-Ford,British,20423,703,0,8,8,0
brabham-ford,Brabham-Ford,British,20439,704,0,8,8,0
brabham-ford,Brabham-Ford,British,20455,705,0,8,8,0
brabham-ford,Brabham-Ford,British,20471,706,0,9,9,0
brabham-ford,Brabham-Ford,British,20487,707,0,9,9,0
brabham-ford,Brabham-Ford,British,20503,708,0,9,9,0
brabham-ford,Brabham-Ford,British,20123,714,0,12,12,0
brabham-ford,Brabham-Ford,British,20135,715,0,12,12,0
brabham-ford,Brabham-Ford,British,20148,716,0,13,13,0
brabham-ford,Brabham-Ford,British,20160,717,0,13,13,0
brabham-ford,Brabham-Ford,British,20173,718,0,13,13,0
brabham-ford,Brabham-Ford,British,21369,665,45,3,3,2
brabham-ford,Brabham-Ford,British,21359,664,39,2,2,2
brabham-ford,Brabham-Ford,British,21350,663,30,3,3,1
brabham-ford,Brabham-Ford,British,21379,666,49,2,2,2
brabham-ford,Brabham-Ford,British,21341,662,28,3,3,1
brabham-ford,Brabham-Ford,British,21333,661,19,4,4,0
brabham-ford,Brabham-Ford,British,21325,660,13,4,4,0
brabham-ford,Brabham-Ford,British,21317,659,9,4,4,0
brabham-ford,Brabham-Ford,British,21309,658,7,4,4,0
brabham-ford,Brabham-Ford,British,21302,657,1,5,5,0
brabham-ford,Brabham-Ford,British,21295,656,0,7,7,0
brabham-ford,Brabham-Ford,British,20908,689,0,13,13,0
brabham-ford,Brabham-Ford,British,20888,688,0,12,12,0
brabham-ford,Brabham-Ford,British,20869,687,0,12,12,0
brabham-ford,Brabham-Ford,British,20850,686,0,12,12,0
brabham-ford,Brabham-Ford,British,20835,685,0,12,12,0
brabham-ford,Brabham-Ford,British,20110,713,0,11,11,0
brabham-ford,Brabham-Ford,British,22915,563,0,19,19,0
brabham-ford,Brabham-Ford,British,22991,567,0,17,17,0
brabham-ford,Brabham-Ford,British,23010,568,0,18,18,0
brabham-climax,Brabham-Climax,British,21368,664,0,10,10,0
brabham-climax,Brabham-Climax,British,21378,665,0,10,10,0
brabham-climax,Brabham-Climax,British,20923,667,0,8,8,0
brabham-climax,Brabham-Climax,British,20938,668,0,11,11,0
brabham-climax,Brabham-Climax,British,20965,670,0,12,12,0
brabham-climax,Brabham-Climax,British,21010,673,0,12,12,0
brabham-climax,Brabham-Climax,British,21042,675,0,15,15,0
brabham-climax,Brabham-Climax,British,21076,677,0,15,15,0
brabham-climax,Brabham-Climax,British,21093,678,0,15,15,0
brabham-climax,Brabham-Climax,British,20739,679,2,5,5,0
brabham-climax,Brabham-Climax,British,20744,680,2,8,8,0
brabham-climax,Brabham-Climax,British,20762,681,2,9,9,0
brabham-climax,Brabham-Climax,British,20777,682,2,11,11,0
brabham-climax,Brabham-Climax,British,20788,683,2,11,11,0
brabham-climax,Brabham-Climax,British,20803,684,2,11,11,0
brabham-climax,Brabham-Climax,British,20823,685,2,11,11,0
brabham-climax,Brabham-Climax,British,20838,686,2,11,11,0
brabham-climax,Brabham-Climax,British,20857,687,2,11,11,0
brabham-climax,Brabham-Climax,British,20876,688,2,11,11,0
brabham-climax,Brabham-Climax,British,20896,689,2,11,11,0
brabham-climax,Brabham-Climax,British,20633,691,0,9,9,0
brabham-climax,Brabham-Climax,British,20354,699,0,6,6,0
brabham-climax,Brabham-Climax,British,20384,701,3,5,5,0
brabham-climax,Brabham-Climax,British,20416,703,7,5,5,0
brabham-climax,Brabham-Climax,British,20448,705,15,4,4,0
brabham-climax,Brabham-Climax,British,20464,706,19,4,4,0
brabham-climax,Brabham-Climax,British,20496,708,27,3,3,0
brabham-climax,Brabham-Climax,British,20065,709,0,5,5,0
brabham-climax,Brabham-Climax,British,20073,710,1,6,6,0
brabham-climax,Brabham-Climax,British,21388,666,0,10,10,0
brabham-climax,Brabham-Climax,British,21064,676,0,15,15,0
brabham-climax,Brabham-Climax,British,21030,674,0,15,15,0
brabham-climax,Brabham-Climax,British,20999,672,0,12,12,0
brabham-climax,Brabham-Climax,British,20984,671,0,12,12,0
brabham-climax,Brabham-Climax,British,20954,669,0,12,12,0
brabham-climax,Brabham-Climax,British,20724,698,1,10,10,0
brabham-climax,Brabham-Climax,British,20709,697,1,9,9,0
brabham-climax,Brabham-Climax,British,20694,696,1,8,8,0
brabham-climax,Brabham-Climax,British,20681,695,0,10,10,0
brabham-climax,Brabham-Climax,British,20668,694,0,10,10,0
brabham-climax,Brabham-Climax,British,20655,693,0,9,9,0
brabham-climax,Brabham-Climax,British,20644,692,0,7,7,0
brabham-climax,Brabham-Climax,British,20625,690,0,8,8,0
brabham-climax,Brabham-Climax,British,20480,707,24,4,4,0
brabham-climax,Brabham-Climax,British,20432,704,11,4,4,0
brabham-climax,Brabham-Climax,British,20400,702,6,5,5,0
brabham-climax,Brabham-Climax,British,20368,700,0,6,6,0
brabham-climax,Brabham-Climax,British,20167,718,30,4,4,2
brabham-climax,Brabham-Climax,British,20154,717,21,4,4,1
brabham-climax,Brabham-Climax,British,20138,716,21,4,4,1
brabham-climax,Brabham-Climax,British,20126,715,21,4,4,1
brabham-climax,Brabham-Climax,British,20114,714,17,4,4,1
brabham-climax,Brabham-Climax,British,20103,713,17,3,3,1
brabham-climax,Brabham-Climax,British,20093,712,14,3,3,1
brabham-climax,Brabham-Climax,British,20083,711,5,5,5,0
lds-climax,LDS-Climax,South African,20740,679,0,6,6,0
lds-climax,LDS-Climax,South African,20763,681,0,11,11,0
lds-climax,LDS-Climax,South African,20778,682,0,12,12,0
lds-climax,LDS-Climax,South African,20824,685,0,14,14,0
lds-climax,LDS-Climax,South African,20915,689,0,15,15,0
lds-climax,LDS-Climax,South African,20895,688,0,15,15,0
lds-climax,LDS-Climax,South African,20875,687,0,14,14,0
lds-climax,LDS-Climax,South African,20856,686,0,14,14,0
lds-climax,LDS-Climax,South African,20818,684,0,12,12,0
lds-climax,LDS-Climax,South African,20802,683,0,12,12,0
lds-climax,LDS-Climax,South African,20757,680,0,10,10,0
lds-climax,LDS-Climax,South African,20492,708,0,13,13,0
lds-climax,LDS-Climax,South African,20476,707,0,13,13,0
lds-climax,LDS-Climax,South African,20460,706,0,13,13,0
lds-climax,LDS-Climax,South African,20444,705,0,13,13,0
lds-climax,LDS-Climax,South African,20428,704,0,13,13,0
lds-climax,LDS-Climax,South African,20412,703,0,13,13,0
lds-climax,LDS-Climax,South African,20396,702,0,13,13,0
lds-climax,LDS-Climax,South African,20380,701,0,13,13,0
lds-climax,LDS-Climax,South African,20364,700,0,13,13,0
lds-climax,LDS-Climax,South African,20348,699,0,12,12,0
lds-alfa_romeo,LDS-Alfa Romeo,South African,20389,701,0,11,11,0
lds-alfa_romeo,LDS-Alfa Romeo,South African,20405,702,0,11,11,0
lds-alfa_romeo,LDS-Alfa Romeo,South African,20421,703,0,11,11,0
lds-alfa_romeo,LDS-Alfa Romeo,South African,20437,704,0,11,11,0
lds-alfa_romeo,LDS-Alfa Romeo,South African,20453,705,0,11,11,0
lds-alfa_romeo,LDS-Alfa Romeo,South African,20469,706,0,11,11,0
lds-alfa_romeo,LDS-Alfa Romeo,South African,20485,707,0,11,11,0
lds-alfa_romeo,LDS-Alfa Romeo,South African,20501,708,0,11,11,0
lds-alfa_romeo,LDS-Alfa Romeo,South African,20373,700,0,10,10,0
lds-alfa_romeo,LDS-Alfa Romeo,South African,20350,699,0,10,10,0
cooper-ford,Cooper-Ford,British,20493,708,0,12,12,0
cooper-ford,Cooper-Ford,British,20477,707,0,12,12,0
cooper-ford,Cooper-Ford,British,20461,706,0,12,12,0
cooper-ford,Cooper-Ford,British,20445,705,0,12,12,0
cooper-ford,Cooper-Ford,British,20429,704,0,12,12,0
cooper-ford,Cooper-Ford,British,20413,703,0,12,12,0
cooper-ford,Cooper-Ford,British,20397,702,0,12,12,0
cooper-ford,Cooper-Ford,British,20381,701,0,12,12,0
cooper-ford,Cooper-Ford,British,20365,700,0,12,12,0
cooper-ford,Cooper-Ford,British,20349,699,0,11,11,0
mclaren-ford,McLaren-Ford,British,21542,643,6,2,2,0
mclaren-ford,McLaren-Ford,British,21551,644,12,2,2,0
mclaren-ford,McLaren-Ford,British,21561,645,15,2,2,0
mclaren-ford,McLaren-Ford,British,21579,647,16,4,4,0
mclaren-ford,McLaren-Ford,British,21589,648,19,4,4,0
mclaren-ford,McLaren-Ford,British,21599,649,23,4,4,0
mclaren-ford,McLaren-Ford,British,21610,650,27,4,4,0
mclaren-ford,McLaren-Ford,British,21621,651,27,4,4,0
mclaren-ford,McLaren-Ford,British,21632,652,30,5,5,0
mclaren-ford,McLaren-Ford,British,21643,653,31,5,5,0
mclaren-ford,McLaren-Ford,British,21655,654,31,5,5,0
mclaren-ford,McLaren-Ford,British,21667,655,35,5,5,0
mclaren-ford,McLaren-Ford,British,21298,656,4,3,3,0
mclaren-ford,McLaren-Ford,British,21305,657,10,2,2,0
mclaren-ford,McLaren-Ford,British,21312,658,12,3,3,0
mclaren-ford,McLaren-Ford,British,21344,662,24,4,4,0
mclaren-ford,McLaren-Ford,British,21362,664,29,4,4,0
mclaren-ford,McLaren-Ford,British,21382,666,38,4,4,1
mclaren-ford,McLaren-Ford,British,20937,668,6,2,2,0
mclaren-ford,McLaren-Ford,British,20951,669,8,2,2,0
mclaren-ford,McLaren-Ford,British,20981,671,17,2,2,1
mclaren-ford,McLaren-Ford,British,20996,672,19,2,2,1
mclaren-ford,McLaren-Ford,British,21026,674,22,4,4,1
mclaren-ford,McLaren-Ford,British,21060,676,40,2,2,3
mclaren-ford,McLaren-Ford,British,20624,690,0,9,9,0
mclaren-ford,McLaren-Ford,British,20637,691,0,10,10,0
mclaren-ford,McLaren-Ford,British,20648,692,0,10,10,0
mclaren-ford,McLaren-Ford,British,20661,693,0,12,12,0
mclaren-ford,McLaren-Ford,British,20676,694,0,12,12,0
mclaren-ford,McLaren-Ford,British,20689,695,0,12,12,0
mclaren-ford,McLaren-Ford,British,20704,696,0,13,13,0
mclaren-ford,McLaren-Ford,British,20719,697,2,8,8,0
mclaren-ford,McLaren-Ford,British,20733,698,2,9,9,0
mclaren-ford,McLaren-Ford,British,21570,646,15,3,3,0
mclaren-ford,McLaren-Ford,British,21336,661,20,3,3,0
mclaren-ford,McLaren-Ford,British,21328,660,18,3,3,0
mclaren-ford,McLaren-Ford,British,21372,665,29,4,4,0
mclaren-ford,McLaren-Ford,British,21353,663,27,4,4,0
mclaren-ford,McLaren-Ford,British,21320,659,15,3,3,0
mclaren-ford,McLaren-Ford,British,21099,678,49,2,2,3
mclaren-ford,McLaren-Ford,British,21082,677,43,3,3,3
mclaren-ford,McLaren-Ford,British,21048,675,31,4,4,2
mclaren-ford,McLaren-Ford,British,21016,673,22,3,3,1
mclaren-ford,McLaren-Ford,British,20971,670,17,2,2,1
mclaren-ford,McLaren-Ford,British,20909,689,0,12,12,0
mclaren-ford,McLaren-Ford,British,20889,688,0,13,13,0
mclaren-seren,McLaren-Serenissima,British,20647,692,0,11,11,0
mclaren-seren,McLaren-Serenissima,British,20659,693,1,8,8,0
mclaren-seren,McLaren-Serenissima,British,20672,694,1,9,9,0
mclaren-seren,McLaren-Serenissima,British,20685,695,1,9,9,0
mclaren-seren,McLaren-Serenissima,British,20698,696,1,10,10,0
mclaren-seren,McLaren-Serenissima,British,20713,697,1,11,11,0
mclaren-seren,McLaren-Serenissima,British,20728,698,1,12,12,0
mclaren-seren,McLaren-Serenissima,British,20636,691,0,11,11,0
eagle-climax,Eagle-Climax,American,20765,681,0,13,13,0
eagle-climax,Eagle-Climax,American,20780,682,0,14,14,0
eagle-climax,Eagle-Climax,American,20826,685,0,16,16,0
eagle-climax,Eagle-Climax,American,20635,691,0,5,5,0
eagle-climax,Eagle-Climax,American,20646,692,2,5,5,0
eagle-climax,Eagle-Climax,American,20910,689,0,17,17,0
eagle-climax,Eagle-Climax,American,20890,688,0,17,17,0
eagle-climax,Eagle-Climax,American,20870,687,0,16,16,0
eagle-climax,Eagle-Climax,American,20851,686,0,16,16,0
eagle-climax,Eagle-Climax,American,20816,684,0,14,14,0
eagle-climax,Eagle-Climax,American,20800,683,0,14,14,0
eagle-climax,Eagle-Climax,American,20754,680,0,12,12,0
eagle-climax,Eagle-Climax,American,20742,679,0,8,8,0
eagle-climax,Eagle-Climax,American,20726,698,4,7,7,0
eagle-climax,Eagle-Climax,American,20711,697,2,7,7,0
eagle-climax,Eagle-Climax,American,20696,696,2,7,7,0
eagle-climax,Eagle-Climax,American,20683,695,2,6,6,0
eagle-climax,Eagle-Climax,American,20670,694,2,6,6,0
eagle-climax,Eagle-Climax,American,20657,693,2,6,6,0
eagle-weslake,Eagle-Weslake,American,20924,667,0,9,9,0
eagle-weslake,Eagle-Weslake,American,20966,670,0,13,13,0
eagle-weslake,Eagle-Weslake,American,21011,673,0,13,13,0
eagle-weslake,Eagle-Weslake,American,21043,675,0,12,12,0
eagle-weslake,Eagle-Weslake,American,21077,677,0,12,12,0
eagle-weslake,Eagle-Weslake,American,21094,678,0,12,12,0
eagle-weslake,Eagle-Weslake,American,20849,686,13,5,5,1
eagle-weslake,Eagle-Weslake,American,20868,687,13,7,7,1
eagle-weslake,Eagle-Weslake,American,20887,688,13,7,7,1
eagle-weslake,Eagle-Weslake,American,20907,689,13,7,7,1
eagle-weslake,Eagle-Weslake,American,20702,696,0,14,14,0
eagle-weslake,Eagle-Weslake,American,20717,697,0,14,14,0
eagle-weslake,Eagle-Weslake,American,20732,698,0,14,14,0
eagle-weslake,Eagle-Weslake,American,21063,676,0,12,12,0
eagle-weslake,Eagle-Weslake,American,21029,674,0,12,12,0
eagle-weslake,Eagle-Weslake,American,21000,672,0,13,13,0
eagle-weslake,Eagle-Weslake,American,20985,671,0,13,13,0
eagle-weslake,Eagle-Weslake,American,20955,669,0,13,13,0
eagle-weslake,Eagle-Weslake,American,20939,668,0,12,12,0
eagle-weslake,Eagle-Weslake,American,20831,685,9,6,6,1
eagle-weslake,Eagle-Weslake,American,20814,684,9,6,6,1
eagle-weslake,Eagle-Weslake,American,20799,683,9,6,6,1
eagle-weslake,Eagle-Weslake,American,20785,682,9,5,5,1
eagle-weslake,Eagle-Weslake,American,20770,681,0,14,14,0
eagle-weslake,Eagle-Weslake,American,20756,680,0,13,13,0
brabham-repco,Brabham-Repco,British,21304,657,0,6,6,0
brabham-repco,Brabham-Repco,British,21381,666,0,8,8,0
brabham-repco,Brabham-Repco,British,20921,667,4,2,2,0
brabham-repco,Brabham-Repco,British,20934,668,4,4,4,0
brabham-repco,Brabham-Repco,British,20948,669,4,5,5,0
brabham-repco,Brabham-Repco,British,20959,670,4,7,7,0
brabham-repco,Brabham-Repco,British,20978,671,6,8,8,0
brabham-repco,Brabham-Repco,British,20993,672,6,9,9,0
brabham-repco,Brabham-Repco,British,21004,673,6,9,9,0
brabham-repco,Brabham-Repco,British,21023,674,10,7,7,0
brabham-repco,Brabham-Repco,British,21036,675,10,7,7,0
brabham-repco,Brabham-Repco,British,21057,676,10,7,7,0
brabham-repco,Brabham-Repco,British,21070,677,10,8,8,0
brabham-repco,Brabham-Repco,British,21087,678,10,8,8,0
brabham-repco,Brabham-Repco,British,20738,679,3,4,4,0
brabham-repco,Brabham-Repco,British,20745,680,12,1,1,1
brabham-repco,Brabham-Repco,British,20761,681,18,1,1,1
brabham-repco,Brabham-Repco,British,20776,682,18,1,1,1
brabham-repco,Brabham-Repco,British,20789,683,27,1,1,2
brabham-repco,Brabham-Repco,British,20804,684,33,1,1,2
brabham-repco,Brabham-Repco,British,20822,685,42,1,1,3
brabham-repco,Brabham-Repco,British,20839,686,51,1,1,4
brabham-repco,Brabham-Repco,British,20858,687,57,1,1,4
brabham-repco,Brabham-Repco,British,20877,688,61,1,1,4
brabham-repco,Brabham-Repco,British,20897,689,63,1,1,4
brabham-repco,Brabham-Repco,British,21371,665,0,8,8,0
brabham-repco,Brabham-Repco,British,21361,664,0,8,8,0
brabham-repco,Brabham-Repco,British,21352,663,0,8,8,0
brabham-repco,Brabham-Repco,British,21343,662,0,8,8,0
brabham-repco,Brabham-Repco,British,21335,661,0,8,8,0
brabham-repco,Brabham-Repco,British,21327,660,0,8,8,0
brabham-repco,Brabham-Repco,British,21319,659,0,8,8,0
brabham-repco,Brabham-Repco,British,21311,658,0,7,7,0
brabham-repco,Brabham-Repco,British,21297,656,0,5,5,0
brabham-repco,Brabham-Repco,British,20720,698,42,1,1,4
brabham-repco,Brabham-Repco,British,20705,697,40,1,1,4
brabham-repco,Brabham-Repco,British,20690,696,40,1,1,4
brabham-repco,Brabham-Repco,British,20677,695,39,1,1,4
brabham-repco,Brabham-Repco,British,20664,694,30,1,1,3
brabham-repco,Brabham-Repco,British,20651,693,21,1,1,2
brabham-repco,Brabham-Repco,British,20640,692,12,2,2,1
brabham-repco,Brabham-Repco,British,20629,691,3,4,4,0
brabham-repco,Brabham-Repco,British,20620,690,0,7,7,0
cooper-ferrari,Cooper-Ferrari,British,20658,693,0,10,10,0
cooper-ferrari,Cooper-Ferrari,British,20671,694,0,11,11,0
cooper-ferrari,Cooper-Ferrari,British,20684,695,0,11,11,0
cooper-ferrari,Cooper-Ferrari,British,20727,698,0,13,13,0
cooper-ferrari,Cooper-Ferrari,British,20712,697,0,12,12,0
cooper-ferrari,Cooper-Ferrari,British,20697,696,0,11,11,0
cooper-ats,Cooper-ATS,British,20914,689,0,20,20,0
cooper-ats,Cooper-ATS,British,20894,688,0,20,20,0
cooper-ats,Cooper-ATS,British,20874,687,0,19,19,0
cooper-ats,Cooper-ATS,British,20855,686,0,19,19,0
cooper-ats,Cooper-ATS,British,20834,685,0,19,19,0
cooper-ats,Cooper-ATS,British,20815,684,0,16,16,0
mclaren-brm,McLaren-BRM,British,20919,667,2,4,4,0
mclaren-brm,McLaren-BRM,British,20932,668,2,7,7,0
mclaren-brm,McLaren-BRM,British,20946,669,2,8,8,0
mclaren-brm,McLaren-BRM,British,20961,670,2,8,8,0
mclaren-brm,McLaren-BRM,British,20976,671,2,9,9,0
mclaren-brm,McLaren-BRM,British,20991,672,2,10,10,0
mclaren-brm,McLaren-BRM,British,21006,673,2,10,10,0
mclaren-brm,McLaren-BRM,British,21021,674,2,10,10,0
mclaren-brm,McLaren-BRM,British,21038,675,3,10,10,0
mclaren-brm,McLaren-BRM,British,21055,676,3,10,10,0
mclaren-brm,McLaren-BRM,British,21072,677,3,10,10,0
mclaren-brm,McLaren-BRM,British,21089,678,3,10,10,0
mclaren-brm,McLaren-BRM,British,20751,680,3,7,7,0
mclaren-brm,McLaren-BRM,British,20795,683,3,10,10,0
mclaren-brm,McLaren-BRM,British,20810,684,3,10,10,0
mclaren-brm,McLaren-BRM,British,20829,685,3,10,10,0
mclaren-brm,McLaren-BRM,British,20845,686,3,10,10,0
mclaren-brm,McLaren-BRM,British,20864,687,3,10,10,0
mclaren-brm,McLaren-BRM,British,20883,688,3,10,10,0
mclaren-brm,McLaren-BRM,British,20903,689,3,10,10,0
mclaren-brm,McLaren-BRM,British,20783,682,3,10,10,0
mclaren-brm,McLaren-BRM,British,20768,681,3,8,8,0
cooper-brm,Cooper-BRM,British,20936,668,4,3,3,0
cooper-brm,Cooper-BRM,British,20950,669,8,3,3,0
cooper-brm,Cooper-BRM,British,20980,671,9,6,6,0
cooper-brm,Cooper-BRM,British,20995,672,12,6,6,0
cooper-brm,Cooper-BRM,British,21025,674,12,6,6,0
cooper-brm,Cooper-BRM,British,21059,676,14,6,6,0
cooper-brm,Cooper-BRM,British,21098,678,14,7,7,0
cooper-brm,Cooper-BRM,British,21081,677,14,6,6,0
cooper-brm,Cooper-BRM,British,21047,675,12,6,6,0
cooper-brm,Cooper-BRM,British,21015,673,12,6,6,0
cooper-brm,Cooper-BRM,British,20970,670,9,4,4,0
cooper-brm,Cooper-BRM,British,20928,667,0,13,13,0
matra-ford,Matra-Ford,French,21301,656,9,1,1,1
matra-ford,Matra-Ford,French,21308,657,18,1,1,2
matra-ford,Matra-Ford,French,21314,658,18,1,1,2
matra-ford,Matra-Ford,French,21322,659,27,1,1,3
matra-ford,Matra-Ford,French,21330,660,36,1,1,4
matra-ford,Matra-Ford,French,21338,661,45,1,1,5
matra-ford,Matra-Ford,French,21346,662,51,1,1,5
matra-ford,Matra-Ford,French,21355,663,60,1,1,6
matra-ford,Matra-Ford,French,21364,664,63,1,1,6
matra-ford,Matra-Ford,French,21384,666,66,1,1,6
matra-ford,Matra-Ford,French,20918,667,1,5,5,0
matra-ford,Matra-Ford,French,20931,668,3,6,6,0
matra-ford,Matra-Ford,French,20945,669,3,7,7,0
matra-ford,Matra-Ford,French,20962,670,6,6,6,0
matra-ford,Matra-Ford,French,20975,671,15,4,4,1
matra-ford,Matra-Ford,French,20990,672,19,4,4,1
matra-ford,Matra-Ford,French,21007,673,20,4,4,1
matra-ford,Matra-Ford,French,21020,674,29,2,2,2
matra-ford,Matra-Ford,French,21039,675,35,2,2,2
matra-ford,Matra-Ford,French,21054,676,36,3,3,2
matra-ford,Matra-Ford,French,21073,677,45,2,2,3
matra-ford,Matra-Ford,French,21090,678,45,3,3,3
matra-ford,Matra-Ford,French,21374,665,63,1,1,6
brm-ford,BRM-Ford,British,21358,663,0,9,9,0
brm-ford,BRM-Ford,British,21377,665,0,9,9,0
brm-ford,BRM-Ford,British,21387,666,0,9,9,0
brm-ford,BRM-Ford,British,21367,664,0,9,9,0
brm-ford,BRM-Ford,British,21349,662,0,9,9,0
mclaren-alfa_romeo,McLaren-Alfa Romeo,British,21553,644,0,9,9,0
mclaren-alfa_romeo,McLaren-Alfa Romeo,British,21562,645,0,9,9,0
mclaren-alfa_romeo,McLaren-Alfa Romeo,British,21571,646,0,9,9,0
mclaren-alfa_romeo,McLaren-Alfa Romeo,British,21580,647,0,9,9,0
mclaren-alfa_romeo,McLaren-Alfa Romeo,British,21590,648,0,9,9,0
mclaren-alfa_romeo,McLaren-Alfa Romeo,British,21601,649,0,9,9,0
mclaren-alfa_romeo,McLaren-Alfa Romeo,British,21612,650,0,10,10,0
mclaren-alfa_romeo,McLaren-Alfa Romeo,British,21623,651,0,9,9,0
mclaren-alfa_romeo,McLaren-Alfa Romeo,British,21634,652,0,8,8,0
mclaren-alfa_romeo,McLaren-Alfa Romeo,British,21645,653,0,9,9,0
mclaren-alfa_romeo,McLaren-Alfa Romeo,British,21657,654,0,9,9,0
mclaren-alfa_romeo,McLaren-Alfa Romeo,British,21669,655,0,9,9,0
march-alfa_romeo,March-Alfa Romeo,British,21680,632,0,9,9,0
march-alfa_romeo,March-Alfa Romeo,British,21710,635,0,10,10,0
march-alfa_romeo,March-Alfa Romeo,British,21721,636,0,10,10,0
march-alfa_romeo,March-Alfa Romeo,British,21754,639,0,10,10,0
march-alfa_romeo,March-Alfa Romeo,British,21765,640,0,11,11,0
march-alfa_romeo,March-Alfa Romeo,British,21777,641,0,11,11,0
march-alfa_romeo,March-Alfa Romeo,British,21791,642,0,11,11,0
march-alfa_romeo,March-Alfa Romeo,British,21744,638,0,10,10,0
march-alfa_romeo,March-Alfa Romeo,British,21733,637,0,10,10,0
march-alfa_romeo,March-Alfa Romeo,British,21701,634,0,10,10,0
march-alfa_romeo,March-Alfa Romeo,British,21691,633,0,10,10,0
march-ford,March-Ford,British,21679,632,0,8,8,0
march-ford,March-Ford,British,21690,633,0,9,9,0
march-ford,March-Ford,British,21700,634,6,3,3,0
march-ford,March-Ford,British,21709,635,9,4,4,0
march-ford,March-Ford,British,21720,636,9,4,4,0
march-ford,March-Ford,British,21732,637,15,3,3,0
march-ford,March-Ford,British,21743,638,17,3,3,0
march-ford,March-Ford,British,21753,639,18,5,5,0
march-ford,March-Ford,British,21764,640,24,4,4,0
march-ford,March-Ford,British,21776,641,30,4,4,0
march-ford,March-Ford,British,21789,642,33,4,4,0
lotus-pw,Lotus-Pratt &amp; Whitney,British,21790,642,0,10,10,0
lotus-pw,Lotus-Pratt &amp; Whitney,British,21779,641,0,10,10,0
lotus-pw,Lotus-Pratt &amp; Whitney,British,21767,640,0,10,10,0
lotus-pw,Lotus-Pratt &amp; Whitney,British,21756,639,0,11,11,0
lotus-pw,Lotus-Pratt &amp; Whitney,British,21745,638,0,11,11,0
lotus-pw,Lotus-Pratt &amp; Whitney,British,21734,637,0,11,11,0
lotus-pw,Lotus-Pratt &amp; Whitney,British,21723,636,0,11,11,0
lotus-pw,Lotus-Pratt &amp; Whitney,British,21712,635,0,11,11,0
shadow-ford,Shadow-Ford,British,22452,576,0,10,10,0
shadow-ford,Shadow-Ford,British,22466,577,0,13,13,0
shadow-ford,Shadow-Ford,British,22481,578,0,10,10,0
shadow-ford,Shadow-Ford,British,22497,579,1.5,7,7,0
shadow-ford,Shadow-Ford,British,22514,580,1.5,7,7,0
shadow-ford,Shadow-Ford,British,22531,581,2.5,7,7,0
shadow-ford,Shadow-Ford,British,22699,582,2.5,8,8,0
shadow-ford,Shadow-Ford,British,22716,583,3.5,7,7,0
shadow-ford,Shadow-Ford,British,22734,584,3.5,8,8,0
shadow-ford,Shadow-Ford,British,22752,585,3.5,8,8,0
shadow-ford,Shadow-Ford,British,22771,586,6.5,6,6,0
shadow-ford,Shadow-Ford,British,22790,587,8.5,6,6,0
shadow-ford,Shadow-Ford,British,22810,588,9.5,6,6,0
shadow-ford,Shadow-Ford,British,22830,589,9.5,6,6,0
shadow-matra,Shadow-Matra,British,22808,587,0,19,19,0
shadow-matra,Shadow-Matra,British,22828,588,0,19,19,0
shadow-matra,Shadow-Matra,British,22848,589,0,19,19,0
brabham-alfa_romeo,Brabham-Alfa Romeo,British,24011,514,1,6,6,0
brabham-alfa_romeo,Brabham-Alfa Romeo,British,24026,515,1,7,7,0
brabham-alfa_romeo,Brabham-Alfa Romeo,British,24041,516,1,7,7,0
brabham-alfa_romeo,Brabham-Alfa Romeo,British,24057,517,1,8,8,0
brabham-alfa_romeo,Brabham-Alfa Romeo,British,24074,518,1,8,8,0
brabham-alfa_romeo,Brabham-Alfa Romeo,British,24091,519,1,9,9,0
brabham-alfa_romeo,Brabham-Alfa Romeo,British,24108,520,1,9,9,0
brabham-alfa_romeo,Brabham-Alfa Romeo,British,24154,522,1,9,9,0
brabham-alfa_romeo,Brabham-Alfa Romeo,British,24171,523,4,9,9,0
brabham-alfa_romeo,Brabham-Alfa Romeo,British,24188,524,7,8,8,0
brabham-alfa_romeo,Brabham-Alfa Romeo,British,24206,525,7,8,8,0
brabham-alfa_romeo,Brabham-Alfa Romeo,British,24225,526,7,8,8,0
brabham-alfa_romeo,Brabham-Alfa Romeo,British,22857,560,0,8,8,0
brabham-alfa_romeo,Brabham-Alfa Romeo,British,22870,561,0,10,10,0
brabham-alfa_romeo,Brabham-Alfa Romeo,British,22887,562,0,12,12,0
brabham-alfa_romeo,Brabham-Alfa Romeo,British,22897,563,3,6,6,0
brabham-alfa_romeo,Brabham-Alfa Romeo,British,22916,564,3,7,7,0
brabham-alfa_romeo,Brabham-Alfa Romeo,British,22935,565,3,8,8,0
brabham-alfa_romeo,Brabham-Alfa Romeo,British,22954,566,3,8,8,0
brabham-alfa_romeo,Brabham-Alfa Romeo,British,22980,567,6,7,7,0
brabham-alfa_romeo,Brabham-Alfa Romeo,British,22999,568,6,8,8,0
brabham-alfa_romeo,Brabham-Alfa Romeo,British,23011,569,9,6,6,0
brabham-alfa_romeo,Brabham-Alfa Romeo,British,23030,570,9,7,7,0
brabham-alfa_romeo,Brabham-Alfa Romeo,British,23049,571,9,8,8,0
brabham-alfa_romeo,Brabham-Alfa Romeo,British,23068,572,9,9,9,0
brabham-alfa_romeo,Brabham-Alfa Romeo,British,23087,573,9,9,9,0
brabham-alfa_romeo,Brabham-Alfa Romeo,British,23106,574,9,9,9,0
brabham-alfa_romeo,Brabham-Alfa Romeo,British,23125,575,9,9,9,0
brabham-alfa_romeo,Brabham-Alfa Romeo,British,23996,513,0,14,14,0
brabham-alfa_romeo,Brabham-Alfa Romeo,British,23981,512,0,13,13,0
brabham-alfa_romeo,Brabham-Alfa Romeo,British,24125,521,1,9,9,0
lotus_racing,Lotus,Malaysian,24240,337,0,9,9,0
lotus_racing,Lotus,Malaysian,24252,338,0,10,10,0
lotus_racing,Lotus,Malaysian,24264,339,0,10,10,0
lotus_racing,Lotus,Malaysian,24276,340,0,10,10,0
lotus_racing,Lotus,Malaysian,24288,341,0,10,10,0
lotus_racing,Lotus,Malaysian,24312,342,0,10,10,0
lotus_racing,Lotus,Malaysian,24324,343,0,10,10,0
lotus_racing,Lotus,Malaysian,24336,344,0,10,10,0
lotus_racing,Lotus,Malaysian,24348,345,0,10,10,0
lotus_racing,Lotus,Malaysian,24360,346,0,10,10,0
lotus_racing,Lotus,Malaysian,24372,347,0,10,10,0
lotus_racing,Lotus,Malaysian,24384,348,0,10,10,0
lotus_racing,Lotus,Malaysian,24396,349,0,10,10,0
lotus_racing,Lotus,Malaysian,24408,350,0,10,10,0
lotus_racing,Lotus,Malaysian,24444,351,0,10,10,0
lotus_racing,Lotus,Malaysian,24456,352,0,10,10,0
lotus_racing,Lotus,Malaysian,24480,353,0,10,10,0
lotus_racing,Lotus,Malaysian,24492,354,0,10,10,0
lotus_racing,Lotus,Malaysian,24504,355,0,10,10,0
lotus_racing,Lotus,Malaysian,24666,841,0,7,7,0
lotus_racing,Lotus,Malaysian,24546,842,0,9,9,0
lotus_racing,Lotus,Malaysian,24558,843,0,9,9,0
lotus_racing,Lotus,Malaysian,24570,844,0,9,9,0
lotus_racing,Lotus,Malaysian,24582,845,0,10,10,0
lotus_racing,Lotus,Malaysian,24594,846,0,10,10,0
lotus_racing,Lotus,Malaysian,24606,847,0,10,10,0
lotus_racing,Lotus,Malaysian,24618,848,0,10,10,0
lotus_racing,Lotus,Malaysian,24630,849,0,10,10,0
lotus_racing,Lotus,Malaysian,24642,850,0,10,10,0
lotus_racing,Lotus,Malaysian,24654,851,0,10,10,0
lotus_racing,Lotus,Malaysian,24676,852,0,10,10,0
lotus_racing,Lotus,Malaysian,24688,853,0,10,10,0
lotus_racing,Lotus,Malaysian,24700,854,0,10,10,0
lotus_racing,Lotus,Malaysian,24712,855,0,10,10,0
lotus_racing,Lotus,Malaysian,24724,856,0,10,10,0
lotus_racing,Lotus,Malaysian,24736,857,0,10,10,0
lotus_racing,Lotus,Malaysian,24748,858,0,10,10,0
lotus_racing,Lotus,Malaysian,24760,859,0,10,10,0
marussia,Marussia,Russian,24941,860,0,10,10,0
marussia,Marussia,Russian,24786,861,0,10,10,0
marussia,Marussia,Russian,24798,862,0,10,10,0
marussia,Marussia,Russian,24845,864,0,10,10,0
marussia,Marussia,Russian,24833,863,0,10,10,0
marussia,Marussia,Russian,24857,865,0,11,11,0
marussia,Marussia,Russian,24869,866,0,11,11,0
marussia,Marussia,Russian,24881,867,0,11,11,0
marussia,Marussia,Russian,24893,868,0,11,11,0
marussia,Marussia,Russian,24976,869,0,11,11,0
marussia,Marussia,Russian,24988,870,0,11,11,0
marussia,Marussia,Russian,25000,871,0,11,11,0
marussia,Marussia,Russian,25012,872,0,11,11,0
marussia,Marussia,Russian,25048,873,0,10,10,0
marussia,Marussia,Russian,25060,874,0,10,10,0
marussia,Marussia,Russian,25072,875,0,10,10,0
marussia,Marussia,Russian,25096,876,0,10,10,0
marussia,Marussia,Russian,25108,877,0,10,10,0
marussia,Marussia,Russian,25120,878,0,10,10,0
marussia,Marussia,Russian,25132,879,0,11,11,0
marussia,Marussia,Russian,25144,880,0,10,10,0
marussia,Marussia,Russian,25155,881,0,10,10,0
marussia,Marussia,Russian,25166,882,0,10,10,0
marussia,Marussia,Russian,25177,883,0,10,10,0
marussia,Marussia,Russian,25188,884,0,10,10,0
marussia,Marussia,Russian,25199,885,0,10,10,0
marussia,Marussia,Russian,25210,886,0,10,10,0
marussia,Marussia,Russian,25221,887,0,10,10,0
marussia,Marussia,Russian,25232,888,0,10,10,0
marussia,Marussia,Russian,25243,890,0,10,10,0
marussia,Marussia,Russian,25254,891,0,10,10,0
marussia,Marussia,Russian,25287,893,0,10,10,0
marussia,Marussia,Russian,25276,892,0,10,10,0
marussia,Marussia,Russian,25298,894,0,10,10,0
marussia,Marussia,Russian,25309,895,0,10,10,0
marussia,Marussia,Russian,25320,896,0,10,10,0
marussia,Marussia,Russian,25331,897,0,10,10,0
marussia,Marussia,Russian,25342,898,0,10,10,0
marussia,Marussia,Russian,25353,899,0,10,10,0
marussia,Marussia,Russian,25938,900,0,8,8,0
marussia,Marussia,Russian,25949,901,0,11,11,0
marussia,Marussia,Russian,25960,902,0,10,10,0
marussia,Marussia,Russian,25971,903,0,10,10,0
marussia,Marussia,Russian,25982,904,0,10,10,0
marussia,Marussia,Russian,25993,905,2,9,9,0
marussia,Marussia,Russian,26004,906,2,9,9,0
marussia,Marussia,Russian,26015,907,2,9,9,0
marussia,Marussia,Russian,26026,908,2,9,9,0
marussia,Marussia,Russian,26037,909,2,9,9,0
marussia,Marussia,Russian,26048,910,2,9,9,0
marussia,Marussia,Russian,26059,911,2,9,9,0
marussia,Marussia,Russian,26070,912,2,9,9,0
marussia,Marussia,Russian,26081,913,2,9,9,0
marussia,Marussia,Russian,26092,914,2,9,9,0
marussia,Marussia,Russian,26103,915,2,9,9,0
marussia,Marussia,Russian,26114,916,2,9,9,0
marussia,Marussia,Russian,26125,917,2,9,9,0
marussia,Marussia,Russian,26136,918,2,9,9,0
caterham,Caterham,Malaysian,24942,860,0,11,11,0
caterham,Caterham,Malaysian,24787,861,0,11,11,0
caterham,Caterham,Malaysian,24799,862,0,11,11,0
caterham,Caterham,Malaysian,24846,864,0,11,11,0
caterham,Caterham,Malaysian,24834,863,0,11,11,0
caterham,Caterham,Malaysian,24858,865,0,10,10,0
caterham,Caterham,Malaysian,24870,866,0,10,10,0
caterham,Caterham,Malaysian,24882,867,0,10,10,0
caterham,Caterham,Malaysian,24894,868,0,10,10,0
caterham,Caterham,Malaysian,24977,869,0,10,10,0
caterham,Caterham,Malaysian,24989,870,0,10,10,0
caterham,Caterham,Malaysian,25001,871,0,10,10,0
caterham,Caterham,Malaysian,25013,872,0,10,10,0
caterham,Caterham,Malaysian,25049,873,0,11,11,0
caterham,Caterham,Malaysian,25061,874,0,11,11,0
caterham,Caterham,Malaysian,25073,875,0,11,11,0
caterham,Caterham,Malaysian,25097,876,0,11,11,0
caterham,Caterham,Malaysian,25109,877,0,11,11,0
caterham,Caterham,Malaysian,25121,878,0,11,11,0
caterham,Caterham,Malaysian,25133,879,0,10,10,0
caterham,Caterham,Malaysian,25145,880,0,11,11,0
caterham,Caterham,Malaysian,25156,881,0,11,11,0
caterham,Caterham,Malaysian,25167,882,0,11,11,0
caterham,Caterham,Malaysian,25178,883,0,11,11,0
caterham,Caterham,Malaysian,25189,884,0,11,11,0
caterham,Caterham,Malaysian,25200,885,0,11,11,0
caterham,Caterham,Malaysian,25211,886,0,11,11,0
caterham,Caterham,Malaysian,25222,887,0,11,11,0
caterham,Caterham,Malaysian,25233,888,0,11,11,0
caterham,Caterham,Malaysian,25244,890,0,11,11,0
caterham,Caterham,Malaysian,25255,891,0,11,11,0
caterham,Caterham,Malaysian,25288,893,0,11,11,0
caterham,Caterham,Malaysian,25277,892,0,11,11,0
caterham,Caterham,Malaysian,25299,894,0,11,11,0
caterham,Caterham,Malaysian,25310,895,0,11,11,0
caterham,Caterham,Malaysian,25321,896,0,11,11,0
caterham,Caterham,Malaysian,25332,897,0,11,11,0
caterham,Caterham,Malaysian,25343,898,0,11,11,0
caterham,Caterham,Malaysian,25354,899,0,11,11,0
caterham,Caterham,Malaysian,25940,900,0,10,10,0
caterham,Caterham,Malaysian,25951,901,0,10,10,0
caterham,Caterham,Malaysian,25962,902,0,11,11,0
caterham,Caterham,Malaysian,25973,903,0,11,11,0
caterham,Caterham,Malaysian,25984,904,0,11,11,0
caterham,Caterham,Malaysian,25995,905,0,11,11,0
caterham,Caterham,Malaysian,26006,906,0,11,11,0
caterham,Caterham,Malaysian,26017,907,0,11,11,0
caterham,Caterham,Malaysian,26028,908,0,11,11,0
caterham,Caterham,Malaysian,26039,909,0,11,11,0
caterham,Caterham,Malaysian,26050,910,0,11,11,0
caterham,Caterham,Malaysian,26061,911,0,11,11,0
caterham,Caterham,Malaysian,26072,912,0,11,11,0
caterham,Caterham,Malaysian,26083,913,0,11,11,0
caterham,Caterham,Malaysian,26094,914,0,11,11,0
caterham,Caterham,Malaysian,26105,915,0,11,11,0
caterham,Caterham,Malaysian,26116,916,0,11,11,0
caterham,Caterham,Malaysian,26127,917,0,11,11,0
caterham,Caterham,Malaysian,26138,918,0,11,11,0
lotus_f1,Lotus F1,British,24936,860,6,5,5,0
lotus_f1,Lotus F1,British,24781,861,16,5,5,0
lotus_f1,Lotus F1,British,24793,862,24,6,6,0
lotus_f1,Lotus F1,British,24840,864,84,3,3,0
lotus_f1,Lotus F1,British,24828,863,57,3,3,0
lotus_f1,Lotus F1,British,24852,865,86,4,4,0
lotus_f1,Lotus F1,British,24864,866,108,3,3,0
lotus_f1,Lotus F1,British,24876,867,126,3,3,0
lotus_f1,Lotus F1,British,24888,868,144,3,3,0
lotus_f1,Lotus F1,British,24971,869,159,4,4,0
lotus_f1,Lotus F1,British,24983,870,192,3,3,0
lotus_f1,Lotus F1,British,24995,871,207,3,3,0
lotus_f1,Lotus F1,British,25007,872,217,4,4,0
lotus_f1,Lotus F1,British,25043,873,231,4,4,0
lotus_f1,Lotus F1,British,25055,874,239,4,4,0
lotus_f1,Lotus F1,British,25067,875,255,4,4,0
lotus_f1,Lotus F1,British,25091,876,263,4,4,0
lotus_f1,Lotus F1,British,25103,877,288,4,4,1
lotus_f1,Lotus F1,British,25115,878,302,4,4,1
lotus_f1,Lotus F1,British,25127,879,303,4,4,1
lotus_f1,Lotus F1,British,25135,880,26,2,2,1
lotus_f1,Lotus F1,British,25146,881,40,2,2,1
lotus_f1,Lotus F1,British,25157,882,60,3,3,1
lotus_f1,Lotus F1,British,25168,883,93,2,2,1
lotus_f1,Lotus F1,British,25179,884,111,3,3,1
lotus_f1,Lotus F1,British,25190,885,112,3,3,1
lotus_f1,Lotus F1,British,25201,886,114,4,4,1
lotus_f1,Lotus F1,British,25212,887,124,4,4,1
lotus_f1,Lotus F1,British,25223,888,157,4,4,1
lotus_f1,Lotus F1,British,25234,890,183,4,4,1
lotus_f1,Lotus F1,British,25245,891,187,4,4,1
lotus_f1,Lotus F1,British,25278,893,206,4,4,1
lotus_f1,Lotus F1,British,25267,892,191,4,4,1
lotus_f1,Lotus F1,British,25289,894,239,4,4,1
lotus_f1,Lotus F1,British,25300,895,264,4,4,1
lotus_f1,Lotus F1,British,25311,896,285,4,4,1
lotus_f1,Lotus F1,British,25322,897,297,4,4,1
lotus_f1,Lotus F1,British,25333,898,315,4,4,1
lotus_f1,Lotus F1,British,25344,899,315,4,4,1
lotus_f1,Lotus F1,British,25939,900,0,9,9,0
lotus_f1,Lotus F1,British,25950,901,0,9,9,0
lotus_f1,Lotus F1,British,25961,902,0,8,8,0
lotus_f1,Lotus F1,British,25972,903,0,8,8,0
lotus_f1,Lotus F1,British,25983,904,4,8,8,0
lotus_f1,Lotus F1,British,25994,905,8,7,7,0
lotus_f1,Lotus F1,British,26005,906,8,8,8,0
lotus_f1,Lotus F1,British,26016,907,8,8,8,0
lotus_f1,Lotus F1,British,26027,908,8,8,8,0
lotus_f1,Lotus F1,British,26038,909,8,8,8,0
lotus_f1,Lotus F1,British,26049,910,8,8,8,0
lotus_f1,Lotus F1,British,26060,911,8,8,8,0
lotus_f1,Lotus F1,British,26071,912,8,8,8,0
lotus_f1,Lotus F1,British,26082,913,8,8,8,0
lotus_f1,Lotus F1,British,26093,914,8,8,8,0
lotus_f1,Lotus F1,British,26104,915,8,8,8,0
lotus_f1,Lotus F1,British,26115,916,10,8,8,0
lotus_f1,Lotus F1,British,26126,917,10,8,8,0
lotus_f1,Lotus F1,British,26137,918,10,8,8,0
lotus_f1,Lotus F1,British,26148,926,0,9,9,0
lotus_f1,Lotus F1,British,26157,927,0,8,8,0
lotus_f1,Lotus F1,British,26167,928,6,8,8,0
lotus_f1,Lotus F1,British,26177,929,12,6,6,0
lotus_f1,Lotus F1,British,26187,930,16,6,6,0
lotus_f1,Lotus F1,British,26197,931,16,7,7,0
lotus_f1,Lotus F1,British,26207,932,23,5,5,0
lotus_f1,Lotus F1,British,26217,933,29,6,6,0
lotus_f1,Lotus F1,British,26227,934,29,6,6,0
lotus_f1,Lotus F1,British,26237,936,35,6,6,0
lotus_f1,Lotus F1,British,26258,937,50,5,5,0
lotus_f1,Lotus F1,British,26268,938,50,6,6,0
lotus_f1,Lotus F1,British,26278,939,50,6,6,0
lotus_f1,Lotus F1,British,26298,940,60,6,6,0
lotus_f1,Lotus F1,British,26383,941,66,6,6,0
lotus_f1,Lotus F1,British,26393,942,70,6,6,0
lotus_f1,Lotus F1,British,26403,943,71,6,6,0
lotus_f1,Lotus F1,British,26413,944,76,6,6,0
lotus_f1,Lotus F1,British,26434,945,78,6,6,0
manor,Manor Marussia,British,26158,927,0,10,10,0
manor,Manor Marussia,British,26168,928,0,10,10,0
manor,Manor Marussia,British,26178,929,0,10,10,0
manor,Manor Marussia,British,26188,930,0,10,10,0
manor,Manor Marussia,British,26198,931,0,10,10,0
manor,Manor Marussia,British,26208,932,0,10,10,0
manor,Manor Marussia,British,26218,933,0,10,10,0
manor,Manor Marussia,British,26228,934,0,10,10,0
manor,Manor Marussia,British,26238,936,0,10,10,0
manor,Manor Marussia,British,26259,937,0,10,10,0
manor,Manor Marussia,British,26269,938,0,10,10,0
manor,Manor Marussia,British,26279,939,0,10,10,0
manor,Manor Marussia,British,26299,940,0,10,10,0
manor,Manor Marussia,British,26384,941,0,10,10,0
manor,Manor Marussia,British,26394,942,0,10,10,0
manor,Manor Marussia,British,26404,943,0,10,10,0
manor,Manor Marussia,British,26414,944,0,10,10,0
manor,Manor Marussia,British,26435,945,0,10,10,0
manor,Manor Marussia,British,26567,948,0,11,11,0
manor,Manor Marussia,British,26457,949,0,11,11,0
manor,Manor Marussia,British,26468,950,0,11,11,0
manor,Manor Marussia,British,26479,951,0,11,11,0
manor,Manor Marussia,British,26490,952,0,11,11,0
manor,Manor Marussia,British,26501,953,0,11,11,0
manor,Manor Marussia,British,26512,954,0,11,11,0
manor,Manor Marussia,British,26534,955,0,11,11,0
manor,Manor Marussia,British,26545,956,1,10,10,0
manor,Manor Marussia,British,26556,957,1,10,10,0
manor,Manor Marussia,British,26578,958,1,10,10,0
manor,Manor Marussia,British,26589,959,1,10,10,0
manor,Manor Marussia,British,26600,960,1,10,10,0
manor,Manor Marussia,British,26611,961,1,10,10,0
manor,Manor Marussia,British,26622,962,1,10,10,0
manor,Manor Marussia,British,26633,963,1,10,10,0
manor,Manor Marussia,British,26644,964,1,10,10,0
manor,Manor Marussia,British,26710,966,1,10,10,0
manor,Manor Marussia,British,26699,965,1,10,10,0
manor,Manor Marussia,British,26721,967,1,11,11,0
manor,Manor Marussia,British,26732,968,1,11,11,0
haas,Haas F1 Team,American,26561,948,8,5,5,0
haas,Haas F1 Team,American,26451,949,18,5,5,0
haas,Haas F1 Team,American,26462,950,18,5,5,0
haas,Haas F1 Team,American,26473,951,22,5,5,0
haas,Haas F1 Team,American,26484,952,22,6,6,0
haas,Haas F1 Team,American,26495,953,22,8,8,0
haas,Haas F1 Team,American,26506,954,22,8,8,0
haas,Haas F1 Team,American,26528,955,22,8,8,0
haas,Haas F1 Team,American,26539,956,28,8,8,0
haas,Haas F1 Team,American,26550,957,28,8,8,0
haas,Haas F1 Team,American,26572,958,28,8,8,0
haas,Haas F1 Team,American,26583,959,28,8,8,0
haas,Haas F1 Team,American,26594,960,28,8,8,0
haas,Haas F1 Team,American,26605,961,28,8,8,0
haas,Haas F1 Team,American,26616,962,28,8,8,0
haas,Haas F1 Team,American,26627,963,28,8,8,0
haas,Haas F1 Team,American,26638,964,28,8,8,0
haas,Haas F1 Team,American,26693,965,29,8,8,0
haas,Haas F1 Team,American,26704,966,29,8,8,0
haas,Haas F1 Team,American,26715,967,29,8,8,0
haas,Haas F1 Team,American,26726,968,29,8,8,0
haas,Haas F1 Team,American,26742,969,0,10,10,0
haas,Haas F1 Team,American,26752,970,4,7,7,0
haas,Haas F1 Team,American,26762,971,8,7,7,0
haas,Haas F1 Team,American,26772,972,8,7,7,0
haas,Haas F1 Team,American,26782,973,9,8,8,0
haas,Haas F1 Team,American,26792,974,14,8,8,0
haas,Haas F1 Team,American,26802,975,15,8,8,0
haas,Haas F1 Team,American,26812,976,21,7,7,0
haas,Haas F1 Team,American,26822,977,29,7,7,0
haas,Haas F1 Team,American,26832,978,29,7,7,0
haas,Haas F1 Team,American,26842,979,29,7,7,0
haas,Haas F1 Team,American,26852,980,35,7,7,0
haas,Haas F1 Team,American,26862,981,35,7,7,0
haas,Haas F1 Team,American,26872,982,37,8,8,0
haas,Haas F1 Team,American,26882,983,37,8,8,0
haas,Haas F1 Team,American,26892,984,43,7,7,0
haas,Haas F1 Team,American,26902,985,43,8,8,0
haas,Haas F1 Team,American,26912,986,47,8,8,0
haas,Haas F1 Team,American,26922,987,47,8,8,0
haas,Haas F1 Team,American,26932,988,47,8,8,0
haas,Haas F1 Team,American,26942,989,0,10,10,0
haas,Haas F1 Team,American,26982,990,10,7,7,0
haas,Haas F1 Team,American,26972,991,11,7,7,0
haas,Haas F1 Team,American,26992,992,11,8,8,0
haas,Haas F1 Team,American,27002,993,19,6,6,0
haas,Haas F1 Team,American,27012,994,19,8,8,0
haas,Haas F1 Team,American,27022,995,19,8,8,0
haas,Haas F1 Team,American,27032,996,27,7,7,0
haas,Haas F1 Team,American,27042,997,49,5,5,0
haas,Haas F1 Team,American,27052,998,51,5,5,0
haas,Haas F1 Team,American,27062,999,59,6,6,0
haas,Haas F1 Team,American,27072,1000,66,5,5,0
haas,Haas F1 Team,American,27082,1001,76,5,5,0
haas,Haas F1 Team,American,27102,1002,76,5,5,0
haas,Haas F1 Team,American,27112,1003,76,5,5,0
haas,Haas F1 Team,American,27122,1004,80,5,5,0
haas,Haas F1 Team,American,27132,1005,84,5,5,0
haas,Haas F1 Team,American,27152,1006,84,5,5,0
haas,Haas F1 Team,American,27162,1007,84,5,5,0
haas,Haas F1 Team,American,27172,1008,90,5,5,0
haas,Haas F1 Team,American,27182,1009,93,5,5,0
haas,Haas F1 Team,American,27196,1010,8,4,4,0
haas,Haas F1 Team,American,27216,1011,8,6,6,0
haas,Haas F1 Team,American,27226,1012,8,6,6,0
haas,Haas F1 Team,American,27236,1013,8,8,8,0
haas,Haas F1 Team,American,27246,1014,15,6,6,0
haas,Haas F1 Team,American,27256,1015,16,6,6,0
haas,Haas F1 Team,American,27266,1016,16,8,8,0
haas,Haas F1 Team,American,27296,1017,16,9,9,0
haas,Haas F1 Team,American,27306,1018,16,9,9,0
haas,Haas F1 Team,American,27316,1019,16,9,9,0
haas,Haas F1 Team,American,27336,1020,26,8,8,0
haas,Haas F1 Team,American,27346,1021,26,9,9,0
haas,Haas F1 Team,American,27356,1022,26,9,9,0
haas,Haas F1 Team,American,27366,1023,26,9,9,0
haas,Haas F1 Team,American,27376,1024,26,9,9,0
haas,Haas F1 Team,American,27386,1025,28,9,9,0
haas,Haas F1 Team,American,27416,1026,28,9,9,0
haas,Haas F1 Team,American,27426,1027,28,9,9,0
haas,Haas F1 Team,American,27436,1028,28,9,9,0
haas,Haas F1 Team,American,27446,1029,28,9,9,0
haas,Haas F1 Team,American,27456,1030,28,9,9,0
haas,Haas F1 Team,American,27522,1034,1,9,9,0
haas,Haas F1 Team,American,27582,1031,0,10,10,0
haas,Haas F1 Team,American,27492,1032,0,10,10,0
haas,Haas F1 Team,American,27512,1033,1,9,9,0
haas,Haas F1 Team,American,27532,1035,1,9,9,0
haas,Haas F1 Team,American,27542,1036,1,9,9,0
haas,Haas F1 Team,American,27552,1037,1,9,9,0
haas,Haas F1 Team,American,27562,1038,1,9,9,0
haas,Haas F1 Team,American,27572,1039,1,9,9,0
haas,Haas F1 Team,American,27592,1040,1,9,9,0
haas,Haas F1 Team,American,27602,1041,3,9,9,0
haas,Haas F1 Team,American,27612,1042,3,9,9,0
haas,Haas F1 Team,American,27622,1043,3,9,9,0
haas,Haas F1 Team,American,27632,1044,3,9,9,0
haas,Haas F1 Team,American,27642,1045,3,9,9,0
haas,Haas F1 Team,American,27652,1046,3,9,9,0
haas,Haas F1 Team,American,27662,1047,3,9,9,0
haas,Haas F1 Team,American,27912,1051,0,10,10,0
haas,Haas F1 Team,American,27682,1052,0,10,10,0
haas,Haas F1 Team,American,27712,1053,0,10,10,0
haas,Haas F1 Team,American,27722,1054,0,10,10,0
haas,Haas F1 Team,American,27732,1055,0,10,10,0
haas,Haas F1 Team,American,27742,1056,0,10,10,0
haas,Haas F1 Team,American,27752,1057,0,9,9,0
haas,Haas F1 Team,American,27762,1059,0,10,10,0
haas,Haas F1 Team,American,27772,1058,0,10,10,0
haas,Haas F1 Team,American,27792,1060,0,10,10,0
haas,Haas F1 Team,American,27802,1061,0,10,10,0
haas,Haas F1 Team,American,27822,1062,0,10,10,0
haas,Haas F1 Team,American,27832,1063,0,10,10,0
haas,Haas F1 Team,American,27842,1064,0,10,10,0
haas,Haas F1 Team,American,27852,1065,0,10,10,0
haas,Haas F1 Team,American,27862,1066,0,10,10,0
haas,Haas F1 Team,American,27872,1067,0,10,10,0
haas,Haas F1 Team,American,27882,1069,0,10,10,0
haas,Haas F1 Team,American,27892,1070,0,10,10,0
haas,Haas F1 Team,American,27902,1071,0,10,10,0
haas,Haas F1 Team,American,27922,1072,0,10,10,0
haas,Haas F1 Team,American,27932,1073,0,10,10,0
haas,Haas F1 Team,American,28135,1074,10,3,3,0
haas,Haas F1 Team,American,28145,1075,12,5,5,0
haas,Haas F1 Team,American,28155,1076,12,7,7,0
haas,Haas F1 Team,American,28165,1077,15,8,8,0
haas,Haas F1 Team,American,28175,1078,15,8,8,0
haas,Haas F1 Team,American,28185,1079,15,8,8,0
haas,Haas F1 Team,American,28195,1080,15,8,8,0
racing_point,Racing Point,British,27199,1010,2,7,7,0
racing_point,Racing Point,British,27219,1011,3,9,9,0
racing_point,Racing Point,British,27229,1012,7,8,8,0
racing_point,Racing Point,British,27239,1013,17,5,5,0
racing_point,Racing Point,British,27249,1014,17,5,5,0
racing_point,Racing Point,British,27259,1015,17,5,5,0
racing_point,Racing Point,British,27269,1016,19,6,6,0
racing_point,Racing Point,British,27299,1017,19,6,6,0
racing_point,Racing Point,British,27309,1018,19,7,7,0
racing_point,Racing Point,British,27319,1019,19,7,7,0
racing_point,Racing Point,British,27339,1020,31,7,7,0
racing_point,Racing Point,British,27349,1021,31,8,8,0
racing_point,Racing Point,British,27359,1022,40,7,7,0
racing_point,Racing Point,British,27369,1023,46,7,7,0
racing_point,Racing Point,British,27379,1024,46,7,7,0
racing_point,Racing Point,British,27389,1025,52,7,7,0
racing_point,Racing Point,British,27419,1026,58,7,7,0
racing_point,Racing Point,British,27429,1027,64,7,7,0
racing_point,Racing Point,British,27439,1028,65,6,6,0
racing_point,Racing Point,British,27449,1029,67,7,7,0
racing_point,Racing Point,British,27459,1030,73,7,7,0
racing_point,Racing Point,British,27516,1034,42,5,5,0
racing_point,Racing Point,British,27576,1031,8,4,4,0
racing_point,Racing Point,British,27486,1032,22,4,4,0
racing_point,Racing Point,British,27506,1033,40,4,4,0
racing_point,Racing Point,British,27526,1035,41,5,5,0
racing_point,Racing Point,British,27536,1036,63,3,3,0
racing_point,Racing Point,British,27546,1037,66,4,4,0
racing_point,Racing Point,British,27556,1038,82,4,4,0
racing_point,Racing Point,British,27566,1039,92,4,4,0
racing_point,Racing Point,British,27586,1040,104,4,4,0
racing_point,Racing Point,British,27596,1041,120,3,3,0
racing_point,Racing Point,British,27606,1042,126,3,3,0
racing_point,Racing Point,British,27616,1043,134,5,5,0
racing_point,Racing Point,British,27626,1044,154,3,3,0
racing_point,Racing Point,British,27636,1045,154,4,4,0
racing_point,Racing Point,British,27646,1046,194,3,3,1
racing_point,Racing Point,British,27656,1047,195,4,4,1
alphatauri,AlphaTauri,Italian,27517,1034,13,7,7,0
alphatauri,AlphaTauri,Italian,27577,1031,6,5,5,0
alphatauri,AlphaTauri,Italian,27487,1032,7,7,7,0
alphatauri,AlphaTauri,Italian,27507,1033,7,7,7,0
alphatauri,AlphaTauri,Italian,27527,1035,14,7,7,0
alphatauri,AlphaTauri,Italian,27537,1036,16,7,7,0
alphatauri,AlphaTauri,Italian,27547,1037,20,7,7,0
alphatauri,AlphaTauri,Italian,27557,1038,47,7,7,1
alphatauri,AlphaTauri,Italian,27567,1039,53,7,7,1
alphatauri,AlphaTauri,Italian,27587,1040,59,7,7,1
alphatauri,AlphaTauri,Italian,27597,1041,67,7,7,1
alphatauri,AlphaTauri,Italian,27607,1042,77,7,7,1
alphatauri,AlphaTauri,Italian,27617,1043,89,7,7,1
alphatauri,AlphaTauri,Italian,27627,1044,89,7,7,1
alphatauri,AlphaTauri,Italian,27637,1045,97,7,7,1
alphatauri,AlphaTauri,Italian,27647,1046,103,7,7,1
alphatauri,AlphaTauri,Italian,27657,1047,107,7,7,1
alphatauri,AlphaTauri,Italian,27907,1051,112,6,6,0
alphatauri,AlphaTauri,Italian,27677,1052,2,5,5,0
alphatauri,AlphaTauri,Italian,27707,1053,8,5,5,0
alphatauri,AlphaTauri,Italian,27717,1054,9,6,6,0
alphatauri,AlphaTauri,Italian,27727,1055,10,6,6,0
alphatauri,AlphaTauri,Italian,27737,1056,18,6,6,0
alphatauri,AlphaTauri,Italian,27747,1057,39,5,5,0
alphatauri,AlphaTauri,Italian,27757,1059,45,5,5,0
alphatauri,AlphaTauri,Italian,27767,1058,46,5,5,0
alphatauri,AlphaTauri,Italian,27787,1060,48,5,5,0
alphatauri,AlphaTauri,Italian,27797,1061,49,5,5,0
alphatauri,AlphaTauri,Italian,27817,1062,68,6,6,0
alphatauri,AlphaTauri,Italian,27827,1063,72,6,6,0
alphatauri,AlphaTauri,Italian,27837,1064,84,6,6,0
alphatauri,AlphaTauri,Italian,27847,1065,84,6,6,0
alphatauri,AlphaTauri,Italian,27857,1066,84,6,6,0
alphatauri,AlphaTauri,Italian,27867,1067,92,6,6,0
alphatauri,AlphaTauri,Italian,27877,1069,94,6,6,0
alphatauri,AlphaTauri,Italian,27887,1070,106,6,6,0
alphatauri,AlphaTauri,Italian,27897,1071,112,6,6,0
alphatauri,AlphaTauri,Italian,27917,1072,120,6,6,0
alphatauri,AlphaTauri,Italian,27927,1073,142,6,6,0
alphatauri,AlphaTauri,Italian,28138,1074,4,6,6,0
alphatauri,AlphaTauri,Italian,28148,1075,8,7,7,0
alphatauri,AlphaTauri,Italian,28158,1076,10,8,8,0
alphatauri,AlphaTauri,Italian,28168,1077,16,7,7,0
alphatauri,AlphaTauri,Italian,28178,1078,16,7,7,0
alphatauri,AlphaTauri,Italian,28188,1079,17,7,7,0
alphatauri,AlphaTauri,Italian,28198,1080,17,7,7,0
alpine,Alpine F1 Team,French,27910,1051,137,5,5,1
alpine,Alpine F1 Team,French,27680,1052,0,8,8,0
alpine,Alpine F1 Team,French,27710,1053,3,7,7,0
alpine,Alpine F1 Team,French,27720,1054,13,5,5,0
alpine,Alpine F1 Team,French,27730,1055,15,5,5,0
alpine,Alpine F1 Team,French,27740,1056,17,7,7,0
alpine,Alpine F1 Team,French,27750,1057,25,7,7,0
alpine,Alpine F1 Team,French,27760,1059,29,7,7,0
alpine,Alpine F1 Team,French,27770,1058,31,7,7,0
alpine,Alpine F1 Team,French,27790,1060,32,7,7,0
alpine,Alpine F1 Team,French,27800,1061,40,7,7,0
alpine,Alpine F1 Team,French,27820,1062,77,5,5,1
alpine,Alpine F1 Team,French,27830,1063,80,5,5,1
alpine,Alpine F1 Team,French,27840,1064,90,5,5,1
alpine,Alpine F1 Team,French,27850,1065,95,5,5,1
alpine,Alpine F1 Team,French,27860,1066,103,5,5,1
alpine,Alpine F1 Team,French,27870,1067,104,5,5,1
alpine,Alpine F1 Team,French,27880,1069,104,5,5,1
alpine,Alpine F1 Team,French,27890,1070,106,5,5,1
alpine,Alpine F1 Team,French,27900,1071,112,5,5,1
alpine,Alpine F1 Team,French,27920,1072,149,5,5,1
alpine,Alpine F1 Team,French,27930,1073,155,5,5,1
alpine,Alpine F1 Team,French,28137,1074,8,5,5,0
alpine,Alpine F1 Team,French,28147,1075,16,4,4,0
alpine,Alpine F1 Team,French,28157,1076,22,5,5,0
alpine,Alpine F1 Team,French,28167,1077,22,6,6,0
alpine,Alpine F1 Team,French,28177,1078,26,6,6,0
alpine,Alpine F1 Team,French,28187,1079,34,6,6,0
alpine,Alpine F1 Team,French,28197,1080,40,6,6,0
