constructor_standings_id,constructor_id,race_id,constructor_points,constructor_position,position_text,wins,is_excluded
1,142,18,14.0,1,1,1,f
7,142,19,24.0,1,1,1,f
18,142,20,28.0,3,3,1,f
29,142,21,34.0,3,3,1,f
40,142,22,42.0,3,3,1,f
51,142,23,53.0,2,2,2,f
62,142,24,53.0,3,3,2,f
73,142,25,58.0,3,3,2,f
84,142,26,72.0,3,3,3,f
95,142,27,86.0,3,3,4,f
106,142,28,100.0,2,2,5,f
117,142,29,113.0,2,2,5,f
128,142,30,119.0,2,2,5,f
139,142,31,129.0,2,2,5,f
150,142,32,135.0,1,1,5,f
161,142,33,135.0,2,2,5,f
1633,142,34,145.0,2,2,6,f
183,142,35,151.0,2,2,6,f
6319,142,53,10.0,2,2,0,f
6330,142,54,15.0,3,3,0,f
6341,142,55,23.0,2,2,0,f
6352,142,56,33.0,2,2,0,f
6363,142,57,38.0,3,3,0,f
6374,142,58,42.0,3,3,0,f
6385,142,59,50.0,3,3,0,f
6396,142,60,59.0,3,3,0,f
6407,142,61,65.0,3,3,0,f
6418,142,62,65.0,3,3,0,f
6429,142,63,71.0,3,3,0,f
6440,142,64,77.0,3,3,0,f
6451,142,65,85.0,3,3,0,f
6462,142,66,89.0,3,3,0,f
6473,142,67,97.0,3,3,0,f
6485,142,68,101.0,3,3,0,f
6497,142,69,105.0,3,3,0,f
6509,142,70,110.0,3,3,0,f
27947,142,71,4.0,5,5,0,f
27957,142,72,9.0,6,6,0,f
27967,142,73,19.0,3,3,0,f
27977,142,74,25.0,3,3,0,f
27987,142,75,37.0,3,3,1,f
27997,142,76,51.0,2,2,2,f
28007,142,77,53.0,2,2,2,f
28017,142,78,63.0,2,2,3,f
28027,142,79,63.0,2,2,3,f
28037,142,80,71.0,2,2,3,f
28047,142,81,87.0,2,2,4,f
28057,142,82,95.0,2,2,4,f
28067,142,83,105.0,2,2,5,f
28077,142,84,121.0,2,2,6,f
28087,142,85,136.0,2,2,7,f
28097,142,86,146.0,2,2,8,f
28107,142,87,164.0,1,1,9,f
28117,142,88,174.0,2,2,10,f
28127,142,89,182.0,2,2,10,f
6142,142,90,1.0,5,5,0,f
6151,142,91,4.0,5,5,0,f
6161,142,92,4.0,5,5,0,f
6171,142,93,5.0,5,5,0,f
6181,142,94,5.0,5,5,0,f
6191,142,95,5.0,6,6,0,f
6201,142,96,5.0,6,6,0,f
6211,142,97,12.0,6,6,0,f
6221,142,98,17.0,5,5,0,f
6231,142,99,22.0,5,5,0,f
6241,142,100,32.0,5,5,0,f
6251,142,101,37.0,5,5,0,f
6261,142,102,37.0,5,5,0,f
6271,142,103,49.0,5,5,1,f
6281,142,104,52.0,5,5,1,f
6291,142,105,58.0,5,5,1,f
6301,142,106,61.0,5,5,1,f
6311,142,107,69.0,5,5,1,f
5982,142,108,16.0,1,1,1,f
5989,142,109,26.0,1,1,2,f
5998,142,110,39.0,1,1,2,f
6008,142,111,51.0,1,1,2,f
6018,142,112,51.0,1,1,2,f
6028,142,113,63.0,2,2,2,f
6038,142,114,73.0,1,1,2,f
6048,142,115,76.0,2,2,2,f
6058,142,116,76.0,3,3,2,f
6068,142,117,85.0,3,3,2,f
6078,142,118,95.0,3,3,2,f
6088,142,119,103.0,3,3,2,f
6098,142,120,115.0,3,3,2,f
6108,142,121,120.0,3,3,2,f
6118,142,122,128.0,3,3,2,f
6128,142,123,142.0,3,3,2,f
5802,142,124,4.0,3,3,0,f
5808,142,125,4.0,3,3,0,f
5819,142,126,8.0,3,3,0,f
5830,142,127,9.0,3,3,0,f
5841,142,128,13.0,3,3,0,f
5852,142,129,14.0,3,3,0,f
5863,142,130,24.0,3,3,1,f
5874,142,131,33.0,3,3,1,f
5885,142,132,37.0,3,3,1,f
5896,142,133,37.0,3,3,1,f
5907,142,134,47.0,3,3,1,f
5918,142,135,49.0,3,3,1,f
5929,142,136,54.0,3,3,1,f
5940,142,137,57.0,3,3,1,f
5951,142,138,57.0,3,3,1,f
5962,142,139,61.0,3,3,1,f
5973,142,140,65.0,3,3,1,f
5615,142,141,6.0,2,2,0,f
5625,142,142,11.0,2,2,0,f
5636,142,143,21.0,2,2,1,f
5647,142,144,30.0,2,2,1,f
5658,142,145,32.0,2,2,1,f
5669,142,146,42.0,2,2,2,f
5680,142,147,44.0,2,2,2,f
5691,142,148,48.0,2,2,2,f
5702,142,149,53.0,2,2,2,f
5713,142,150,56.0,2,2,2,f
5724,142,151,66.0,2,2,3,f
5735,142,152,66.0,2,2,3,f
5746,142,153,72.0,2,2,3,f
5757,142,154,81.0,2,2,3,f
5768,142,155,81.0,2,2,3,f
5779,142,156,95.0,2,2,4,f
5790,142,157,102.0,2,2,4,f
1476,142,160,10.0,2,2,0,f
1487,142,161,26.0,2,2,1,f
1498,142,162,42.0,2,2,2,f
1509,142,163,52.0,2,2,2,f
1520,142,164,63.0,2,2,3,f
1531,142,165,66.0,2,2,3,f
1542,142,166,82.0,2,2,4,f
1553,142,167,98.0,1,1,5,f
1564,142,168,108.0,1,1,5,f
1575,142,169,122.0,1,1,6,f
1586,142,170,135.0,1,1,7,f
1597,142,171,141.0,1,1,7,f
1608,142,172,143.0,2,2,7,f
1619,142,173,153.0,2,2,7,f
1630,142,174,162.0,2,2,7,f
5457,142,176,10.0,2,2,1,f
5466,142,177,16.0,2,2,1,f
5477,142,178,20.0,2,2,1,f
5488,142,179,36.0,2,2,2,f
5499,142,180,46.0,2,2,3,f
5510,142,181,52.0,2,2,3,f
5521,142,182,62.0,2,2,4,f
5532,142,183,72.0,2,2,4,f
5543,142,184,74.0,2,2,4,f
5554,142,185,90.0,2,2,5,f
5565,142,186,106.0,1,1,6,f
5576,142,187,108.0,1,1,6,f
5587,142,188,110.0,1,1,6,f
5598,142,189,114.0,2,2,6,f
5609,142,190,124.0,2,2,7,f
2055,142,191,16.0,1,1,1,f
2062,142,192,32.0,1,1,2,f
2070,142,193,39.0,1,1,2,f
2080,142,194,49.0,1,1,3,f
2091,142,195,65.0,1,1,4,f
2102,142,196,75.0,1,1,5,f
2113,142,197,75.0,1,1,5,f
2124,142,198,80.0,1,1,5,f
2135,142,199,86.0,1,1,5,f
2146,142,200,102.0,1,1,6,f
2157,142,201,118.0,1,1,7,f
2168,142,202,125.0,1,1,7,f
2179,142,203,125.0,1,1,7,f
2190,142,204,128.0,1,1,7,f
2201,142,205,142.0,1,1,8,f
2212,142,206,156.0,1,1,9,f
5250,142,207,14.0,1,1,1,f
5258,142,208,17.0,1,1,1,f
5268,142,209,19.0,2,2,1,f
5279,142,210,20.0,3,3,1,f
5290,142,211,20.0,3,3,1,f
25355,142,212,21.0,3,3,1,f
25367,142,213,21.0,4,4,1,f
25379,142,214,21.0,4,4,1,f
25391,142,215,24.0,4,4,1,f
25403,142,216,28.0,4,4,1,f
25415,142,217,28.0,4,4,1,f
25427,142,218,28.0,4,4,1,f
25439,142,219,38.0,4,4,2,f
25451,142,220,44.0,4,4,2,f
25463,142,221,44.0,4,4,2,f
25475,142,222,47.0,4,4,2,f
25487,142,223,63.0,4,4,3,f
2421,142,224,2.0,4,4,0,f
2429,142,225,5.0,4,4,0,f
2440,142,226,5.0,4,4,0,f
2451,142,227,9.0,4,4,0,f
2462,142,228,9.0,4,4,0,f
2473,142,229,16.0,4,4,0,f
2484,142,230,18.0,4,4,0,f
2495,142,231,23.0,4,4,0,f
2506,142,232,26.0,4,4,0,f
2517,142,233,32.0,4,4,0,f
2528,142,234,34.0,4,4,0,f
2539,142,235,37.0,4,4,0,f
2550,142,236,41.0,4,4,0,f
2561,142,237,45.0,4,4,0,f
2572,142,238,45.0,4,4,0,f
2583,142,239,49.0,4,4,0,f
5040,142,240,4.0,4,4,0,f
5048,142,241,4.0,4,4,0,f
5058,142,242,6.0,4,4,0,f
5071,142,243,6.0,4,4,0,f
5084,142,244,8.0,4,4,0,f
5097,142,245,8.0,5,5,0,f
5110,142,246,8.0,5,5,0,f
5123,142,247,10.0,6,6,0,f
5136,142,248,10.0,6,6,0,f
5149,142,249,10.0,6,6,0,f
5162,142,250,12.0,6,6,0,f
5175,142,251,21.0,4,4,0,f
5188,142,252,21.0,4,4,0,f
5201,142,253,21.0,4,4,0,f
5214,142,254,21.0,4,4,0,f
5227,142,255,27.0,4,4,0,f
5240,142,256,30.0,4,4,0,f
25538,142,258,0.0,13,13,0,f
25552,142,259,4.0,6,6,0,f
25566,142,260,10.0,3,3,0,f
25580,142,261,10.0,5,5,0,f
25594,142,262,10.0,5,5,0,f
25608,142,263,10.0,5,5,0,f
25622,142,264,14.0,4,4,0,f
25636,142,265,14.0,4,4,0,f
25650,142,266,17.0,4,4,0,f
25664,142,267,23.0,4,4,0,f
25678,142,268,29.0,4,4,0,f
25692,142,269,34.0,4,4,0,f
25706,142,270,38.0,4,4,0,f
25720,142,271,38.0,4,4,0,f
25510,142,272,42.0,4,4,0,f
4636,142,273,6.0,2,2,0,f
4643,142,274,16.0,1,1,1,f
4654,142,275,26.0,1,1,2,f
4666,142,276,26.0,2,2,2,f
4678,142,277,34.0,2,2,2,f
4690,142,278,44.0,2,2,3,f
4703,142,279,44.0,2,2,3,f
4716,142,280,48.0,2,2,3,f
4729,142,281,50.0,2,2,3,f
4742,142,282,53.0,2,2,3,f
4755,142,283,53.0,2,2,3,f
4768,142,284,56.0,3,3,3,f
4781,142,285,60.0,3,3,3,f
4794,142,286,60.0,3,3,3,f
4807,142,287,74.0,2,2,4,f
4820,142,288,84.0,2,2,5,f
3248,142,289,6.0,2,2,0,f
3257,142,290,9.0,2,2,0,f
3268,142,291,9.0,3,3,0,f
3309,142,292,12.0,3,3,0,f
3323,142,293,16.0,3,3,0,f
3337,142,294,26.0,2,2,1,f
3351,142,295,36.0,2,2,2,f
3365,142,296,36.0,2,2,2,f
3379,142,297,38.0,3,3,2,f
3394,142,298,44.0,3,3,2,f
3409,142,299,58.0,2,2,3,f
3424,142,300,60.0,3,3,3,f
3439,142,301,73.0,3,3,4,f
3454,142,302,83.0,2,2,4,f
3469,142,303,89.0,2,2,4,f
3484,142,304,99.0,2,2,5,f
7624,142,321,9.0,1,1,1,f
7643,142,322,19.0,1,1,1,f
7662,142,323,25.0,1,1,1,f
7681,142,324,38.0,1,1,2,f
7700,142,325,50.0,1,1,3,f
7719,142,326,54.0,1,1,3,f
7738,142,327,60.0,1,1,3,f
7757,142,328,64.0,1,1,3,f
7776,142,329,77.0,1,1,4,f
7795,142,330,83.0,1,1,4,f
7814,142,331,96.0,1,1,5,f
7833,142,332,109.0,1,1,6,f
7852,142,333,118.0,1,1,6,f
7871,142,334,118.0,1,1,6,f
7890,142,335,118.0,1,1,6,f
7909,142,336,121.0,1,1,6,f
8533,142,2,1.0,8,8,0,f
8230,142,305,10.0,1,1,1,f
8248,142,306,24.0,1,1,2,f
8266,142,307,40.0,1,1,3,f
8285,142,308,50.0,1,1,4,f
8304,142,309,50.0,1,1,4,f
8323,142,310,54.0,1,1,4,f
8342,142,311,58.0,1,1,4,f
8361,142,312,67.0,1,1,4,f
8380,142,313,70.0,2,2,4,f
8399,142,314,83.0,1,1,5,f
8418,142,315,99.0,1,1,6,f
8437,142,316,108.0,1,1,6,f
8456,142,317,114.0,1,1,6,f
8475,142,318,116.0,2,2,6,f
8494,142,319,132.0,1,1,7,f
8513,142,320,139.0,1,1,8,f
8563,142,3,8.0,4,4,0,f
8583,142,4,13.0,4,4,0,f
8593,142,5,13.0,4,4,0,f
8673,142,6,13.0,5,5,0,f
8643,142,7,13.0,5,5,0,f
8663,142,8,13.0,6,6,0,f
8683,142,9,14.0,6,6,0,f
8693,142,10,28.0,5,5,1,f
8703,142,11,41.0,4,4,1,f
8713,142,12,44.0,4,4,1,f
8723,142,13,47.0,4,4,1,f
8733,142,14,59.0,4,4,2,f
8753,142,15,65.0,4,4,2,f
8763,142,16,71.0,3,3,2,f
8773,142,356,6.0,2,2,0,f
8793,142,357,21.0,1,1,1,f
8813,142,358,36.0,1,1,2,f
8833,142,359,47.0,1,1,3,f
8853,142,360,56.0,1,1,4,f
8873,142,361,56.0,1,1,4,f
8893,142,362,65.0,1,1,5,f
8913,142,363,74.0,1,1,6,f
8933,142,364,89.0,1,1,7,f
8953,142,365,98.0,1,1,7,f
8973,142,366,113.0,1,1,8,f
8993,142,367,122.0,1,1,9,f
9013,142,368,128.0,1,1,9,f
9033,142,369,141.0,1,1,10,f
9133,142,371,141.0,1,1,10,f
9113,142,370,141.0,1,1,10,f
9152,142,372,9.0,1,1,1,f
9170,142,373,24.0,1,1,2,f
9188,142,374,33.0,1,1,3,f
9206,142,375,48.0,1,1,4,f
9224,142,376,63.0,1,1,5,f
9242,142,377,78.0,1,1,6,f
9260,142,378,93.0,1,1,7,f
9278,142,379,102.0,1,1,8,f
9296,142,380,117.0,1,1,9,f
9314,142,381,132.0,1,1,10,f
9332,142,382,147.0,1,1,11,f
9350,142,383,147.0,1,1,11,f
9368,142,384,157.0,1,1,12,f
9386,142,385,169.0,1,1,13,f
9404,142,386,184.0,1,1,14,f
9422,142,387,199.0,1,1,15,f
9440,142,388,13.0,1,1,1,f
9453,142,389,16.0,2,2,1,f
9468,142,390,31.0,1,1,2,f
9483,142,391,31.0,1,1,2,f
9498,142,392,35.0,1,1,2,f
9513,142,393,39.0,2,2,2,f
9528,142,394,39.0,2,2,2,f
9543,142,395,45.0,2,2,2,f
9558,142,396,49.0,2,2,2,f
9573,142,397,50.0,2,2,2,f
9588,142,398,51.0,3,3,2,f
9604,142,399,62.0,2,2,3,f
9620,142,400,72.0,2,2,3,f
9636,142,401,72.0,2,2,3,f
9652,142,402,76.0,2,2,3,f
9668,142,403,76.0,2,2,3,f
9692,142,404,0.0,9,9,0,f
9705,142,405,7.0,4,4,0,f
9718,142,406,18.0,2,2,1,f
9731,142,407,33.0,1,1,2,f
9744,142,408,34.0,1,1,2,f
9757,142,409,43.0,2,2,2,f
9783,142,410,47.0,2,2,2,f
9796,142,411,56.0,2,2,2,f
9809,142,412,60.0,2,2,2,f
9822,142,413,63.0,2,2,2,f
9835,142,414,63.0,2,2,2,f
9848,142,415,72.0,2,2,3,f
9861,142,416,75.0,2,2,3,f
9875,142,417,81.0,2,2,3,f
9889,142,418,87.0,2,2,3,f
9903,142,419,96.0,2,2,4,f
9909,142,420,9.0,1,1,1,f
9923,142,421,9.0,3,3,1,f
9938,142,422,12.0,3,3,1,f
9953,142,423,21.0,3,3,2,f
9969,142,424,25.0,3,3,2,f
10017,142,425,25.0,3,3,2,f
10049,142,426,29.0,3,3,2,f
10065,142,427,38.0,2,2,3,f
10081,142,428,46.0,2,2,3,f
10097,142,429,55.0,2,2,4,f
10113,142,430,70.0,2,2,5,f
10129,142,431,79.0,1,1,6,f
10146,142,432,83.0,1,1,6,f
10163,142,433,86.0,1,1,6,f
10180,142,434,90.0,1,1,6,f
10197,142,435,90.0,1,1,6,f
10214,142,436,9.0,1,1,1,f
10227,142,437,24.0,1,1,2,f
10242,142,438,24.0,1,1,2,f
10287,142,440,42.0,1,1,4,f
10272,142,439,33.0,1,1,3,f
10302,142,441,46.5,1,1,5,f
10317,142,442,56.5,1,1,5,f
10332,142,443,59.5,1,1,5,f
10347,142,444,59.5,1,1,5,f
10362,142,445,68.5,1,1,6,f
10377,142,446,83.5,1,1,7,f
10392,142,447,92.5,1,1,8,f
10407,142,448,107.5,1,1,9,f
10452,142,450,128.5,1,1,11,f
10437,142,449,116.5,1,1,10,f
10467,142,451,143.5,1,1,12,f
10483,142,452,4.0,2,2,0,f
10498,142,453,19.0,1,1,1,f
10513,142,454,19.0,1,1,1,f
10528,142,455,21.0,2,2,1,f
10543,142,456,21.0,4,4,1,f
10558,142,457,21.0,5,5,1,f
10573,142,458,25.0,5,5,1,f
10588,142,459,26.0,5,5,1,f
10603,142,460,27.0,5,5,1,f
10619,142,461,29.0,5,5,1,f
10635,142,462,30.0,5,5,1,f
10651,142,463,34.0,5,5,1,f
10667,142,464,34.0,5,5,1,f
10699,142,465,34.0,5,5,1,f
10715,142,466,34.0,5,5,1,f
10732,142,467,4.0,3,3,0,f
10749,142,468,10.0,2,2,0,f
10766,142,469,20.0,2,2,1,f
10783,142,470,20.0,2,2,1,f
10800,142,471,29.0,1,1,2,f
10817,142,472,29.0,1,1,2,f
10834,142,473,38.0,1,1,3,f
10851,142,474,42.0,1,1,3,f
10868,142,475,45.0,1,1,3,f
10885,142,476,54.0,1,1,4,f
10902,142,477,54.0,1,1,4,f
10919,142,478,54.0,2,2,4,f
10936,142,479,56.0,2,2,4,f
10953,142,480,60.0,2,2,4,f
10970,142,481,63.0,2,2,4,f
11021,142,482,69.0,2,2,4,f
11050,142,483,0.0,15,15,0,f
11066,142,484,0.0,12,12,0,f
11082,142,485,0.0,12,12,0,f
11098,142,486,1.0,11,11,0,f
11115,142,487,1.0,11,11,0,f
11132,142,488,1.0,11,11,0,f
11149,142,489,5.0,8,8,0,f
11166,142,490,11.0,7,7,0,f
11183,142,491,20.0,5,5,1,f
11217,142,492,21.0,6,6,1,f
11234,142,493,22.0,6,6,1,f
11251,142,494,22.0,6,6,1,f
11268,142,495,22.0,6,6,1,f
11285,142,496,28.0,6,6,1,f
11302,142,497,28.0,6,6,1,f
11310,142,498,1.0,6,6,0,f
11325,142,499,3.0,8,8,0,f
11340,142,500,3.0,8,8,0,f
11355,142,501,6.0,8,8,0,f
11370,142,502,6.0,8,8,0,f
11385,142,503,6.0,8,8,0,f
11400,142,504,6.0,8,8,0,f
11415,142,505,7.0,8,8,0,f
11430,142,506,7.0,8,8,0,f
11445,142,507,7.0,9,9,0,f
11460,142,508,8.0,8,8,0,f
11475,142,509,8.0,9,9,0,f
11490,142,510,11.0,8,8,0,f
11505,142,511,11.0,9,9,0,f
23991,142,512,4.0,3,3,0,f
24021,142,514,4.0,5,5,0,f
24051,142,516,4.0,5,5,0,f
24067,142,517,5.0,5,5,0,f
24084,142,518,8.0,6,6,0,f
24101,142,519,8.0,7,7,0,f
24118,142,520,11.0,7,7,0,f
24135,142,521,13.0,7,7,0,f
24144,142,522,13.0,7,7,0,f
24178,142,524,13.0,7,7,0,f
24215,142,526,15.0,7,7,0,f
23439,142,527,3.0,4,4,0,f
23455,142,528,3.0,6,6,0,f
23472,142,529,3.0,6,6,0,f
23491,142,530,3.0,7,7,0,f
23510,142,531,3.0,8,8,0,f
23529,142,532,3.0,8,8,0,f
23548,142,533,4.0,8,8,0,f
23567,142,534,7.0,9,9,0,f
23586,142,535,11.0,5,5,0,f
23605,142,536,12.0,5,5,0,f
23624,142,537,12.0,7,7,0,f
23643,142,538,12.0,8,8,0,f
23662,142,539,12.0,8,8,0,f
23681,142,540,14.0,8,8,0,f
23700,142,541,15.0,8,8,0,f
23719,142,542,15.0,8,8,0,f
23157,142,543,0.0,12,12,0,f
23169,142,544,6.0,4,4,0,f
23182,142,545,9.0,3,3,0,f
23195,142,546,9.0,4,4,0,f
23209,142,547,12.0,4,4,0,f
23225,142,548,15.0,4,4,0,f
23241,142,549,15.0,4,4,0,f
23257,142,550,21.0,4,4,0,f
23273,142,551,25.0,4,4,0,f
23289,142,552,34.0,3,3,1,f
23307,142,553,34.0,4,4,1,f
23325,142,554,35.0,4,4,1,f
23343,142,555,35.0,4,4,1,f
23361,142,556,38.0,4,4,1,f
23381,142,557,47.0,3,3,2,f
23401,142,558,51.0,4,4,2,f
23421,142,559,60.0,3,3,3,f
22854,142,560,1.0,5,5,0,f
22867,142,561,7.0,3,3,0,f
22884,142,562,9.0,3,3,0,f
22900,142,563,18.0,2,2,1,f
22919,142,564,19.0,2,2,1,f
22938,142,565,21.0,3,3,1,f
22957,142,566,23.0,3,3,1,f
22977,142,567,31.0,3,3,2,f
22996,142,568,31.0,3,3,2,f
23014,142,569,40.0,3,3,3,f
23033,142,570,43.0,3,3,3,f
23052,142,571,52.0,2,2,4,f
23071,142,572,52.0,3,3,4,f
23090,142,573,61.0,2,2,5,f
23109,142,574,70.0,2,2,6,f
23128,142,575,74.0,2,2,6,f
22461,142,576,9.0,1,1,1,f
22475,142,577,15.0,1,1,1,f
22490,142,578,16.0,2,2,1,f
22506,142,579,20.5,2,2,2,f
22523,142,580,26.5,1,1,2,f
22540,142,581,26.5,2,2,2,f
22708,142,582,26.5,3,3,2,f
22725,142,583,26.5,3,3,2,f
22743,142,584,30.5,3,3,2,f
22761,142,585,39.5,3,3,3,f
22780,142,586,39.5,3,3,3,f
22799,142,587,41.0,3,3,3,f
22819,142,588,47.0,3,3,3,f
22839,142,589,53.0,3,3,3,f
22218,142,590,9.0,1,1,1,f
22229,142,591,18.0,1,1,2,f
22240,142,592,22.0,1,1,2,f
22252,142,593,26.0,1,1,2,f
22266,142,594,35.0,1,1,3,f
22282,142,595,37.0,1,1,3,f
22298,142,596,40.0,1,1,3,f
22314,142,597,42.0,1,1,3,f
22330,142,598,43.0,2,2,3,f
22346,142,599,49.0,1,1,3,f
22364,142,600,49.0,2,2,3,f
22382,142,601,55.0,2,2,3,f
22400,142,602,61.0,1,1,3,f
22418,142,603,70.0,1,1,4,f
22438,142,604,73.0,1,1,4,f
22034,142,605,2.0,4,4,0,f
21878,142,606,6.0,3,3,0,f
22043,142,607,12.0,3,3,0,f
22053,142,608,15.0,3,3,0,f
22063,142,609,15.0,3,3,0,f
22074,142,610,17.0,3,3,0,f
22085,142,611,26.0,3,3,1,f
22144,142,614,38.0,3,3,2,f
22156,142,615,42.0,3,3,2,f
22168,142,616,42.0,3,3,2,f
22180,142,617,46.0,3,3,2,f
22192,142,618,55.0,3,3,3,f
22204,142,619,58.0,3,3,3,f
21900,142,620,6.0,2,2,0,f
21956,142,625,23.0,3,3,1,f
21966,142,626,27.0,3,3,1,f
21977,142,627,29.0,4,4,1,f
21988,142,628,35.0,2,2,1,f
22000,142,629,39.0,2,2,1,f
22012,142,630,45.0,2,2,1,f
22024,142,631,47.0,3,3,1,f
21674,142,632,1.0,5,5,0,f
21684,142,633,3.0,6,6,0,f
21694,142,634,6.0,5,5,0,f
21706,142,635,6.0,6,6,0,f
21717,142,636,6.0,7,7,0,f
21726,142,637,6.0,7,7,0,f
21737,142,638,6.0,7,7,0,f
21750,142,639,6.0,7,7,0,f
21761,142,640,6.0,8,8,0,f
21773,142,641,10.0,6,6,0,f
21783,142,642,10.0,6,6,0,f
13919,142,17,71.0,3,3,2,f
22132,142,613,35.0,3,3,2,f
22120,142,612,26.0,3,3,1,f
21918,142,622,17.0,1,1,1,f
21909,142,621,15.0,1,1,1,f
21946,142,624,23.0,2,2,1,f
21927,142,623,19.0,1,1,1,f
21102,142,678,0.0,14,14,0,f
21085,142,677,0.0,14,14,0,f
21068,142,676,0.0,14,14,0,f
21051,142,675,0.0,14,14,0,f
21034,142,674,0.0,14,14,0,f
24006,142,513,4.0,3,3,0,f
24036,142,515,4.0,5,5,0,f
24161,142,523,13.0,7,7,0,f
24196,142,525,14.0,7,7,0,f
24233,142,337,21.0,2,2,0,f
24245,142,338,54.0,2,2,1,f
24257,142,339,66.0,2,2,1,f
24269,142,340,109.0,1,1,2,f
24281,142,341,119.0,1,1,2,f
24305,142,342,129.0,3,3,2,f
24317,142,343,172.0,1,1,3,f
24329,142,344,215.0,1,1,4,f
24341,142,345,248.0,1,1,4,f
24353,142,346,278.0,1,1,4,f
24365,142,347,300.0,1,1,4,f
24377,142,348,304.0,2,2,4,f
24389,142,349,329.0,2,2,5,f
24401,142,350,347.0,2,2,5,f
24437,142,351,359.0,2,2,5,f
24449,142,352,381.0,2,2,5,f
24473,142,353,399.0,2,2,5,f
24485,142,354,421.0,2,2,5,f
24497,142,355,454.0,2,2,5,f
24541,142,842,48.0,2,2,0,f
24661,142,841,26.0,2,2,0,f
24553,142,843,85.0,2,2,1,f
24565,142,844,105.0,2,2,1,f
24577,142,845,138.0,2,2,1,f
24589,142,846,161.0,2,2,1,f
24601,142,847,186.0,2,2,2,f
24613,142,848,206.0,2,2,2,f
24625,142,849,218.0,2,2,2,f
24637,142,850,243.0,2,2,3,f
24649,142,851,280.0,2,2,4,f
24671,142,852,295.0,2,2,4,f
24683,142,853,325.0,2,2,4,f
24695,142,854,353.0,2,2,4,f
24707,142,855,388.0,2,2,5,f
24719,142,856,418.0,2,2,5,f
24731,142,857,442.0,2,2,5,f
24743,142,858,482.0,2,2,6,f
24755,142,859,497.0,2,2,6,f
24932,142,860,40.0,1,1,1,f
24777,142,861,55.0,1,1,1,f
24789,142,862,88.0,1,1,1,f
24836,142,864,98.0,2,2,1,f
24824,142,863,92.0,2,2,1,f
24848,142,865,108.0,2,2,1,f
24860,142,866,133.0,2,2,2,f
24872,142,867,137.0,2,2,2,f
24884,142,868,142.0,4,4,2,f
24967,142,869,160.0,3,3,2,f
24991,142,871,218.0,2,2,4,f
24979,142,870,193.0,2,2,3,f
25003,142,872,243.0,2,2,5,f
25039,142,873,261.0,2,2,5,f
25051,142,874,283.0,2,2,5,f
25063,142,875,284.0,3,3,5,f
25087,142,876,306.0,3,3,5,f
25099,142,877,318.0,3,3,5,f
25111,142,878,353.0,3,3,6,f
25123,142,879,378.0,3,3,7,f
25140,142,880,2.0,6,6,0,f
25151,142,881,4.0,7,7,0,f
25162,142,882,14.0,5,5,0,f
25173,142,883,23.0,6,6,0,f
25184,142,884,29.0,6,6,0,f
25195,142,885,37.0,6,6,0,f
25206,142,886,37.0,6,6,0,f
25217,142,887,37.0,6,6,0,f
25228,142,888,49.0,6,6,0,f
25239,142,890,57.0,6,6,0,f
25250,142,891,65.0,5,5,0,f
25283,142,893,76.0,5,5,0,f
25272,142,892,66.0,5,5,0,f
25294,142,894,81.0,5,5,0,f
25305,142,895,83.0,5,5,0,f
25316,142,896,93.0,5,5,0,f
25327,142,897,95.0,5,5,0,f
25338,142,898,102.0,5,5,0,f
25349,142,899,122.0,5,5,0,f
25524,142,257,0.0,12,12,0,f
25943,142,901,43.0,2,2,0,f
25932,142,900,33.0,1,1,0,f
25954,142,902,43.0,3,3,0,f
25965,142,903,43.0,5,5,0,f
25976,142,904,43.0,6,6,0,f
25987,142,905,52.0,5,5,0,f
25998,142,906,66.0,5,5,0,f
26009,142,907,72.0,6,6,0,f
26020,142,908,90.0,6,6,0,f
26031,142,909,96.0,6,6,0,f
26042,142,910,97.0,6,6,0,f
26053,142,911,105.0,5,5,0,f
26064,142,912,110.0,5,5,0,f
26075,142,913,111.0,6,6,0,f
26086,142,914,121.0,6,6,0,f
26097,142,915,143.0,5,5,0,f
26108,142,916,147.0,5,5,0,f
26119,142,917,161.0,5,5,0,f
26130,142,918,181.0,5,5,0,f
26147,142,926,0.0,8,8,0,f
26156,142,927,0.0,9,9,0,f
26166,142,928,0.0,9,9,0,f
26176,142,929,0.0,9,9,0,f
26186,142,930,0.0,9,9,0,f
26196,142,931,4.0,9,9,0,f
26206,142,932,4.0,9,9,0,f
26216,142,933,4.0,9,9,0,f
26226,142,934,5.0,9,9,0,f
26236,142,936,17.0,9,9,0,f
26257,142,937,17.0,9,9,0,f
26267,142,938,17.0,9,9,0,f
26277,142,939,17.0,9,9,0,f
26297,142,940,17.0,9,9,0,f
26382,142,941,19.0,9,9,0,f
26392,142,942,27.0,9,9,0,f
26402,142,943,27.0,9,9,0,f
26412,142,944,27.0,9,9,0,f
26433,142,945,27.0,9,9,0,f
26565,142,948,0.0,9,9,0,f
26455,142,949,1.0,8,8,0,f
26466,142,950,1.0,8,8,0,f
26477,142,951,10.0,7,7,0,f
26488,142,952,12.0,8,8,0,f
26499,142,953,24.0,7,7,0,f
26510,142,954,24.0,7,7,0,f
26532,142,955,24.0,7,7,0,f
26543,142,956,32.0,7,7,0,f
26554,142,957,32.0,7,7,0,f
26576,142,958,38.0,7,7,0,f
26587,142,959,42.0,7,7,0,f
26598,142,960,48.0,6,6,0,f
26609,142,961,48.0,6,6,0,f
26620,142,962,54.0,6,6,0,f
26631,142,963,62.0,6,6,0,f
26642,142,964,62.0,6,6,0,f
26697,142,965,74.0,6,6,0,f
26708,142,966,74.0,6,6,0,f
26719,142,967,75.0,6,6,0,f
26730,142,968,76.0,6,6,0,f
26741,142,969,0.0,9,9,0,f
26751,142,970,0.0,10,10,0,f
26761,142,971,0.0,10,10,0,f
26771,142,972,0.0,10,10,0,f
26781,142,973,0.0,10,10,0,f
26791,142,974,0.0,10,10,0,f
26801,142,975,0.0,10,10,0,f
26811,142,976,2.0,10,10,0,f
26821,142,977,2.0,10,10,0,f
26831,142,978,2.0,10,10,0,f
26841,142,979,11.0,9,9,0,f
26851,142,980,11.0,9,9,0,f
26861,142,981,11.0,9,9,0,f
26871,142,982,17.0,9,9,0,f
26881,142,983,23.0,9,9,0,f
26891,142,984,23.0,9,9,0,f
26901,142,985,23.0,9,9,0,f
26911,142,986,24.0,9,9,0,f
26921,142,987,28.0,9,9,0,f
26931,142,988,30.0,9,9,0,f
26936,142,989,12.0,4,4,0,f
26976,142,990,22.0,3,3,0,f
26966,142,991,28.0,4,4,0,f
26986,142,992,36.0,4,4,0,f
26996,142,993,40.0,5,5,0,f
27006,142,994,40.0,5,5,0,f
27016,142,995,40.0,5,5,0,f
27026,142,996,40.0,5,5,0,f
27036,142,997,44.0,6,6,0,f
27046,142,998,48.0,7,7,0,f
27056,142,999,48.0,7,7,0,f
27066,142,1000,52.0,7,7,0,f
27076,142,1001,52.0,6,6,0,f
27096,142,1002,52.0,6,6,0,f
27106,142,1003,58.0,6,6,0,f
27116,142,1004,58.0,6,6,0,f
27126,142,1005,58.0,6,6,0,f
27146,142,1006,58.0,6,6,0,f
27156,142,1007,62.0,6,6,0,f
27166,142,1008,62.0,6,6,0,f
27176,142,1009,62.0,6,6,0,f
27201,142,1010,0.0,9,9,0,f
27221,142,1011,8.0,5,5,0,f
27231,142,1012,8.0,7,7,0,f
27241,142,1013,18.0,4,4,0,f
27251,142,1014,22.0,4,4,0,f
27261,142,1015,30.0,4,4,0,f
27271,142,1016,30.0,4,4,0,f
27301,142,1017,40.0,4,4,0,f
27311,142,1018,52.0,4,4,0,f
27321,142,1019,60.0,4,4,0,f
27341,142,1020,70.0,4,4,0,f
27351,142,1021,82.0,4,4,0,f
27361,142,1022,82.0,4,4,0,f
27371,142,1023,83.0,4,4,0,f
27381,142,1024,89.0,4,4,0,f
27391,142,1025,101.0,4,4,0,f
27421,142,1026,111.0,4,4,0,f
27431,142,1027,111.0,4,4,0,f
27441,142,1028,121.0,4,4,0,f
27451,142,1029,140.0,4,4,0,f
27461,142,1030,145.0,4,4,0,f
27515,142,1034,51.0,3,3,0,f
27575,142,1031,26.0,2,2,0,f
27485,142,1032,39.0,2,2,0,f
27505,142,1033,41.0,3,3,0,f
27525,142,1035,53.0,4,4,0,f
27535,142,1036,62.0,4,4,0,f
27545,142,1037,68.0,3,3,0,f
27555,142,1038,98.0,3,3,0,f
27565,142,1039,106.0,3,3,0,f
27585,142,1040,106.0,3,3,0,f
27595,142,1041,116.0,4,4,0,f
27605,142,1042,124.0,4,4,0,f
27615,142,1043,134.0,4,4,0,f
27625,142,1044,149.0,4,4,0,f
27635,142,1045,171.0,3,3,0,f
27645,142,1046,184.0,4,4,0,f
27655,142,1047,202.0,3,3,0,f
27905,142,1051,258.0,4,4,1,f
27675,142,1052,18.0,3,3,0,f
27705,142,1053,41.0,3,3,0,f
27715,142,1054,53.0,3,3,0,f
27725,142,1055,65.0,3,3,0,f
27735,142,1056,80.0,3,3,0,f
27745,142,1057,92.0,4,4,0,f
27755,142,1059,110.0,3,3,0,f
27765,142,1058,120.0,3,3,0,f
27785,142,1060,141.0,3,3,0,f
27795,142,1061,163.0,3,3,0,f
27815,142,1062,163.0,4,4,0,f
27825,142,1063,169.0,3,3,0,f
27835,142,1064,170.0,4,4,0,f
27845,142,1065,215.0,3,3,1,f
27855,142,1066,234.0,3,3,1,f
27865,142,1067,240.0,3,3,1,f
27875,142,1069,254.0,3,3,1,f
27885,142,1070,255.0,4,4,1,f
27895,142,1071,256.0,4,4,1,f
27915,142,1072,269.0,4,4,1,f
27925,142,1073,275.0,4,4,1,f
28141,142,1074,0.0,9,9,0,f
28151,142,1075,6.0,8,8,0,f
28161,142,1076,24.0,4,4,0,f
28171,142,1077,46.0,4,4,0,f
28181,142,1078,46.0,4,4,0,f
28191,142,1079,50.0,4,4,0,f
28201,142,1080,59.0,4,4,0,f
2,1,18,8.0,3,3,0,f
8,1,19,19.0,2,2,0,f
19,1,20,30.0,1,1,0,f
30,1,21,35.0,2,2,0,f
41,1,22,44.0,2,2,0,f
52,1,23,52.0,3,3,0,f
63,1,24,70.0,2,2,1,f
74,1,25,74.0,2,2,1,f
85,1,26,82.0,2,2,1,f
96,1,27,89.0,2,2,1,f
107,1,28,90.0,3,3,1,f
118,1,29,96.0,3,3,1,f
129,1,30,107.0,3,3,1,f
140,1,31,117.0,3,3,1,f
151,1,32,120.0,3,3,1,f
162,1,33,128.0,3,3,1,f
1634,1,34,135.0,3,3,1,f
184,1,35,135.0,3,3,1,f
25735,1,36,5.0,2,2,0,f
25746,1,37,10.0,2,2,0,f
25757,1,38,18.0,2,2,0,f
25768,1,39,23.0,2,2,0,f
25779,1,40,30.0,2,2,0,f
25790,1,41,38.0,2,2,0,f
25801,1,42,39.0,2,2,0,f
25812,1,43,48.0,2,2,0,f
25823,1,44,56.0,2,2,0,f
25834,1,45,61.0,2,2,0,f
25845,1,46,71.0,2,2,0,f
25856,1,47,77.0,2,2,0,f
25867,1,48,86.0,2,2,0,f
25878,1,49,90.0,2,2,0,f
25889,1,50,92.0,2,2,0,f
25900,1,51,94.0,2,2,0,f
25911,1,52,101.0,2,2,0,f
6324,1,53,0.0,8,8,0,f
6335,1,54,2.0,6,6,0,f
6346,1,55,10.0,5,5,0,f
6357,1,56,10.0,5,5,0,f
6368,1,57,11.0,5,5,0,f
6379,1,58,12.0,5,5,0,f
6390,1,59,14.0,5,5,0,f
6401,1,60,17.0,5,5,0,f
6412,1,61,19.0,5,5,0,f
6423,1,62,19.0,5,5,0,f
6434,1,63,20.0,6,6,0,f
6445,1,64,20.0,6,6,0,f
6456,1,65,26.0,6,6,0,f
6467,1,66,26.0,6,6,0,f
6478,1,67,33.0,5,5,0,f
6490,1,68,35.0,5,5,0,f
6502,1,69,36.0,5,5,0,f
6514,1,70,36.0,5,5,0,f
4044,1,1,0.0,7,7,0,f
8539,1,2,4.0,3,3,0,f
8569,1,3,4.0,5,5,0,f
8589,1,4,4.0,6,6,0,f
8599,1,5,6.0,6,6,0,f
8679,1,6,6.0,8,8,0,f
8649,1,7,8.0,8,8,0,f
8669,1,8,8.0,8,8,0,f
8689,1,9,8.0,8,8,0,f
8699,1,10,8.0,8,8,0,f
8709,1,11,9.0,8,8,0,f
8719,1,12,18.0,7,7,0,f
8729,1,13,20.0,7,7,0,f
8739,1,14,21.0,8,8,0,f
8759,1,15,24.0,8,8,0,f
8769,1,16,32.0,7,7,0,f
13925,1,17,36.0,6,6,0,f
3,141,18,9.0,2,2,0,f
9,141,19,9.0,4,4,0,f
20,141,20,10.0,4,4,0,f
31,141,21,12.0,4,4,0,f
42,141,22,13.0,4,4,0,f
53,141,23,15.0,4,4,0,f
64,141,24,15.0,6,6,0,f
75,141,25,15.0,6,6,0,f
86,141,26,16.0,6,6,0,f
97,141,27,16.0,7,7,0,f
108,141,28,16.0,7,7,0,f
119,141,29,17.0,7,7,0,f
130,141,30,17.0,7,7,0,f
141,141,31,17.0,8,8,0,f
152,141,32,26.0,8,8,0,f
163,141,33,26.0,8,8,0,f
1635,141,34,26.0,8,8,0,f
185,141,35,26.0,8,8,0,f
25737,141,36,2.0,4,4,0,f
25748,141,37,2.0,5,5,0,f
25759,141,38,2.0,5,5,0,f
25770,141,39,5.0,4,4,0,f
25781,141,40,7.0,4,4,0,f
25792,141,41,13.0,4,4,0,f
25803,141,42,13.0,4,4,0,f
25814,141,43,13.0,4,4,0,f
25825,141,44,13.0,4,4,0,f
25836,141,45,18.0,4,4,0,f
25847,141,46,20.0,4,4,0,f
25858,141,47,22.0,4,4,0,f
25869,141,48,25.0,4,4,0,f
25880,141,49,28.0,4,4,0,f
25891,141,50,28.0,4,4,0,f
25902,141,51,28.0,4,4,0,f
25913,141,52,33.0,4,4,0,f
6321,141,53,5.0,5,5,0,f
6332,141,54,5.0,5,5,0,f
6343,141,55,5.0,7,7,0,f
6354,141,56,8.0,6,6,0,f
6365,141,57,10.0,6,6,0,f
6376,141,58,10.0,6,6,0,f
6387,141,59,10.0,6,6,0,f
6398,141,60,10.0,6,6,0,f
6409,141,61,10.0,7,7,0,f
6420,141,62,10.0,8,8,0,f
6431,141,63,10.0,8,8,0,f
6442,141,64,10.0,8,8,0,f
6453,141,65,10.0,8,8,0,f
6464,141,66,10.0,8,8,0,f
6475,141,67,10.0,8,8,0,f
6487,141,68,11.0,8,8,0,f
6499,141,69,11.0,8,8,0,f
6511,141,70,11.0,8,8,0,f
27946,141,71,4.0,4,4,0,f
27956,141,72,10.0,5,5,0,f
27966,141,73,13.0,4,4,0,f
27976,141,74,18.0,5,5,0,f
27986,141,75,21.0,4,4,0,f
27996,141,76,35.0,4,4,0,f
28006,141,77,43.0,4,4,0,f
28016,141,78,47.0,3,3,0,f
28026,141,79,47.0,4,4,0,f
28036,141,80,47.0,5,5,0,f
28046,141,81,47.0,5,5,0,f
28056,141,82,47.0,5,5,0,f
28066,141,83,52.0,5,5,0,f
28076,141,84,52.0,5,5,0,f
28086,141,85,54.0,5,5,0,f
28096,141,86,59.0,5,5,0,f
28106,141,87,59.0,5,5,0,f
28116,141,88,64.0,5,5,0,f
28126,141,89,66.0,5,5,0,f
6140,141,90,9.0,2,2,0,f
6149,141,91,17.0,2,2,0,f
6159,141,92,19.0,3,3,0,f
6169,141,93,27.0,4,4,0,f
6179,141,94,30.0,4,4,0,f
6189,141,95,35.0,4,4,0,f
6199,141,96,36.0,4,4,0,f
6209,141,97,36.0,4,4,0,f
6219,141,98,36.0,4,4,0,f
6229,141,99,37.0,4,4,0,f
6239,141,100,41.0,4,4,0,f
6249,141,101,47.0,4,4,0,f
6259,141,102,54.0,4,4,0,f
6269,141,103,54.0,4,4,0,f
6279,141,104,60.0,4,4,0,f
6289,141,105,64.0,4,4,0,f
6299,141,106,74.0,4,4,0,f
6309,141,107,88.0,4,4,1,f
5983,141,108,9.0,2,2,0,f
5990,141,109,14.0,4,4,0,f
5999,141,110,16.0,4,4,0,f
6009,141,111,23.0,4,4,0,f
6019,141,112,32.0,4,4,0,f
6029,141,113,35.0,4,4,0,f
6039,141,114,50.0,3,3,1,f
6049,141,115,64.0,3,3,1,f
6059,141,116,82.0,2,2,2,f
6069,141,117,100.0,2,2,3,f
6079,141,118,108.0,2,2,3,f
6089,141,119,118.0,2,2,4,f
6099,141,120,129.0,1,1,4,f
6109,141,121,141.0,1,1,4,f
6119,141,122,144.0,2,2,4,f
6129,141,123,144.0,2,2,4,f
5801,141,124,6.0,2,2,0,f
5807,141,125,22.0,1,1,1,f
5818,141,126,30.0,1,1,1,f
5829,141,127,37.0,2,2,1,f
5840,141,128,43.0,2,2,1,f
5851,141,129,50.0,2,2,1,f
5862,141,130,54.0,2,2,1,f
5873,141,131,54.0,2,2,1,f
5884,141,132,57.0,2,2,1,f
5895,141,133,61.0,2,2,1,f
5906,141,134,66.0,2,2,1,f
5917,141,135,76.0,2,2,1,f
5928,141,136,80.0,2,2,1,f
5939,141,137,86.0,2,2,1,f
5950,141,138,86.0,2,2,1,f
5961,141,139,89.0,2,2,1,f
5972,141,140,92.0,2,2,1,f
5634,141,142,2.0,5,5,0,f
5645,141,143,2.0,6,6,0,f
5656,141,144,12.0,3,3,1,f
5667,141,145,18.0,3,3,1,f
5678,141,146,18.0,3,3,1,f
5689,141,147,18.0,3,3,1,f
5700,141,148,28.0,3,3,2,f
5711,141,149,37.0,3,3,2,f
5722,141,150,43.0,3,3,2,f
5733,141,151,46.0,3,3,2,f
5744,141,152,56.0,3,3,3,f
5755,141,153,59.0,3,3,3,f
5766,141,154,59.0,3,3,3,f
5777,141,155,73.0,3,3,4,f
5788,141,156,73.0,3,3,4,f
5799,141,157,80.0,3,3,4,f
1455,141,158,4.0,2,2,0,f
1461,141,159,7.0,4,4,0,f
1469,141,160,7.0,5,5,0,f
1480,141,161,12.0,3,3,0,f
1491,141,162,15.0,3,3,0,f
1502,141,163,15.0,3,3,0,f
1513,141,164,15.0,3,3,0,f
1524,141,165,15.0,4,4,0,f
1535,141,166,17.0,4,4,0,f
1546,141,167,19.0,3,3,0,f
1557,141,168,22.0,3,3,0,f
1568,141,169,24.0,3,3,0,f
1579,141,170,30.0,3,3,0,f
1590,141,171,34.0,3,3,0,f
1601,141,172,34.0,3,3,0,f
1612,141,173,36.0,3,3,0,f
1623,141,174,36.0,3,3,0,f
5447,141,175,4.0,3,3,0,f
5453,141,176,7.0,4,4,0,f
5462,141,177,7.0,4,4,0,f
5473,141,178,7.0,5,5,0,f
5484,141,179,9.0,4,4,0,f
5495,141,180,12.0,5,5,0,f
5506,141,181,15.0,4,4,0,f
5517,141,182,19.0,4,4,0,f
5528,141,183,19.0,4,4,0,f
5539,141,184,22.0,4,4,0,f
5550,141,185,22.0,4,4,0,f
5561,141,186,24.0,4,4,0,f
5572,141,187,30.0,4,4,0,f
5583,141,188,33.0,4,4,0,f
5594,141,189,33.0,5,5,0,f
5605,141,190,35.0,5,5,0,f
2056,141,191,6.0,2,2,0,f
2063,141,192,8.0,2,2,0,f
2071,141,193,8.0,3,3,0,f
2081,141,194,13.0,3,3,0,f
2092,141,195,14.0,3,3,0,f
2103,141,196,16.0,4,4,0,f
2114,141,197,16.0,4,4,0,f
2125,141,198,19.0,4,4,0,f
2136,141,199,19.0,4,4,0,f
2147,141,200,20.0,4,4,0,f
2158,141,201,24.0,4,4,0,f
2169,141,202,30.0,4,4,0,f
2180,141,203,33.0,3,3,0,f
2191,141,204,33.0,3,3,0,f
2202,141,205,35.0,3,3,0,f
2213,141,206,38.0,3,3,0,f
5255,141,207,0.0,6,6,0,f
5263,141,208,10.0,2,2,1,f
5273,141,209,20.0,1,1,2,f
5284,141,210,30.0,1,1,3,f
5295,141,211,30.0,2,2,3,f
25360,141,212,40.0,2,2,4,f
25372,141,213,43.0,2,2,4,f
25384,141,214,52.0,2,2,4,f
25396,141,215,62.0,2,2,5,f
25408,141,216,62.0,2,2,5,f
25420,141,217,72.0,2,2,6,f
25432,141,218,78.0,2,2,6,f
25444,141,219,84.0,2,2,6,f
25456,141,220,98.0,1,1,7,f
25468,141,221,112.0,1,1,8,f
25480,141,222,118.0,1,1,8,f
25492,141,223,123.0,1,1,8,f
2418,141,224,16.0,1,1,1,f
2426,141,225,26.0,1,1,2,f
2437,141,226,42.0,1,1,3,f
2448,141,227,55.0,1,1,4,f
2459,141,228,65.0,1,1,5,f
2470,141,229,65.0,1,1,5,f
2481,141,230,69.0,1,1,5,f
2492,141,231,85.0,1,1,6,f
2503,141,232,101.0,1,1,7,f
2514,141,233,111.0,1,1,8,f
2525,141,234,125.0,1,1,9,f
2536,141,235,141.0,1,1,10,f
2547,141,236,149.0,1,1,10,f
2558,141,237,149.0,1,1,10,f
2569,141,238,165.0,1,1,11,f
2580,141,239,175.0,1,1,12,f
5038,141,240,6.0,2,2,0,f
5046,141,241,16.0,2,2,1,f
5056,141,242,29.0,1,1,2,f
5069,141,243,32.0,2,2,2,f
5082,141,244,38.0,2,2,2,f
5095,141,245,38.0,3,3,2,f
5108,141,246,48.0,2,2,2,f
5121,141,247,52.0,2,2,2,f
5134,141,248,58.0,2,2,2,f
5147,141,249,74.0,2,2,3,f
5160,141,250,80.0,2,2,3,f
5173,141,251,80.0,2,2,3,f
5186,141,252,94.0,2,2,4,f
5199,141,253,98.0,2,2,4,f
5212,141,254,108.0,2,2,4,f
5225,141,255,108.0,2,2,4,f
5238,141,256,118.0,2,2,5,f
25514,141,257,6.0,2,2,0,f
25528,141,258,6.0,4,4,0,f
25542,141,259,7.0,3,3,0,f
25556,141,260,7.0,5,5,0,f
25570,141,261,17.0,3,3,1,f
25584,141,262,25.0,3,3,1,f
25598,141,263,31.0,3,3,1,f
25612,141,264,43.0,2,2,2,f
25626,141,265,43.0,3,3,2,f
25640,141,266,49.0,3,3,2,f
25654,141,267,62.0,2,2,3,f
25668,141,268,73.0,2,2,4,f
25682,141,269,89.0,1,1,5,f
25696,141,270,95.0,2,2,5,f
25710,141,271,108.0,1,1,6,f
25500,141,272,118.0,1,1,7,f
4635,141,273,10.0,1,1,1,f
4642,141,274,16.0,2,2,1,f
4653,141,275,26.0,2,2,1,f
4665,141,276,36.0,1,1,2,f
4677,141,277,46.0,1,1,3,f
4689,141,278,55.0,1,1,3,f
4702,141,279,69.0,1,1,4,f
4715,141,280,85.0,1,1,5,f
4728,141,281,95.0,1,1,6,f
4741,141,282,105.0,1,1,7,f
4754,141,283,115.0,1,1,8,f
4767,141,284,129.0,1,1,9,f
4780,141,285,139.0,1,1,10,f
4793,141,286,149.0,1,1,10,f
4806,141,287,158.0,1,1,10,f
4819,141,288,168.0,1,1,10,f
3247,141,289,16.0,1,1,1,f
3256,141,290,32.0,1,1,2,f
3267,141,291,48.0,1,1,3,f
3322,141,293,74.0,1,1,5,f
3308,141,292,58.0,1,1,4,f
3336,141,294,84.0,1,1,5,f
3350,141,295,84.0,1,1,5,f
3364,141,296,100.0,1,1,6,f
3378,141,297,116.0,1,1,7,f
3393,141,298,126.0,1,1,8,f
3408,141,299,132.0,1,1,8,f
3423,141,300,142.0,1,1,8,f
3438,141,301,144.0,1,1,8,f
3453,141,302,154.0,1,1,9,f
3468,141,303,164.0,1,1,10,f
3483,141,304,164.0,1,1,10,f
8241,141,305,0.0,12,12,0,f
8259,141,306,6.0,3,3,0,f
8277,141,307,6.0,3,3,0,f
8296,141,308,12.0,3,3,0,f
8315,141,309,17.0,3,3,0,f
8334,141,310,33.0,2,2,1,f
8353,141,311,45.0,2,2,2,f
8372,141,312,55.0,2,2,3,f
8391,141,313,71.0,1,1,4,f
8410,141,314,81.0,2,2,4,f
8429,141,315,83.0,2,2,4,f
8448,141,316,93.0,2,2,5,f
8467,141,317,103.0,2,2,6,f
8486,141,318,117.0,1,1,7,f
8505,141,319,121.0,2,2,7,f
8524,141,320,125.0,2,2,7,f
7626,141,321,4.0,3,3,0,f
7645,141,322,6.0,4,4,0,f
7664,141,323,15.0,2,2,1,f
7683,141,324,18.0,2,2,1,f
7702,141,325,18.0,3,3,1,f
7721,141,326,20.0,3,3,1,f
7740,141,327,21.0,4,4,1,f
7759,141,328,27.0,3,3,1,f
7778,141,329,30.0,4,4,1,f
7797,141,330,42.0,3,3,2,f
7816,141,331,42.0,3,3,2,f
7835,141,332,44.0,3,3,2,f
7854,141,333,44.0,3,3,2,f
7873,141,334,49.0,3,3,2,f
7892,141,335,54.0,4,4,2,f
7911,141,336,57.0,4,4,2,f
4041,141,1,3.0,4,4,0,f
8536,141,2,3.5,5,5,0,f
8566,141,3,3.5,8,8,0,f
8586,141,4,3.5,8,8,0,f
8596,141,5,4.5,8,8,0,f
8676,141,6,7.5,7,7,0,f
8646,141,7,11.5,6,6,0,f
8666,141,8,15.5,5,5,0,f
8686,141,9,20.5,5,5,0,f
8696,141,10,25.5,6,6,0,f
8706,141,11,29.5,6,6,0,f
8716,141,12,30.5,6,6,0,f
8726,141,13,30.5,6,6,0,f
8736,141,14,30.5,6,6,0,f
8756,141,15,34.5,6,6,0,f
8766,141,16,34.5,6,6,0,f
8783,141,356,0.0,12,12,0,f
8803,141,357,3.0,6,6,0,f
8823,141,358,3.0,8,8,0,f
8843,141,359,9.0,4,4,0,f
8863,141,360,16.0,2,2,0,f
8883,141,361,31.0,2,2,1,f
8903,141,362,35.0,2,2,1,f
8923,141,363,35.0,2,2,1,f
8943,141,364,38.0,2,2,1,f
8963,141,365,42.0,2,2,1,f
8983,141,366,45.0,2,2,1,f
9003,141,367,52.0,2,2,1,f
9023,141,368,52.0,3,3,1,f
9043,141,369,54.0,3,3,1,f
9123,141,370,64.0,2,2,1,f
9143,141,371,77.0,2,2,2,f
9165,141,372,0.0,14,14,0,f
9183,141,373,0.0,10,10,0,f
9201,141,374,1.0,7,7,0,f
9219,141,375,1.0,7,7,0,f
9237,141,376,1.0,8,8,0,f
9255,141,377,1.0,10,10,0,f
9273,141,378,1.0,10,10,0,f
9291,141,379,7.0,6,6,0,f
9309,141,380,7.0,6,6,0,f
9327,141,381,8.0,7,7,0,f
9345,141,382,8.0,7,7,0,f
9363,141,383,8.0,7,7,0,f
9381,141,384,8.0,7,7,0,f
9399,141,385,16.0,7,7,0,f
9417,141,386,17.0,7,7,0,f
9435,141,387,20.0,7,7,0,f
9441,141,388,7.0,2,2,0,f
9454,141,389,16.0,1,1,1,f
9469,141,390,16.0,2,2,1,f
9484,141,391,22.0,2,2,1,f
9499,141,392,30.0,2,2,1,f
9514,141,393,45.0,1,1,2,f
9529,141,394,60.0,1,1,3,f
9544,141,395,69.0,1,1,4,f
9559,141,396,78.0,1,1,5,f
9574,141,397,93.0,1,1,6,f
9589,141,398,106.0,1,1,7,f
9605,141,399,110.0,1,1,7,f
9621,141,400,122.0,1,1,8,f
9637,141,401,137.0,1,1,9,f
9653,141,402,137.0,1,1,9,f
9669,141,403,137.0,1,1,9,f
9684,141,404,9.0,1,1,1,f
9697,141,405,15.0,2,2,1,f
9710,141,406,21.0,1,1,1,f
9723,141,407,24.0,2,2,1,f
9736,141,408,33.0,2,2,2,f
9749,141,409,46.0,1,1,3,f
9788,141,411,61.0,1,1,4,f
9775,141,410,48.0,1,1,3,f
9801,141,412,76.0,1,1,5,f
9814,141,413,89.0,1,1,6,f
9827,141,414,102.0,1,1,7,f
9840,141,415,102.0,1,1,7,f
9853,141,416,117.0,1,1,8,f
9867,141,417,130.0,1,1,9,f
9881,141,418,135.0,1,1,9,f
9895,141,419,141.0,1,1,9,f
9920,141,420,0.0,12,12,0,f
9934,141,421,2.0,5,5,0,f
9949,141,422,4.0,6,6,0,f
9964,141,423,4.0,7,7,0,f
9980,141,424,8.0,5,5,0,f
10028,141,425,17.0,4,4,1,f
10060,141,426,23.0,4,4,1,f
10076,141,427,23.0,4,4,1,f
10092,141,428,24.0,4,4,1,f
10108,141,429,24.0,4,4,1,f
10124,141,430,25.0,4,4,1,f
10140,141,431,25.0,4,4,1,f
10157,141,432,34.0,4,4,1,f
10174,141,433,47.0,4,4,2,f
10191,141,434,62.0,4,4,3,f
10208,141,435,71.0,3,3,4,f
10215,141,436,6.0,2,2,0,f
10228,141,437,6.0,2,2,0,f
10243,141,438,9.0,4,4,0,f
10288,141,440,10.0,5,5,0,f
10273,141,439,9.0,5,5,0,f
10303,141,441,11.5,5,5,0,f
10318,141,442,11.5,5,5,0,f
10333,141,443,13.5,6,6,0,f
10348,141,444,25.5,4,4,1,f
10363,141,445,25.5,5,5,1,f
10378,141,446,25.5,5,5,1,f
10393,141,447,25.5,6,6,1,f
10408,141,448,25.5,6,6,1,f
10438,141,449,25.5,6,6,1,f
10453,141,450,25.5,6,6,1,f
10468,141,451,25.5,6,6,1,f
10484,141,452,3.0,3,3,0,f
10499,141,453,6.0,4,4,0,f
10514,141,454,9.0,5,5,0,f
10529,141,455,12.0,5,5,0,f
10544,141,456,21.0,5,5,1,f
10559,141,457,24.0,4,4,1,f
10574,141,458,32.0,2,2,1,f
10589,141,459,35.0,3,3,1,f
10604,141,460,35.0,3,3,1,f
10620,141,461,36.0,4,4,1,f
10636,141,462,36.0,4,4,1,f
10652,141,463,36.0,4,4,1,f
10668,141,464,36.0,4,4,1,f
10700,141,465,36.0,4,4,1,f
10716,141,466,38.0,4,4,1,f
10731,141,467,8.0,2,2,0,f
10748,141,468,8.0,3,3,0,f
10765,141,469,14.0,3,3,0,f
10782,141,470,14.0,4,4,0,f
10799,141,471,20.0,3,3,0,f
10816,141,472,21.0,4,4,0,f
10833,141,473,26.0,3,3,0,f
10850,141,474,26.0,4,4,0,f
10867,141,475,32.0,4,4,0,f
10884,141,476,34.0,4,4,0,f
10901,141,477,36.0,5,5,0,f
10918,141,478,40.0,4,4,0,f
10935,141,479,46.0,3,3,0,f
10952,141,480,55.0,3,3,1,f
10969,141,481,55.0,4,4,1,f
11036,141,483,15.0,1,1,1,f
11020,141,482,58.0,4,4,1,f
11052,141,484,30.0,1,1,2,f
11068,141,485,39.0,1,1,2,f
11084,141,486,43.0,1,1,2,f
11101,141,487,52.0,1,1,3,f
11118,141,488,58.0,1,1,3,f
11135,141,489,61.0,1,1,3,f
11152,141,490,61.0,1,1,3,f
11169,141,491,67.0,1,1,3,f
11220,141,493,72.0,1,1,3,f
11203,141,492,67.0,1,1,3,f
11237,141,494,76.0,1,1,3,f
11254,141,495,86.0,1,1,3,f
11271,141,496,86.0,1,1,3,f
11288,141,497,95.0,1,1,4,f
11305,141,498,9.0,1,1,1,f
11320,141,499,13.0,1,1,1,f
11335,141,500,15.0,2,2,1,f
11350,141,501,15.0,3,3,1,f
11365,141,502,25.0,1,1,1,f
11380,141,503,34.0,1,1,2,f
11395,141,504,44.0,1,1,3,f
11410,141,505,57.0,1,1,4,f
11425,141,506,67.0,1,1,4,f
11440,141,507,77.0,1,1,4,f
11455,141,508,80.0,1,1,4,f
11470,141,509,90.0,1,1,4,f
11485,141,510,105.0,1,1,5,f
11500,141,511,120.0,1,1,6,f
23987,141,512,0.0,7,7,0,f
24002,141,513,0.0,9,9,0,f
24017,141,514,0.0,11,11,0,f
24032,141,515,4.0,6,6,0,f
24047,141,516,4.0,6,6,0,f
24063,141,517,4.0,6,6,0,f
24080,141,518,10.0,5,5,0,f
24131,141,521,38.0,3,3,2,f
24148,141,522,49.0,3,3,3,f
24165,141,523,58.0,3,3,4,f
24182,141,524,62.0,2,2,4,f
24200,141,525,75.0,2,2,5,f
24219,141,526,75.0,2,2,5,f
23431,141,527,0.0,12,12,0,f
23447,141,528,0.0,12,12,0,f
23464,141,529,3.0,7,7,0,f
23483,141,530,3.0,8,8,0,f
23502,141,531,3.0,9,9,0,f
23521,141,532,3.0,9,9,0,f
23540,141,533,3.0,9,9,0,f
23559,141,534,3.0,11,11,0,f
23578,141,535,5.0,10,10,0,f
23597,141,536,5.0,11,11,0,f
23616,141,537,5.0,11,11,0,f
23635,141,538,5.0,11,11,0,f
23654,141,539,5.0,11,11,0,f
23673,141,540,5.0,11,11,0,f
23692,141,541,11.0,9,9,0,f
23711,141,542,11.0,9,9,0,f
22856,141,560,0.0,7,7,0,f
22869,141,561,0.0,9,9,0,f
22886,141,562,0.0,13,13,0,f
22898,141,563,0.0,15,15,0,f
22917,141,564,0.0,16,16,0,f
22936,141,565,0.0,16,16,0,f
22955,141,566,0.0,16,16,0,f
22979,141,567,0.0,16,16,0,f
22998,141,568,0.0,17,17,0,f
23012,141,569,0.0,17,17,0,f
23031,141,570,0.0,17,17,0,f
23050,141,571,0.0,17,17,0,f
23069,141,572,0.0,17,17,0,f
23088,141,573,0.0,17,17,0,f
23107,141,574,0.0,17,17,0,f
23126,141,575,0.0,17,17,0,f
22462,141,576,0.0,11,11,0,f
22477,141,577,0.0,12,12,0,f
22492,141,578,0.0,14,14,0,f
22508,141,579,0.0,10,10,0,f
22525,141,580,0.0,10,10,0,f
22542,141,581,0.0,10,10,0,f
22710,141,582,0.0,12,12,0,f
22727,141,583,0.0,12,12,0,f
22745,141,584,0.0,12,12,0,f
22763,141,585,0.0,12,12,0,f
22782,141,586,6.0,8,8,0,f
22801,141,587,6.0,9,9,0,f
22821,141,588,6.0,9,9,0,f
22841,141,589,6.0,9,9,0,f
13922,141,17,34.5,7,7,0,f
24097,141,519,14.0,5,5,0,f
24114,141,520,23.0,4,4,1,f
24237,141,337,1.0,6,6,0,f
24249,141,338,5.0,7,7,0,f
24261,141,339,6.0,7,7,0,f
24273,141,340,6.0,7,7,0,f
24285,141,341,8.0,7,7,0,f
24309,141,342,8.0,7,7,0,f
24321,141,343,8.0,7,7,0,f
24333,141,344,8.0,8,8,0,f
24345,141,345,20.0,7,7,0,f
24357,141,346,31.0,7,7,0,f
24369,141,347,31.0,7,7,0,f
24381,141,348,40.0,7,7,0,f
24393,141,349,40.0,7,7,0,f
24405,141,350,47.0,7,7,0,f
24441,141,351,56.0,7,7,0,f
24453,141,352,58.0,7,7,0,f
24477,141,353,65.0,7,7,0,f
24489,141,354,69.0,6,6,0,f
24501,141,355,69.0,6,6,0,f
24668,141,841,0.0,9,9,0,f
24548,141,842,0.0,11,11,0,f
24560,141,843,0.0,10,10,0,f
24572,141,844,0.0,10,10,0,f
24584,141,845,0.0,9,9,0,f
24596,141,846,2.0,9,9,0,f
24608,141,847,4.0,9,9,0,f
24620,141,848,4.0,9,9,0,f
24632,141,849,4.0,9,9,0,f
24644,141,850,4.0,9,9,0,f
24656,141,851,4.0,9,9,0,f
24678,141,852,5.0,9,9,0,f
24690,141,853,5.0,9,9,0,f
24702,141,854,5.0,9,9,0,f
24714,141,855,5.0,9,9,0,f
24726,141,856,5.0,9,9,0,f
24738,141,857,5.0,9,9,0,f
24750,141,858,5.0,9,9,0,f
24762,141,859,5.0,9,9,0,f
24940,141,860,0.0,9,9,0,f
24785,141,861,8.0,7,7,0,f
24797,141,862,18.0,7,7,0,f
24844,141,864,43.0,6,6,1,f
24832,141,863,18.0,7,7,0,f
24856,141,865,44.0,6,6,1,f
24868,141,866,44.0,7,7,1,f
24880,141,867,45.0,7,7,1,f
24892,141,868,47.0,7,7,1,f
24975,141,869,47.0,7,7,1,f
24987,141,870,53.0,7,7,1,f
24999,141,871,53.0,8,8,1,f
25011,141,872,54.0,8,8,1,f
25047,141,873,54.0,8,8,1,f
25059,141,874,58.0,8,8,1,f
25071,141,875,58.0,8,8,1,f
25095,141,876,59.0,8,8,1,f
25107,141,877,73.0,8,8,1,f
25119,141,878,76.0,8,8,1,f
25131,141,879,76.0,8,8,1,f
25143,141,880,0.0,9,9,0,f
25154,141,881,0.0,9,9,0,f
25165,141,882,0.0,9,9,0,f
25176,141,883,0.0,9,9,0,f
25187,141,884,0.0,9,9,0,f
25198,141,885,0.0,9,9,0,f
25209,141,886,0.0,9,9,0,f
25220,141,887,0.0,9,9,0,f
25231,141,888,0.0,9,9,0,f
25242,141,890,1.0,9,9,0,f
25253,141,891,1.0,9,9,0,f
25286,141,893,1.0,9,9,0,f
25275,141,892,1.0,9,9,0,f
25297,141,894,1.0,9,9,0,f
25308,141,895,1.0,9,9,0,f
25319,141,896,1.0,9,9,0,f
25330,141,897,1.0,9,9,0,f
25341,141,898,5.0,9,9,0,f
25352,141,899,5.0,9,9,0,f
25934,141,900,10.0,4,4,0,f
25945,141,901,20.0,4,4,0,f
25956,141,902,30.0,6,6,0,f
25967,141,903,36.0,6,6,0,f
25978,141,904,46.0,5,5,0,f
25989,141,905,52.0,6,6,0,f
26000,141,906,58.0,6,6,0,f
26011,141,907,85.0,5,5,0,f
26022,141,908,103.0,4,4,0,f
26033,141,909,121.0,3,3,0,f
26044,141,910,135.0,4,4,0,f
26055,141,911,150.0,4,4,0,f
26066,141,912,177.0,3,3,0,f
26077,141,913,187.0,3,3,0,f
26088,141,914,201.0,3,3,0,f
26099,141,915,216.0,3,3,0,f
26110,141,916,238.0,3,3,0,f
26121,141,917,254.0,3,3,0,f
26132,141,918,320.0,3,3,0,f
26142,141,926,12.0,4,4,0,f
26151,141,927,30.0,3,3,0,f
26161,141,928,48.0,3,3,0,f
26171,141,929,61.0,3,3,0,f
26181,141,930,81.0,3,3,0,f
26191,141,931,81.0,3,3,0,f
26201,141,932,104.0,3,3,0,f
26211,141,933,129.0,3,3,0,f
26221,141,934,151.0,3,3,0,f
26231,141,936,151.0,3,3,0,f
26252,141,937,161.0,3,3,0,f
26262,141,938,188.0,3,3,0,f
26272,141,939,198.0,3,3,0,f
26292,141,940,208.0,3,3,0,f
26377,141,941,220.0,3,3,0,f
26387,141,942,220.0,3,3,0,f
26397,141,943,243.0,3,3,0,f
26407,141,944,253.0,3,3,0,f
26428,141,945,257.0,3,3,0,f
26560,141,948,14.0,3,3,0,f
26450,141,949,20.0,4,4,0,f
26461,141,950,29.0,4,4,0,f
26472,141,951,51.0,4,4,0,f
26483,141,952,65.0,4,4,0,f
26494,141,953,66.0,4,4,0,f
26505,141,954,81.0,4,4,0,f
26527,141,955,90.0,4,4,0,f
26538,141,956,92.0,4,4,0,f
26549,141,957,92.0,4,4,0,f
26571,141,958,94.0,4,4,0,f
26582,141,959,96.0,4,4,0,f
26593,141,960,101.0,5,5,0,f
26604,141,961,111.0,4,4,0,f
26615,141,962,111.0,5,5,0,f
26626,141,963,121.0,5,5,0,f
26637,141,964,124.0,5,5,0,f
26692,141,965,130.0,5,5,0,f
26703,141,966,136.0,5,5,0,f
26714,141,967,136.0,5,5,0,f
26725,141,968,138.0,5,5,0,f
26736,141,969,8.0,4,4,0,f
26746,141,970,8.0,6,6,0,f
26756,141,971,16.0,5,5,0,f
26766,141,972,18.0,5,5,0,f
26776,141,973,18.0,6,6,0,f
26786,141,974,20.0,6,6,0,f
26796,141,975,22.0,6,6,0,f
26806,141,976,37.0,5,5,0,f
26816,141,977,40.0,5,5,0,f
26826,141,978,41.0,5,5,0,f
26836,141,979,41.0,5,5,0,f
26846,141,980,45.0,5,5,0,f
26856,141,981,55.0,5,5,0,f
26866,141,982,59.0,5,5,0,f
26876,141,983,65.0,5,5,0,f
26886,141,984,66.0,5,5,0,f
26896,141,985,68.0,5,5,0,f
26906,141,986,76.0,5,5,0,f
26916,141,987,82.0,5,5,0,f
26926,141,988,83.0,5,5,0,f
26940,141,989,0.0,8,8,0,f
26980,141,990,0.0,10,10,0,f
26970,141,991,0.0,10,10,0,f
26990,141,992,4.0,10,10,0,f
27000,141,993,4.0,10,10,0,f
27010,141,994,4.0,10,10,0,f
27020,141,995,4.0,10,10,0,f
27030,141,996,4.0,10,10,0,f
27040,141,997,4.0,10,10,0,f
27050,141,998,4.0,10,10,0,f
27060,141,999,4.0,10,10,0,f
27070,141,1000,4.0,10,10,0,f
27080,141,1001,4.0,10,10,0,f
27100,141,1002,7.0,10,10,0,f
27110,141,1003,7.0,10,10,0,f
27120,141,1004,7.0,10,10,0,f
27130,141,1005,7.0,10,10,0,f
27150,141,1006,7.0,10,10,0,f
27160,141,1007,7.0,10,10,0,f
27170,141,1008,7.0,10,10,0,f
27180,141,1009,7.0,10,10,0,f
27202,141,1010,0.0,10,10,0,f
27222,141,1011,0.0,10,10,0,f
27232,141,1012,0.0,10,10,0,f
27242,141,1013,0.0,10,10,0,f
27252,141,1014,0.0,10,10,0,f
27262,141,1015,0.0,10,10,0,f
27272,141,1016,0.0,10,10,0,f
27302,141,1017,0.0,10,10,0,f
27312,141,1018,0.0,10,10,0,f
27322,141,1019,0.0,10,10,0,f
27342,141,1020,1.0,10,10,0,f
27352,141,1021,1.0,10,10,0,f
27362,141,1022,1.0,10,10,0,f
27372,141,1023,1.0,10,10,0,f
27382,141,1024,1.0,10,10,0,f
27392,141,1025,1.0,10,10,0,f
27422,141,1026,1.0,10,10,0,f
27432,141,1027,1.0,10,10,0,f
27442,141,1028,1.0,10,10,0,f
27452,141,1029,1.0,10,10,0,f
27462,141,1030,1.0,10,10,0,f
27520,141,1034,0.0,10,10,0,f
27580,141,1031,0.0,8,8,0,f
27490,141,1032,0.0,9,9,0,f
27510,141,1033,0.0,10,10,0,f
27530,141,1035,0.0,10,10,0,f
27540,141,1036,0.0,10,10,0,f
27550,141,1037,0.0,10,10,0,f
27560,141,1038,0.0,10,10,0,f
27570,141,1039,0.0,10,10,0,f
27590,141,1040,0.0,10,10,0,f
27600,141,1041,0.0,10,10,0,f
27610,141,1042,0.0,10,10,0,f
27620,141,1043,0.0,10,10,0,f
27630,141,1044,0.0,10,10,0,f
27640,141,1045,0.0,10,10,0,f
27650,141,1046,0.0,10,10,0,f
27660,141,1047,0.0,10,10,0,f
27911,141,1051,23.0,8,8,0,f
27681,141,1052,0.0,9,9,0,f
27711,141,1053,0.0,9,9,0,f
27721,141,1054,0.0,9,9,0,f
27731,141,1055,0.0,9,9,0,f
27741,141,1056,0.0,9,9,0,f
27751,141,1057,0.0,10,10,0,f
27761,141,1059,0.0,9,9,0,f
27771,141,1058,0.0,9,9,0,f
27791,141,1060,0.0,9,9,0,f
27801,141,1061,0.0,9,9,0,f
27821,141,1062,10.0,8,8,0,f
27831,141,1063,20.0,8,8,0,f
27841,141,1064,20.0,8,8,0,f
27851,141,1065,22.0,8,8,0,f
27861,141,1066,23.0,8,8,0,f
27871,141,1067,23.0,8,8,0,f
27881,141,1069,23.0,8,8,0,f
27891,141,1070,23.0,8,8,0,f
27901,141,1071,23.0,8,8,0,f
27921,141,1072,23.0,8,8,0,f
27931,141,1073,23.0,8,8,0,f
28140,141,1074,0.0,8,8,0,f
28150,141,1075,0.0,10,10,0,f
28160,141,1076,1.0,9,9,0,f
28170,141,1077,1.0,10,10,0,f
28180,141,1078,3.0,10,10,0,f
28190,141,1079,3.0,10,10,0,f
28200,141,1080,3.0,10,10,0,f
4,127,18,5.0,4,4,0,f
10,127,19,6.0,5,5,0,f
21,127,20,6.0,6,6,0,f
32,127,21,6.0,7,7,0,f
43,127,22,9.0,7,7,0,f
54,127,23,9.0,7,7,0,f
65,127,24,9.0,7,7,0,f
76,127,25,12.0,7,7,0,f
87,127,26,15.0,7,7,0,f
98,127,27,23.0,6,6,0,f
109,127,28,31.0,5,5,0,f
120,127,29,31.0,5,5,0,f
131,127,30,36.0,5,5,0,f
142,127,31,41.0,5,5,0,f
153,127,32,51.0,4,4,1,f
164,127,33,66.0,4,4,2,f
1636,127,34,72.0,4,4,2,f
186,127,35,80.0,4,4,2,f
25736,127,36,4.0,3,3,0,f
25747,127,37,8.0,3,3,0,f
25758,127,38,9.0,3,3,0,f
25769,127,39,11.0,3,3,0,f
25780,127,40,16.0,3,3,0,f
25791,127,41,21.0,3,3,0,f
25802,127,42,25.0,3,3,0,f
25813,127,43,28.0,3,3,0,f
25824,127,44,31.0,3,3,0,f
25835,127,45,32.0,3,3,0,f
25846,127,46,33.0,3,3,0,f
25857,127,47,36.0,3,3,0,f
25868,127,48,38.0,3,3,0,f
25879,127,49,39.0,3,3,0,f
25890,127,50,51.0,3,3,0,f
25901,127,51,51.0,3,3,0,f
25912,127,52,51.0,3,3,0,f
6317,127,53,10.0,1,1,1,f
6328,127,54,28.0,1,1,2,f
6339,127,55,42.0,1,1,3,f
6350,127,56,51.0,1,1,3,f
6361,127,57,62.0,1,1,3,f
6372,127,58,78.0,1,1,4,f
6383,127,59,91.0,1,1,5,f
6394,127,60,106.0,1,1,6,f
6405,127,61,121.0,1,1,7,f
6416,127,62,131.0,1,1,7,f
6427,127,63,142.0,1,1,7,f
6438,127,64,149.0,1,1,7,f
6449,127,65,149.0,1,1,7,f
6460,127,66,160.0,1,1,7,f
6471,127,67,165.0,2,2,7,f
6483,127,68,179.0,1,1,7,f
6495,127,69,195.0,1,1,8,f
6507,127,70,206.0,1,1,8,f
27943,127,71,16.0,1,1,1,f
27953,127,72,26.0,1,1,2,f
27963,127,73,36.0,1,1,3,f
27993,127,76,63.0,1,1,4,f
28003,127,77,76.0,1,1,5,f
28013,127,78,76.0,1,1,5,f
28023,127,79,76.0,1,1,5,f
28033,127,80,89.0,1,1,6,f
28043,127,81,102.0,1,1,6,f
28053,127,82,117.0,1,1,7,f
28063,127,83,117.0,1,1,7,f
28073,127,84,130.0,1,1,7,f
28083,127,85,144.0,1,1,7,f
28093,127,86,152.0,1,1,7,f
28103,127,87,162.0,2,2,7,f
28113,127,88,176.0,1,1,7,f
28123,127,89,191.0,1,1,8,f
6139,127,90,8.0,3,3,0,f
6148,127,91,14.0,3,3,0,f
6158,127,92,22.0,2,2,0,f
6168,127,93,31.0,2,2,0,f
6178,127,94,42.0,2,2,0,f
6188,127,95,52.0,2,2,1,f
6198,127,96,61.0,2,2,1,f
6208,127,97,61.0,2,2,1,f
6218,127,98,66.0,2,2,1,f
6228,127,99,79.0,2,2,1,f
6238,127,100,79.0,2,2,1,f
6248,127,101,85.0,2,2,1,f
6258,127,102,91.0,2,2,1,f
6268,127,103,91.0,2,2,1,f
6278,127,104,91.0,3,3,1,f
6288,127,105,96.0,3,3,1,f
6298,127,106,100.0,3,3,1,f
6308,127,107,105.0,3,3,1,f
5985,127,108,6.0,3,3,0,f
5992,127,109,16.0,3,3,0,f
6001,127,110,23.0,2,2,0,f
6011,127,111,26.0,3,3,0,f
6021,127,112,34.0,3,3,0,f
6031,127,113,35.0,3,3,0,f
6041,127,114,42.0,4,4,0,f
6051,127,115,47.0,4,4,0,f
6061,127,116,52.0,4,4,0,f
6071,127,117,52.0,4,4,0,f
6081,127,118,55.0,4,4,0,f
6091,127,119,66.0,4,4,0,f
6101,127,120,78.0,4,4,1,f
6111,127,121,79.0,4,4,1,f
6121,127,122,84.0,4,4,1,f
6131,127,123,88.0,4,4,1,f
5812,127,125,3.0,5,5,0,f
5823,127,126,6.0,4,4,0,f
5834,127,127,8.0,4,4,0,f
5845,127,128,8.0,4,4,0,f
5856,127,129,8.0,4,4,0,f
5867,127,130,11.0,4,4,0,f
5878,127,131,12.0,4,4,0,f
5889,127,132,14.0,4,4,0,f
5900,127,133,14.0,4,4,0,f
5911,127,134,15.0,4,4,0,f
5922,127,135,15.0,4,4,0,f
5933,127,136,15.0,4,4,0,f
5944,127,137,15.0,4,4,0,f
5955,127,138,20.0,4,4,0,f
5966,127,139,22.0,4,4,0,f
5977,127,140,23.0,4,4,0,f
27973,127,74,46.0,1,1,4,f
4040,127,1,4.0,3,3,0,f
8535,127,2,4.0,4,4,0,f
8565,127,3,4.0,6,6,0,f
8585,127,4,5.0,5,5,0,f
8595,127,5,9.0,5,5,0,f
8675,127,6,11.0,6,6,0,f
8645,127,7,11.0,7,7,0,f
8665,127,8,11.0,7,7,0,f
8685,127,9,13.0,7,7,0,f
8695,127,10,13.0,7,7,0,f
8705,127,11,16.0,7,7,0,f
8715,127,12,16.0,8,8,0,f
8725,127,13,20.0,8,8,0,f
8735,127,14,26.0,7,7,0,f
8755,127,15,26.0,7,7,0,f
8765,127,16,26.0,8,8,0,f
9912,127,420,2.0,4,4,0,f
9926,127,421,6.0,4,4,0,f
9941,127,422,10.0,4,4,0,f
9956,127,423,12.0,4,4,0,f
9972,127,424,12.0,4,4,0,f
10020,127,425,12.0,5,5,0,f
10052,127,426,13.0,5,5,0,f
10068,127,427,15.0,5,5,0,f
10084,127,428,15.0,5,5,0,f
10100,127,429,15.0,6,6,0,f
10116,127,430,15.0,6,6,0,f
10132,127,431,15.0,6,6,0,f
10149,127,432,16.0,6,6,0,f
10166,127,433,16.0,6,6,0,f
10183,127,434,16.0,6,6,0,f
10200,127,435,16.0,7,7,0,f
10218,127,436,2.0,5,5,0,f
10231,127,437,6.0,3,3,0,f
10246,127,438,12.0,3,3,0,f
10276,127,439,15.0,3,3,0,f
10291,127,440,21.0,3,3,0,f
10306,127,441,21.0,3,3,0,f
10321,127,442,21.0,3,3,0,f
10336,127,443,21.0,5,5,0,f
10351,127,444,21.0,6,6,0,f
10366,127,445,27.0,4,4,0,f
10381,127,446,33.0,4,4,0,f
10396,127,447,33.0,4,4,0,f
10411,127,448,34.0,4,4,0,f
10441,127,449,34.0,4,4,0,f
10456,127,450,34.0,5,5,0,f
10471,127,451,34.0,5,5,0,f
10487,127,452,0.0,6,6,0,f
10502,127,453,0.0,7,7,0,f
10517,127,454,13.0,3,3,1,f
10532,127,455,19.0,3,3,1,f
10547,127,456,23.0,2,2,1,f
10562,127,457,36.0,1,1,2,f
10577,127,458,36.0,1,1,2,f
10592,127,459,44.0,1,1,2,f
10607,127,460,53.0,1,1,3,f
10623,127,461,56.0,2,2,3,f
10639,127,462,68.0,1,1,4,f
10655,127,463,68.0,2,2,4,f
10671,127,464,72.0,2,2,4,f
10703,127,465,78.0,2,2,4,f
10719,127,466,79.0,2,2,4,f
10730,127,467,13.0,1,1,1,f
10747,127,468,22.0,1,1,2,f
10764,127,469,22.0,1,1,2,f
10781,127,470,22.0,1,1,2,f
10798,127,471,22.0,2,2,2,f
10815,127,472,22.0,2,2,2,f
10832,127,473,22.0,4,4,2,f
10849,127,474,22.0,5,5,2,f
10866,127,475,22.0,5,5,2,f
10883,127,476,23.0,5,5,2,f
10900,127,477,38.0,3,3,3,f
10917,127,478,44.0,3,3,3,f
10934,127,479,44.0,4,4,3,f
10951,127,480,50.0,4,4,3,f
10968,127,481,59.0,3,3,4,f
11019,127,482,62.0,3,3,4,f
11042,127,483,0.0,7,7,0,f
11058,127,484,0.0,11,11,0,f
11074,127,485,6.0,3,3,0,f
11090,127,486,6.0,4,4,0,f
11107,127,487,6.0,6,6,0,f
11124,127,488,6.0,7,7,0,f
11141,127,489,6.0,7,7,0,f
11158,127,490,18.0,4,4,1,f
11175,127,491,18.0,6,6,1,f
11209,127,492,24.0,5,5,1,f
11226,127,493,30.0,4,4,1,f
11243,127,494,39.0,3,3,2,f
11260,127,495,48.0,3,3,3,f
11277,127,496,48.0,3,3,3,f
11294,127,497,54.0,3,3,3,f
11317,127,498,0.0,13,13,0,f
11332,127,499,9.0,2,2,1,f
11347,127,500,18.0,1,1,2,f
11362,127,501,18.0,1,1,2,f
11377,127,502,21.0,3,3,2,f
11392,127,503,21.0,4,4,2,f
11407,127,504,23.0,4,4,2,f
11422,127,505,23.0,4,4,2,f
11437,127,506,23.0,4,4,2,f
11452,127,507,32.0,4,4,3,f
11467,127,508,38.0,4,4,3,f
11482,127,509,38.0,4,4,3,f
11497,127,510,38.0,4,4,3,f
11512,127,511,38.0,4,4,3,f
23997,127,513,0.0,10,10,0,f
24012,127,514,0.0,12,12,0,f
24027,127,515,0.0,12,12,0,f
24042,127,516,0.0,12,12,0,f
24058,127,517,0.0,13,13,0,f
24075,127,518,0.0,13,13,0,f
24153,127,522,20.0,6,6,1,f
24170,127,523,20.0,6,6,1,f
24187,127,524,20.0,6,6,1,f
24205,127,525,20.0,6,6,1,f
24224,127,526,26.0,6,6,1,f
23478,127,529,0.0,16,16,0,f
23497,127,530,0.0,14,14,0,f
23516,127,531,0.0,13,13,0,f
23535,127,532,0.0,14,14,0,f
23554,127,533,0.0,15,15,0,f
23573,127,534,0.0,15,15,0,f
23592,127,535,0.0,15,15,0,f
23611,127,536,0.0,15,15,0,f
23630,127,537,0.0,15,15,0,f
23649,127,538,0.0,15,15,0,f
23668,127,539,0.0,15,15,0,f
23687,127,540,0.0,16,16,0,f
23706,127,541,3.0,12,12,0,f
23725,127,542,3.0,12,12,0,f
23293,127,552,0.0,17,17,0,f
23311,127,553,0.0,17,17,0,f
23329,127,554,0.0,17,17,0,f
23347,127,555,0.0,17,17,0,f
23365,127,556,0.0,17,17,0,f
23385,127,557,0.0,17,17,0,f
23405,127,558,0.0,17,17,0,f
23425,127,559,0.0,18,18,0,f
13921,127,17,26.0,8,8,0,f
23982,127,512,0.0,12,12,0,f
24092,127,519,13.0,6,6,1,f
24109,127,520,19.0,6,6,1,f
24126,127,521,19.0,6,6,1,f
24238,127,337,0.0,7,7,0,f
24250,127,338,18.0,4,4,0,f
24262,127,339,30.0,5,5,0,f
24274,127,340,46.0,5,5,0,f
24286,127,341,50.0,5,5,0,f
24310,127,342,65.0,5,5,0,f
24322,127,343,73.0,5,5,0,f
24334,127,344,79.0,5,5,0,f
24346,127,345,89.0,5,5,0,f
24358,127,346,89.0,5,5,0,f
24370,127,347,96.0,5,5,0,f
24382,127,348,106.0,5,5,0,f
24394,127,349,123.0,5,5,0,f
24406,127,350,127.0,5,5,0,f
24442,127,351,133.0,5,5,0,f
24454,127,352,133.0,5,5,0,f
24478,127,353,143.0,5,5,0,f
24490,127,354,145.0,5,5,0,f
24502,127,355,163.0,5,5,0,f
27983,127,75,58.0,1,1,4,f
24542,127,842,30.0,4,4,0,f
24662,127,841,15.0,4,4,0,f
24554,127,843,32.0,4,4,0,f
24566,127,844,42.0,4,4,0,f
24578,127,845,46.0,4,4,0,f
24590,127,846,50.0,4,4,0,f
24602,127,847,60.0,4,4,0,f
24614,127,848,61.0,4,4,0,f
24626,127,849,65.0,5,5,0,f
24638,127,850,66.0,5,5,0,f
24650,127,851,66.0,5,5,0,f
24672,127,852,68.0,5,5,0,f
24684,127,853,70.0,5,5,0,f
24696,127,854,70.0,5,5,0,f
24708,127,855,72.0,5,5,0,f
24720,127,856,72.0,5,5,0,f
24732,127,857,72.0,5,5,0,f
24744,127,858,72.0,5,5,0,f
24756,127,859,73.0,5,5,0,f
26564,127,948,0.0,8,8,0,f
26454,127,949,0.0,9,9,0,f
26465,127,950,0.0,9,9,0,f
26476,127,951,6.0,9,9,0,f
26487,127,952,6.0,9,9,0,f
26498,127,953,6.0,9,9,0,f
26509,127,954,6.0,9,9,0,f
26531,127,955,6.0,9,9,0,f
26542,127,956,6.0,9,9,0,f
26553,127,957,6.0,9,9,0,f
26575,127,958,6.0,9,9,0,f
26586,127,959,6.0,9,9,0,f
26597,127,960,6.0,9,9,0,f
26608,127,961,6.0,9,9,0,f
26619,127,962,7.0,9,9,0,f
26630,127,963,8.0,9,9,0,f
26641,127,964,8.0,9,9,0,f
26696,127,965,8.0,9,9,0,f
26707,127,966,8.0,9,9,0,f
26718,127,967,8.0,9,9,0,f
26729,127,968,8.0,9,9,0,f
26739,127,969,0.0,7,7,0,f
26749,127,970,0.0,8,8,0,f
26759,127,971,2.0,8,8,0,f
26769,127,972,6.0,8,8,0,f
26779,127,973,14.0,7,7,0,f
26789,127,974,14.0,7,7,0,f
26799,127,975,18.0,7,7,0,f
26809,127,976,18.0,8,8,0,f
26819,127,977,18.0,8,8,0,f
26829,127,978,26.0,8,8,0,f
26839,127,979,26.0,8,8,0,f
26849,127,980,34.0,8,8,0,f
26859,127,981,34.0,8,8,0,f
26869,127,982,42.0,7,7,0,f
26879,127,983,42.0,7,7,0,f
26889,127,984,42.0,8,8,0,f
26899,127,985,48.0,7,7,0,f
26909,127,986,48.0,7,7,0,f
26919,127,987,49.0,7,7,0,f
26929,127,988,57.0,6,6,0,f
26937,127,989,7.0,5,5,0,f
26977,127,990,15.0,5,5,0,f
26967,127,991,25.0,5,5,0,f
26987,127,992,35.0,5,5,0,f
26997,127,993,41.0,4,4,0,f
27007,127,994,46.0,4,4,0,f
27017,127,995,56.0,4,4,0,f
27027,127,996,62.0,4,4,0,f
27037,127,997,62.0,4,4,0,f
27047,127,998,70.0,4,4,0,f
27057,127,999,80.0,4,4,0,f
27067,127,1000,82.0,4,4,0,f
27077,127,1001,82.0,4,4,0,f
27097,127,1002,86.0,4,4,0,f
27107,127,1003,91.0,4,4,0,f
27117,127,1004,91.0,4,4,0,f
27127,127,1005,92.0,4,4,0,f
27147,127,1006,106.0,4,4,0,f
27157,127,1007,114.0,4,4,0,f
27167,127,1008,114.0,4,4,0,f
27177,127,1009,122.0,4,4,0,f
27197,127,1010,6.0,5,5,0,f
27217,127,1011,6.0,7,7,0,f
27227,127,1012,12.0,4,4,0,f
27237,127,1013,12.0,7,7,0,f
27247,127,1014,12.0,8,8,0,f
27257,127,1015,14.0,8,8,0,f
27267,127,1016,28.0,5,5,0,f
27297,127,1017,32.0,5,5,0,f
27307,127,1018,32.0,5,5,0,f
27317,127,1019,39.0,5,5,0,f
27337,127,1020,39.0,6,6,0,f
27347,127,1021,39.0,6,6,0,f
27357,127,1022,43.0,6,6,0,f
27367,127,1023,65.0,5,5,0,f
27377,127,1024,67.0,5,5,0,f
27387,127,1025,68.0,5,5,0,f
27417,127,1026,68.0,5,5,0,f
27427,127,1027,73.0,5,5,0,f
27437,127,1028,83.0,5,5,0,f
27447,127,1029,91.0,5,5,0,f
27457,127,1030,91.0,5,5,0,f
27518,127,1034,32.0,6,6,0,f
27578,127,1031,4.0,6,6,0,f
27488,127,1032,8.0,6,6,0,f
27508,127,1033,12.0,6,6,0,f
27528,127,1035,36.0,6,6,0,f
27538,127,1036,36.0,6,6,0,f
27548,127,1037,59.0,6,6,0,f
27558,127,1038,71.0,5,5,0,f
27568,127,1039,83.0,5,5,0,f
27588,127,1040,99.0,5,5,0,f
27598,127,1041,114.0,5,5,0,f
27608,127,1042,120.0,5,5,0,f
27618,127,1043,135.0,3,3,0,f
27628,127,1044,136.0,5,5,0,f
27638,127,1045,144.0,5,5,0,f
27648,127,1046,172.0,5,5,0,f
27658,127,1047,181.0,5,5,0,f
5,60,18,2.0,5,5,0,f
11,60,19,2.0,8,8,0,f
22,60,20,2.0,8,8,0,f
33,60,21,2.0,9,9,0,f
44,60,22,2.0,9,9,0,f
55,60,23,6.0,8,8,0,f
66,60,24,7.0,9,9,0,f
77,60,25,7.0,9,9,0,f
88,60,26,7.0,9,9,0,f
99,60,27,8.0,9,9,0,f
110,60,28,8.0,9,9,0,f
121,60,29,11.0,9,9,0,f
132,60,30,17.0,8,8,0,f
143,60,31,27.0,6,6,1,f
154,60,32,31.0,6,6,1,f
165,60,33,34.0,6,6,1,f
1637,60,34,34.0,6,6,1,f
187,60,35,39.0,6,6,1,f
25742,60,36,0.0,9,9,0,f
25753,60,37,0.0,9,9,0,f
25764,60,38,0.0,9,9,0,f
25775,60,39,0.0,10,10,0,f
25786,60,40,0.0,8,8,0,f
25797,60,41,0.0,8,8,0,f
25808,60,42,0.0,8,8,0,f
25819,60,43,0.0,9,9,0,f
25830,60,44,0.0,9,9,0,f
25841,60,45,0.0,9,9,0,f
25852,60,46,0.0,9,9,0,f
25863,60,47,0.0,9,9,0,f
25874,60,48,0.0,9,9,0,f
25885,60,49,0.0,9,9,0,f
25896,60,50,0.0,10,10,0,f
25907,60,51,8.0,7,7,0,f
25918,60,52,8.0,7,7,0,f
6323,60,53,0.0,7,7,0,f
6334,60,54,0.0,9,9,0,f
6345,60,55,0.0,9,9,0,f
6356,60,56,0.0,9,9,0,f
6367,60,57,0.0,9,9,0,f
6378,60,58,0.0,9,9,0,f
6389,60,59,0.0,9,9,0,f
6400,60,60,0.0,9,9,0,f
6411,60,61,0.0,9,9,0,f
6422,60,62,1.0,9,9,0,f
6433,60,63,1.0,9,9,0,f
6444,60,64,1.0,9,9,0,f
6455,60,65,1.0,9,9,0,f
6466,60,66,1.0,9,9,0,f
6477,60,67,1.0,9,9,0,f
6489,60,68,1.0,9,9,0,f
6501,60,69,1.0,9,9,0,f
6513,60,70,1.0,9,9,0,f
4042,60,1,3.0,5,5,0,f
8537,60,2,3.0,6,6,0,f
8567,60,3,4.0,7,7,0,f
8587,60,4,4.0,7,7,0,f
8597,60,5,4.0,9,9,0,f
8677,60,6,5.0,9,9,0,f
8647,60,7,5.0,9,9,0,f
8667,60,8,5.0,9,9,0,f
8687,60,9,5.0,9,9,0,f
8697,60,10,5.0,9,9,0,f
8707,60,11,5.0,9,9,0,f
8717,60,12,5.0,10,10,0,f
8727,60,13,5.0,10,10,0,f
8737,60,14,5.0,10,10,0,f
8757,60,15,5.0,10,10,0,f
8767,60,16,7.0,10,10,0,f
13923,60,17,8.0,10,10,0,f
24239,60,337,0.0,8,8,0,f
24251,60,338,0.0,8,8,0,f
24263,60,339,2.0,8,8,0,f
24275,60,340,2.0,8,8,0,f
24287,60,341,3.0,8,8,0,f
24311,60,342,4.0,8,8,0,f
24323,60,343,4.0,8,8,0,f
24335,60,344,8.0,7,7,0,f
24347,60,345,10.0,8,8,0,f
24359,60,346,10.0,9,9,0,f
24371,60,347,10.0,9,9,0,f
24383,60,348,10.0,9,9,0,f
24395,60,349,10.0,9,9,0,f
24407,60,350,10.0,9,9,0,f
24443,60,351,10.0,9,9,0,f
24455,60,352,11.0,9,9,0,f
24479,60,353,11.0,9,9,0,f
24491,60,354,11.0,9,9,0,f
24503,60,355,13.0,9,9,0,f
24664,60,841,4.0,5,5,0,f
24544,60,842,4.0,6,6,0,f
24556,60,843,4.0,7,7,0,f
24568,60,844,6.0,7,7,0,f
24580,60,845,6.0,7,7,0,f
24592,60,846,7.0,8,8,0,f
24604,60,847,12.0,7,7,0,f
24616,60,848,16.0,7,7,0,f
24628,60,849,17.0,7,7,0,f
24640,60,850,17.0,8,8,0,f
24652,60,851,22.0,8,8,0,f
24674,60,852,22.0,8,8,0,f
24686,60,853,29.0,8,8,0,f
24698,60,854,29.0,8,8,0,f
24710,60,855,29.0,8,8,0,f
24722,60,856,37.0,8,8,0,f
24734,60,857,41.0,8,8,0,f
24746,60,858,41.0,8,8,0,f
24758,60,859,41.0,8,8,0,f
24937,60,860,2.0,6,6,0,f
24782,60,861,6.0,8,8,0,f
24794,60,862,6.0,9,9,0,f
24841,60,864,6.0,9,9,0,f
24829,60,863,6.0,9,9,0,f
24853,60,865,6.0,9,9,0,f
24865,60,866,6.0,9,9,0,f
24877,60,867,6.0,9,9,0,f
24889,60,868,6.0,9,9,0,f
24972,60,869,6.0,9,9,0,f
24984,60,870,6.0,9,9,0,f
24996,60,871,12.0,9,9,0,f
25008,60,872,12.0,9,9,0,f
25044,60,873,14.0,9,9,0,f
25056,60,874,15.0,9,9,0,f
25068,60,875,21.0,9,9,0,f
25092,60,876,21.0,9,9,0,f
25104,60,877,22.0,9,9,0,f
25116,60,878,22.0,9,9,0,f
25128,60,879,26.0,9,9,0,f
25141,60,880,0.0,7,7,0,f
25152,60,881,1.0,8,8,0,f
25163,60,882,7.0,7,7,0,f
25174,60,883,7.0,7,7,0,f
25185,60,884,8.0,7,7,0,f
25196,60,885,12.0,7,7,0,f
25207,60,886,20.0,7,7,0,f
25218,60,887,24.0,7,7,0,f
25229,60,888,24.0,7,7,0,f
25240,60,890,24.0,7,7,0,f
25251,60,891,25.0,7,7,0,f
25284,60,893,31.0,7,7,0,f
25273,60,892,31.0,7,7,0,f
25295,60,894,31.0,8,8,0,f
25306,60,895,31.0,8,8,0,f
25317,60,896,32.0,8,8,0,f
25328,60,897,32.0,8,8,0,f
25339,60,898,32.0,8,8,0,f
25350,60,899,33.0,8,8,0,f
25936,60,900,6.0,6,6,0,f
25947,60,901,7.0,7,7,0,f
25958,60,902,7.0,7,7,0,f
25969,60,903,8.0,7,7,0,f
25980,60,904,8.0,7,7,0,f
25991,60,905,8.0,8,8,0,f
26002,60,906,12.0,7,7,0,f
26013,60,907,12.0,7,7,0,f
26024,60,908,15.0,7,7,0,f
26035,60,909,15.0,7,7,0,f
26046,60,910,17.0,7,7,0,f
26057,60,911,19.0,7,7,0,f
26068,60,912,19.0,7,7,0,f
26079,60,913,27.0,7,7,0,f
26090,60,914,29.0,7,7,0,f
26101,60,915,29.0,7,7,0,f
26112,60,916,30.0,7,7,0,f
26123,60,917,30.0,7,7,0,f
26134,60,918,30.0,7,7,0,f
26146,60,926,2.0,7,7,0,f
26155,60,927,12.0,5,5,0,f
26165,60,928,12.0,6,6,0,f
26175,60,929,12.0,7,7,0,f
26185,60,930,14.0,7,7,0,f
26195,60,931,15.0,8,8,0,f
26205,60,932,15.0,8,8,0,f
26215,60,933,19.0,8,8,0,f
26225,60,934,19.0,8,8,0,f
26235,60,936,31.0,7,7,0,f
26256,60,937,35.0,7,7,0,f
26266,60,938,35.0,7,7,0,f
26276,60,939,41.0,7,7,0,f
26296,60,940,44.0,7,7,0,f
26381,60,941,45.0,7,7,0,f
26391,60,942,63.0,7,7,0,f
26401,60,943,65.0,7,7,0,f
26411,60,944,67.0,7,7,0,f
26432,60,945,67.0,7,7,0,f
26563,60,948,3.0,7,7,0,f
26453,60,949,11.0,6,6,0,f
26464,60,950,17.0,6,6,0,f
26475,60,951,17.0,6,6,0,f
26486,60,952,26.0,5,5,0,f
26497,60,953,30.0,6,6,0,f
26508,60,954,32.0,6,6,0,f
26530,60,955,32.0,6,6,0,f
26541,60,956,36.0,6,6,0,f
26552,60,957,41.0,6,6,0,f
26574,60,958,45.0,6,6,0,f
26585,60,959,45.0,6,6,0,f
26596,60,960,45.0,7,7,0,f
26607,60,961,45.0,7,7,0,f
26618,60,962,47.0,7,7,0,f
26629,60,963,47.0,7,7,0,f
26640,60,964,47.0,7,7,0,f
26695,60,965,55.0,7,7,0,f
26706,60,966,55.0,7,7,0,f
26717,60,967,63.0,7,7,0,f
26728,60,968,63.0,7,7,0,f
26738,60,969,6.0,6,6,0,f
26748,60,970,12.0,4,4,0,f
26758,60,971,12.0,6,6,0,f
26768,60,972,13.0,6,6,0,f
26778,60,973,21.0,5,5,0,f
26788,60,974,29.0,5,5,0,f
26798,60,975,29.0,5,5,0,f
26808,60,976,33.0,6,6,0,f
26818,60,977,33.0,6,6,0,f
26828,60,978,33.0,6,6,0,f
26838,60,979,39.0,6,6,0,f
26848,60,980,40.0,6,6,0,f
26858,60,981,40.0,6,6,0,f
26868,60,982,52.0,6,6,0,f
26878,60,983,52.0,6,6,0,f
26888,60,984,52.0,6,6,0,f
26898,60,985,53.0,6,6,0,f
26908,60,986,53.0,6,6,0,f
26918,60,987,53.0,6,6,0,f
26928,60,988,53.0,7,7,0,f
26941,60,989,0.0,9,9,0,f
26981,60,990,12.0,6,6,0,f
26971,60,991,12.0,6,6,0,f
26991,60,992,13.0,7,7,0,f
27001,60,993,13.0,8,8,0,f
27011,60,994,19.0,7,7,0,f
27021,60,995,19.0,7,7,0,f
27031,60,996,19.0,8,8,0,f
27041,60,997,19.0,8,8,0,f
27051,60,998,19.0,8,8,0,f
27061,60,999,20.0,8,8,0,f
27071,60,1000,28.0,8,8,0,f
27081,60,1001,30.0,7,7,0,f
27101,60,1002,30.0,8,8,0,f
27111,60,1003,30.0,8,8,0,f
27121,60,1004,30.0,8,8,0,f
27131,60,1005,30.0,8,8,0,f
27151,60,1006,32.0,8,8,0,f
27161,60,1007,33.0,9,9,0,f
27171,60,1008,33.0,9,9,0,f
27181,60,1009,33.0,9,9,0,f
27200,60,1010,1.0,8,8,0,f
27220,60,1011,3.0,8,8,0,f
27230,60,1012,4.0,9,9,0,f
27240,60,1013,4.0,9,9,0,f
27250,60,1014,6.0,9,9,0,f
27260,60,1015,16.0,7,7,0,f
27270,60,1016,17.0,7,7,0,f
27300,60,1017,17.0,8,8,0,f
27310,60,1018,17.0,8,8,0,f
27320,60,1019,19.0,8,8,0,f
27340,60,1020,42.0,5,5,0,f
27350,60,1021,43.0,5,5,0,f
27360,60,1022,51.0,5,5,0,f
27370,60,1023,51.0,6,6,0,f
27380,60,1024,55.0,6,6,0,f
27390,60,1025,55.0,6,6,0,f
27420,60,1026,62.0,6,6,0,f
27430,60,1027,64.0,6,6,0,f
27440,60,1028,64.0,7,7,0,f
27450,60,1029,83.0,6,6,0,f
27460,60,1030,85.0,6,6,0,f
6,139,18,1.0,6,6,0,f
12,139,19,11.0,3,3,1,f
23,139,20,29.0,2,2,2,f
34,139,21,47.0,1,1,3,f
45,139,22,63.0,1,1,4,f
56,139,23,69.0,1,1,4,f
67,139,24,73.0,1,1,4,f
78,139,25,91.0,1,1,5,f
89,139,26,96.0,1,1,5,f
100,139,27,105.0,1,1,5,f
111,139,28,111.0,1,1,5,f
122,139,29,121.0,1,1,6,f
133,139,30,131.0,1,1,7,f
144,139,31,134.0,1,1,7,f
155,139,32,134.0,2,2,7,f
166,139,33,142.0,1,1,7,f
1638,139,34,156.0,1,1,7,f
188,139,35,172.0,1,1,8,f
25755,139,38,39.0,1,1,2,f
6318,139,53,8.0,3,3,0,f
6329,139,54,15.0,2,2,0,f
6340,139,55,15.0,3,3,0,f
6351,139,56,30.0,3,3,1,f
6362,139,57,46.0,2,2,2,f
6373,139,58,59.0,2,2,2,f
6384,139,59,63.0,2,2,2,f
6395,139,60,75.0,2,2,2,f
6406,139,61,87.0,2,2,2,f
6417,139,62,105.0,2,2,3,f
6428,139,63,121.0,2,2,4,f
6439,139,64,139.0,2,2,5,f
6450,139,65,142.0,2,2,5,f
6461,139,66,158.0,2,2,6,f
6472,139,67,168.0,1,1,7,f
6484,139,68,178.0,2,2,8,f
6496,139,69,186.0,2,2,8,f
6508,139,70,201.0,2,2,9,f
27944,139,71,8.0,2,2,0,f
27954,139,72,10.0,4,4,0,f
27964,139,73,10.0,6,6,0,f
27974,139,74,18.0,4,4,0,f
27984,139,75,18.0,5,5,0,f
27994,139,76,21.0,5,5,0,f
28004,139,77,31.0,5,5,0,f
28014,139,78,45.0,5,5,0,f
28024,139,79,63.0,3,3,1,f
28034,139,80,69.0,3,3,1,f
28044,139,81,74.0,3,3,1,f
28054,139,82,78.0,3,3,1,f
28064,139,83,86.0,3,3,1,f
28074,139,84,86.0,3,3,1,f
28084,139,85,86.0,3,3,1,f
28094,139,86,90.0,3,3,1,f
28104,139,87,98.0,3,3,1,f
28114,139,88,100.0,3,3,1,f
28124,139,89,100.0,3,3,1,f
6138,139,90,18.0,1,1,1,f
6147,139,91,33.0,1,1,2,f
6157,139,92,51.0,1,1,3,f
6167,139,93,64.0,1,1,4,f
6177,139,94,82.0,1,1,5,f
6187,139,95,88.0,1,1,5,f
6197,139,96,106.0,1,1,6,f
6207,139,97,124.0,1,1,7,f
6217,139,98,142.0,1,1,8,f
6227,139,99,158.0,1,1,9,f
6237,139,100,174.0,1,1,10,f
6247,139,101,184.0,1,1,11,f
6257,139,102,202.0,1,1,12,f
6267,139,103,216.0,1,1,12,f
6277,139,104,234.0,1,1,13,f
6287,139,105,244.0,1,1,14,f
6297,139,106,254.0,1,1,15,f
6307,139,107,262.0,1,1,15,f
5984,139,108,5.0,4,4,0,f
5991,139,109,16.0,2,2,0,f
6000,139,110,16.0,3,3,0,f
6010,139,111,32.0,2,2,1,f
6020,139,112,48.0,2,2,2,f
6030,139,113,64.0,1,1,3,f
6040,139,114,71.0,2,2,3,f
6050,139,115,85.0,1,1,4,f
6060,139,116,95.0,1,1,4,f
6070,139,117,103.0,1,1,4,f
6080,139,118,118.0,1,1,5,f
6090,139,119,120.0,1,1,5,f
6100,139,120,121.0,2,2,5,f
6110,139,121,137.0,2,2,6,f
6120,139,122,147.0,1,1,7,f
6130,139,123,158.0,1,1,8,f
5800,139,124,10.0,1,1,1,f
5806,139,125,14.0,2,2,1,f
5817,139,126,24.0,2,2,2,f
5828,139,127,40.0,1,1,3,f
5839,139,128,50.0,1,1,4,f
5850,139,129,66.0,1,1,5,f
5861,139,130,72.0,1,1,5,f
5872,139,131,86.0,1,1,6,f
5883,139,132,102.0,1,1,7,f
5894,139,133,118.0,1,1,8,f
5905,139,134,128.0,1,1,9,f
5916,139,135,141.0,1,1,10,f
5927,139,136,157.0,1,1,11,f
5938,139,137,173.0,1,1,12,f
5949,139,138,189.0,1,1,13,f
5960,139,139,205.0,1,1,14,f
5971,139,140,221.0,1,1,15,f
5614,139,141,14.0,1,1,1,f
5624,139,142,30.0,1,1,2,f
5635,139,143,36.0,1,1,2,f
5646,139,144,40.0,1,1,2,f
5657,139,145,50.0,1,1,3,f
5668,139,146,60.0,1,1,3,f
5679,139,147,76.0,1,1,4,f
5690,139,148,82.0,1,1,4,f
5701,139,149,94.0,1,1,5,f
5712,139,150,108.0,1,1,6,f
5723,139,151,118.0,1,1,6,f
5734,139,152,124.0,1,1,6,f
5745,139,153,140.0,1,1,7,f
5756,139,154,152.0,1,1,8,f
5767,139,155,161.0,1,1,8,f
5778,139,156,167.0,1,1,8,f
5789,139,157,179.0,1,1,9,f
1454,139,158,16.0,1,1,1,f
1460,139,159,26.0,1,1,2,f
1468,139,160,39.0,1,1,3,f
1479,139,161,43.0,1,1,3,f
1490,139,162,49.0,1,1,3,f
1501,139,163,62.0,1,1,4,f
1512,139,164,68.0,1,1,4,f
1523,139,165,84.0,1,1,5,f
1534,139,166,88.0,1,1,5,f
1545,139,167,92.0,2,2,5,f
1556,139,168,102.0,2,2,6,f
1567,139,169,111.0,2,2,6,f
1578,139,170,117.0,2,2,6,f
1589,139,171,127.0,2,2,7,f
1600,139,172,143.0,1,1,8,f
1611,139,173,156.0,1,1,9,f
1622,139,174,170.0,1,1,10,f
5445,139,175,10.0,1,1,1,f
5460,139,177,28.0,1,1,2,f
5451,139,176,18.0,1,1,1,f
5471,139,178,44.0,1,1,3,f
5482,139,179,51.0,1,1,3,f
5493,139,180,55.0,1,1,3,f
5504,139,181,58.0,1,1,3,f
5515,139,182,64.0,1,1,3,f
5526,139,183,74.0,1,1,4,f
5537,139,184,90.0,1,1,5,f
5548,139,185,94.0,1,1,5,f
5559,139,186,97.0,2,2,5,f
5570,139,187,102.0,2,2,5,f
5581,139,188,102.0,2,2,5,f
5592,139,189,118.0,1,1,6,f
5603,139,190,128.0,1,1,6,f
2057,139,191,3.0,3,3,0,f
2064,139,192,7.0,3,3,0,f
2072,139,193,21.0,2,2,1,f
2082,139,194,31.0,2,2,1,f
2093,139,195,35.0,2,2,1,f
2104,139,196,39.0,2,2,1,f
2115,139,197,53.0,2,2,2,f
2126,139,198,69.0,2,2,3,f
2137,139,199,83.0,2,2,4,f
2148,139,200,90.0,2,2,4,f
2159,139,201,92.0,2,2,4,f
2170,139,202,102.0,2,2,5,f
2181,139,203,102.0,2,2,5,f
2192,139,204,118.0,2,2,6,f
2203,139,205,127.0,2,2,6,f
2214,139,206,133.0,2,2,6,f
5251,139,207,6.0,2,2,0,f
5259,139,208,8.0,4,4,0,f
5269,139,209,14.0,3,3,0,f
5280,139,210,24.0,2,2,0,f
5291,139,211,38.0,1,1,1,f
25356,139,212,41.0,1,1,1,f
25368,139,213,51.0,1,1,2,f
25380,139,214,65.0,1,1,3,f
25392,139,215,65.0,1,1,3,f
25404,139,216,71.0,1,1,3,f
25416,139,217,74.0,1,1,3,f
25428,139,218,84.0,1,1,4,f
25440,139,219,85.0,1,1,4,f
25452,139,220,86.0,2,2,4,f
25464,139,221,86.0,2,2,4,f
25476,139,222,100.0,2,2,5,f
25488,139,223,102.0,2,2,5,f
2419,139,224,4.0,2,2,0,f
2427,139,225,8.0,3,3,0,f
2438,139,226,10.0,3,3,0,f
2449,139,227,16.0,2,2,0,f
2460,139,228,25.0,2,2,0,f
2471,139,229,25.0,2,2,0,f
2482,139,230,35.0,2,2,1,f
2493,139,231,35.0,2,2,1,f
2504,139,232,35.0,2,2,1,f
2515,139,233,35.0,3,3,1,f
2526,139,234,38.0,3,3,1,f
2537,139,235,38.0,3,3,1,f
2548,139,236,48.0,3,3,2,f
2559,139,237,58.0,3,3,3,f
2570,139,238,64.0,3,3,3,f
2581,139,239,70.0,2,2,3,f
5039,139,240,6.0,3,3,0,f
5047,139,241,13.0,3,3,0,f
5057,139,242,23.0,2,2,0,f
5070,139,243,27.0,3,3,0,f
5083,139,244,31.0,3,3,0,f
5096,139,245,41.0,2,2,1,f
5109,139,246,43.0,3,3,1,f
5122,139,247,49.0,3,3,1,f
5135,139,248,53.0,3,3,1,f
5148,139,249,57.0,3,3,1,f
5161,139,250,57.0,3,3,1,f
5174,139,251,57.0,3,3,1,f
5187,139,252,62.0,3,3,1,f
5200,139,253,68.0,3,3,1,f
5213,139,254,73.0,3,3,1,f
5226,139,255,73.0,3,3,1,f
5239,139,256,73.0,3,3,1,f
25515,139,257,4.0,3,3,0,f
25529,139,258,10.0,2,2,0,f
25543,139,259,16.0,2,2,0,f
25557,139,260,22.0,2,2,0,f
25571,139,261,25.0,2,2,0,f
25585,139,262,32.0,2,2,0,f
25599,139,263,36.0,2,2,0,f
25613,139,264,42.0,3,3,0,f
25627,139,265,52.0,2,2,1,f
25641,139,266,52.0,2,2,1,f
25655,139,267,52.0,3,3,1,f
25669,139,268,58.0,3,3,1,f
25683,139,269,58.0,3,3,1,f
25697,139,270,60.0,3,3,1,f
25711,139,271,64.0,3,3,1,f
25501,139,272,71.0,3,3,1,f
4640,139,273,1.0,6,6,0,f
4647,139,274,1.0,8,8,0,f
4658,139,275,1.0,8,8,0,f
4670,139,276,1.0,9,9,0,f
4682,139,277,2.0,9,9,0,f
4694,139,278,6.0,7,7,0,f
4707,139,279,9.0,5,5,0,f
4720,139,280,9.0,5,5,0,f
4733,139,281,9.0,6,6,0,f
4746,139,282,10.0,5,5,0,f
4759,139,283,14.0,5,5,0,f
4772,139,284,14.0,5,5,0,f
4785,139,285,20.0,5,5,0,f
4798,139,286,23.0,4,4,0,f
4811,139,287,23.0,4,4,0,f
4824,139,288,28.0,4,4,0,f
3278,139,291,5.0,4,4,0,f
3319,139,292,9.0,4,4,0,f
3333,139,293,9.0,4,4,0,f
3347,139,294,9.0,4,4,0,f
3361,139,295,13.0,4,4,0,f
3375,139,296,13.0,4,4,0,f
3389,139,297,13.0,4,4,0,f
3404,139,298,15.0,4,4,0,f
3419,139,299,16.0,4,4,0,f
3434,139,300,16.0,4,4,0,f
3449,139,301,16.0,4,4,0,f
3464,139,302,16.0,4,4,0,f
3479,139,303,18.0,4,4,0,f
3494,139,304,21.0,4,4,0,f
8457,139,317,43.0,3,3,0,f
8476,139,318,52.0,3,3,0,f
8495,139,319,55.0,3,3,0,f
8514,139,320,55.5,3,3,0,f
7653,139,322,12.0,2,2,1,f
7672,139,323,15.0,3,3,1,f
7691,139,324,15.0,3,3,1,f
7710,139,325,21.0,2,2,1,f
7729,139,326,36.0,2,2,2,f
7748,139,327,45.0,2,2,3,f
7767,139,328,54.0,2,2,4,f
7786,139,329,57.0,2,2,4,f
7805,139,330,57.0,2,2,4,f
7824,139,331,63.0,2,2,4,f
7843,139,332,72.0,2,2,4,f
7862,139,333,85.0,2,2,5,f
7881,139,334,100.0,2,2,6,f
7900,139,335,100.0,2,2,6,f
7919,139,336,110.0,2,2,6,f
4046,139,1,0.0,9,9,0,f
8541,139,2,0.0,10,10,0,f
25744,139,37,23.0,1,1,1,f
25766,139,39,49.0,1,1,3,f
25777,139,40,56.0,1,1,3,f
25788,139,41,60.0,1,1,3,f
25799,139,42,71.0,1,1,3,f
25810,139,43,89.0,1,1,4,f
25821,139,44,103.0,1,1,5,f
25832,139,45,111.0,1,1,5,f
25843,139,46,119.0,1,1,5,f
25854,139,47,137.0,1,1,6,f
25865,139,48,143.0,1,1,6,f
25876,139,49,161.0,1,1,7,f
25887,139,50,170.0,1,1,7,f
25898,139,51,186.0,1,1,8,f
25909,139,52,204.0,1,1,9,f
7634,139,321,0.0,11,11,0,f
8231,139,305,6.0,2,2,0,f
8249,139,306,10.0,2,2,0,f
8267,139,307,10.0,2,2,0,f
8286,139,308,16.0,2,2,0,f
8305,139,309,16.0,4,4,0,f
8324,139,310,16.0,4,4,0,f
8343,139,311,25.0,3,3,0,f
8362,139,312,29.0,3,3,0,f
8381,139,313,33.0,3,3,0,f
8400,139,314,35.0,3,3,0,f
8419,139,315,35.0,3,3,0,f
8438,139,316,39.0,3,3,0,f
8571,139,3,0.0,9,9,0,f
8591,139,4,3.0,9,9,0,f
8601,139,5,6.0,7,7,0,f
8681,139,6,17.0,4,4,0,f
8651,139,7,20.0,4,4,0,f
8671,139,8,26.0,4,4,0,f
8691,139,9,32.0,4,4,0,f
8701,139,10,40.0,3,3,0,f
8711,139,11,46.0,3,3,0,f
8721,139,12,56.0,3,3,1,f
8731,139,13,62.0,3,3,1,f
8741,139,14,62.0,3,3,1,f
8761,139,15,67.0,3,3,1,f
8771,139,16,70.0,4,4,1,f
8772,139,356,9.0,1,1,1,f
8792,139,357,9.0,2,2,1,f
8812,139,358,9.0,2,2,1,f
8832,139,359,9.0,3,3,1,f
8852,139,360,9.0,4,4,1,f
8872,139,361,9.0,4,4,1,f
8892,139,362,15.0,3,3,1,f
8912,139,363,21.0,3,3,1,f
8932,139,364,25.0,3,3,1,f
8952,139,365,34.0,3,3,2,f
8972,139,366,38.0,3,3,2,f
8992,139,367,44.0,3,3,2,f
9012,139,368,53.0,2,2,3,f
9032,139,369,59.0,2,2,3,f
9132,139,371,59.0,3,3,3,f
9112,139,370,59.0,3,3,3,f
9153,139,372,8.0,2,2,0,f
9171,139,373,10.0,2,2,0,f
9189,139,374,20.0,2,2,0,f
9207,139,375,27.0,2,2,0,f
9225,139,376,27.0,2,2,0,f
9243,139,377,27.0,2,2,0,f
9261,139,378,34.0,2,2,0,f
9279,139,379,34.0,2,2,0,f
9297,139,380,41.0,2,2,0,f
9315,139,381,44.0,2,2,0,f
9333,139,382,44.0,2,2,0,f
9351,139,383,59.0,2,2,1,f
9369,139,384,61.0,2,2,1,f
9387,139,385,62.0,2,2,1,f
9405,139,386,65.0,2,2,1,f
9423,139,387,65.0,2,2,1,f
9442,139,388,3.0,3,3,0,f
9455,139,389,7.0,4,4,0,f
9470,139,390,7.0,4,4,0,f
9485,139,391,14.0,4,4,0,f
9500,139,392,17.0,4,4,0,f
9515,139,393,17.0,4,4,0,f
9530,139,394,17.0,4,4,0,f
9545,139,395,17.0,4,4,0,f
9560,139,396,17.0,4,4,0,f
9575,139,397,17.0,4,4,0,f
9590,139,398,20.0,4,4,0,f
9606,139,399,26.0,4,4,0,f
9622,139,400,26.0,4,4,0,f
9638,139,401,26.0,4,4,0,f
9654,139,402,38.0,4,4,1,f
9670,139,403,53.0,4,4,2,f
9691,139,404,0.0,8,8,0,f
9704,139,405,0.0,10,10,0,f
9717,139,406,3.0,6,6,0,f
9730,139,407,3.0,6,6,0,f
9743,139,408,10.0,5,5,0,f
9756,139,409,10.0,5,5,0,f
9782,139,410,13.0,5,5,0,f
9795,139,411,13.0,5,5,0,f
9808,139,412,13.0,5,5,0,f
9821,139,413,13.0,5,5,0,f
9834,139,414,16.0,5,5,0,f
9847,139,415,26.0,5,5,0,f
9860,139,416,30.0,4,4,0,f
9874,139,417,33.0,4,4,0,f
9888,139,418,33.0,4,4,0,f
9902,139,419,37.0,4,4,0,f
9910,139,420,9.0,2,2,0,f
9924,139,421,15.0,2,2,0,f
9939,139,422,16.0,2,2,0,f
9954,139,423,22.0,2,2,0,f
9970,139,424,37.0,1,1,1,f
10018,139,425,47.0,1,1,1,f
10050,139,426,50.0,1,1,1,f
10066,139,427,56.0,1,1,1,f
10082,139,428,65.0,1,1,2,f
10098,139,429,72.0,1,1,2,f
10114,139,430,75.0,1,1,2,f
10130,139,431,77.0,2,2,2,f
10147,139,432,77.0,2,2,2,f
10164,139,433,77.0,2,2,2,f
10181,139,434,80.0,2,2,2,f
10198,139,435,82.0,2,2,2,f
10223,139,436,0.0,10,10,0,f
10236,139,437,0.0,11,11,0,f
10251,139,438,13.0,2,2,1,f
10281,139,439,19.0,2,2,1,f
10296,139,440,22.0,2,2,1,f
10311,139,441,24.5,2,2,1,f
10326,139,442,26.5,2,2,1,f
10341,139,443,26.5,3,3,1,f
10356,139,444,32.5,2,2,1,f
10371,139,445,35.5,2,2,1,f
10386,139,446,36.5,3,3,1,f
10401,139,447,40.5,2,2,1,f
10416,139,448,40.5,3,3,1,f
10446,139,449,46.5,2,2,1,f
10461,139,450,54.5,2,2,1,f
10476,139,451,57.5,2,2,1,f
10485,139,452,2.0,4,4,0,f
10500,139,453,6.0,3,3,0,f
10515,139,454,9.0,4,4,0,f
10530,139,455,22.0,1,1,1,f
10545,139,456,25.0,1,1,1,f
10560,139,457,31.0,2,2,1,f
10575,139,458,31.0,3,3,1,f
10590,139,459,44.0,2,2,2,f
10605,139,460,50.0,2,2,2,f
10621,139,461,59.0,1,1,3,f
10637,139,462,65.0,2,2,3,f
10653,139,463,80.0,1,1,4,f
10669,139,464,89.0,1,1,4,f
10701,139,465,89.0,1,1,4,f
10717,139,466,89.0,1,1,4,f
10740,139,467,0.0,11,11,0,f
10757,139,468,1.0,7,7,0,f
10774,139,469,1.0,8,8,0,f
10791,139,470,16.0,3,3,1,f
10808,139,471,16.0,4,4,1,f
10825,139,472,22.0,3,3,1,f
10842,139,473,26.0,2,2,1,f
10859,139,474,26.0,3,3,1,f
10876,139,475,35.0,3,3,2,f
10893,139,476,45.0,2,2,2,f
10910,139,477,52.0,2,2,2,f
10927,139,478,61.0,1,1,3,f
10944,139,479,64.0,1,1,3,f
10961,139,480,64.0,1,1,3,f
10978,139,481,74.0,1,1,3,f
11029,139,482,74.0,1,1,3,f
11044,139,483,0.0,9,9,0,f
11060,139,484,0.0,13,13,0,f
11076,139,485,0.0,14,14,0,f
11092,139,486,2.0,8,8,0,f
11109,139,487,5.0,7,7,0,f
11126,139,488,17.0,3,3,1,f
11143,139,489,26.0,2,2,2,f
11160,139,490,28.0,3,3,2,f
11177,139,491,28.0,3,3,2,f
11211,139,492,28.0,3,3,2,f
11228,139,493,28.0,5,5,2,f
11245,139,494,28.0,5,5,2,f
11262,139,495,30.0,5,5,2,f
11279,139,496,34.0,5,5,2,f
11296,139,497,34.0,5,5,2,f
11311,139,498,0.0,7,7,0,f
11326,139,499,0.0,12,12,0,f
11341,139,500,0.0,14,14,0,f
11356,139,501,2.0,11,11,0,f
11371,139,502,3.0,10,10,0,f
11386,139,503,5.0,10,10,0,f
11401,139,504,5.0,10,10,0,f
11416,139,505,5.0,10,10,0,f
11431,139,506,6.0,10,10,0,f
11446,139,507,6.0,10,10,0,f
11461,139,508,6.0,10,10,0,f
11476,139,509,6.0,10,10,0,f
11491,139,510,8.0,10,10,0,f
11506,139,511,8.0,10,10,0,f
23985,139,512,0.0,9,9,0,f
24000,139,513,3.0,5,5,0,f
24015,139,514,18.0,2,2,1,f
24045,139,516,36.0,2,2,2,f
24061,139,517,45.0,1,1,3,f
24078,139,518,54.0,1,1,4,f
24095,139,519,60.0,1,1,4,f
24112,139,520,62.0,1,1,4,f
24150,139,522,74.0,1,1,4,f
24167,139,523,80.0,1,1,4,f
24184,139,524,95.0,1,1,5,f
24202,139,525,104.0,1,1,5,f
24221,139,526,113.0,1,1,6,f
23438,139,527,0.0,5,5,0,f
23454,139,528,9.0,3,3,1,f
23471,139,529,9.0,4,4,1,f
23490,139,530,18.0,2,2,2,f
23509,139,531,18.0,4,4,2,f
23528,139,532,22.0,3,3,2,f
23547,139,533,22.0,3,3,2,f
23566,139,534,22.0,4,4,2,f
23585,139,535,22.0,4,4,2,f
23604,139,536,31.0,3,3,3,f
23623,139,537,31.0,3,3,3,f
23642,139,538,35.0,4,4,3,f
23661,139,539,36.0,3,3,3,f
23680,139,540,40.0,3,3,3,f
23699,139,541,49.0,3,3,4,f
23718,139,542,58.0,2,2,5,f
23152,139,543,4.0,3,3,0,f
23164,139,544,13.0,1,1,1,f
23177,139,545,22.0,1,1,2,f
23190,139,546,28.0,1,1,2,f
23204,139,547,34.0,1,1,2,f
23220,139,548,40.0,1,1,2,f
23236,139,549,46.0,1,1,2,f
23252,139,550,50.0,1,1,2,f
23268,139,551,50.0,1,1,2,f
23284,139,552,56.0,1,1,2,f
23302,139,553,65.0,1,1,3,f
23320,139,554,71.0,1,1,3,f
23338,139,555,80.0,1,1,4,f
23356,139,556,86.0,1,1,4,f
23376,139,557,89.0,1,1,4,f
23396,139,558,89.0,1,1,4,f
23416,139,559,95.0,1,1,4,f
22850,139,560,9.0,1,1,1,f
22863,139,561,18.0,1,1,2,f
22880,139,562,27.0,1,1,3,f
22904,139,563,33.0,1,1,3,f
22923,139,564,42.0,1,1,4,f
22942,139,565,51.0,1,1,5,f
22961,139,566,55.0,1,1,5,f
22973,139,567,55.0,1,1,5,f
22992,139,568,64.0,1,1,6,f
23018,139,569,64.0,1,1,6,f
23037,139,570,64.0,1,1,6,f
23056,139,571,70.0,1,1,6,f
23075,139,572,76.0,1,1,6,f
23094,139,573,77.0,1,1,6,f
23113,139,574,81.0,1,1,6,f
23132,139,575,83.0,1,1,6,f
22458,139,576,3.0,4,4,0,f
22472,139,577,6.0,4,4,0,f
22487,139,578,8.0,4,4,0,f
22503,139,579,8.0,4,4,0,f
22520,139,580,17.0,3,3,1,f
22537,139,581,26.0,3,3,2,f
22796,139,587,54.5,1,1,4,f
22816,139,588,63.5,1,1,5,f
22836,139,589,72.5,1,1,6,f
22217,139,590,6.0,2,2,0,f
22228,139,591,12.0,2,2,0,f
22239,139,592,12.0,2,2,0,f
22251,139,593,21.0,2,2,1,f
22265,139,594,27.0,2,2,1,f
22281,139,595,30.0,2,2,1,f
22297,139,596,30.0,2,2,1,f
22313,139,597,39.0,2,2,2,f
22329,139,598,45.0,1,1,2,f
22345,139,599,48.0,2,2,2,f
22363,139,600,57.0,1,1,3,f
22381,139,601,59.0,1,1,3,f
22399,139,602,59.0,2,2,3,f
22417,139,603,65.0,2,2,3,f
22437,139,604,65.0,2,2,3,f
22035,139,605,3.0,3,3,0,f
21879,139,606,6.0,4,4,0,f
22054,139,608,9.0,4,4,0,f
22064,139,609,9.0,4,4,0,f
22075,139,610,9.0,4,4,0,f
22086,139,611,10.0,4,4,0,f
22121,139,612,12.0,4,4,0,f
22145,139,614,12.0,5,5,0,f
22157,139,615,12.0,5,5,0,f
22169,139,616,12.0,5,5,0,f
22181,139,617,12.0,5,5,0,f
22193,139,618,12.0,5,5,0,f
22205,139,619,12.0,6,6,0,f
21899,139,620,4.0,3,3,0,f
21908,139,621,7.0,3,3,0,f
21917,139,622,13.0,3,3,0,f
21926,139,623,19.0,3,3,0,f
21945,139,624,19.0,3,3,0,f
21955,139,625,19.0,4,4,0,f
21965,139,626,20.0,4,4,0,f
21976,139,627,29.0,3,3,1,f
21987,139,628,29.0,4,4,1,f
21999,139,629,29.0,4,4,1,f
22011,139,630,31.0,4,4,1,f
22023,139,631,33.0,4,4,1,f
21678,139,632,9.0,1,1,1,f
21688,139,633,15.0,1,1,1,f
21698,139,634,19.0,2,2,1,f
21702,139,635,28.0,1,1,2,f
21713,139,636,28.0,2,2,2,f
21730,139,637,28.0,2,2,2,f
21741,139,638,32.0,2,2,2,f
21746,139,639,32.0,2,2,2,f
21757,139,640,32.0,2,2,2,f
21769,139,641,32.0,2,2,2,f
21787,139,642,33.0,3,3,2,f
13927,139,17,70.0,4,4,1,f
20920,139,667,3.0,3,3,0,f
20933,139,668,3.0,5,5,0,f
20947,139,669,3.0,6,6,0,f
20960,139,670,7.0,5,5,0,f
20977,139,671,10.0,5,5,0,f
20992,139,672,19.0,3,3,1,f
21005,139,673,25.0,2,2,1,f
21022,139,674,28.0,3,3,1,f
21037,139,675,32.0,3,3,1,f
21056,139,676,32.0,4,4,1,f
21071,139,677,32.0,4,4,1,f
21088,139,678,32.0,4,4,1,f
20752,139,680,4.0,5,5,0,f
20767,139,681,7.0,4,4,0,f
20782,139,682,11.0,3,3,0,f
20796,139,683,11.0,4,4,0,f
20811,139,684,15.0,4,4,0,f
20828,139,685,19.0,4,4,0,f
20846,139,686,20.0,4,4,0,f
20865,139,687,20.0,4,4,0,f
20884,139,688,20.0,4,4,0,f
20904,139,689,20.0,5,5,0,f
20627,139,690,6.0,2,2,0,f
20639,139,691,15.0,1,1,1,f
20650,139,692,21.0,1,1,1,f
20663,139,693,21.0,2,2,1,f
20674,139,694,22.0,2,2,1,f
20687,139,695,23.0,2,2,1,f
20700,139,696,31.0,2,2,2,f
20715,139,697,31.0,2,2,2,f
20358,139,699,6.0,2,2,0,f
20371,139,700,12.0,2,2,0,f
20419,139,703,20.0,3,3,0,f
20467,139,706,24.0,3,3,0,f
19793,139,719,3.0,3,3,0,f
20072,139,710,6.0,3,3,0,f
19808,139,720,3.0,5,5,0,f
19832,139,722,7.0,5,5,0,f
19844,139,723,13.0,5,5,0,f
19857,139,724,22.0,3,3,1,f
20064,139,709,0.0,6,6,0,f
19512,139,729,4.0,3,3,0,f
19519,139,730,10.0,3,3,0,f
19528,139,731,14.0,3,3,0,f
19548,139,733,14.0,4,4,0,f
19537,139,732,14.0,4,4,0,f
19560,139,734,15.0,6,6,0,f
19906,139,727,24.0,3,3,1,f
19888,139,726,24.0,3,3,1,f
19871,139,725,22.0,3,3,1,f
19386,139,745,45.0,1,1,5,f
19326,139,738,6.0,2,2,0,f
19126,139,755,26.0,3,3,1,f
19112,139,754,26.0,3,3,1,f
19101,139,753,19.0,3,3,0,f
19089,139,752,16.0,3,3,0,f
19076,139,751,15.0,3,3,0,f
19066,139,750,15.0,3,3,0,f
19055,139,749,12.0,3,3,0,f
19046,139,748,10.0,2,2,0,f
19036,139,747,10.0,2,2,0,f
19027,139,746,6.0,2,2,0,f
18855,139,758,8.0,3,3,0,f
18841,139,756,6.0,2,2,0,f
18848,139,757,6.0,2,2,0,f
17834,139,774,40.0,2,2,2,f
19610,139,737,18.0,6,6,0,f
19576,139,735,18.0,5,5,0,f
18863,139,759,16.0,2,2,1,f
17825,139,773,40.0,2,2,2,f
18871,139,760,16.0,2,2,1,f
17816,139,772,37.0,1,1,2,f
17807,139,771,36.0,1,1,2,f
19593,139,736,18.0,6,6,0,f
18883,139,761,24.0,2,2,2,f
19362,139,743,42.0,1,1,4,f
19352,139,742,42.0,1,1,4,f
17789,139,769,20.0,1,1,0,f
19343,139,741,33.0,1,1,3,f
17780,139,768,14.0,2,2,0,f
17763,139,766,12.0,2,2,0,f
17771,139,767,14.0,2,2,0,f
17760,139,765,6.0,2,2,0,f
17798,139,770,28.0,1,1,1,f
17843,139,775,40.0,2,2,2,f
19336,139,740,24.0,1,1,2,f
22133,139,613,12.0,5,5,0,f
22044,139,607,9.0,4,4,0,f
21660,139,655,52.0,2,2,4,f
21648,139,654,46.0,2,2,3,f
21636,139,653,43.0,2,2,3,f
21625,139,652,34.0,4,4,2,f
21614,139,651,25.0,5,5,1,f
21603,139,650,16.0,5,5,0,f
21592,139,649,10.0,7,7,0,f
21582,139,648,7.0,7,7,0,f
21572,139,647,7.0,7,7,0,f
21563,139,646,3.0,7,7,0,f
21554,139,645,0.0,8,8,0,f
21545,139,644,0.0,7,7,0,f
21342,139,662,4.0,5,5,0,f
21318,139,659,4.0,5,5,0,f
21537,139,643,0.0,7,7,0,f
21380,139,666,7.0,6,6,0,f
21370,139,665,7.0,5,5,0,f
21360,139,664,5.0,5,5,0,f
21351,139,663,5.0,5,5,0,f
21334,139,661,4.0,5,5,0,f
21326,139,660,4.0,5,5,0,f
21310,139,658,0.0,8,8,0,f
21303,139,657,0.0,7,7,0,f
21296,139,656,0.0,6,6,0,f
20730,139,698,31.0,2,2,2,f
20499,139,708,26.0,4,4,0,f
20483,139,707,26.0,3,3,0,f
20451,139,705,21.0,3,3,0,f
20435,139,704,20.0,3,3,0,f
20403,139,702,16.0,3,3,0,f
20387,139,701,12.0,3,3,0,f
20168,139,718,45.0,1,1,3,f
20155,139,717,43.0,1,1,3,f
20137,139,716,37.0,1,1,3,f
20125,139,715,28.0,3,3,2,f
20113,139,714,19.0,3,3,1,f
20102,139,713,10.0,4,4,0,f
20092,139,712,6.0,5,5,0,f
20082,139,711,6.0,4,4,0,f
19925,139,728,26.0,4,4,1,f
19820,139,721,7.0,5,5,0,f
19373,139,744,45.0,1,1,5,f
19329,139,739,15.0,1,1,1,f
18919,139,764,32.0,2,2,2,f
18907,139,763,32.0,2,2,2,f
18895,139,762,28.0,2,2,2,f
22705,139,582,35.0,1,1,3,f
22722,139,583,41.0,1,1,3,f
22740,139,584,50.0,1,1,4,f
22758,139,585,50.0,1,1,4,f
22777,139,586,54.0,1,1,4,f
24030,139,515,33.0,1,1,2,f
24129,139,521,65.0,1,1,4,f
24232,139,337,43.0,1,1,1,f
24244,139,338,70.0,1,1,1,f
24256,139,339,76.0,1,1,1,f
24268,139,340,90.0,2,2,1,f
24280,139,341,116.0,2,2,1,f
24316,139,343,146.0,3,3,1,f
24304,139,342,136.0,2,2,1,f
24328,139,344,161.0,3,3,1,f
24340,139,345,165.0,3,3,1,f
24352,139,346,165.0,3,3,1,f
24364,139,347,208.0,3,3,2,f
24376,139,348,238.0,3,3,2,f
24388,139,349,250.0,3,3,2,f
24400,139,350,290.0,3,3,3,f
24436,139,351,319.0,3,3,4,f
24448,139,352,334.0,3,3,4,f
24472,139,353,374.0,3,3,5,f
24484,139,354,389.0,3,3,5,f
24496,139,355,396.0,3,3,5,f
24663,139,841,18.0,3,3,0,f
24543,139,842,36.0,3,3,0,f
24555,139,843,50.0,3,3,0,f
24567,139,844,65.0,3,3,0,f
24579,139,845,75.0,3,3,0,f
24591,139,846,93.0,3,3,0,f
24603,139,847,101.0,3,3,0,f
24615,139,848,129.0,3,3,0,f
24627,139,849,164.0,3,3,1,f
24639,139,850,192.0,3,3,1,f
24651,139,851,215.0,3,3,1,f
24673,139,852,231.0,3,3,1,f
24685,139,853,254.0,3,3,1,f
24697,139,854,268.0,3,3,1,f
24709,139,855,292.0,3,3,1,f
24721,139,856,310.0,3,3,1,f
24733,139,857,325.0,3,3,1,f
24745,139,858,353.0,3,3,1,f
24757,139,859,375.0,3,3,1,f
24934,139,860,10.0,4,4,0,f
24779,139,861,35.0,3,3,1,f
24791,139,862,37.0,3,3,1,f
24838,139,864,63.0,4,4,1,f
24826,139,863,45.0,4,4,1,f
24850,139,865,86.0,3,3,1,f
24862,139,866,97.0,4,4,1,f
24874,139,867,122.0,4,4,2,f
24886,139,868,152.0,2,2,2,f
24969,139,869,177.0,2,2,3,f
24981,139,870,189.0,4,4,3,f
24993,139,871,199.0,4,4,3,f
25005,139,872,226.0,3,3,3,f
25041,139,873,245.0,3,3,3,f
25053,139,874,263.0,3,3,3,f
25065,139,875,290.0,2,2,3,f
25089,139,876,316.0,2,2,3,f
25101,139,877,340.0,2,2,3,f
25113,139,878,367.0,2,2,3,f
25125,139,879,400.0,2,2,3,f
25136,139,880,30.0,1,1,0,f
25147,139,881,40.0,3,3,0,f
25158,139,882,73.0,2,2,1,f
25169,139,883,77.0,3,3,1,f
25180,139,884,117.0,2,2,2,f
25191,139,885,123.0,2,2,2,f
25202,139,886,145.0,2,2,2,f
25213,139,887,168.0,3,3,2,f
25224,139,888,180.0,3,3,2,f
25235,139,890,194.0,3,3,2,f
25246,139,891,218.0,3,3,2,f
25279,139,893,274.0,2,2,2,f
25268,139,892,248.0,2,2,2,f
25290,139,894,284.0,2,2,2,f
25301,139,895,297.0,2,2,2,f
25312,139,896,309.0,3,3,2,f
25323,139,897,323.0,3,3,2,f
25334,139,898,333.0,3,3,2,f
25345,139,899,354.0,3,3,2,f
25733,139,36,13.0,1,1,1,f
25933,139,900,18.0,3,3,0,f
25944,139,901,30.0,3,3,0,f
25955,139,902,33.0,5,5,0,f
25966,139,903,52.0,4,4,0,f
25977,139,904,66.0,3,3,0,f
25988,139,905,78.0,3,3,0,f
25999,139,906,87.0,3,3,0,f
26010,139,907,98.0,3,3,0,f
26021,139,908,106.0,3,3,0,f
26032,139,909,116.0,4,4,0,f
26043,139,910,142.0,3,3,0,f
26054,139,911,160.0,3,3,0,f
26065,139,912,162.0,4,4,0,f
26076,139,913,178.0,4,4,0,f
26087,139,914,178.0,4,4,0,f
26098,139,915,188.0,4,4,0,f
26109,139,916,196.0,4,4,0,f
26120,139,917,210.0,4,4,0,f
26131,139,918,216.0,4,4,0,f
26733,139,969,37.0,1,1,1,f
26141,139,926,15.0,2,2,0,f
26150,139,927,52.0,2,2,1,f
26160,139,928,79.0,2,2,1,f
26170,139,929,107.0,2,2,1,f
26180,139,930,132.0,2,2,1,f
26190,139,931,158.0,2,2,1,f
26200,139,932,180.0,2,2,1,f
26210,139,933,192.0,2,2,1,f
26220,139,934,211.0,2,2,1,f
26230,139,936,236.0,2,2,2,f
26251,139,937,242.0,2,2,2,f
26261,139,938,270.0,2,2,2,f
26271,139,939,310.0,2,2,3,f
26291,139,940,337.0,2,2,3,f
26376,139,941,359.0,2,2,3,f
26386,139,942,374.0,2,2,3,f
26396,139,943,374.0,2,2,3,f
26406,139,944,401.0,2,2,3,f
26427,139,945,428.0,2,2,3,f
26558,139,948,15.0,2,2,0,f
26448,139,949,33.0,2,2,0,f
26459,139,950,61.0,2,2,0,f
26470,139,951,76.0,2,2,0,f
26481,139,952,109.0,2,2,0,f
26492,139,953,121.0,2,2,0,f
26503,139,954,147.0,2,2,0,f
26525,139,955,177.0,2,2,0,f
26536,139,956,192.0,2,2,0,f
26547,139,957,204.0,2,2,0,f
26569,139,958,224.0,2,2,0,f
26580,139,959,242.0,3,3,0,f
26591,139,960,252.0,3,3,0,f
26602,139,961,279.0,3,3,0,f
26613,139,962,301.0,3,3,0,f
26624,139,963,313.0,3,3,0,f
26635,139,964,335.0,3,3,0,f
26712,139,967,375.0,3,3,0,f
26690,139,965,347.0,3,3,0,f
26701,139,966,365.0,3,3,0,f
26723,139,968,398.0,3,3,0,f
26743,139,970,65.0,2,2,1,f
26753,139,971,102.0,1,1,2,f
26763,139,972,135.0,2,2,2,f
26773,139,973,153.0,2,2,2,f
26783,139,974,196.0,1,1,3,f
26793,139,975,214.0,2,2,3,f
26803,139,976,226.0,2,2,3,f
26813,139,977,254.0,2,2,3,f
26823,139,978,275.0,2,2,3,f
26833,139,979,318.0,2,2,4,f
26843,139,980,348.0,2,2,4,f
26853,139,981,373.0,2,2,4,f
26863,139,982,373.0,2,2,4,f
26873,139,983,385.0,2,2,4,f
26883,139,984,395.0,2,2,4,f
26893,139,985,428.0,2,2,4,f
26903,139,986,455.0,2,2,4,f
26913,139,987,495.0,2,2,5,f
26923,139,988,522.0,2,2,5,f
26933,139,989,40.0,1,1,1,f
26973,139,990,65.0,1,1,2,f
26963,139,991,84.0,2,2,2,f
26983,139,992,114.0,1,1,2,f
26993,139,993,126.0,2,2,2,f
27003,139,994,156.0,2,2,2,f
27013,139,995,189.0,2,2,3,f
27023,139,996,214.0,2,2,3,f
27033,139,997,247.0,1,1,3,f
27043,139,998,287.0,1,1,4,f
27053,139,999,302.0,2,2,4,f
27063,139,1000,335.0,2,2,4,f
27073,139,1001,360.0,2,2,5,f
27093,139,1002,390.0,2,2,5,f
27103,139,1003,415.0,2,2,5,f
27113,139,1004,442.0,2,2,5,f
27123,139,1005,460.0,2,2,5,f
27143,139,1006,497.0,2,2,6,f
27153,139,1007,530.0,2,2,6,f
27163,139,1008,553.0,2,2,6,f
27173,139,1009,571.0,2,2,6,f
27195,139,1010,22.0,2,2,0,f
27215,139,1011,48.0,2,2,0,f
27225,139,1012,73.0,2,2,0,f
27235,139,1013,99.0,2,2,0,f
27245,139,1014,121.0,2,2,0,f
27255,139,1015,139.0,2,2,0,f
27265,139,1016,172.0,2,2,0,f
27295,139,1017,198.0,2,2,0,f
27305,139,1018,228.0,2,2,0,f
27315,139,1019,243.0,2,2,0,f
27335,139,1020,261.0,2,2,0,f
27345,139,1021,288.0,2,2,0,f
27355,139,1022,326.0,2,2,1,f
27365,139,1023,351.0,2,2,2,f
27375,139,1024,394.0,2,2,3,f
27385,139,1025,409.0,2,2,3,f
27415,139,1026,435.0,2,2,3,f
27425,139,1027,466.0,2,2,3,f
27435,139,1028,479.0,2,2,3,f
27445,139,1029,479.0,2,2,3,f
27455,139,1030,504.0,2,2,3,f
27514,139,1034,43.0,4,4,0,f
27574,139,1031,19.0,3,3,0,f
27484,139,1032,19.0,5,5,0,f
27504,139,1033,27.0,5,5,0,f
27524,139,1035,55.0,3,3,0,f
27534,139,1036,61.0,5,5,0,f
27544,139,1037,61.0,5,5,0,f
27554,139,1038,61.0,6,6,0,f
27564,139,1039,66.0,6,6,0,f
27584,139,1040,74.0,6,6,0,f
27594,139,1041,80.0,6,6,0,f
27604,139,1042,93.0,6,6,0,f
27614,139,1043,103.0,6,6,0,f
27624,139,1044,130.0,6,6,0,f
27634,139,1045,131.0,6,6,0,f
27644,139,1046,131.0,6,6,0,f
27654,139,1047,131.0,6,6,0,f
27906,139,1051,297.5,3,3,0,f
27676,139,1052,12.0,4,4,0,f
27706,139,1053,34.0,4,4,0,f
27716,139,1054,42.0,4,4,0,f
27726,139,1055,60.0,4,4,0,f
27736,139,1056,78.0,4,4,0,f
27746,139,1057,94.0,3,3,0,f
27756,139,1059,94.0,4,4,0,f
27766,139,1058,108.0,4,4,0,f
27786,139,1060,122.0,4,4,0,f
27796,139,1061,148.0,4,4,0,f
27816,139,1062,163.0,3,3,0,f
27826,139,1063,165.5,4,4,0,f
27836,139,1064,181.5,3,3,0,f
27846,139,1065,201.5,4,4,0,f
27856,139,1066,216.5,4,4,0,f
27866,139,1067,232.5,4,4,0,f
27876,139,1069,250.5,4,4,0,f
27886,139,1070,268.5,3,3,0,f
27896,139,1071,287.5,3,3,0,f
27916,139,1072,307.5,3,3,0,f
27926,139,1073,323.5,3,3,0,f
28133,139,1074,44.0,1,1,1,f
28143,139,1075,78.0,1,1,1,f
28153,139,1076,104.0,1,1,2,f
28163,139,1077,124.0,1,1,2,f
28173,139,1078,157.0,1,1,2,f
28183,139,1079,169.0,2,2,2,f
28193,139,1080,199.0,2,2,2,f
13,85,19,5.0,6,6,0,f
24,85,20,8.0,5,5,0,f
35,85,21,9.0,5,5,0,f
46,85,22,9.0,6,6,0,f
57,85,23,9.0,6,6,0,f
68,85,24,17.0,5,5,0,f
79,85,25,23.0,5,5,0,f
90,85,26,25.0,4,4,0,f
101,85,27,25.0,4,4,0,f
112,85,28,35.0,4,4,0,f
123,85,29,41.0,4,4,0,f
134,85,30,41.0,4,4,0,f
145,85,31,41.0,4,4,0,f
156,85,32,46.0,5,5,0,f
167,85,33,50.0,5,5,0,f
1639,85,34,52.0,5,5,0,f
189,85,35,56.0,5,5,0,f
25738,85,36,1.0,5,5,0,f
25749,85,37,3.0,4,4,0,f
25760,85,38,5.0,4,4,0,f
25771,85,39,5.0,5,5,0,f
25782,85,40,5.0,5,5,0,f
25793,85,41,6.0,5,5,0,f
25804,85,42,9.0,5,5,0,f
25815,85,43,9.0,5,5,0,f
25826,85,44,9.0,5,5,0,f
25837,85,45,9.0,6,6,0,f
25848,85,46,12.0,6,6,0,f
25859,85,47,12.0,6,6,0,f
25870,85,48,12.0,6,6,0,f
25881,85,49,12.0,6,6,0,f
25892,85,50,12.0,6,6,0,f
25903,85,51,12.0,6,6,0,f
25914,85,52,13.0,6,6,0,f
6325,85,53,0.0,9,9,0,f
6336,85,54,1.0,7,7,0,f
6347,85,55,7.0,6,6,0,f
6358,85,56,7.0,7,7,0,f
6369,85,57,7.0,7,7,0,f
6380,85,58,7.0,7,7,0,f
6391,85,59,8.0,7,7,0,f
6402,85,60,8.0,7,7,0,f
6413,85,61,11.0,6,6,0,f
6424,85,62,16.0,6,6,0,f
6435,85,63,21.0,5,5,0,f
6446,85,64,23.0,5,5,0,f
6457,85,65,26.0,5,5,0,f
6468,85,66,28.0,5,5,0,f
6479,85,67,30.0,6,6,0,f
6491,85,68,30.0,6,6,0,f
6503,85,69,35.0,6,6,0,f
6515,85,70,35.0,6,6,0,f
27948,85,71,0.0,6,6,0,f
27958,85,72,12.0,2,2,0,f
27968,85,73,25.0,2,2,0,f
27978,85,74,29.0,2,2,0,f
27988,85,75,40.0,2,2,0,f
27998,85,76,43.0,3,3,0,f
28008,85,77,44.0,3,3,0,f
28018,85,78,47.0,4,4,0,f
28028,85,79,47.0,5,5,0,f
28038,85,80,53.0,4,4,0,f
28048,85,81,54.0,4,4,0,f
28058,85,82,57.0,4,4,0,f
28068,85,83,68.0,4,4,0,f
28078,85,84,71.0,4,4,0,f
28088,85,85,78.0,4,4,0,f
28098,85,86,80.0,4,4,0,f
28108,85,87,81.0,4,4,0,f
28118,85,88,82.0,4,4,0,f
28128,85,89,88.0,4,4,0,f
6145,85,90,0.0,8,8,0,f
6154,85,91,0.0,7,7,0,f
6164,85,92,0.0,8,8,0,f
6174,85,93,0.0,8,8,0,f
6184,85,94,0.0,8,8,0,f
6194,85,95,4.0,7,7,0,f
6204,85,96,4.0,7,7,0,f
6214,85,97,4.0,8,8,0,f
6224,85,98,8.0,7,7,0,f
6234,85,99,8.0,7,7,0,f
6244,85,100,8.0,7,7,0,f
6254,85,101,8.0,7,7,0,f
6264,85,102,8.0,7,7,0,f
6274,85,103,9.0,8,8,0,f
6284,85,104,9.0,8,8,0,f
6294,85,105,9.0,8,8,0,f
6304,85,106,9.0,8,8,0,f
6314,85,107,9.0,8,8,0,f
5997,85,109,0.0,9,9,0,f
6006,85,110,0.0,9,9,0,f
6016,85,111,0.0,8,8,0,f
6026,85,112,3.0,8,8,0,f
6036,85,113,3.0,9,9,0,f
6046,85,114,3.0,9,9,0,f
6056,85,115,4.0,9,9,0,f
6066,85,116,4.0,9,9,0,f
6076,85,117,5.0,9,9,0,f
6086,85,118,7.0,9,9,0,f
6096,85,119,14.0,6,6,0,f
6106,85,120,14.0,7,7,0,f
6116,85,121,14.0,7,7,0,f
6126,85,122,14.0,8,8,0,f
6136,85,123,16.0,8,8,0,f
5805,85,124,1.0,6,6,0,f
5811,85,125,1.0,8,8,0,f
5822,85,126,2.0,8,8,0,f
5833,85,127,2.0,8,8,0,f
5844,85,128,2.0,8,8,0,f
5855,85,129,2.0,9,9,0,f
5866,85,130,2.0,9,9,0,f
5877,85,131,2.0,9,9,0,f
5888,85,132,2.0,9,9,0,f
5899,85,133,2.0,10,10,0,f
5910,85,134,2.0,10,10,0,f
5921,85,135,2.0,10,10,0,f
5932,85,136,2.0,10,10,0,f
5943,85,137,2.0,10,10,0,f
5954,85,138,2.0,10,10,0,f
5965,85,139,2.0,10,10,0,f
5976,85,140,2.0,10,10,0,f
4039,85,1,11.0,2,2,0,f
8534,85,2,16.5,2,2,0,f
8564,85,3,18.5,3,3,0,f
8584,85,4,26.5,3,3,0,f
8594,85,5,26.5,3,3,0,f
8674,85,6,26.5,3,3,0,f
8644,85,7,32.5,3,3,0,f
8664,85,8,34.5,3,3,0,f
8684,85,9,34.5,3,3,0,f
8694,85,10,38.5,4,4,0,f
8704,85,11,38.5,5,5,0,f
8714,85,12,38.5,5,5,0,f
8724,85,13,38.5,5,5,0,f
8734,85,14,46.5,5,5,0,f
8754,85,15,54.5,5,5,0,f
8764,85,16,54.5,5,5,0,f
13920,85,17,59.5,5,5,0,f
17,129,19,0.0,11,11,0,f
28,129,20,0.0,11,11,0,f
39,129,21,0.0,11,11,0,f
50,129,22,0.0,11,11,0,f
61,129,23,0.0,11,11,0,f
72,129,24,0.0,11,11,0,f
83,129,25,0.0,11,11,0,f
94,129,26,0.0,11,11,0,f
105,129,27,0.0,11,11,0,f
116,129,28,0.0,11,11,0,f
127,129,29,0.0,11,11,0,f
138,129,30,0.0,11,11,0,f
149,129,31,0.0,11,11,0,f
160,129,32,0.0,11,11,0,f
171,129,33,0.0,11,11,0,f
1643,129,34,0.0,11,11,0,f
193,129,35,0.0,11,11,0,f
25740,129,36,0.0,7,7,0,f
25751,129,37,0.0,8,8,0,f
25762,129,38,0.0,8,8,0,f
25773,129,39,1.0,7,7,0,f
25784,129,40,1.0,7,7,0,f
25795,129,41,4.0,7,7,0,f
25806,129,42,4.0,7,7,0,f
25817,129,43,4.0,7,7,0,f
25828,129,44,4.0,7,7,0,f
25839,129,45,4.0,7,7,0,f
25850,129,46,4.0,7,7,0,f
25861,129,47,4.0,7,7,0,f
25872,129,48,4.0,7,7,0,f
25883,129,49,4.0,7,7,0,f
25894,129,50,4.0,7,7,0,f
25905,129,51,4.0,9,9,0,f
25916,129,52,4.0,9,9,0,f
6327,129,53,0.0,11,11,0,f
6338,129,54,0.0,11,11,0,f
6349,129,55,0.0,11,11,0,f
6360,129,56,0.0,11,11,0,f
6371,129,57,0.0,11,11,0,f
6382,129,58,0.0,11,11,0,f
6393,129,59,0.0,11,11,0,f
6404,129,60,0.0,11,11,0,f
6415,129,61,0.0,11,11,0,f
6426,129,62,0.0,11,11,0,f
6437,129,63,0.0,11,11,0,f
6448,129,64,0.0,11,11,0,f
6459,129,65,0.0,11,11,0,f
6470,129,66,0.0,11,11,0,f
6481,129,67,0.0,11,11,0,f
6493,129,68,0.0,11,11,0,f
6505,129,69,0.0,11,11,0,f
6517,129,70,0.0,11,11,0,f
14,55,19,2.0,7,7,0,f
25,55,20,4.0,7,7,0,f
36,55,21,8.0,6,6,0,f
47,55,22,10.0,5,5,0,f
58,55,23,15.0,5,5,0,f
69,55,24,21.0,4,4,0,f
80,55,25,24.0,4,4,0,f
91,55,26,24.0,5,5,0,f
102,55,27,24.0,5,5,0,f
113,55,28,24.0,6,6,0,f
124,55,29,24.0,6,6,0,f
135,55,30,25.0,6,6,0,f
146,55,31,26.0,7,7,0,f
157,55,32,28.0,7,7,0,f
168,55,33,29.0,7,7,0,f
1640,55,34,29.0,7,7,0,f
190,55,35,29.0,7,7,0,f
25741,55,36,0.0,8,8,0,f
25752,55,37,0.0,6,6,0,f
25763,55,38,0.0,6,6,0,f
25774,55,39,4.0,6,6,0,f
25785,55,40,4.0,6,6,0,f
25796,55,41,4.0,6,6,0,f
25807,55,42,6.0,6,6,0,f
25818,55,43,6.0,6,6,0,f
25829,55,44,6.0,6,6,0,f
25840,55,45,16.0,5,5,0,f
25851,55,46,16.0,5,5,0,f
25862,55,47,16.0,5,5,0,f
25873,55,48,16.0,5,5,0,f
25884,55,49,18.0,5,5,0,f
25895,55,50,23.0,5,5,0,f
25906,55,51,24.0,5,5,0,f
25917,55,52,24.0,5,5,0,f
6322,55,53,1.0,6,6,0,f
6333,55,54,1.0,8,8,0,f
6344,55,55,2.0,8,8,0,f
6355,55,56,2.0,8,8,0,f
6366,55,57,2.0,8,8,0,f
6377,55,58,2.0,8,8,0,f
6388,55,59,8.0,8,8,0,f
6399,55,60,8.0,8,8,0,f
6410,55,61,9.0,8,8,0,f
6421,55,62,11.0,7,7,0,f
6432,55,63,11.0,7,7,0,f
6443,55,64,12.0,7,7,0,f
6454,55,65,16.0,7,7,0,f
6465,55,66,16.0,7,7,0,f
6476,55,67,16.0,7,7,0,f
6488,55,68,16.0,7,7,0,f
6500,55,69,16.0,7,7,0,f
6512,55,70,16.0,7,7,0,f
27945,55,71,7.0,3,3,0,f
27955,55,72,11.0,3,3,0,f
27965,55,73,12.0,5,5,0,f
27975,55,74,13.0,6,6,0,f
27985,55,75,14.0,6,6,0,f
27995,55,76,14.0,6,6,0,f
28005,55,77,19.0,6,6,0,f
28015,55,78,22.0,6,6,0,f
28025,55,79,22.0,6,6,0,f
28035,55,80,22.0,6,6,0,f
28045,55,81,22.0,6,6,0,f
28055,55,82,24.0,6,6,0,f
28065,55,83,24.0,6,6,0,f
28075,55,84,27.0,6,6,0,f
28085,55,85,27.0,6,6,0,f
28095,55,86,27.0,7,7,0,f
28105,55,87,27.0,7,7,0,f
28115,55,88,30.0,7,7,0,f
28125,55,89,34.0,7,7,0,f
4045,55,1,0.0,8,8,0,f
8540,55,2,1.5,7,7,0,f
8570,55,3,19.5,2,2,1,f
8590,55,4,27.5,2,2,1,f
8600,55,5,38.5,2,2,1,f
8680,55,6,42.5,2,2,1,f
8650,55,7,56.5,2,2,1,f
8670,55,8,74.5,2,2,2,f
8690,55,9,92.5,2,2,3,f
8700,55,10,98.5,2,2,3,f
8710,55,11,98.5,2,2,3,f
8720,55,12,104.5,2,2,3,f
8730,55,13,105.5,2,2,3,f
8740,55,14,110.5,2,2,3,f
8760,55,15,120.5,2,2,4,f
8770,55,16,135.5,2,2,5,f
13926,55,17,153.5,2,2,6,f
24234,55,337,16.0,4,4,0,f
24246,55,338,18.0,5,5,0,f
24258,55,339,61.0,3,3,1,f
24270,55,340,73.0,3,3,1,f
24282,55,341,113.0,3,3,2,f
24306,55,342,156.0,1,1,3,f
24318,55,343,171.0,2,2,3,f
24330,55,344,193.0,2,2,3,f
24342,55,345,218.0,2,2,4,f
24354,55,346,249.0,2,2,5,f
24366,55,347,272.0,2,2,5,f
24378,55,348,312.0,1,1,6,f
24390,55,349,330.0,1,1,6,f
24402,55,350,350.0,1,1,6,f
24438,55,351,383.0,1,1,6,f
24450,55,352,426.0,1,1,7,f
24474,55,353,426.0,1,1,7,f
24486,55,354,469.0,1,1,8,f
24498,55,355,498.0,1,1,9,f
24540,55,842,72.0,1,1,2,f
24660,55,841,35.0,1,1,1,f
24552,55,843,105.0,1,1,2,f
24564,55,844,148.0,1,1,3,f
24576,55,845,185.0,1,1,4,f
24588,55,846,222.0,1,1,5,f
24600,55,847,255.0,1,1,5,f
24612,55,848,295.0,1,1,6,f
24624,55,849,328.0,1,1,6,f
24636,55,850,355.0,1,1,6,f
24648,55,851,383.0,1,1,6,f
24670,55,852,426.0,1,1,7,f
24682,55,853,451.0,1,1,8,f
24694,55,854,491.0,1,1,9,f
24706,55,855,518.0,1,1,9,f
24718,55,856,558.0,1,1,10,f
24730,55,857,595.0,1,1,11,f
24742,55,858,607.0,1,1,11,f
24754,55,859,650.0,1,1,12,f
24933,55,860,30.0,2,2,0,f
24778,55,861,42.0,2,2,0,f
24790,55,862,64.0,2,2,0,f
24837,55,864,109.0,1,1,1,f
24825,55,863,101.0,1,1,1,f
24849,55,865,146.0,1,1,2,f
24861,55,866,164.0,1,1,2,f
24873,55,867,176.0,1,1,2,f
24885,55,868,216.0,1,1,3,f
24968,55,869,230.0,1,1,3,f
24992,55,871,272.0,1,1,3,f
24980,55,870,246.0,1,1,3,f
25004,55,872,272.0,1,1,3,f
25040,55,873,297.0,1,1,4,f
25052,55,874,324.0,1,1,5,f
25064,55,875,367.0,1,1,6,f
25088,55,876,407.0,1,1,7,f
25100,55,877,422.0,1,1,7,f
25112,55,878,440.0,1,1,7,f
25124,55,879,460.0,1,1,7,f
25137,55,880,23.0,3,3,0,f
25148,55,881,66.0,1,1,1,f
25159,55,882,78.0,1,1,1,f
25170,55,883,109.0,1,1,2,f
25181,55,884,131.0,1,1,2,f
25192,55,885,164.0,1,1,2,f
25203,55,886,201.0,1,1,3,f
25214,55,887,219.0,1,1,3,f
25225,55,888,250.0,1,1,4,f
25236,55,890,277.0,1,1,4,f
25247,55,891,312.0,1,1,5,f
25280,55,893,377.0,1,1,7,f
25269,55,892,352.0,1,1,6,f
25291,55,894,402.0,1,1,8,f
25302,55,895,445.0,1,1,9,f
25313,55,896,470.0,1,1,10,f
25324,55,897,513.0,1,1,11,f
25335,55,898,553.0,1,1,12,f
25346,55,899,596.0,1,1,13,f
25941,55,900,0.0,11,11,0,f
25952,55,901,15.0,6,6,0,f
25963,55,902,35.0,4,4,0,f
25974,55,903,57.0,2,2,0,f
25985,55,904,84.0,2,2,0,f
25996,55,905,99.0,2,2,0,f
26007,55,906,139.0,2,2,1,f
26018,55,907,143.0,2,2,1,f
26029,55,908,168.0,2,2,1,f
26040,55,909,188.0,2,2,1,f
26051,55,910,219.0,2,2,2,f
26062,55,911,254.0,2,2,3,f
26073,55,912,272.0,2,2,3,f
26084,55,913,305.0,2,2,3,f
26095,55,914,332.0,2,2,3,f
26106,55,915,342.0,2,2,3,f
26117,55,916,363.0,2,2,3,f
26128,55,917,373.0,2,2,3,f
26139,55,918,405.0,2,2,3,f
26144,55,926,8.0,5,5,0,f
26153,55,927,11.0,6,6,0,f
26163,55,928,13.0,5,5,0,f
26173,55,929,23.0,4,4,0,f
26183,55,930,30.0,4,4,0,f
26193,55,931,52.0,4,4,0,f
26203,55,932,54.0,4,4,0,f
26213,55,933,55.0,4,4,0,f
26223,55,934,63.0,4,4,0,f
26233,55,936,96.0,4,4,0,f
26254,55,937,108.0,4,4,0,f
26264,55,938,113.0,4,4,0,f
26274,55,939,139.0,4,4,0,f
26294,55,940,139.0,4,4,0,f
26379,55,941,149.0,4,4,0,f
26389,55,942,150.0,4,4,0,f
26399,55,943,172.0,4,4,0,f
26409,55,944,178.0,4,4,0,f
26430,55,945,187.0,4,4,0,f
26559,55,948,12.0,4,4,0,f
26449,55,949,30.0,3,3,0,f
26460,55,950,57.0,3,3,0,f
26471,55,951,57.0,3,3,0,f
26482,55,952,94.0,3,3,1,f
26493,55,953,112.0,3,3,1,f
26504,55,954,130.0,3,3,1,f
26526,55,955,140.0,3,3,1,f
26537,55,956,168.0,3,3,1,f
26548,55,957,198.0,3,3,1,f
26570,55,958,223.0,3,3,1,f
26581,55,959,256.0,2,2,1,f
26592,55,960,274.0,2,2,1,f
26603,55,961,290.0,2,2,1,f
26614,55,962,316.0,2,2,1,f
26625,55,963,359.0,2,2,2,f
26636,55,964,385.0,2,2,2,f
26691,55,965,400.0,2,2,2,f
26702,55,966,427.0,2,2,2,f
26713,55,967,446.0,2,2,2,f
26724,55,968,468.0,2,2,2,f
26735,55,969,10.0,3,3,0,f
26745,55,970,37.0,3,3,0,f
26755,55,971,47.0,3,3,0,f
26765,55,972,57.0,3,3,0,f
26775,55,973,72.0,3,3,0,f
26785,55,974,97.0,3,3,0,f
26795,55,975,112.0,3,3,0,f
26805,55,976,137.0,3,3,1,f
26815,55,977,152.0,3,3,1,f
26825,55,978,174.0,3,3,1,f
26835,55,979,184.0,3,3,1,f
26845,55,980,199.0,3,3,1,f
26855,55,981,212.0,3,3,1,f
26865,55,982,230.0,3,3,1,f
26875,55,983,270.0,3,3,2,f
26885,55,984,303.0,3,3,2,f
26895,55,985,315.0,3,3,2,f
26905,55,986,340.0,3,3,3,f
26915,55,987,358.0,3,3,3,f
26925,55,988,368.0,3,3,3,f
26935,55,989,20.0,3,3,0,f
26975,55,990,20.0,4,4,0,f
26965,55,991,55.0,3,3,1,f
26985,55,992,55.0,3,3,1,f
26995,55,993,80.0,3,3,1,f
27005,55,994,107.0,3,3,2,f
27015,55,995,134.0,3,3,2,f
27025,55,996,164.0,3,3,2,f
27035,55,997,189.0,3,3,3,f
27045,55,998,199.0,3,3,3,f
27055,55,999,211.0,3,3,3,f
27065,55,1000,223.0,3,3,3,f
27075,55,1001,238.0,3,3,3,f
27095,55,1002,248.0,3,3,3,f
27105,55,1003,274.0,3,3,3,f
27115,55,1004,292.0,3,3,3,f
27125,55,1005,319.0,3,3,3,f
27145,55,1006,337.0,3,3,3,f
27155,55,1007,362.0,3,3,4,f
27165,55,1008,392.0,3,3,4,f
27175,55,1009,419.0,3,3,4,f
27194,55,1010,15.0,3,3,0,f
27214,55,1011,31.0,3,3,0,f
27224,55,1012,52.0,3,3,0,f
27234,55,1013,64.0,3,3,0,f
27244,55,1014,87.0,3,3,0,f
27254,55,1015,110.0,3,3,0,f
27264,55,1016,124.0,3,3,0,f
27304,55,1018,169.0,3,3,1,f
27294,55,1017,137.0,3,3,0,f
27314,55,1019,191.0,3,3,1,f
27334,55,1020,217.0,3,3,2,f
27344,55,1021,244.0,3,3,2,f
27354,55,1022,254.0,3,3,2,f
27364,55,1023,266.0,3,3,2,f
27374,55,1024,289.0,3,3,2,f
27384,55,1025,311.0,3,3,2,f
27414,55,1026,323.0,3,3,2,f
27424,55,1027,341.0,3,3,2,f
27434,55,1028,366.0,3,3,2,f
27444,55,1029,391.0,3,3,3,f
27454,55,1030,417.0,3,3,3,f
27521,55,1034,78.0,2,2,0,f
27581,55,1031,0.0,9,9,0,f
27491,55,1032,27.0,3,3,0,f
27511,55,1033,55.0,2,2,0,f
27531,55,1035,113.0,2,2,1,f
27541,55,1036,135.0,2,2,1,f
27551,55,1037,158.0,2,2,1,f
27561,55,1038,158.0,2,2,1,f
27571,55,1039,173.0,2,2,1,f
27591,55,1040,192.0,2,2,1,f
27601,55,1041,211.0,2,2,1,f
27611,55,1042,226.0,2,2,1,f
27621,55,1043,226.0,2,2,1,f
27631,55,1044,240.0,2,2,1,f
27641,55,1045,274.0,2,2,1,f
27651,55,1046,282.0,2,2,1,f
27661,55,1047,319.0,2,2,2,f
27904,55,1051,541.5,2,2,10,f
27674,55,1052,28.0,2,2,0,f
27704,55,1053,53.0,2,2,1,f
27714,55,1054,83.0,2,2,1,f
27724,55,1055,112.0,2,2,1,f
27734,55,1056,149.0,1,1,2,f
27744,55,1057,174.0,1,1,3,f
27754,55,1059,215.0,1,1,4,f
27764,55,1058,252.0,1,1,5,f
27784,55,1060,286.0,1,1,6,f
27794,55,1061,289.0,1,1,6,f
27814,55,1062,291.0,2,2,6,f
27824,55,1063,303.5,2,2,7,f
27834,55,1064,332.5,2,2,8,f
27844,55,1065,344.5,2,2,8,f
27854,55,1066,364.5,2,2,8,f
27864,55,1067,397.5,2,2,8,f
27874,55,1069,437.5,2,2,9,f
27884,55,1070,477.5,2,2,10,f
27894,55,1071,510.5,2,2,10,f
27914,55,1072,559.5,2,2,10,f
27924,55,1073,585.5,2,2,11,f
28142,55,1074,0.0,10,10,0,f
28152,55,1075,37.0,3,3,1,f
28162,55,1076,55.0,3,3,1,f
28172,55,1077,113.0,2,2,2,f
28182,55,1078,151.0,2,2,3,f
28192,55,1079,195.0,1,1,4,f
28202,55,1080,235.0,1,1,5,f
16,157,19,0.0,10,10,0,f
27,157,20,0.0,10,10,0,f
38,157,21,0.0,10,10,0,f
49,157,22,0.0,10,10,0,f
60,157,23,0.0,10,10,0,f
71,157,24,0.0,10,10,0,f
82,157,25,0.0,10,10,0,f
93,157,26,0.0,10,10,0,f
104,157,27,0.0,10,10,0,f
115,157,28,0.0,10,10,0,f
126,157,29,0.0,10,10,0,f
137,157,30,0.0,10,10,0,f
148,157,31,0.0,10,10,0,f
159,157,32,0.0,10,10,0,f
170,157,33,0.0,10,10,0,f
1642,157,34,0.0,10,10,0,f
192,157,35,0.0,10,10,0,f
4043,157,1,0.0,6,6,0,f
8538,157,2,0.0,9,9,0,f
8568,157,3,0.0,10,10,0,f
8588,157,4,0.0,10,10,0,f
8598,157,5,0.0,10,10,0,f
8678,157,6,0.0,10,10,0,f
8648,157,7,0.0,10,10,0,f
8668,157,8,0.0,10,10,0,f
8688,157,9,0.0,10,10,0,f
8698,157,10,0.0,10,10,0,f
8708,157,11,0.0,10,10,0,f
8718,157,12,8.0,9,9,0,f
8728,157,13,13.0,9,9,0,f
8738,157,14,13.0,9,9,0,f
8758,157,15,13.0,9,9,0,f
8768,157,16,13.0,9,9,0,f
13924,157,17,13.0,9,9,0,f
24236,157,337,2.0,5,5,0,f
24248,157,338,8.0,6,6,0,f
24260,157,339,18.0,6,6,0,f
24272,157,340,18.0,6,6,0,f
24284,157,341,24.0,6,6,0,f
24308,157,342,30.0,6,6,0,f
24320,157,343,32.0,6,6,0,f
24332,157,344,35.0,6,6,0,f
24344,157,345,43.0,6,6,0,f
24356,157,346,47.0,6,6,0,f
24368,157,347,47.0,6,6,0,f
24380,157,348,47.0,6,6,0,f
24392,157,349,58.0,6,6,0,f
24404,157,350,58.0,6,6,0,f
24440,157,351,60.0,6,6,0,f
24452,157,352,60.0,6,6,0,f
24476,157,353,68.0,6,6,0,f
24488,157,354,68.0,7,7,0,f
24500,157,355,68.0,7,7,0,f
24665,157,841,3.0,6,6,0,f
24545,157,842,4.0,7,7,0,f
24557,157,843,4.0,8,8,0,f
24569,157,844,4.0,8,8,0,f
24581,157,845,4.0,8,8,0,f
24593,157,846,10.0,7,7,0,f
24605,157,847,10.0,8,8,0,f
24617,157,848,12.0,8,8,0,f
24629,157,849,12.0,8,8,0,f
24641,157,850,20.0,7,7,0,f
24653,157,851,26.0,7,7,0,f
24675,157,852,32.0,7,7,0,f
24687,157,853,36.0,6,6,0,f
24699,157,854,48.0,6,6,0,f
24711,157,855,48.0,6,6,0,f
24723,157,856,49.0,6,6,0,f
24735,157,857,51.0,6,6,0,f
24747,157,858,57.0,6,6,0,f
24759,157,859,69.0,6,6,0,f
24938,157,860,1.0,7,7,0,f
24783,157,861,9.0,6,6,0,f
24795,157,862,9.0,8,8,0,f
24842,157,864,18.0,8,8,0,f
24830,157,863,17.0,8,8,0,f
24854,157,865,28.0,8,8,0,f
24866,157,866,28.0,8,8,0,f
24878,157,867,44.0,8,8,0,f
24890,157,868,44.0,8,8,0,f
24973,157,869,46.0,8,8,0,f
24985,157,870,46.0,8,8,0,f
24997,157,871,59.0,7,7,0,f
25009,157,872,63.0,7,7,0,f
25045,157,873,75.0,7,7,0,f
25057,157,874,81.0,7,7,0,f
25069,157,875,89.0,7,7,0,f
25093,157,876,93.0,7,7,0,f
25105,157,877,95.0,7,7,0,f
25117,157,878,99.0,7,7,0,f
25129,157,879,109.0,7,7,0,f
25139,157,880,10.0,5,5,0,f
25150,157,881,10.0,5,5,0,f
25161,157,882,14.0,6,6,0,f
25172,157,883,26.0,5,5,0,f
25183,157,884,32.0,5,5,0,f
25194,157,885,44.0,5,5,0,f
25205,157,886,51.0,5,5,0,f
25216,157,887,59.0,5,5,0,f
25227,157,888,59.0,5,5,0,f
25238,157,890,59.0,5,5,0,f
25249,157,891,61.0,6,6,0,f
25282,157,893,62.0,6,6,0,f
25271,157,892,61.0,6,6,0,f
25293,157,894,62.0,6,6,0,f
25304,157,895,62.0,6,6,0,f
25315,157,896,68.0,6,6,0,f
25326,157,897,77.0,6,6,0,f
25337,157,898,77.0,6,6,0,f
25348,157,899,77.0,6,6,0,f
25935,157,900,9.0,5,5,0,f
25946,157,901,19.0,5,5,0,f
25957,157,902,44.0,2,2,0,f
25968,157,903,54.0,3,3,0,f
25979,157,904,57.0,4,4,0,f
25990,157,905,67.0,4,4,0,f
26001,157,906,77.0,4,4,0,f
26012,157,907,87.0,4,4,0,f
26023,157,908,91.0,5,5,0,f
26034,157,909,98.0,5,5,0,f
26045,157,910,98.0,5,5,0,f
26056,157,911,103.0,6,6,0,f
26067,157,912,109.0,6,6,0,f
26078,157,913,117.0,5,5,0,f
26089,157,914,122.0,5,5,0,f
26100,157,915,123.0,6,6,0,f
26111,157,916,123.0,6,6,0,f
26122,157,917,127.0,6,6,0,f
26133,157,918,155.0,6,6,0,f
26145,157,926,7.0,6,6,0,f
26154,157,927,7.0,7,7,0,f
26164,157,928,7.0,7,7,0,f
26174,157,929,11.0,8,8,0,f
26184,157,930,11.0,8,8,0,f
26194,157,931,17.0,6,6,0,f
26204,157,932,21.0,7,7,0,f
26214,157,933,31.0,5,5,0,f
26224,157,934,39.0,5,5,0,f
26234,157,936,39.0,5,5,0,f
26255,157,937,49.0,6,6,0,f
26265,157,938,63.0,5,5,0,f
26275,157,939,69.0,5,5,0,f
26295,157,940,77.0,5,5,0,f
26380,157,941,92.0,5,5,0,f
26390,157,942,102.0,5,5,0,f
26400,157,943,112.0,5,5,0,f
26410,157,944,120.0,5,5,0,f
26431,157,945,136.0,5,5,0,f
26562,157,948,6.0,6,6,0,f
26452,157,949,6.0,7,7,0,f
26463,157,950,6.0,7,7,0,f
26474,157,951,8.0,8,8,0,f
26485,157,952,14.0,7,7,0,f
26496,157,953,37.0,5,5,0,f
26507,157,954,42.0,5,5,0,f
26529,157,955,59.0,5,5,0,f
26540,157,956,59.0,5,5,0,f
26551,157,957,73.0,5,5,0,f
26573,157,958,74.0,5,5,0,f
26584,157,959,81.0,5,5,0,f
26595,157,960,103.0,4,4,0,f
26606,157,961,108.0,5,5,0,f
26617,157,962,112.0,4,4,0,f
26628,157,963,124.0,4,4,0,f
26639,157,964,134.0,4,4,0,f
26694,157,965,138.0,4,4,0,f
26705,157,966,145.0,4,4,0,f
26716,157,967,163.0,4,4,0,f
26727,157,968,173.0,4,4,0,f
26737,157,969,7.0,5,5,0,f
26747,157,970,10.0,5,5,0,f
26757,157,971,17.0,4,4,0,f
26767,157,972,31.0,4,4,0,f
26777,157,973,53.0,4,4,0,f
26787,157,974,53.0,4,4,0,f
26797,157,975,71.0,4,4,0,f
26807,157,976,79.0,4,4,0,f
26817,157,977,89.0,4,4,0,f
26827,157,978,95.0,4,4,0,f
26837,157,979,101.0,4,4,0,f
26847,157,980,103.0,4,4,0,f
26857,157,981,113.0,4,4,0,f
26867,157,982,124.0,4,4,0,f
26877,157,983,133.0,4,4,0,f
26887,157,984,147.0,4,4,0,f
26897,157,985,159.0,4,4,0,f
26907,157,986,175.0,4,4,0,f
26917,157,987,177.0,4,4,0,f
26927,157,988,187.0,4,4,0,f
26938,157,989,0.0,6,6,0,f
26978,157,990,1.0,9,9,0,f
26968,157,991,1.0,9,9,0,f
26988,157,992,16.0,6,6,0,f
26998,157,993,18.0,7,7,0,f
27008,157,994,26.0,6,6,0,f
27018,157,995,28.0,6,6,0,f
27028,157,996,28.0,6,6,0,f
27038,157,997,42.0,7,7,0,f
27048,157,998,49.0,6,6,0,f
27058,157,999,59.0,5,5,0,f
27068,157,1000,59.0,6,6,0,f
27078,157,1001,18.0,9,9,0,f
27098,157,1002,32.0,7,7,0,f
27108,157,1003,32.0,7,7,0,f
27118,157,1004,35.0,7,7,0,f
27128,157,1005,43.0,7,7,0,f
27148,157,1006,47.0,7,7,0,f
27158,157,1007,47.0,7,7,0,f
27168,157,1008,48.0,7,7,0,f
27178,157,1009,52.0,7,7,0,f
15,103,19,0.0,9,9,0,f
26,103,20,0.0,9,9,0,f
37,103,21,3.0,8,8,0,f
48,103,22,3.0,8,8,0,f
59,103,23,6.0,9,9,0,f
70,103,24,8.0,8,8,0,f
81,103,25,8.0,8,8,0,f
92,103,26,14.0,8,8,0,f
103,103,27,14.0,8,8,0,f
114,103,28,14.0,8,8,0,f
125,103,29,14.0,8,8,0,f
136,103,30,14.0,9,9,0,f
147,103,31,14.0,9,9,0,f
158,103,32,14.0,9,9,0,f
169,103,33,14.0,9,9,0,f
1641,103,34,14.0,9,9,0,f
191,103,35,14.0,9,9,0,f
25739,103,36,0.0,6,6,0,f
25750,103,37,0.0,7,7,0,f
25761,103,38,0.0,7,7,0,f
25772,103,39,0.0,8,8,0,f
25783,103,40,0.0,9,9,0,f
25794,103,41,0.0,9,9,0,f
25805,103,42,0.0,9,9,0,f
25816,103,43,1.0,8,8,0,f
25827,103,44,1.0,8,8,0,f
25838,103,45,1.0,8,8,0,f
25849,103,46,1.0,8,8,0,f
25860,103,47,1.0,8,8,0,f
25871,103,48,2.0,8,8,0,f
25882,103,49,2.0,8,8,0,f
25893,103,50,2.0,8,8,0,f
25904,103,51,6.0,8,8,0,f
25915,103,52,6.0,8,8,0,f
6320,103,53,5.0,4,4,0,f
6331,103,54,11.0,4,4,0,f
6342,103,55,13.0,4,4,0,f
6353,103,56,15.0,4,4,0,f
6364,103,57,19.0,4,4,0,f
6375,103,58,24.0,4,4,0,f
6386,103,59,29.0,4,4,0,f
6397,103,60,29.0,4,4,0,f
6408,103,61,29.0,4,4,0,f
6419,103,62,32.0,4,4,0,f
6430,103,63,32.0,4,4,0,f
6441,103,64,37.0,4,4,0,f
6452,103,65,52.0,4,4,1,f
6463,103,66,58.0,4,4,1,f
6474,103,67,65.0,4,4,1,f
6486,103,68,73.0,4,4,1,f
6498,103,69,78.0,4,4,1,f
6510,103,70,86.0,4,4,1,f
20916,103,667,0.0,7,7,0,f
20929,103,668,0.0,9,9,0,f
20943,103,669,0.0,10,10,0,f
20964,103,670,0.0,10,10,0,f
20973,103,671,0.0,11,11,0,f
20988,103,672,6.0,8,8,0,f
21009,103,673,8.0,7,7,0,f
21018,103,674,8.0,8,8,0,f
21041,103,675,8.0,9,9,0,f
21052,103,676,8.0,9,9,0,f
21075,103,677,12.0,7,7,0,f
21092,103,678,14.0,6,6,0,f
20737,103,679,4.0,3,3,0,f
20746,103,680,4.0,6,6,0,f
20760,103,681,4.0,7,7,0,f
20775,103,682,4.0,9,9,0,f
20790,103,683,4.0,9,9,0,f
20805,103,684,5.0,9,9,0,f
20821,103,685,8.0,7,7,0,f
20840,103,686,8.0,7,7,0,f
20859,103,687,17.0,5,5,1,f
20878,103,688,17.0,5,5,1,f
20898,103,689,20.0,4,4,1,f
20701,103,696,0.0,12,12,0,f
20716,103,697,0.0,13,13,0,f
20731,103,698,3.0,8,8,0,f
20121,103,714,0.0,9,9,0,f
20133,103,715,0.0,9,9,0,f
20145,103,716,0.0,9,9,0,f
20161,103,717,0.0,9,9,0,f
20174,103,718,0.0,9,9,0,f
20488,103,708,11.0,6,6,1,f
20472,103,707,2.0,7,7,0,f
20456,103,706,2.0,7,7,0,f
20440,103,705,2.0,7,7,0,f
20424,103,704,2.0,7,7,0,f
20408,103,703,1.0,7,7,0,f
20392,103,702,1.0,7,7,0,f
20376,103,701,1.0,7,7,0,f
20360,103,700,0.0,11,11,0,f
25743,146,36,0.0,10,10,0,f
25754,146,37,0.0,10,10,0,f
25765,146,38,0.0,10,10,0,f
25776,146,39,0.0,9,9,0,f
25787,146,40,0.0,10,10,0,f
25798,146,41,0.0,10,10,0,f
25809,146,42,0.0,10,10,0,f
25820,146,43,0.0,10,10,0,f
25831,146,44,0.0,10,10,0,f
25842,146,45,0.0,10,10,0,f
25853,146,46,0.0,10,10,0,f
25864,146,47,0.0,10,10,0,f
25875,146,48,0.0,10,10,0,f
25886,146,49,0.0,10,10,0,f
25897,146,50,1.0,9,9,0,f
25908,146,51,1.0,10,10,0,f
25919,146,52,1.0,10,10,0,f
6326,66,53,0.0,10,10,0,f
6337,66,54,0.0,10,10,0,f
6348,66,55,0.0,10,10,0,f
6359,66,56,0.0,10,10,0,f
6370,66,57,0.0,10,10,0,f
6381,66,58,0.0,10,10,0,f
6392,66,59,0.0,10,10,0,f
6403,66,60,0.0,10,10,0,f
6414,66,61,0.0,10,10,0,f
6425,66,62,0.0,10,10,0,f
6436,66,63,0.0,10,10,0,f
6447,66,64,0.0,10,10,0,f
6458,66,65,0.0,10,10,0,f
6469,66,66,0.0,10,10,0,f
6480,66,67,0.0,10,10,0,f
6492,66,68,0.0,10,10,0,f
6504,66,69,0.0,10,10,0,f
6516,66,70,0.0,10,10,0,f
6482,27,67,0.0,12,12,0,f
6494,27,68,0.0,12,12,0,f
6506,27,69,0.0,12,12,0,f
6518,27,70,0.0,12,12,0,f
27949,101,71,0.0,7,7,0,f
27959,101,72,0.0,7,7,0,f
27969,101,73,2.0,7,7,0,f
27979,101,74,7.0,7,7,0,f
27989,101,75,7.0,7,7,0,f
27999,101,76,7.0,7,7,0,f
28009,101,77,7.0,7,7,0,f
28019,101,78,12.0,7,7,0,f
28029,101,79,12.0,7,7,0,f
28039,101,80,13.0,7,7,0,f
28049,101,81,13.0,7,7,0,f
28059,101,82,14.0,8,8,0,f
28069,101,83,14.0,8,8,0,f
28079,101,84,14.0,8,8,0,f
28089,101,85,14.0,8,8,0,f
28099,101,86,17.0,8,8,0,f
28109,101,87,17.0,8,8,0,f
28119,101,88,17.0,8,8,0,f
28129,101,89,20.0,8,8,0,f
6143,101,90,0.0,6,6,0,f
6152,101,91,1.0,6,6,0,f
6162,101,92,1.0,6,6,0,f
6172,101,93,1.0,6,6,0,f
6182,101,94,3.0,6,6,0,f
6192,101,95,7.0,5,5,0,f
6202,101,96,10.0,5,5,0,f
6212,101,97,15.0,5,5,0,f
6222,101,98,15.0,6,6,0,f
6232,101,99,15.0,6,6,0,f
6242,101,100,18.0,6,6,0,f
6252,101,101,18.0,6,6,0,f
6262,101,102,19.0,6,6,0,f
6272,101,103,28.0,6,6,0,f
6282,101,104,29.0,6,6,0,f
6292,101,105,32.0,6,6,0,f
6302,101,106,33.0,6,6,0,f
6312,101,107,34.0,6,6,0,f
5986,101,108,3.0,5,5,0,f
5993,101,109,4.0,5,5,0,f
6002,101,110,8.0,6,6,0,f
6012,101,111,8.0,6,6,0,f
6022,101,112,8.0,6,6,0,f
6032,101,113,8.0,7,7,0,f
6042,101,114,8.0,7,7,0,f
6052,101,115,8.0,7,7,0,f
6062,101,116,9.0,7,7,0,f
6072,101,117,9.0,8,8,0,f
6082,101,118,9.0,8,8,0,f
6092,101,119,9.0,9,9,0,f
6102,101,120,9.0,9,9,0,f
6112,101,121,9.0,9,9,0,f
6122,101,122,19.0,5,5,0,f
6132,101,123,19.0,6,6,0,f
5813,101,125,3.0,6,6,0,f
5824,101,126,3.0,6,6,0,f
5835,101,127,3.0,6,6,0,f
5846,101,128,8.0,5,5,0,f
5857,101,129,8.0,5,5,0,f
5868,101,130,8.0,5,5,0,f
5879,101,131,8.0,5,5,0,f
5890,101,132,9.0,5,5,0,f
5901,101,133,10.0,5,5,0,f
5912,101,134,10.0,5,5,0,f
5923,101,135,11.0,5,5,0,f
5934,101,136,11.0,5,5,0,f
5945,101,137,11.0,5,5,0,f
5956,101,138,11.0,5,5,0,f
5967,101,139,11.0,5,5,0,f
5978,101,140,11.0,5,5,0,f
5616,101,141,4.0,3,3,0,f
5626,101,142,4.0,4,4,0,f
5637,101,143,8.0,3,3,0,f
5648,101,144,8.0,5,5,0,f
5659,101,145,9.0,5,5,0,f
5670,101,146,12.0,5,5,0,f
5681,101,147,12.0,6,6,0,f
5692,101,148,15.0,4,4,0,f
5703,101,149,15.0,4,4,0,f
5714,101,150,16.0,4,4,0,f
5725,101,151,19.0,4,4,0,f
5736,101,152,19.0,4,4,0,f
5747,101,153,20.0,4,4,0,f
5758,101,154,20.0,4,4,0,f
5769,101,155,20.0,4,4,0,f
5780,101,156,21.0,4,4,0,f
5791,101,157,21.0,4,4,0,f
1477,101,160,1.0,7,7,0,f
1488,101,161,1.0,7,7,0,f
1499,101,162,1.0,7,7,0,f
1510,101,163,1.0,7,7,0,f
1521,101,164,3.0,8,8,0,f
1532,101,165,3.0,8,8,0,f
1543,101,166,3.0,8,8,0,f
1554,101,167,4.0,7,7,0,f
1565,101,168,6.0,7,7,0,f
1576,101,169,6.0,7,7,0,f
1587,101,170,6.0,7,7,0,f
1598,101,171,6.0,8,8,0,f
1609,101,172,6.0,8,8,0,f
1620,101,173,6.0,8,8,0,f
1631,101,174,6.0,8,8,0,f
5469,101,177,1.0,9,9,0,f
5480,101,178,1.0,9,9,0,f
5491,101,179,1.0,9,9,0,f
5502,101,180,2.0,8,8,0,f
5513,101,181,2.0,8,8,0,f
5524,101,182,3.0,7,7,0,f
5535,101,183,4.0,7,7,0,f
5546,101,184,4.0,7,7,0,f
5557,101,185,4.0,7,7,0,f
5568,101,186,4.0,7,7,0,f
5579,101,187,4.0,7,7,0,f
5590,101,188,4.0,8,8,0,f
5601,101,189,4.0,8,8,0,f
5612,101,190,5.0,8,8,0,f
2058,101,191,1.0,4,4,0,f
2065,101,192,1.0,5,5,0,f
2073,101,193,3.0,5,5,0,f
2083,101,194,4.0,5,5,0,f
2094,101,195,4.0,5,5,0,f
2105,101,196,4.0,6,6,0,f
2116,101,197,4.0,7,7,0,f
2127,101,198,4.0,7,7,0,f
2138,101,199,4.0,7,7,0,f
2149,101,200,4.0,7,7,0,f
2160,101,201,4.0,8,8,0,f
2171,101,202,4.0,8,8,0,f
2182,101,203,8.0,6,6,0,f
2193,101,204,10.0,6,6,0,f
2204,101,205,10.0,6,6,0,f
2215,101,206,10.0,6,6,0,f
5254,101,207,1.0,5,5,0,f
5262,101,208,1.0,6,6,0,f
5272,101,209,4.0,7,7,0,f
5283,101,210,4.0,7,7,0,f
5294,101,211,4.0,8,8,0,f
25359,101,212,6.0,8,8,0,f
25371,101,213,8.0,7,7,0,f
25383,101,214,8.0,7,7,0,f
25395,101,215,8.0,7,7,0,f
25407,101,216,8.0,7,7,0,f
25419,101,217,12.0,7,7,0,f
25431,101,218,15.0,7,7,0,f
25443,101,219,15.0,7,7,0,f
25455,101,220,15.0,7,7,0,f
25467,101,221,15.0,7,7,0,f
25479,101,222,16.0,7,7,0,f
25491,101,223,16.0,7,7,0,f
2424,101,224,0.0,7,7,0,f
2432,101,225,0.0,7,7,0,f
2443,101,226,0.0,9,9,0,f
2454,101,227,0.0,9,9,0,f
2465,101,228,0.0,9,9,0,f
2476,101,229,7.0,7,7,0,f
2487,101,230,10.0,6,6,0,f
2498,101,231,10.0,6,6,0,f
2509,101,232,10.0,6,6,0,f
2520,101,233,10.0,7,7,0,f
2531,101,234,10.0,7,7,0,f
2542,101,235,10.0,7,7,0,f
2553,101,236,10.0,7,7,0,f
2564,101,237,10.0,7,7,0,f
2575,101,238,10.0,7,7,0,f
2586,101,239,11.0,7,7,0,f
5053,101,241,2.0,5,5,0,f
5063,101,242,3.0,5,5,0,f
5076,101,243,3.0,5,5,0,f
5089,101,244,4.0,5,5,0,f
5102,101,245,4.0,7,7,0,f
5115,101,246,4.0,7,7,0,f
5128,101,247,5.0,7,7,0,f
5141,101,248,7.0,7,7,0,f
5154,101,249,9.0,7,7,0,f
5167,101,250,12.0,7,7,0,f
5180,101,251,17.0,5,5,0,f
5193,101,252,18.0,5,5,0,f
5206,101,253,18.0,6,6,0,f
5219,101,254,18.0,6,6,0,f
5232,101,255,18.0,7,7,0,f
5245,101,256,18.0,7,7,0,f
25518,101,257,1.0,6,6,0,f
25532,101,258,3.0,6,6,0,f
25546,101,259,6.0,5,5,0,f
25560,101,260,6.0,6,6,0,f
25574,101,261,6.0,7,7,0,f
25588,101,262,6.0,7,7,0,f
25602,101,263,10.0,6,6,0,f
25616,101,264,10.0,6,6,0,f
25630,101,265,10.0,7,7,0,f
25644,101,266,10.0,8,8,0,f
25658,101,267,10.0,8,8,0,f
25672,101,268,10.0,8,8,0,f
25686,101,269,10.0,8,8,0,f
25700,101,270,11.0,8,8,0,f
25714,101,271,12.0,7,7,0,f
25504,101,272,12.0,8,8,0,f
4639,101,273,2.0,5,5,0,f
4646,101,274,2.0,7,7,0,f
4657,101,275,2.0,7,7,0,f
4669,101,276,5.0,6,6,0,f
4681,101,277,5.0,6,6,0,f
4693,101,278,5.0,8,8,0,f
4706,101,279,6.0,8,8,0,f
4719,101,280,6.0,8,8,0,f
4732,101,281,6.0,8,8,0,f
4745,101,282,6.0,8,8,0,f
4758,101,283,7.0,8,8,0,f
4771,101,284,7.0,8,8,0,f
4784,101,285,10.0,7,7,0,f
4797,101,286,12.0,7,7,0,f
4810,101,287,12.0,7,7,0,f
4823,101,288,12.0,7,7,0,f
24241,101,337,0.0,10,10,0,f
24253,101,338,0.0,9,9,0,f
24265,101,339,0.0,9,9,0,f
24277,101,340,0.0,9,9,0,f
24289,101,341,0.0,9,9,0,f
24313,101,342,0.0,9,9,0,f
24325,101,343,1.0,9,9,0,f
24337,101,344,1.0,9,9,0,f
24349,101,345,7.0,9,9,0,f
24361,101,346,15.0,8,8,0,f
24373,101,347,15.0,8,8,0,f
24385,101,348,23.0,8,8,0,f
24397,101,349,27.0,8,8,0,f
24409,101,350,27.0,8,8,0,f
24445,101,351,27.0,8,8,0,f
24457,101,352,37.0,8,8,0,f
24481,101,353,43.0,8,8,0,f
24493,101,354,44.0,8,8,0,f
24505,101,355,44.0,8,8,0,f
24550,101,842,6.0,5,5,0,f
24562,101,843,7.0,6,6,0,f
24574,101,844,8.0,6,6,0,f
24586,101,845,11.0,6,6,0,f
24598,101,846,21.0,6,6,0,f
24610,101,847,27.0,6,6,0,f
24622,101,848,27.0,6,6,0,f
24634,101,849,33.0,6,6,0,f
24646,101,850,35.0,6,6,0,f
24658,101,851,35.0,6,6,0,f
24680,101,852,35.0,6,6,0,f
24692,101,853,35.0,7,7,0,f
24704,101,854,36.0,7,7,0,f
24716,101,855,40.0,7,7,0,f
24728,101,856,40.0,7,7,0,f
24740,101,857,41.0,7,7,0,f
24752,101,858,42.0,7,7,0,f
24764,101,859,44.0,7,7,0,f
24935,101,860,12.0,3,3,0,f
24780,101,861,30.0,4,4,0,f
24792,101,862,31.0,4,4,0,f
24839,101,864,41.0,7,7,0,f
24827,101,863,31.0,6,6,0,f
24851,101,865,41.0,7,7,0,f
24863,101,866,58.0,6,6,0,f
24875,101,867,60.0,6,6,0,f
24887,101,868,60.0,6,6,0,f
24970,101,869,80.0,6,6,0,f
24982,101,870,80.0,6,6,0,f
24994,101,871,80.0,6,6,0,f
25006,101,872,100.0,6,6,0,f
25042,101,873,101.0,6,6,0,f
25054,101,874,116.0,6,6,0,f
25066,101,875,116.0,6,6,0,f
25090,101,876,116.0,6,6,0,f
25102,101,877,124.0,6,6,0,f
25114,101,878,124.0,6,6,0,f
25126,101,879,126.0,6,6,0,f
25142,101,880,0.0,8,8,0,f
25153,101,881,4.0,6,6,0,f
25164,101,882,5.0,8,8,0,f
25175,101,883,5.0,8,8,0,f
25186,101,884,5.0,8,8,0,f
25197,101,885,5.0,8,8,0,f
25208,101,886,5.0,8,8,0,f
25219,101,887,6.0,8,8,0,f
25230,101,888,7.0,8,8,0,f
25241,101,890,7.0,8,8,0,f
25252,101,891,7.0,8,8,0,f
25285,101,893,19.0,8,8,0,f
25274,101,892,17.0,8,8,0,f
25296,101,894,31.0,7,7,0,f
25307,101,895,45.0,7,7,0,f
25318,101,896,45.0,7,7,0,f
25329,101,897,45.0,7,7,0,f
25340,101,898,53.0,7,7,0,f
25351,101,899,57.0,7,7,0,f
25937,101,900,0.0,7,7,0,f
25948,101,901,0.0,8,8,0,f
25959,101,902,0.0,9,9,0,f
25970,101,903,0.0,9,9,0,f
25981,101,904,0.0,9,9,0,f
25992,101,905,0.0,10,10,0,f
26003,101,906,0.0,10,10,0,f
26014,101,907,0.0,10,10,0,f
26025,101,908,0.0,10,10,0,f
26036,101,909,0.0,10,10,0,f
26047,101,910,0.0,10,10,0,f
26058,101,911,0.0,10,10,0,f
26069,101,912,0.0,10,10,0,f
26080,101,913,0.0,10,10,0,f
26091,101,914,0.0,10,10,0,f
26102,101,915,0.0,10,10,0,f
26113,101,916,0.0,10,10,0,f
26124,101,917,0.0,10,10,0,f
26135,101,918,0.0,10,10,0,f
26143,101,926,14.0,3,3,0,f
26152,101,927,14.0,4,4,0,f
26162,101,928,19.0,4,4,0,f
26172,101,929,19.0,5,5,0,f
26182,101,930,19.0,5,5,0,f
26192,101,931,21.0,5,5,0,f
26202,101,932,21.0,6,6,0,f
26212,101,933,21.0,7,7,0,f
26222,101,934,21.0,7,7,0,f
26232,101,936,22.0,8,8,0,f
26253,101,937,23.0,8,8,0,f
26263,101,938,25.0,8,8,0,f
26273,101,939,26.0,8,8,0,f
26293,101,940,26.0,8,8,0,f
26378,101,941,34.0,8,8,0,f
26388,101,942,36.0,8,8,0,f
26398,101,943,36.0,8,8,0,f
26408,101,944,36.0,8,8,0,f
26429,101,945,36.0,8,8,0,f
26566,101,948,0.0,10,10,0,f
26456,101,949,0.0,10,10,0,f
26467,101,950,0.0,10,10,0,f
26478,101,951,0.0,10,10,0,f
26489,101,952,0.0,10,10,0,f
26500,101,953,0.0,10,10,0,f
26511,101,954,0.0,10,10,0,f
26533,101,955,0.0,10,10,0,f
26544,101,956,0.0,11,11,0,f
26555,101,957,0.0,11,11,0,f
26577,101,958,0.0,11,11,0,f
26588,101,959,0.0,11,11,0,f
26599,101,960,0.0,11,11,0,f
26610,101,961,0.0,11,11,0,f
26621,101,962,0.0,11,11,0,f
26632,101,963,0.0,11,11,0,f
26643,101,964,0.0,11,11,0,f
26698,101,965,0.0,11,11,0,f
26709,101,966,0.0,11,11,0,f
26720,101,967,2.0,10,10,0,f
26731,101,968,2.0,10,10,0,f
26740,101,969,0.0,8,8,0,f
26750,101,970,0.0,9,9,0,f
26760,101,971,0.0,9,9,0,f
26770,101,972,0.0,9,9,0,f
26780,101,973,4.0,9,9,0,f
26790,101,974,4.0,9,9,0,f
26800,101,975,4.0,9,9,0,f
26810,101,976,5.0,9,9,0,f
26820,101,977,5.0,9,9,0,f
26830,101,978,5.0,9,9,0,f
26840,101,979,5.0,10,10,0,f
26850,101,980,5.0,10,10,0,f
26860,101,981,5.0,10,10,0,f
26870,101,982,5.0,10,10,0,f
26880,101,983,5.0,10,10,0,f
26890,101,984,5.0,10,10,0,f
26900,101,985,5.0,10,10,0,f
26910,101,986,5.0,10,10,0,f
26920,101,987,5.0,10,10,0,f
26930,101,988,5.0,10,10,0,f
26939,101,989,0.0,7,7,0,f
26979,101,990,2.0,8,8,0,f
26969,101,991,2.0,8,8,0,f
26989,101,992,10.0,9,9,0,f
26999,101,993,11.0,9,9,0,f
27009,101,994,11.0,9,9,0,f
27019,101,995,12.0,9,9,0,f
27029,101,996,13.0,9,9,0,f
27039,101,997,16.0,9,9,0,f
27049,101,998,16.0,9,9,0,f
27059,101,999,18.0,9,9,0,f
27069,101,1000,18.0,9,9,0,f
27079,101,1001,19.0,8,8,0,f
27099,101,1002,19.0,9,9,0,f
27109,101,1003,21.0,9,9,0,f
27119,101,1004,27.0,9,9,0,f
27129,101,1005,27.0,9,9,0,f
27149,101,1006,28.0,9,9,0,f
27159,101,1007,36.0,8,8,0,f
27169,101,1008,42.0,8,8,0,f
27179,101,1009,48.0,8,8,0,f
27950,153,71,0.0,10,10,0,f
27960,153,72,0.0,10,10,0,f
27970,153,73,0.0,10,10,0,f
27980,153,74,0.0,10,10,0,f
27990,153,75,0.0,10,10,0,f
28000,153,76,0.0,10,10,0,f
28010,153,77,0.0,9,9,0,f
28020,153,78,0.0,9,9,0,f
28030,153,79,0.0,10,10,0,f
28040,153,80,5.0,10,10,0,f
28050,153,81,9.0,9,9,0,f
28060,153,82,15.0,7,7,0,f
28070,153,83,20.0,7,7,0,f
28080,153,84,24.0,7,7,0,f
28090,153,85,25.0,7,7,0,f
28100,153,86,31.0,6,6,0,f
28110,153,87,33.0,6,6,0,f
28120,153,88,37.0,6,6,0,f
28130,153,89,38.0,6,6,0,f
6141,153,90,3.0,4,4,0,f
6150,153,91,9.0,4,4,0,f
6160,153,92,19.0,4,4,0,f
6170,153,93,27.0,3,3,0,f
6180,153,94,32.0,3,3,0,f
6190,153,95,40.0,3,3,0,f
6200,153,96,46.0,3,3,0,f
6210,153,97,52.0,3,3,0,f
6220,153,98,58.0,3,3,0,f
6230,153,99,62.0,3,3,0,f
6240,153,100,67.0,3,3,0,f
6250,153,101,76.0,3,3,0,f
6260,153,102,83.0,3,3,0,f
6270,153,103,83.0,3,3,0,f
6280,153,104,94.0,2,2,0,f
6290,153,105,105.0,2,2,0,f
6300,153,106,116.0,2,2,0,f
6310,153,107,119.0,2,2,0,f
5987,153,108,0.0,6,6,0,f
5994,153,109,2.0,6,6,0,f
6003,153,110,5.0,7,7,0,f
6013,153,111,6.0,7,7,0,f
6023,153,112,6.0,7,7,0,f
6033,153,113,11.0,6,6,0,f
6043,153,114,11.0,6,6,0,f
6053,153,115,11.0,6,6,0,f
6063,153,116,13.0,5,5,0,f
6073,153,117,13.0,5,5,0,f
6083,153,118,14.0,5,5,0,f
6093,153,119,15.0,5,5,0,f
6103,153,120,15.0,5,5,0,f
6113,153,121,18.0,5,5,0,f
6123,153,122,18.0,6,6,0,f
6133,153,123,26.0,5,5,0,f
5814,153,125,0.0,9,9,0,f
5825,153,126,0.0,9,9,0,f
5836,153,127,0.0,9,9,0,f
5847,153,128,0.0,10,10,0,f
5858,153,129,0.0,11,11,0,f
5869,153,130,0.0,11,11,0,f
5880,153,131,0.0,11,11,0,f
5891,153,132,0.0,11,11,0,f
5902,153,133,5.0,7,7,0,f
5913,153,134,5.0,7,7,0,f
5924,153,135,5.0,7,7,0,f
5935,153,136,5.0,7,7,0,f
5946,153,137,5.0,7,7,0,f
5957,153,138,6.0,8,8,0,f
5968,153,139,7.0,7,7,0,f
5979,153,140,7.0,8,8,0,f
5618,153,141,0.0,5,5,0,f
5628,153,142,0.0,7,7,0,f
5639,153,143,3.0,5,5,0,f
5650,153,144,3.0,6,6,0,f
5661,153,145,7.0,6,6,0,f
5672,153,146,9.0,6,6,0,f
5683,153,147,12.0,5,5,0,f
5694,153,148,12.0,6,6,0,f
5705,153,149,12.0,6,6,0,f
5716,153,150,12.0,6,6,0,f
5727,153,151,12.0,6,6,0,f
5738,153,152,16.0,5,5,0,f
5749,153,153,16.0,5,5,0,f
5760,153,154,16.0,5,5,0,f
5771,153,155,17.0,5,5,0,f
5782,153,156,17.0,6,6,0,f
5793,153,157,17.0,6,6,0,f
1456,153,158,4.0,3,3,0,f
1462,153,159,4.0,5,5,0,f
1470,153,160,6.0,6,6,0,f
1481,153,161,6.0,6,6,0,f
1492,153,162,6.0,6,6,0,f
1503,153,163,6.0,6,6,0,f
1514,153,164,6.0,6,6,0,f
1525,153,165,6.0,6,6,0,f
1536,153,166,9.0,6,6,0,f
1547,153,167,12.0,5,5,0,f
1558,153,168,12.0,5,5,0,f
1569,153,169,12.0,6,6,0,f
1580,153,170,12.0,6,6,0,f
1591,153,171,13.0,6,6,0,f
1602,153,172,17.0,6,6,0,f
1613,153,173,18.0,5,5,0,f
1624,153,174,20.0,5,5,0,f
5470,153,177,0.0,10,10,0,f
5481,153,178,0.0,10,10,0,f
5492,153,179,0.0,10,10,0,f
5503,153,180,0.0,10,10,0,f
5514,153,181,0.0,10,10,0,f
5525,153,182,0.0,10,10,0,f
5536,153,183,0.0,10,10,0,f
5547,153,184,0.0,10,10,0,f
5558,153,185,0.0,10,10,0,f
5569,153,186,0.0,10,10,0,f
5580,153,187,0.0,10,10,0,f
5591,153,188,0.0,11,11,0,f
5602,153,189,0.0,11,11,0,f
5613,153,190,0.0,11,11,0,f
27951,135,71,0.0,8,8,0,f
27961,135,72,0.0,8,8,0,f
27971,135,73,0.0,8,8,0,f
27981,135,74,0.0,8,8,0,f
27991,135,75,0.0,8,8,0,f
28001,135,76,0.0,8,8,0,f
28011,135,77,0.0,8,8,0,f
28021,135,78,0.0,8,8,0,f
28031,135,79,11.0,8,8,0,f
28041,135,80,11.0,8,8,0,f
28051,135,81,11.0,8,8,0,f
28061,135,82,11.0,9,9,0,f
28071,135,83,11.0,9,9,0,f
28081,135,84,11.0,9,9,0,f
28091,135,85,11.0,9,9,0,f
28101,135,86,12.0,9,9,0,f
28111,135,87,12.0,9,9,0,f
28121,135,88,12.0,9,9,0,f
28131,135,89,12.0,9,9,0,f
6146,135,90,0.0,9,9,0,f
6155,135,91,0.0,9,9,0,f
6165,135,92,0.0,9,9,0,f
6175,135,93,0.0,9,9,0,f
6185,135,94,0.0,9,9,0,f
6195,135,95,2.0,8,8,0,f
6205,135,96,2.0,9,9,0,f
6215,135,97,5.0,7,7,0,f
6225,135,98,5.0,8,8,0,f
6235,135,99,5.0,8,8,0,f
6245,135,100,5.0,8,8,0,f
6255,135,101,5.0,9,9,0,f
6265,135,102,5.0,9,9,0,f
6275,135,103,5.0,9,9,0,f
6285,135,104,5.0,9,9,0,f
6295,135,105,5.0,9,9,0,f
6305,135,106,5.0,9,9,0,f
6315,135,107,5.0,9,9,0,f
5996,135,109,0.0,7,7,0,f
6005,135,110,10.0,5,5,1,f
6015,135,111,10.0,5,5,1,f
6025,135,112,11.0,5,5,1,f
6035,135,113,11.0,5,5,1,f
6045,135,114,11.0,5,5,1,f
6055,135,115,11.0,5,5,1,f
6065,135,116,11.0,6,6,1,f
6075,135,117,11.0,7,7,1,f
6085,135,118,11.0,7,7,1,f
6095,135,119,11.0,8,8,1,f
6105,135,120,11.0,8,8,1,f
6115,135,121,11.0,8,8,1,f
6125,135,122,13.0,9,9,1,f
6135,135,123,13.0,9,9,1,f
5815,135,125,0.0,10,10,0,f
5826,135,126,0.0,10,10,0,f
5837,135,127,0.0,10,10,0,f
5848,135,128,0.0,11,11,0,f
5859,135,129,2.0,8,8,0,f
5870,135,130,4.0,6,6,0,f
5881,135,131,6.0,6,6,0,f
5892,135,132,6.0,6,6,0,f
5903,135,133,6.0,6,6,0,f
5914,135,134,6.0,6,6,0,f
5925,135,135,6.0,6,6,0,f
5936,135,136,7.0,6,6,0,f
5947,135,137,7.0,6,6,0,f
5958,135,138,7.0,7,7,0,f
5969,135,139,7.0,8,8,0,f
5980,135,140,9.0,6,6,0,f
5617,135,141,2.0,4,4,0,f
5627,135,142,5.0,3,3,0,f
5638,135,143,7.0,4,4,0,f
5649,135,144,10.0,4,4,0,f
5660,135,145,13.0,4,4,0,f
5671,135,146,13.0,4,4,0,f
5682,135,147,13.0,4,4,0,f
5693,135,148,13.0,5,5,0,f
5704,135,149,13.0,5,5,0,f
5715,135,150,15.0,5,5,0,f
5726,135,151,15.0,5,5,0,f
5737,135,152,15.0,6,6,0,f
5748,135,153,15.0,6,6,0,f
5759,135,154,16.0,6,6,0,f
5770,135,155,16.0,6,6,0,f
5781,135,156,19.0,5,5,0,f
5792,135,157,19.0,5,5,0,f
1466,135,159,7.0,3,3,0,f
1474,135,160,7.0,4,4,0,f
1485,135,161,8.0,5,5,0,f
1496,135,162,9.0,4,4,0,f
1507,135,163,9.0,5,5,0,f
1518,135,164,9.0,5,5,0,f
1529,135,165,10.0,5,5,0,f
1540,135,166,11.0,5,5,0,f
1551,135,167,11.0,6,6,0,f
1562,135,168,11.0,6,6,0,f
1573,135,169,12.0,5,5,0,f
1584,135,170,13.0,5,5,0,f
1595,135,171,13.0,5,5,0,f
1606,135,172,17.0,5,5,0,f
1617,135,173,17.0,6,6,0,f
1628,135,174,17.0,6,6,0,f
5446,135,175,6.0,2,2,0,f
5452,135,176,10.0,3,3,0,f
5461,135,177,13.0,3,3,0,f
5472,135,178,16.0,3,3,0,f
5483,135,179,16.0,3,3,0,f
5494,135,180,16.0,3,3,0,f
5505,135,181,26.0,3,3,1,f
5516,135,182,31.0,3,3,1,f
5527,135,183,34.0,3,3,1,f
5538,135,184,38.0,3,3,1,f
5549,135,185,42.0,3,3,1,f
5560,135,186,47.0,3,3,1,f
5571,135,187,57.0,3,3,2,f
5582,135,188,57.0,3,3,2,f
5593,135,189,58.0,3,3,2,f
5604,135,190,61.0,3,3,2,f
2060,135,191,0.0,6,6,0,f
2067,135,192,0.0,6,6,0,f
2075,135,193,0.0,6,6,0,f
2085,135,194,0.0,6,6,0,f
2096,135,195,0.0,7,7,0,f
2107,135,196,0.0,8,8,0,f
2118,135,197,0.0,8,8,0,f
2129,135,198,0.0,8,8,0,f
2140,135,199,1.0,8,8,0,f
2151,135,200,3.0,8,8,0,f
2162,135,201,7.0,5,5,0,f
2173,135,202,10.0,5,5,0,f
2184,135,203,26.0,5,5,1,f
2195,135,204,31.0,5,5,1,f
2206,135,205,31.0,5,5,1,f
2217,135,206,34.0,4,4,1,f
5266,135,208,0.0,7,7,0,f
5276,135,209,4.0,6,6,0,f
5287,135,210,7.0,5,5,0,f
5298,135,211,8.0,6,6,0,f
25365,135,212,8.0,6,6,0,f
25377,135,213,12.0,6,6,0,f
25389,135,214,13.0,6,6,0,f
25401,135,215,15.0,6,6,0,f
25413,135,216,17.0,6,6,0,f
25425,135,217,19.0,6,6,0,f
25437,135,218,25.0,5,5,0,f
25449,135,219,28.0,5,5,0,f
25461,135,220,33.0,5,5,0,f
25473,135,221,33.0,5,5,0,f
25485,135,222,33.0,5,5,0,f
25497,135,223,33.0,5,5,0,f
2436,135,225,0.0,11,11,0,f
2447,135,226,3.0,5,5,0,f
2458,135,227,6.0,5,5,0,f
2469,135,228,8.0,5,5,0,f
2480,135,229,8.0,6,6,0,f
2491,135,230,8.0,7,7,0,f
2502,135,231,9.0,7,7,0,f
2513,135,232,9.0,7,7,0,f
2524,135,233,13.0,5,5,0,f
2535,135,234,14.0,5,5,0,f
2546,135,235,15.0,5,5,0,f
2557,135,236,15.0,5,5,0,f
2568,135,237,20.0,5,5,0,f
2579,135,238,20.0,5,5,0,f
2590,135,239,22.0,5,5,0,f
5065,135,242,0.0,8,8,0,f
5078,135,243,2.0,6,6,0,f
5091,135,244,2.0,6,6,0,f
5104,135,245,12.0,4,4,0,f
5117,135,246,13.0,4,4,0,f
5130,135,247,13.0,4,4,0,f
5143,135,248,13.0,4,4,0,f
5156,135,249,13.0,4,4,0,f
5169,135,250,14.0,5,5,0,f
5182,135,251,14.0,7,7,0,f
5195,135,252,14.0,7,7,0,f
5208,135,253,18.0,5,5,0,f
5221,135,254,18.0,5,5,0,f
5234,135,255,21.0,5,5,0,f
5247,135,256,21.0,6,6,0,f
25516,135,257,3.0,4,4,0,f
25530,135,258,7.0,3,3,0,f
25544,135,259,7.0,4,4,0,f
25558,135,260,10.0,4,4,0,f
25572,135,261,11.0,4,4,0,f
25586,135,262,11.0,4,4,0,f
25600,135,263,11.0,4,4,0,f
25614,135,264,14.0,5,5,0,f
25628,135,265,14.0,5,5,0,f
25642,135,266,14.0,5,5,0,f
25656,135,267,14.0,5,5,0,f
25670,135,268,17.0,5,5,0,f
25684,135,269,20.0,5,5,0,f
25698,135,270,23.0,5,5,0,f
25712,135,271,25.0,5,5,0,f
25502,135,272,28.0,5,5,0,f
4664,135,275,0.0,11,11,0,f
4676,135,276,0.0,12,12,0,f
4688,135,277,0.0,12,12,0,f
4700,135,278,0.0,12,12,0,f
4726,135,280,0.0,11,11,0,f
4713,135,279,0.0,12,12,0,f
4739,135,281,0.0,11,11,0,f
4752,135,282,0.0,11,11,0,f
4765,135,283,0.0,11,11,0,f
4778,135,284,0.0,11,11,0,f
4791,135,285,0.0,11,11,0,f
4804,135,286,0.0,11,11,0,f
4817,135,287,3.0,11,11,0,f
4830,135,288,3.0,11,11,0,f
3253,135,289,0.0,7,7,0,f
3262,135,290,0.0,10,10,0,f
3273,135,291,0.0,12,12,0,f
3314,135,292,0.0,13,13,0,f
3328,135,293,0.0,10,10,0,f
3342,135,294,0.0,12,12,0,f
3356,135,295,0.0,13,13,0,f
3370,135,296,0.0,13,13,0,f
3384,135,297,0.0,13,13,0,f
3399,135,298,0.0,13,13,0,f
3414,135,299,0.0,13,13,0,f
3429,135,300,0.0,13,13,0,f
3444,135,301,0.0,13,13,0,f
3459,135,302,0.0,13,13,0,f
3474,135,303,0.0,13,13,0,f
3489,135,304,1.0,11,11,0,f
8238,135,305,0.0,9,9,0,f
8256,135,306,0.0,11,11,0,f
8274,135,307,0.0,14,14,0,f
8293,135,308,0.0,12,12,0,f
8312,135,309,5.0,7,7,0,f
8331,135,310,8.0,6,6,0,f
8350,135,311,9.0,6,6,0,f
8369,135,312,10.0,6,6,0,f
8388,135,313,13.0,5,5,0,f
8407,135,314,13.0,5,5,0,f
8426,135,315,13.0,5,5,0,f
8445,135,316,13.0,5,5,0,f
8464,135,317,13.0,5,5,0,f
8483,135,318,13.0,5,5,0,f
8502,135,319,13.0,5,5,0,f
8521,135,320,13.0,5,5,0,f
27992,86,75,0.0,9,9,0,f
28012,86,77,0.0,10,10,0,f
28022,86,78,0.0,10,10,0,f
28032,86,79,7.0,9,9,0,f
28042,86,80,7.0,9,9,0,f
28052,86,81,7.0,10,10,0,f
28062,86,82,7.0,10,10,0,f
28072,86,83,7.0,10,10,0,f
28082,86,84,7.0,10,10,0,f
28092,86,85,7.0,10,10,0,f
28102,86,86,7.0,10,10,0,f
28112,86,87,7.0,10,10,0,f
28122,86,88,7.0,10,10,0,f
28132,86,89,7.0,10,10,0,f
6156,86,91,0.0,10,10,0,f
6166,86,92,0.0,10,10,0,f
6176,86,93,0.0,10,10,0,f
6186,86,94,0.0,10,10,0,f
6196,86,95,0.0,10,10,0,f
6206,86,96,0.0,10,10,0,f
6216,86,97,0.0,10,10,0,f
6226,86,98,1.0,10,10,0,f
6236,86,99,1.0,10,10,0,f
6246,86,100,1.0,10,10,0,f
6256,86,101,1.0,10,10,0,f
6266,86,102,1.0,10,10,0,f
6276,86,103,1.0,10,10,0,f
6286,86,104,1.0,10,10,0,f
6296,86,105,1.0,10,10,0,f
6306,86,106,1.0,10,10,0,f
6316,86,107,1.0,10,10,0,f
5988,86,108,0.0,7,7,0,f
5995,86,109,0.0,8,8,0,f
6004,86,110,0.0,10,10,0,f
6014,86,111,0.0,10,10,0,f
6024,86,112,0.0,10,10,0,f
6034,86,113,0.0,10,10,0,f
6044,86,114,0.0,10,10,0,f
6054,86,115,0.0,10,10,0,f
6064,86,116,0.0,10,10,0,f
6074,86,117,0.0,10,10,0,f
6084,86,118,0.0,10,10,0,f
6094,86,119,0.0,10,10,0,f
6104,86,120,0.0,10,10,0,f
6114,86,121,0.0,10,10,0,f
6124,86,122,0.0,10,10,0,f
6134,86,123,0.0,10,10,0,f
5804,86,124,2.0,5,5,0,f
5810,86,125,2.0,7,7,0,f
5821,86,126,2.0,7,7,0,f
5832,86,127,2.0,7,7,0,f
5843,86,128,2.0,7,7,0,f
5854,86,129,2.0,7,7,0,f
5865,86,130,2.0,8,8,0,f
5876,86,131,2.0,8,8,0,f
5887,86,132,2.0,8,8,0,f
5898,86,133,2.0,9,9,0,f
5909,86,134,2.0,9,9,0,f
5920,86,135,2.0,9,9,0,f
5931,86,136,2.0,9,9,0,f
5942,86,137,2.0,9,9,0,f
5953,86,138,2.0,9,9,0,f
5964,86,139,2.0,9,9,0,f
5975,86,140,2.0,9,9,0,f
5622,86,141,0.0,9,9,0,f
5632,86,142,0.0,11,11,0,f
5643,86,143,0.0,11,11,0,f
5654,86,144,0.0,11,11,0,f
5665,86,145,0.0,11,11,0,f
5676,86,146,0.0,11,11,0,f
5687,86,147,0.0,11,11,0,f
5698,86,148,0.0,11,11,0,f
5709,86,149,0.0,11,11,0,f
5720,86,150,0.0,11,11,0,f
5731,86,151,0.0,11,11,0,f
5742,86,152,0.0,11,11,0,f
5753,86,153,0.0,11,11,0,f
5764,86,154,0.0,11,11,0,f
5775,86,155,0.0,11,11,0,f
5786,86,156,0.0,11,11,0,f
5797,86,157,0.0,11,11,0,f
1458,86,158,0.0,5,5,0,f
1464,86,159,0.0,7,7,0,f
1472,86,160,0.0,10,10,0,f
1483,86,161,0.0,10,10,0,f
1494,86,162,0.0,10,10,0,f
1505,86,163,0.0,10,10,0,f
1516,86,164,0.0,10,10,0,f
1527,86,165,0.0,10,10,0,f
1538,86,166,0.0,10,10,0,f
1549,86,167,0.0,10,10,0,f
1560,86,168,0.0,10,10,0,f
1571,86,169,0.0,10,10,0,f
1582,86,170,0.0,10,10,0,f
1593,86,171,0.0,10,10,0,f
1604,86,172,0.0,10,10,0,f
1615,86,173,0.0,10,10,0,f
1626,86,174,0.0,10,10,0,f
5459,86,176,0.0,9,9,0,f
5468,86,177,0.0,11,11,0,f
5479,86,178,0.0,11,11,0,f
5490,86,179,0.0,11,11,0,f
5501,86,180,0.0,11,11,0,f
5512,86,181,0.0,11,11,0,f
5523,86,182,0.0,11,11,0,f
5534,86,183,0.0,11,11,0,f
5545,86,184,0.0,11,11,0,f
5556,86,185,0.0,11,11,0,f
5567,86,186,0.0,11,11,0,f
5578,86,187,0.0,11,11,0,f
5589,86,188,1.0,10,10,0,f
5600,86,189,1.0,10,10,0,f
5611,86,190,1.0,10,10,0,f
2079,86,193,0.0,10,10,0,f
2089,86,194,0.0,7,7,0,f
2100,86,195,0.0,8,8,0,f
2111,86,196,0.0,9,9,0,f
2122,86,197,0.0,9,9,0,f
2133,86,198,0.0,9,9,0,f
2144,86,199,0.0,9,9,0,f
2155,86,200,0.0,9,9,0,f
2166,86,201,0.0,9,9,0,f
2177,86,202,0.0,9,9,0,f
2188,86,203,0.0,10,10,0,f
2199,86,204,0.0,10,10,0,f
2210,86,205,0.0,10,10,0,f
2221,86,206,0.0,10,10,0,f
5256,86,207,0.0,7,7,0,f
5264,86,208,0.0,8,8,0,f
5274,86,209,0.0,9,9,0,f
5285,86,210,0.0,9,9,0,f
5296,86,211,0.0,10,10,0,f
25361,86,212,0.0,10,10,0,f
25373,86,213,0.0,11,11,0,f
25385,86,214,0.0,11,11,0,f
25397,86,215,0.0,11,11,0,f
25409,86,216,0.0,11,11,0,f
25421,86,217,0.0,11,11,0,f
25433,86,218,0.0,11,11,0,f
25445,86,219,0.0,11,11,0,f
25457,86,220,0.0,11,11,0,f
25469,86,221,0.0,11,11,0,f
25481,86,222,0.0,11,11,0,f
25493,86,223,0.0,11,11,0,f
2434,86,225,0.0,9,9,0,f
2445,86,226,0.0,11,11,0,f
2456,86,227,0.0,11,11,0,f
2467,86,228,0.0,10,10,0,f
2478,86,229,0.0,10,10,0,f
2489,86,230,0.0,10,10,0,f
2500,86,231,0.0,10,10,0,f
2511,86,232,0.0,10,10,0,f
2522,86,233,0.0,10,10,0,f
2533,86,234,0.0,10,10,0,f
2544,86,235,0.0,10,10,0,f
2555,86,236,0.0,10,10,0,f
2566,86,237,0.0,10,10,0,f
2577,86,238,0.0,10,10,0,f
2588,86,239,0.0,10,10,0,f
5066,86,242,0.0,12,12,0,f
5079,86,243,0.0,13,13,0,f
5092,86,244,0.0,9,9,0,f
5105,86,245,0.0,10,10,0,f
5118,86,246,0.0,10,10,0,f
5131,86,247,0.0,10,10,0,f
5144,86,248,0.0,10,10,0,f
5157,86,249,0.0,10,10,0,f
5170,86,250,0.0,10,10,0,f
5183,86,251,0.0,10,10,0,f
5196,86,252,0.0,10,10,0,f
5209,86,253,0.0,10,10,0,f
5222,86,254,0.0,10,10,0,f
5235,86,255,0.0,10,10,0,f
5248,86,256,1.0,10,10,0,f
25520,86,257,0.0,8,8,0,f
25534,86,258,0.0,10,10,0,f
25548,86,259,0.0,11,11,0,f
25562,86,260,1.0,10,10,0,f
25576,86,261,3.0,9,9,0,f
25590,86,262,3.0,9,9,0,f
25604,86,263,5.0,8,8,0,f
25618,86,264,5.0,8,8,0,f
25632,86,265,5.0,10,10,0,f
25646,86,266,5.0,10,10,0,f
25660,86,267,5.0,10,10,0,f
25674,86,268,5.0,10,10,0,f
25688,86,269,5.0,10,10,0,f
25702,86,270,5.0,10,10,0,f
25716,86,271,5.0,10,10,0,f
25506,86,272,5.0,10,10,0,f
4638,86,273,3.0,4,4,0,f
4645,86,274,3.0,6,6,0,f
4656,86,275,4.0,6,6,0,f
4668,86,276,5.0,7,7,0,f
4680,86,277,5.0,7,7,0,f
4692,86,278,7.0,6,6,0,f
4705,86,279,7.0,7,7,0,f
4718,86,280,7.0,7,7,0,f
4731,86,281,7.0,7,7,0,f
4744,86,282,7.0,7,7,0,f
4757,86,283,7.0,7,7,0,f
4770,86,284,7.0,7,7,0,f
4783,86,285,7.0,8,8,0,f
4796,86,286,7.0,8,8,0,f
4809,86,287,7.0,8,8,0,f
4822,86,288,7.0,8,8,0,f
3279,86,291,0.0,9,9,0,f
3320,86,292,0.0,10,10,0,f
3334,86,293,0.0,11,11,0,f
3348,86,294,0.0,10,10,0,f
3362,86,295,0.0,12,12,0,f
3376,86,296,0.0,12,12,0,f
3390,86,297,0.0,12,12,0,f
3405,86,298,0.0,12,12,0,f
3420,86,299,0.0,12,12,0,f
3435,86,300,0.0,12,12,0,f
3450,86,301,0.0,12,12,0,f
3465,86,302,0.0,12,12,0,f
3480,86,303,1.0,11,11,0,f
3495,86,304,1.0,12,12,0,f
8255,86,306,0.0,8,8,0,f
8273,86,307,3.0,7,7,0,f
8292,86,308,3.0,7,7,0,f
8311,86,309,3.0,8,8,0,f
8330,86,310,3.0,8,8,0,f
8349,86,311,3.0,8,8,0,f
8368,86,312,3.0,8,8,0,f
8387,86,313,3.0,8,8,0,f
8406,86,314,3.0,8,8,0,f
8425,86,315,3.0,8,8,0,f
8444,86,316,3.0,8,8,0,f
8463,86,317,6.0,7,7,0,f
8482,86,318,6.0,7,7,0,f
8501,86,319,6.0,7,7,0,f
8520,86,320,6.0,7,7,0,f
7629,86,321,0.0,6,6,0,f
7648,86,322,0.0,7,7,0,f
7667,86,323,0.0,8,8,0,f
7686,86,324,0.0,10,10,0,f
7705,86,325,0.0,10,10,0,f
7724,86,326,0.0,10,10,0,f
7743,86,327,0.0,11,11,0,f
7762,86,328,0.0,11,11,0,f
7781,86,329,0.0,11,11,0,f
7800,86,330,0.0,11,11,0,f
7819,86,331,0.0,11,11,0,f
7838,86,332,0.0,11,11,0,f
7857,86,333,0.0,11,11,0,f
7876,86,334,0.0,12,12,0,f
7895,86,335,0.0,12,12,0,f
7914,86,336,0.0,12,12,0,f
8237,86,305,0.0,8,8,0,f
8787,86,356,0.0,15,15,0,f
8807,86,357,0.0,16,16,0,f
8827,86,358,0.0,16,16,0,f
8847,86,359,0.0,16,16,0,f
8867,86,360,0.0,17,17,0,f
8887,86,361,0.0,18,18,0,f
8907,86,362,0.0,18,18,0,f
8927,86,363,3.0,13,13,0,f
8947,86,364,3.0,13,13,0,f
8967,86,365,3.0,13,13,0,f
8987,86,366,3.0,13,13,0,f
9007,86,367,3.0,13,13,0,f
9027,86,368,5.0,11,11,0,f
9047,86,369,5.0,11,11,0,f
9127,86,370,5.0,11,11,0,f
9147,86,371,6.0,11,11,0,f
9160,86,372,0.0,9,9,0,f
9178,86,373,0.0,8,8,0,f
9196,86,374,0.0,13,13,0,f
9214,86,375,0.0,13,13,0,f
9232,86,376,0.0,15,15,0,f
9250,86,377,1.0,9,9,0,f
9268,86,378,1.0,9,9,0,f
9286,86,379,1.0,10,10,0,f
9304,86,380,1.0,10,10,0,f
9322,86,381,1.0,10,10,0,f
9340,86,382,1.0,10,10,0,f
9358,86,383,1.0,10,10,0,f
9376,86,384,1.0,10,10,0,f
9394,86,385,1.0,10,10,0,f
9412,86,386,1.0,10,10,0,f
9430,86,387,1.0,10,10,0,f
9451,86,388,0.0,12,12,0,f
9464,86,389,0.0,13,13,0,f
9479,86,390,0.0,15,15,0,f
9494,86,391,0.0,15,15,0,f
9509,86,392,0.0,15,15,0,f
9524,86,393,0.0,15,15,0,f
9539,86,394,0.0,15,15,0,f
9554,86,395,0.0,15,15,0,f
9569,86,396,0.0,14,14,0,f
9584,86,397,0.0,14,14,0,f
9599,86,398,0.0,14,14,0,f
9615,86,399,0.0,14,14,0,f
9631,86,400,0.0,14,14,0,f
9647,86,401,0.0,14,14,0,f
9663,86,402,0.0,14,14,0,f
9679,86,403,0.0,14,14,0,f
9696,86,404,0.0,13,13,0,f
9709,86,405,0.0,13,13,0,f
9722,86,406,0.0,13,13,0,f
9735,86,407,0.0,13,13,0,f
9748,86,408,0.0,13,13,0,f
9761,86,409,0.0,13,13,0,f
9787,86,410,0.0,13,13,0,f
9800,86,411,0.0,13,13,0,f
9813,86,412,0.0,13,13,0,f
9826,86,413,0.0,13,13,0,f
9839,86,414,0.0,13,13,0,f
9852,86,415,0.0,13,13,0,f
9865,86,416,0.0,13,13,0,f
9879,86,417,0.0,13,13,0,f
9893,86,418,0.0,12,12,0,f
9907,86,419,0.0,12,12,0,f
9919,86,420,0.0,11,11,0,f
9933,86,421,0.0,13,13,0,f
9948,86,422,0.0,13,13,0,f
9963,86,423,0.0,15,15,0,f
9979,86,424,0.0,15,15,0,f
10027,86,425,0.0,15,15,0,f
10059,86,426,0.0,15,15,0,f
10075,86,427,0.0,15,15,0,f
10091,86,428,0.0,13,13,0,f
10107,86,429,0.0,13,13,0,f
10123,86,430,0.0,13,13,0,f
10139,86,431,0.0,13,13,0,f
10156,86,432,0.0,13,13,0,f
10173,86,433,0.0,13,13,0,f
10190,86,434,0.0,13,13,0,f
10207,86,435,0.0,11,11,0,f
27952,86,71,0.0,9,9,0,f
27962,86,72,0.0,9,9,0,f
27972,86,73,0.0,9,9,0,f
27982,86,74,0.0,9,9,0,f
28002,86,76,0.0,9,9,0,f
6144,53,90,0.0,7,7,0,f
6153,53,91,0.0,8,8,0,f
6163,53,92,1.0,7,7,0,f
6173,53,93,1.0,7,7,0,f
6183,53,94,1.0,7,7,0,f
6193,53,95,1.0,9,9,0,f
6203,53,96,3.0,8,8,0,f
6213,53,97,3.0,9,9,0,f
6223,53,98,3.0,9,9,0,f
6233,53,99,3.0,9,9,0,f
6243,53,100,4.0,9,9,0,f
6253,53,101,7.0,8,8,0,f
6263,53,102,7.0,8,8,0,f
6273,53,103,10.0,7,7,0,f
6283,53,104,10.0,7,7,0,f
6293,53,105,10.0,7,7,0,f
6303,53,106,10.0,7,7,0,f
6313,53,107,10.0,7,7,0,f
6007,53,110,0.0,8,8,0,f
6017,53,111,0.0,9,9,0,f
6027,53,112,2.0,9,9,0,f
6037,53,113,4.0,8,8,0,f
6047,53,114,4.0,8,8,0,f
6057,53,115,6.0,8,8,0,f
6067,53,116,9.0,8,8,0,f
6077,53,117,12.0,6,6,0,f
6087,53,118,12.0,6,6,0,f
6097,53,119,12.0,7,7,0,f
6107,53,120,15.0,6,6,0,f
6117,53,121,17.0,6,6,0,f
6127,53,122,18.0,7,7,0,f
6137,53,123,18.0,7,7,0,f
5803,53,124,3.0,4,4,0,f
5809,53,125,3.0,4,4,0,f
5820,53,126,3.0,5,5,0,f
5831,53,127,3.0,5,5,0,f
5842,53,128,3.0,6,6,0,f
5853,53,129,3.0,6,6,0,f
5864,53,130,3.0,7,7,0,f
5875,53,131,3.0,7,7,0,f
5886,53,132,3.0,7,7,0,f
5897,53,133,3.0,8,8,0,f
5908,53,134,3.0,8,8,0,f
5919,53,135,3.0,8,8,0,f
5930,53,136,3.0,8,8,0,f
5941,53,137,4.0,8,8,0,f
5952,53,138,8.0,6,6,0,f
5963,53,139,8.0,6,6,0,f
5974,53,140,8.0,7,7,0,f
5619,53,141,0.0,6,6,0,f
5629,53,142,0.0,8,8,0,f
5640,53,143,0.0,10,10,0,f
5651,53,144,0.0,10,10,0,f
5662,53,145,0.0,10,10,0,f
5673,53,146,0.0,9,9,0,f
5684,53,147,4.0,7,7,0,f
5695,53,148,5.0,7,7,0,f
5706,53,149,5.0,7,7,0,f
5717,53,150,5.0,7,7,0,f
5728,53,151,5.0,7,7,0,f
5739,53,152,5.0,8,8,0,f
5750,53,153,5.0,8,8,0,f
5761,53,154,5.0,8,8,0,f
5772,53,155,7.0,8,8,0,f
5783,53,156,9.0,8,8,0,f
5794,53,157,9.0,8,8,0,f
1478,53,160,0.0,9,9,0,f
1489,53,161,0.0,9,9,0,f
1500,53,162,0.0,9,9,0,f
1511,53,163,0.0,9,9,0,f
1522,53,164,3.0,7,7,0,f
1533,53,165,3.0,7,7,0,f
1544,53,166,3.0,7,7,0,f
1555,53,167,3.0,8,8,0,f
1566,53,168,3.0,9,9,0,f
1577,53,169,3.0,9,9,0,f
1588,53,170,3.0,9,9,0,f
1599,53,171,3.0,9,9,0,f
1610,53,172,3.0,9,9,0,f
1621,53,173,3.0,9,9,0,f
1632,53,174,4.0,9,9,0,f
5620,47,141,0.0,7,7,0,f
5630,47,142,0.0,9,9,0,f
5641,47,143,0.0,9,9,0,f
5652,47,144,0.0,9,9,0,f
5663,47,145,0.0,9,9,0,f
5674,47,146,0.0,10,10,0,f
5685,47,147,1.0,10,10,0,f
5696,47,148,3.0,8,8,0,f
5707,47,149,3.0,8,8,0,f
5718,47,150,3.0,8,8,0,f
5729,47,151,3.0,8,8,0,f
5740,47,152,4.0,9,9,0,f
5751,47,153,4.0,9,9,0,f
5762,47,154,4.0,9,9,0,f
5773,47,155,4.0,9,9,0,f
5784,47,156,4.0,9,9,0,f
5795,47,157,4.0,9,9,0,f
1459,47,158,0.0,6,6,0,f
1465,47,159,0.0,8,8,0,f
1473,47,160,0.0,11,11,0,f
1484,47,161,0.0,11,11,0,f
1495,47,162,0.0,11,11,0,f
1506,47,163,0.0,11,11,0,f
1517,47,164,0.0,11,11,0,f
1528,47,165,0.0,11,11,0,f
1539,47,166,0.0,11,11,0,f
1550,47,167,0.0,11,11,0,f
1561,47,168,0.0,11,11,0,f
1572,47,169,0.0,11,11,0,f
1583,47,170,0.0,11,11,0,f
1594,47,171,0.0,11,11,0,f
1605,47,172,0.0,11,11,0,f
1616,47,173,0.0,11,11,0,f
1627,47,174,0.0,11,11,0,f
5458,47,176,1.0,8,8,0,f
5467,47,177,1.0,8,8,0,f
5478,47,178,1.0,8,8,0,f
5489,47,179,2.0,7,7,0,f
5500,47,180,2.0,7,7,0,f
5511,47,181,2.0,7,7,0,f
5522,47,182,2.0,8,8,0,f
5533,47,183,2.0,8,8,0,f
5544,47,184,3.0,8,8,0,f
5555,47,185,3.0,8,8,0,f
5566,47,186,3.0,8,8,0,f
5577,47,187,3.0,8,8,0,f
5588,47,188,9.0,7,7,0,f
5599,47,189,9.0,7,7,0,f
5610,47,190,9.0,7,7,0,f
2061,47,191,0.0,7,7,0,f
2068,47,192,0.0,7,7,0,f
2076,47,193,0.0,7,7,0,f
2086,47,194,0.0,8,8,0,f
2097,47,195,0.0,9,9,0,f
2108,47,196,0.0,10,10,0,f
2119,47,197,0.0,11,11,0,f
2130,47,198,0.0,11,11,0,f
2141,47,199,0.0,11,11,0,f
2152,47,200,0.0,11,11,0,f
2163,47,201,0.0,11,11,0,f
2174,47,202,0.0,11,11,0,f
2185,47,203,1.0,9,9,0,f
2196,47,204,1.0,9,9,0,f
2207,47,205,1.0,9,9,0,f
2218,47,206,1.0,9,9,0,f
5253,47,207,2.0,4,4,0,f
5261,47,208,6.0,5,5,0,f
5271,47,209,6.0,5,5,0,f
5282,47,210,6.0,6,6,0,f
5293,47,211,9.0,5,5,0,f
25358,47,212,15.0,5,5,0,f
25370,47,213,16.0,5,5,0,f
25382,47,214,16.0,5,5,0,f
25394,47,215,16.0,5,5,0,f
25406,47,216,19.0,5,5,0,f
25418,47,217,20.0,5,5,0,f
25430,47,218,20.0,6,6,0,f
25442,47,219,20.0,6,6,0,f
25454,47,220,20.0,6,6,0,f
25466,47,221,21.0,6,6,0,f
25478,47,222,21.0,6,6,0,f
25490,47,223,21.0,6,6,0,f
5816,79,125,0.0,11,11,0,f
5827,79,126,0.0,11,11,0,f
5838,79,127,0.0,11,11,0,f
5849,79,128,1.0,9,9,0,f
5860,79,129,1.0,10,10,0,f
5871,79,130,2.0,10,10,0,f
5882,79,131,2.0,10,10,0,f
5893,79,132,2.0,10,10,0,f
5904,79,133,2.0,11,11,0,f
5915,79,134,2.0,11,11,0,f
5926,79,135,2.0,11,11,0,f
5937,79,136,2.0,11,11,0,f
5948,79,137,2.0,11,11,0,f
5959,79,138,2.0,11,11,0,f
5970,79,139,2.0,11,11,0,f
5981,79,140,2.0,11,11,0,f
5621,79,141,0.0,8,8,0,f
5631,79,142,0.0,6,6,0,f
5642,79,143,0.0,8,8,0,f
5653,79,144,0.0,8,8,0,f
5664,79,145,0.0,8,8,0,f
5675,79,146,1.0,7,7,0,f
5686,79,147,1.0,8,8,0,f
5697,79,148,1.0,9,9,0,f
5708,79,149,1.0,9,9,0,f
5719,79,150,1.0,9,9,0,f
5730,79,151,1.0,9,9,0,f
5741,79,152,1.0,10,10,0,f
5752,79,153,1.0,10,10,0,f
5763,79,154,1.0,10,10,0,f
5774,79,155,1.0,10,10,0,f
5785,79,156,1.0,10,10,0,f
5796,79,157,1.0,10,10,0,f
1467,79,159,0.0,6,6,0,f
1475,79,160,0.0,8,8,0,f
1486,79,161,0.0,8,8,0,f
1497,79,162,0.0,8,8,0,f
1508,79,163,1.0,8,8,0,f
1519,79,164,1.0,9,9,0,f
1530,79,165,3.0,9,9,0,f
1541,79,166,3.0,9,9,0,f
1552,79,167,3.0,9,9,0,f
1563,79,168,4.0,8,8,0,f
1574,79,169,4.0,8,8,0,f
1585,79,170,4.0,8,8,0,f
1596,79,171,7.0,7,7,0,f
1607,79,172,7.0,7,7,0,f
1618,79,173,7.0,7,7,0,f
1629,79,174,7.0,7,7,0,f
5450,79,175,1.0,6,6,0,f
5456,79,176,1.0,7,7,0,f
5465,79,177,1.0,7,7,0,f
5476,79,178,1.0,7,7,0,f
5487,79,179,1.0,8,8,0,f
5498,79,180,1.0,9,9,0,f
5509,79,181,1.0,9,9,0,f
5520,79,182,1.0,9,9,0,f
5531,79,183,1.0,9,9,0,f
5542,79,184,1.0,9,9,0,f
5553,79,185,1.0,9,9,0,f
5564,79,186,1.0,9,9,0,f
5575,79,187,1.0,9,9,0,f
5586,79,188,1.0,9,9,0,f
5597,79,189,1.0,9,9,0,f
5608,79,190,1.0,9,9,0,f
2090,79,194,0.0,9,9,0,f
2101,79,195,0.0,10,10,0,f
2112,79,196,4.0,5,5,0,f
2123,79,197,4.0,6,6,0,f
2134,79,198,4.0,6,6,0,f
2145,79,199,4.0,6,6,0,f
2156,79,200,4.0,6,6,0,f
2167,79,201,4.0,7,7,0,f
2178,79,202,4.0,7,7,0,f
2189,79,203,6.0,7,7,0,f
2200,79,204,6.0,7,7,0,f
2211,79,205,6.0,7,7,0,f
2222,79,206,6.0,7,7,0,f
5257,79,207,0.0,8,8,0,f
5265,79,208,0.0,9,9,0,f
5275,79,209,0.0,10,10,0,f
5286,79,210,0.0,10,10,0,f
5297,79,211,0.0,11,11,0,f
25362,79,212,0.0,11,11,0,f
25374,79,213,0.0,10,10,0,f
25386,79,214,0.0,10,10,0,f
25398,79,215,1.0,10,10,0,f
25410,79,216,1.0,10,10,0,f
25422,79,217,7.0,8,8,0,f
25434,79,218,7.0,8,8,0,f
25446,79,219,7.0,8,8,0,f
25458,79,220,7.0,8,8,0,f
25470,79,221,9.0,8,8,0,f
25482,79,222,9.0,8,8,0,f
25494,79,223,9.0,8,8,0,f
7631,79,321,0.0,8,8,0,f
7650,79,322,0.0,9,9,0,f
7669,79,323,0.0,11,11,0,f
7688,79,324,2.0,6,6,0,f
7707,79,325,2.0,7,7,0,f
7726,79,326,2.0,7,7,0,f
7745,79,327,2.0,8,8,0,f
7764,79,328,2.0,8,8,0,f
7783,79,329,2.0,8,8,0,f
7802,79,330,2.0,9,9,0,f
7821,79,331,2.0,9,9,0,f
7840,79,332,2.0,9,9,0,f
7859,79,333,2.0,9,9,0,f
7878,79,334,2.0,9,9,0,f
7897,79,335,2.0,9,9,0,f
7916,79,336,2.0,9,9,0,f
8776,79,356,2.0,5,5,0,f
8796,79,357,4.0,5,5,0,f
8816,79,358,4.0,6,6,0,f
8836,79,359,4.0,8,8,0,f
8856,79,360,8.0,5,5,0,f
8876,79,361,8.0,6,6,0,f
8896,79,362,8.0,7,7,0,f
8916,79,363,8.0,7,7,0,f
8936,79,364,9.0,6,6,0,f
8956,79,365,11.0,5,5,0,f
8976,79,366,12.0,5,5,0,f
8996,79,367,12.0,6,6,0,f
9016,79,368,12.0,6,6,0,f
9036,79,369,12.0,6,6,0,f
9116,79,370,13.0,6,6,0,f
9136,79,371,13.0,7,7,0,f
9155,79,372,3.0,4,4,0,f
9173,79,373,3.0,5,5,0,f
9191,79,374,6.0,4,4,0,f
9209,79,375,9.0,4,4,0,f
9227,79,376,9.0,4,4,0,f
9245,79,377,9.0,5,5,0,f
9263,79,378,9.0,5,5,0,f
9281,79,379,10.0,5,5,0,f
9299,79,380,10.0,5,5,0,f
9317,79,381,10.0,5,5,0,f
9335,79,382,13.0,6,6,0,f
9353,79,383,20.0,4,4,0,f
9371,79,384,23.0,4,4,0,f
9389,79,385,23.0,4,4,0,f
9407,79,386,23.0,4,4,0,f
9425,79,387,23.0,5,5,0,f
9448,79,388,0.0,9,9,0,f
9461,79,389,0.0,10,10,0,f
9476,79,390,3.0,6,6,0,f
9491,79,391,3.0,6,6,0,f
9506,79,392,4.0,6,6,0,f
9521,79,393,4.0,6,6,0,f
9536,79,394,6.0,5,5,0,f
9551,79,395,6.0,6,6,0,f
9566,79,396,7.0,7,7,0,f
9581,79,397,7.0,7,7,0,f
9596,79,398,7.0,7,7,0,f
9612,79,399,8.0,7,7,0,f
9628,79,400,8.0,7,7,0,f
9644,79,401,11.0,6,6,0,f
9660,79,402,11.0,6,6,0,f
9676,79,403,11.0,7,7,0,f
9690,79,404,0.0,7,7,0,f
9703,79,405,0.0,7,7,0,f
9716,79,406,0.0,9,9,0,f
9729,79,407,0.0,9,9,0,f
9742,79,408,0.0,9,9,0,f
9755,79,409,0.0,9,9,0,f
9781,79,410,0.0,9,9,0,f
9794,79,411,0.0,9,9,0,f
9807,79,412,0.0,9,9,0,f
9820,79,413,0.0,9,9,0,f
9833,79,414,0.0,9,9,0,f
9846,79,415,1.0,10,10,0,f
9859,79,416,1.0,10,10,0,f
9873,79,417,1.0,10,10,0,f
9887,79,418,1.0,10,10,0,f
9901,79,419,1.0,10,10,0,f
9916,79,420,0.0,8,8,0,f
9930,79,421,0.0,10,10,0,f
9945,79,422,6.0,5,5,0,f
9960,79,423,6.0,5,5,0,f
9976,79,424,6.0,6,6,0,f
10024,79,425,6.0,6,6,0,f
10056,79,426,6.0,7,7,0,f
10072,79,427,6.0,8,8,0,f
10088,79,428,9.0,8,8,0,f
10104,79,429,9.0,8,8,0,f
10120,79,430,9.0,8,8,0,f
10136,79,431,9.0,8,8,0,f
10153,79,432,9.0,8,8,0,f
10170,79,433,10.0,8,8,0,f
10187,79,434,13.0,7,7,0,f
10204,79,435,14.0,8,8,0,f
10219,79,436,1.0,6,6,0,f
10232,79,437,1.0,7,7,0,f
10247,79,438,1.0,9,9,0,f
10277,79,439,3.0,7,7,0,f
10292,79,440,3.0,7,7,0,f
10307,79,441,3.0,8,8,0,f
10322,79,442,3.0,9,9,0,f
10337,79,443,3.0,9,9,0,f
10352,79,444,3.0,9,9,0,f
10367,79,445,3.0,9,9,0,f
10382,79,446,3.0,9,9,0,f
10397,79,447,6.0,9,9,0,f
10412,79,448,6.0,9,9,0,f
10442,79,449,6.0,9,9,0,f
10457,79,450,6.0,9,9,0,f
10472,79,451,6.0,9,9,0,f
10486,79,452,1.0,5,5,0,f
10501,79,453,3.0,5,5,0,f
10516,79,454,3.0,6,6,0,f
10531,79,455,4.0,6,6,0,f
10546,79,456,4.0,6,6,0,f
10561,79,457,4.0,6,6,0,f
10576,79,458,4.0,7,7,0,f
10591,79,459,4.0,7,7,0,f
10606,79,460,4.0,8,8,0,f
10622,79,461,4.0,9,9,0,f
10638,79,462,4.0,9,9,0,f
10654,79,463,4.0,9,9,0,f
10670,79,464,4.0,10,10,0,f
10702,79,465,4.0,10,10,0,f
10718,79,466,4.0,10,10,0,f
10745,79,467,0.0,16,16,0,f
10762,79,468,0.0,10,10,0,f
10779,79,469,0.0,11,11,0,f
10796,79,470,0.0,11,11,0,f
10813,79,471,0.0,12,12,0,f
10830,79,472,0.0,13,13,0,f
10847,79,473,0.0,14,14,0,f
10864,79,474,2.0,12,12,0,f
10881,79,475,3.0,12,12,0,f
10898,79,476,3.0,12,12,0,f
10915,79,477,3.0,12,12,0,f
10932,79,478,4.0,11,11,0,f
10949,79,479,5.0,10,10,0,f
10966,79,480,5.0,10,10,0,f
10983,79,481,5.0,10,10,0,f
11034,79,482,5.0,10,10,0,f
11047,79,483,0.0,12,12,0,f
11063,79,484,4.0,3,3,0,f
11079,79,485,4.0,4,4,0,f
11095,79,486,10.0,3,3,0,f
11112,79,487,10.0,3,3,0,f
11129,79,488,10.0,5,5,0,f
11146,79,489,10.0,6,6,0,f
11163,79,490,10.0,8,8,0,f
11180,79,491,10.0,8,8,0,f
11214,79,492,10.0,8,8,0,f
11231,79,493,10.0,8,8,0,f
11248,79,494,10.0,8,8,0,f
11265,79,495,10.0,8,8,0,f
11282,79,496,10.0,8,8,0,f
11299,79,497,10.0,8,8,0,f
11314,79,498,0.0,10,10,0,f
11329,79,499,1.0,10,10,0,f
11344,79,500,2.0,10,10,0,f
11359,79,501,8.0,5,5,0,f
11374,79,502,8.0,5,5,0,f
11389,79,503,11.0,5,5,0,f
11404,79,504,11.0,5,5,0,f
11419,79,505,11.0,5,5,0,f
11434,79,506,11.0,5,5,0,f
11449,79,507,11.0,5,5,0,f
11464,79,508,11.0,6,6,0,f
11479,79,509,11.0,6,6,0,f
11494,79,510,11.0,6,6,0,f
11509,79,511,11.0,7,7,0,f
24003,79,513,0.0,7,7,0,f
24018,79,514,0.0,8,8,0,f
24033,79,515,0.0,10,10,0,f
24048,79,516,0.0,10,10,0,f
24064,79,517,2.0,7,7,0,f
24081,79,518,3.0,7,7,0,f
24098,79,519,3.0,8,8,0,f
24115,79,520,3.0,8,8,0,f
24132,79,521,4.0,8,8,0,f
24147,79,522,4.0,8,8,0,f
24164,79,523,5.0,8,8,0,f
24199,79,525,5.0,9,9,0,f
23459,79,528,0.0,11,11,0,f
23476,79,529,0.0,11,11,0,f
23495,79,530,1.0,10,10,0,f
23514,79,531,2.0,11,11,0,f
23533,79,532,2.0,11,11,0,f
23552,79,533,2.0,11,11,0,f
23571,79,534,8.0,6,6,0,f
23590,79,535,8.0,7,7,0,f
23609,79,536,8.0,7,7,0,f
23628,79,537,8.0,9,9,0,f
23647,79,538,8.0,9,9,0,f
23666,79,539,8.0,9,9,0,f
23685,79,540,8.0,9,9,0,f
23704,79,541,8.0,10,10,0,f
23723,79,542,11.0,10,10,0,f
23988,79,512,0.0,6,6,0,f
24181,79,524,5.0,9,9,0,f
24218,79,526,5.0,9,9,0,f
5623,34,141,0.0,10,10,0,f
5633,34,142,0.0,10,10,0,f
5644,34,143,1.0,7,7,0,f
5655,34,144,1.0,7,7,0,f
5666,34,145,1.0,7,7,0,f
5677,34,146,1.0,8,8,0,f
5688,34,147,1.0,9,9,0,f
5699,34,148,1.0,10,10,0,f
5710,34,149,1.0,10,10,0,f
5721,34,150,1.0,10,10,0,f
5732,34,151,1.0,10,10,0,f
5743,34,152,6.0,7,7,0,f
5754,34,153,6.0,7,7,0,f
5765,34,154,10.0,7,7,0,f
5776,34,155,10.0,7,7,0,f
5787,34,156,10.0,7,7,0,f
5798,34,157,10.0,7,7,0,f
1457,34,158,2.0,4,4,0,f
1463,34,159,8.0,2,2,0,f
1471,34,160,8.0,3,3,0,f
1482,34,161,8.0,4,4,0,f
1493,34,162,8.0,5,5,0,f
1504,34,163,10.0,4,4,0,f
1515,34,164,14.0,4,4,0,f
1526,34,165,18.0,3,3,0,f
1537,34,166,18.0,3,3,0,f
1548,34,167,18.0,4,4,0,f
1559,34,168,18.0,4,4,0,f
1570,34,169,18.0,4,4,0,f
1581,34,170,18.0,4,4,0,f
1592,34,171,20.0,4,4,0,f
1603,34,172,20.0,4,4,0,f
1614,34,173,20.0,4,4,0,f
1625,34,174,20.0,4,4,0,f
5448,34,175,3.0,4,4,0,f
5454,34,176,3.0,5,5,0,f
5463,34,177,5.0,6,6,0,f
5474,34,178,8.0,4,4,0,f
5485,34,179,8.0,5,5,0,f
5496,34,180,14.0,4,4,0,f
5507,34,181,14.0,5,5,0,f
5518,34,182,14.0,5,5,0,f
5529,34,183,16.0,5,5,0,f
5540,34,184,16.0,5,5,0,f
5551,34,185,16.0,5,5,0,f
5562,34,186,16.0,5,5,0,f
5573,34,187,16.0,6,6,0,f
5584,34,188,16.0,6,6,0,f
5595,34,189,16.0,6,6,0,f
5606,34,190,16.0,6,6,0,f
2059,34,191,0.0,5,5,0,f
2066,34,192,4.0,4,4,0,f
2074,34,193,7.0,4,4,0,f
2084,34,194,7.0,4,4,0,f
2095,34,195,10.0,4,4,0,f
2106,34,196,16.0,3,3,0,f
2117,34,197,25.0,3,3,0,f
2128,34,198,27.0,3,3,0,f
2139,34,199,32.0,3,3,0,f
2150,34,200,32.0,3,3,0,f
2161,34,201,32.0,3,3,0,f
2172,34,202,32.0,3,3,0,f
2183,34,203,32.0,4,4,0,f
2194,34,204,32.0,4,4,0,f
2205,34,205,33.0,4,4,0,f
2216,34,206,33.0,5,5,0,f
5252,34,207,3.0,3,3,0,f
5260,34,208,10.0,3,3,0,f
5270,34,209,11.0,4,4,0,f
5281,34,210,13.0,4,4,0,f
5292,34,211,13.0,4,4,0,f
25357,34,212,17.0,4,4,0,f
25369,34,213,23.0,3,3,0,f
25381,34,214,25.0,3,3,0,f
25393,34,215,35.0,3,3,0,f
25405,34,216,46.0,3,3,1,f
25417,34,217,46.0,3,3,1,f
25429,34,218,47.0,3,3,1,f
25441,34,219,53.0,3,3,1,f
25453,34,220,53.0,3,3,1,f
25465,34,221,62.0,3,3,1,f
25477,34,222,64.0,3,3,1,f
25489,34,223,67.0,3,3,1,f
2420,34,224,3.0,3,3,0,f
2428,34,225,9.0,2,2,0,f
2439,34,226,13.0,2,2,0,f
2450,34,227,13.0,3,3,0,f
2461,34,228,18.0,3,3,0,f
2472,34,229,18.0,3,3,0,f
2483,34,230,24.0,3,3,0,f
2494,34,231,28.0,3,3,0,f
2505,34,232,35.0,3,3,0,f
2516,34,233,41.0,2,2,0,f
2527,34,234,47.0,2,2,0,f
2538,34,235,51.0,2,2,0,f
2549,34,236,55.0,2,2,0,f
2560,34,237,61.0,2,2,0,f
2571,34,238,65.0,2,2,0,f
2582,34,239,68.0,3,3,0,f
5037,34,240,10.0,1,1,1,f
5045,34,241,17.0,1,1,1,f
5055,34,242,17.0,3,3,1,f
5068,34,243,33.0,1,1,2,f
5081,34,244,46.0,1,1,3,f
5094,34,245,48.0,1,1,3,f
5107,34,246,58.0,1,1,4,f
5120,34,247,68.0,1,1,5,f
5133,34,248,81.0,1,1,6,f
5146,34,249,84.0,1,1,6,f
5159,34,250,94.0,1,1,7,f
5172,34,251,104.0,1,1,8,f
5185,34,252,110.0,1,1,8,f
5198,34,253,122.0,1,1,9,f
5211,34,254,133.0,1,1,10,f
5224,34,255,147.0,1,1,11,f
5237,34,256,147.0,1,1,11,f
25513,34,257,10.0,1,1,1,f
25527,34,258,20.0,1,1,2,f
25541,34,259,30.0,1,1,3,f
25555,34,260,40.0,1,1,4,f
25569,34,261,46.0,1,1,4,f
25583,34,262,57.0,1,1,5,f
25597,34,263,67.0,1,1,6,f
25611,34,264,67.0,1,1,6,f
25625,34,265,67.0,1,1,6,f
25639,34,266,81.0,1,1,7,f
25653,34,267,85.0,1,1,7,f
25667,34,268,85.0,1,1,7,f
25681,34,269,87.0,2,2,7,f
25695,34,270,97.0,1,1,8,f
25709,34,271,103.0,2,2,8,f
25499,34,272,103.0,2,2,8,f
4649,34,274,4.0,4,4,0,f
4660,34,275,6.0,4,4,0,f
4672,34,276,12.0,3,3,0,f
4684,34,277,19.0,3,3,0,f
4696,34,278,19.0,3,3,0,f
4709,34,279,25.0,3,3,0,f
4722,34,280,29.0,3,3,0,f
4735,34,281,39.0,3,3,0,f
4748,34,282,47.0,3,3,0,f
4761,34,283,53.0,3,3,0,f
4774,34,284,60.0,2,2,0,f
4787,34,285,62.0,2,2,0,f
4800,34,286,72.0,2,2,1,f
4813,34,287,72.0,3,3,1,f
4826,34,288,72.0,3,3,1,f
3249,34,289,3.0,3,3,0,f
3258,34,290,7.0,3,3,0,f
3269,34,291,11.0,2,2,0,f
3310,34,292,17.0,2,2,0,f
3324,34,293,20.0,2,2,0,f
3338,34,294,25.0,3,3,0,f
3352,34,295,31.0,3,3,0,f
3366,34,296,35.0,3,3,0,f
3380,34,297,42.0,2,2,0,f
3395,34,298,49.0,2,2,0,f
3410,34,299,51.0,3,3,0,f
3425,34,300,64.0,2,2,1,f
3440,34,301,74.0,2,2,1,f
3455,34,302,77.0,3,3,1,f
3470,34,303,81.0,3,3,1,f
3485,34,304,91.0,3,3,1,f
8420,34,315,30.0,4,4,1,f
8439,34,316,33.0,4,4,1,f
8458,34,317,36.0,4,4,1,f
8477,34,318,37.0,4,4,1,f
8496,34,319,37.0,4,4,1,f
8515,34,320,38.5,4,4,1,f
7627,34,321,3.0,4,4,0,f
7646,34,322,4.0,5,5,0,f
7665,34,323,10.0,4,4,0,f
7684,34,324,10.0,5,5,0,f
7703,34,325,16.0,4,4,0,f
7722,34,326,20.0,4,4,0,f
7741,34,327,23.0,3,3,0,f
7760,34,328,25.0,4,4,0,f
7779,34,329,31.0,3,3,0,f
7798,34,330,35.0,4,4,0,f
7817,34,331,40.0,4,4,0,f
7836,34,332,40.0,4,4,0,f
7855,34,333,43.0,4,4,0,f
7874,34,334,47.0,4,4,0,f
7893,34,335,62.0,3,3,1,f
7912,34,336,71.0,3,3,2,f
8232,34,305,4.0,4,4,0,f
8250,34,306,6.0,4,4,0,f
8268,34,307,6.0,4,4,0,f
8287,34,308,9.0,4,4,0,f
8306,34,309,19.0,2,2,1,f
8325,34,310,21.0,3,3,1,f
8344,34,311,21.0,4,4,1,f
8363,34,312,23.0,4,4,1,f
8382,34,313,23.0,4,4,1,f
8401,34,314,23.0,4,4,1,f
8775,34,356,4.0,4,4,0,f
8795,34,357,8.0,3,3,0,f
8815,34,358,8.0,3,3,0,f
8835,34,359,11.0,2,2,0,f
8855,34,360,13.0,3,3,0,f
8875,34,361,13.0,3,3,0,f
8895,34,362,13.0,4,4,0,f
8915,34,363,17.0,4,4,0,f
8935,34,364,17.0,4,4,0,f
8955,34,365,17.0,4,4,0,f
8975,34,366,19.0,4,4,0,f
8995,34,367,19.0,4,4,0,f
9015,34,368,22.0,4,4,0,f
9035,34,369,22.0,4,4,0,f
9115,34,370,31.0,4,4,1,f
9135,34,371,39.0,4,4,1,f
9156,34,372,0.0,5,5,0,f
9174,34,373,4.0,4,4,0,f
9192,34,374,4.0,5,5,0,f
9210,34,375,4.0,5,5,0,f
9228,34,376,8.0,5,5,0,f
9246,34,377,12.0,3,3,0,f
9264,34,378,13.0,4,4,0,f
9282,34,379,17.0,3,3,0,f
9300,34,380,18.0,3,3,0,f
9318,34,381,22.0,3,3,0,f
9336,34,382,22.0,3,3,0,f
9354,34,383,23.0,3,3,0,f
9372,34,384,27.0,3,3,0,f
9390,34,385,31.0,3,3,0,f
9408,34,386,37.0,3,3,0,f
9426,34,387,39.0,3,3,0,f
9443,34,388,2.0,4,4,0,f
9456,34,389,2.0,6,6,0,f
9471,34,390,2.0,8,8,0,f
9486,34,391,2.0,9,9,0,f
9501,34,392,2.0,9,9,0,f
9516,34,393,4.0,7,7,0,f
9531,34,394,5.0,6,6,0,f
9546,34,395,5.0,7,7,0,f
9561,34,396,8.0,6,6,0,f
9576,34,397,15.0,5,5,0,f
9591,34,398,17.0,5,5,0,f
9607,34,399,20.0,5,5,0,f
9623,34,400,20.0,5,5,0,f
9639,34,401,22.0,5,5,0,f
9655,34,402,24.0,5,5,0,f
9671,34,403,28.0,5,5,0,f
9688,34,404,1.0,5,5,0,f
9701,34,405,4.0,5,5,0,f
9714,34,406,8.0,4,4,0,f
9727,34,407,8.0,5,5,0,f
9740,34,408,8.0,6,6,0,f
9753,34,409,8.0,6,6,0,f
9779,34,410,8.0,6,6,0,f
9792,34,411,8.0,6,6,0,f
9805,34,412,8.0,6,6,0,f
9818,34,413,8.0,6,6,0,f
9831,34,414,8.0,6,6,0,f
9844,34,415,8.0,6,6,0,f
9857,34,416,10.0,6,6,0,f
9871,34,417,10.0,6,6,0,f
9885,34,418,19.0,6,6,1,f
9899,34,419,19.0,6,6,1,f
4038,92,1,18.0,1,1,1,f
8532,92,2,25.0,1,1,2,f
8562,92,3,36.0,1,1,2,f
8582,92,4,50.0,1,1,3,f
8592,92,5,68.0,1,1,4,f
8672,92,6,86.0,1,1,5,f
8642,92,7,96.0,1,1,6,f
8662,92,8,105.0,1,1,6,f
8682,92,9,112.0,1,1,6,f
8692,92,10,114.0,1,1,6,f
8702,92,11,126.0,1,1,7,f
8712,92,12,128.0,1,1,7,f
8722,92,13,146.0,1,1,8,f
8732,92,14,153.0,1,1,8,f
8752,92,15,156.0,1,1,8,f
8762,92,16,161.0,1,1,8,f
13918,92,17,172.0,1,1,8,f
5449,4,175,2.0,5,5,0,f
5455,4,176,2.0,6,6,0,f
5464,4,177,6.0,5,5,0,f
5475,4,178,6.0,6,6,0,f
5486,4,179,6.0,6,6,0,f
5497,4,180,8.0,6,6,0,f
5508,4,181,12.0,6,6,0,f
5519,4,182,12.0,6,6,0,f
5530,4,183,12.0,6,6,0,f
5541,4,184,12.0,6,6,0,f
5552,4,185,14.0,6,6,0,f
5563,4,186,14.0,6,6,0,f
5574,4,187,17.0,5,5,0,f
5585,4,188,31.0,5,5,1,f
5596,4,189,36.0,4,4,1,f
5607,4,190,36.0,4,4,1,f
2069,4,192,0.0,8,8,0,f
2077,4,193,0.0,8,8,0,f
2087,4,194,0.0,10,10,0,f
2098,4,195,2.0,6,6,0,f
2109,4,196,2.0,7,7,0,f
2120,4,197,5.0,5,5,0,f
2131,4,198,5.0,5,5,0,f
2142,4,199,5.0,5,5,0,f
2153,4,200,5.0,5,5,0,f
2164,4,201,5.0,6,6,0,f
2175,4,202,5.0,6,6,0,f
2186,4,203,5.0,8,8,0,f
2197,4,204,5.0,8,8,0,f
2208,4,205,5.0,8,8,0,f
2219,4,206,5.0,8,8,0,f
5278,4,209,0.0,11,11,0,f
5289,4,210,0.0,11,11,0,f
5300,4,211,6.0,7,7,0,f
25363,4,212,6.0,7,7,0,f
25375,4,213,6.0,8,8,0,f
25387,4,214,6.0,8,8,0,f
25399,4,215,6.0,8,8,0,f
25411,4,216,6.0,8,8,0,f
25423,4,217,6.0,9,9,0,f
25435,4,218,6.0,9,9,0,f
25447,4,219,6.0,9,9,0,f
25459,4,220,6.0,9,9,0,f
25471,4,221,6.0,9,9,0,f
25483,4,222,6.0,9,9,0,f
25495,4,223,6.0,9,9,0,f
2078,95,193,0.0,9,9,0,f
2088,95,194,0.0,11,11,0,f
2099,95,195,0.0,11,11,0,f
2110,95,196,0.0,11,11,0,f
2121,95,197,0.0,10,10,0,f
2132,95,198,0.0,10,10,0,f
2143,95,199,0.0,10,10,0,f
2154,95,200,0.0,10,10,0,f
2165,95,201,0.0,10,10,0,f
2176,95,202,0.0,10,10,0,f
2187,95,203,0.0,11,11,0,f
2198,95,204,0.0,11,11,0,f
2209,95,205,0.0,11,11,0,f
2220,95,206,0.0,11,11,0,f
5267,95,208,0.0,10,10,0,f
5277,95,209,0.0,8,8,0,f
5288,95,210,0.0,8,8,0,f
5299,95,211,2.0,9,9,0,f
25364,95,212,2.0,9,9,0,f
25376,95,213,2.0,9,9,0,f
25388,95,214,2.0,9,9,0,f
25400,95,215,2.0,9,9,0,f
25412,95,216,2.0,9,9,0,f
25424,95,217,2.0,10,10,0,f
25436,95,218,2.0,10,10,0,f
25448,95,219,2.0,10,10,0,f
25460,95,220,2.0,10,10,0,f
25472,95,221,2.0,10,10,0,f
25484,95,222,2.0,10,10,0,f
25496,95,223,2.0,10,10,0,f
2422,95,224,1.0,5,5,0,f
2430,95,225,3.0,5,5,0,f
2441,95,226,3.0,6,6,0,f
2452,95,227,3.0,6,6,0,f
2463,95,228,3.0,6,6,0,f
2474,95,229,5.0,8,8,0,f
2485,95,230,5.0,8,8,0,f
2496,95,231,5.0,8,8,0,f
2507,95,232,5.0,8,8,0,f
2518,95,233,5.0,8,8,0,f
2529,95,234,5.0,8,8,0,f
2540,95,235,5.0,8,8,0,f
2551,95,236,5.0,8,8,0,f
2562,95,237,5.0,8,8,0,f
2573,95,238,5.0,8,8,0,f
2584,95,239,5.0,8,8,0,f
5041,95,240,0.0,5,5,0,f
5049,95,241,0.0,7,7,0,f
5059,95,242,0.0,7,7,0,f
5072,95,243,0.0,8,8,0,f
5085,95,244,0.0,8,8,0,f
5098,95,245,0.0,9,9,0,f
5111,95,246,0.0,9,9,0,f
5124,95,247,0.0,9,9,0,f
5137,95,248,0.0,9,9,0,f
5150,95,249,0.0,9,9,0,f
5163,95,250,0.0,9,9,0,f
5176,95,251,2.0,8,8,0,f
5189,95,252,2.0,8,8,0,f
5202,95,253,2.0,8,8,0,f
5215,95,254,2.0,8,8,0,f
5228,95,255,3.0,8,8,0,f
5241,95,256,5.0,9,9,0,f
25517,95,257,2.0,5,5,0,f
25531,95,258,2.0,7,7,0,f
25545,95,259,4.0,7,7,0,f
25559,95,260,4.0,7,7,0,f
25573,95,261,8.0,6,6,0,f
25587,95,262,8.0,6,6,0,f
25601,95,263,8.0,7,7,0,f
25615,95,264,9.0,7,7,0,f
25629,95,265,9.0,8,8,0,f
25643,95,266,11.0,7,7,0,f
25657,95,267,13.0,6,6,0,f
25671,95,268,13.0,6,6,0,f
25685,95,269,13.0,6,6,0,f
25699,95,270,13.0,6,6,0,f
25713,95,271,13.0,6,6,0,f
25503,95,272,13.0,7,7,0,f
4701,95,278,0.0,13,13,0,f
4727,95,280,0.0,13,13,0,f
4714,95,279,0.0,13,13,0,f
4740,95,281,0.0,13,13,0,f
4753,95,282,0.0,13,13,0,f
4766,95,283,0.0,13,13,0,f
4779,95,284,0.0,13,13,0,f
4792,95,285,0.0,13,13,0,f
4805,95,286,0.0,13,13,0,f
4818,95,287,0.0,13,13,0,f
4831,95,288,0.0,13,13,0,f
3265,95,290,2.0,4,4,0,f
3276,95,291,2.0,5,5,0,f
3317,95,292,2.0,6,6,0,f
3331,95,293,2.0,6,6,0,f
3345,95,294,2.0,6,6,0,f
3359,95,295,4.0,6,6,0,f
3373,95,296,4.0,7,7,0,f
3387,95,297,4.0,7,7,0,f
3402,95,298,4.0,7,7,0,f
3417,95,299,4.0,7,7,0,f
3432,95,300,4.0,7,7,0,f
3447,95,301,5.0,7,7,0,f
3462,95,302,5.0,7,7,0,f
3477,95,303,8.0,6,6,0,f
3492,95,304,8.0,6,6,0,f
8288,95,308,5.0,6,6,0,f
8307,95,309,11.0,5,5,0,f
8326,95,310,11.0,5,5,0,f
8345,95,311,11.0,5,5,0,f
8364,95,312,11.0,5,5,0,f
8383,95,313,11.0,6,6,0,f
8402,95,314,11.0,6,6,0,f
8421,95,315,11.0,6,6,0,f
8440,95,316,11.0,6,6,0,f
8459,95,317,11.0,6,6,0,f
8478,95,318,11.0,6,6,0,f
8497,95,319,12.0,6,6,0,f
8516,95,320,12.0,6,6,0,f
7625,95,321,7.0,2,2,0,f
7644,95,322,7.0,3,3,0,f
7663,95,323,8.0,5,5,0,f
7682,95,324,14.0,4,4,0,f
7701,95,325,14.0,5,5,0,f
7720,95,326,14.0,5,5,0,f
7739,95,327,14.0,5,5,0,f
7758,95,328,14.0,5,5,0,f
7777,95,329,14.0,5,5,0,f
7796,95,330,14.0,5,5,0,f
7815,95,331,14.0,5,5,0,f
7834,95,332,15.0,5,5,0,f
7853,95,333,15.0,5,5,0,f
7872,95,334,15.0,5,5,0,f
7891,95,335,16.0,5,5,0,f
7910,95,336,16.0,5,5,0,f
8233,95,305,5.0,3,3,0,f
8251,95,306,5.0,5,5,0,f
8269,95,307,5.0,5,5,0,f
8777,95,356,0.0,6,6,0,f
8797,95,357,1.0,7,7,0,f
8817,95,358,3.0,9,9,0,f
8837,95,359,7.0,5,5,0,f
8857,95,360,7.0,6,6,0,f
8877,95,361,7.0,7,7,0,f
8897,95,362,10.0,5,5,0,f
8917,95,363,10.0,5,5,0,f
8937,95,364,10.0,5,5,0,f
8957,95,365,10.0,6,6,0,f
8977,95,366,10.0,6,6,0,f
8997,95,367,12.0,5,5,0,f
9017,95,368,13.0,5,5,0,f
9037,95,369,16.0,5,5,0,f
9117,95,370,16.0,5,5,0,f
9137,95,371,16.0,5,5,0,f
9159,95,372,0.0,8,8,0,f
9177,95,373,0.0,11,11,0,f
9195,95,374,2.0,6,6,0,f
9213,95,375,2.0,6,6,0,f
9231,95,376,3.0,6,6,0,f
9249,95,377,5.0,6,6,0,f
9267,95,378,5.0,6,6,0,f
9285,95,379,5.0,8,8,0,f
9303,95,380,5.0,8,8,0,f
9321,95,381,5.0,8,8,0,f
9339,95,382,5.0,8,8,0,f
9357,95,383,5.0,8,8,0,f
9375,95,384,5.0,8,8,0,f
9393,95,385,5.0,8,8,0,f
9411,95,386,5.0,8,8,0,f
9429,95,387,5.0,8,8,0,f
9446,95,388,0.0,7,7,0,f
9459,95,389,0.0,7,7,0,f
9474,95,390,0.0,10,10,0,f
9489,95,391,2.0,8,8,0,f
9504,95,392,2.0,8,8,0,f
9519,95,393,3.0,8,8,0,f
9534,95,394,3.0,8,8,0,f
9549,95,395,8.0,5,5,0,f
9564,95,396,8.0,5,5,0,f
9579,95,397,8.0,6,6,0,f
9594,95,398,8.0,6,6,0,f
9610,95,399,8.0,6,6,0,f
9626,95,400,8.0,6,6,0,f
9642,95,401,8.0,8,8,0,f
9658,95,402,8.0,8,8,0,f
9674,95,403,11.0,6,6,0,f
9687,95,404,2.0,4,4,0,f
9700,95,405,2.0,6,6,0,f
9713,95,406,2.0,7,7,0,f
9726,95,407,2.0,7,7,0,f
9739,95,408,2.0,7,7,0,f
9752,95,409,2.0,7,7,0,f
9778,95,410,2.0,7,7,0,f
9791,95,411,2.0,7,7,0,f
9804,95,412,5.0,7,7,0,f
9817,95,413,5.0,7,7,0,f
9830,95,414,6.0,7,7,0,f
9843,95,415,6.0,7,7,0,f
9856,95,416,6.0,8,8,0,f
9870,95,417,6.0,8,8,0,f
9884,95,418,6.0,8,8,0,f
9898,95,419,11.0,7,7,0,f
9914,95,420,0.0,6,6,0,f
9928,95,421,1.0,6,6,0,f
9943,95,422,1.0,7,7,0,f
9958,95,423,1.0,8,8,0,f
9974,95,424,1.0,8,8,0,f
10022,95,425,4.0,8,8,0,f
10054,95,426,4.0,9,9,0,f
10070,95,427,4.0,9,9,0,f
10086,95,428,4.0,9,9,0,f
10102,95,429,4.0,9,9,0,f
10118,95,430,4.0,9,9,0,f
10134,95,431,4.0,9,9,0,f
10151,95,432,4.0,9,9,0,f
10168,95,433,4.0,9,9,0,f
10185,95,434,4.0,9,9,0,f
10202,95,435,7.0,9,9,0,f
10240,95,437,0.0,12,12,0,f
10255,95,438,0.0,13,13,0,f
10285,95,439,0.0,13,13,0,f
10300,95,440,0.0,14,14,0,f
10315,95,441,0.0,15,15,0,f
10330,95,442,0.0,15,15,0,f
10345,95,443,0.0,15,15,0,f
10360,95,444,0.0,15,15,0,f
10375,95,445,0.0,15,15,0,f
10390,95,446,0.0,15,15,0,f
10405,95,447,0.0,15,15,0,f
10420,95,448,0.0,15,15,0,f
10450,95,449,0.0,15,15,0,f
10465,95,450,0.0,15,15,0,f
10480,95,451,0.0,15,15,0,f
10489,95,452,0.0,8,8,0,f
10504,95,453,0.0,9,9,0,f
10519,95,454,0.0,9,9,0,f
10534,95,455,0.0,9,9,0,f
10549,95,456,2.0,7,7,0,f
10564,95,457,2.0,7,7,0,f
10579,95,458,11.0,6,6,1,f
10594,95,459,11.0,6,6,1,f
10609,95,460,11.0,6,6,1,f
10625,95,461,11.0,6,6,1,f
10641,95,462,11.0,6,6,1,f
10657,95,463,12.0,6,6,1,f
10673,95,464,12.0,6,6,1,f
10705,95,465,12.0,6,6,1,f
10721,95,466,12.0,7,7,1,f
10733,95,467,0.0,4,4,0,f
10750,95,468,3.0,5,5,0,f
10767,95,469,6.0,5,5,0,f
10784,95,470,10.0,5,5,0,f
10801,95,471,10.0,5,5,0,f
10818,95,472,10.0,7,7,0,f
10835,95,473,10.0,8,8,0,f
10852,95,474,10.0,8,8,0,f
10869,95,475,10.0,8,8,0,f
10886,95,476,10.0,8,8,0,f
10903,95,477,11.0,8,8,0,f
10920,95,478,14.0,7,7,0,f
10937,95,479,14.0,8,8,0,f
10954,95,480,14.0,8,8,0,f
10971,95,481,16.0,8,8,0,f
11022,95,482,25.0,7,7,1,f
11039,95,483,2.0,4,4,0,f
11055,95,484,2.0,7,7,0,f
11071,95,485,2.0,8,8,0,f
11087,95,486,2.0,9,9,0,f
11104,95,487,3.0,10,10,0,f
11121,95,488,5.0,8,8,0,f
11138,95,489,5.0,9,9,0,f
11155,95,490,5.0,9,9,0,f
11172,95,491,8.0,9,9,0,f
11206,95,492,10.0,9,9,0,f
11223,95,493,10.0,9,9,0,f
11240,95,494,10.0,9,9,0,f
11257,95,495,10.0,9,9,0,f
11274,95,496,10.0,9,9,0,f
11291,95,497,10.0,10,10,0,f
11308,95,498,3.0,4,4,0,f
11323,95,499,3.0,6,6,0,f
11338,95,500,3.0,7,7,0,f
11353,95,501,3.0,9,9,0,f
11368,95,502,5.0,9,9,0,f
11383,95,503,5.0,9,9,0,f
11398,95,504,5.0,9,9,0,f
11413,95,505,10.0,6,6,0,f
11428,95,506,10.0,6,6,0,f
11443,95,507,10.0,6,6,0,f
11458,95,508,12.0,5,5,0,f
11473,95,509,12.0,5,5,0,f
11488,95,510,12.0,5,5,0,f
11503,95,511,12.0,6,6,0,f
23983,95,512,0.0,11,11,0,f
23998,95,513,3.0,4,4,0,f
24013,95,514,7.0,4,4,0,f
24028,95,515,8.0,4,4,0,f
24093,95,519,17.0,4,4,0,f
24110,95,520,21.0,5,5,0,f
24152,95,522,21.0,5,5,0,f
24169,95,523,21.0,5,5,0,f
24186,95,524,22.0,5,5,0,f
24204,95,525,24.0,5,5,0,f
24223,95,526,28.0,5,5,0,f
23440,95,527,4.0,3,3,0,f
23456,95,528,5.0,5,5,0,f
23473,95,529,11.0,3,3,0,f
23492,95,530,15.0,3,3,0,f
23511,95,531,24.0,2,2,1,f
23530,95,532,25.0,2,2,1,f
23549,95,533,25.0,2,2,1,f
23568,95,534,25.0,3,3,1,f
23587,95,535,25.0,3,3,1,f
23606,95,536,28.0,4,4,1,f
23625,95,537,30.0,4,4,1,f
23644,95,538,36.0,3,3,1,f
23663,95,539,36.0,4,4,1,f
23682,95,540,36.0,4,4,1,f
23701,95,541,36.0,4,4,1,f
23720,95,542,38.0,4,4,1,f
23156,95,543,0.0,11,11,0,f
23167,95,544,0.0,12,12,0,f
23180,95,545,4.0,6,6,0,f
23193,95,546,7.0,7,7,0,f
23207,95,547,7.0,7,7,0,f
23223,95,548,7.0,7,7,0,f
23239,95,549,11.0,5,5,0,f
23255,95,550,14.0,5,5,0,f
23271,95,551,14.0,6,6,0,f
23287,95,552,14.0,6,6,0,f
23305,95,553,14.0,6,6,0,f
23323,95,554,16.0,6,6,0,f
23341,95,555,16.0,7,7,0,f
23359,95,556,17.0,7,7,0,f
23379,95,557,17.0,7,7,0,f
23399,95,558,23.0,6,6,0,f
23419,95,559,27.0,6,6,0,f
22851,95,560,6.0,2,2,0,f
22864,95,561,9.0,2,2,0,f
22881,95,562,13.0,2,2,0,f
22903,95,563,13.0,3,3,0,f
22922,95,564,16.0,3,3,0,f
22941,95,565,22.0,2,2,0,f
22960,95,566,31.0,2,2,1,f
22974,95,567,37.0,2,2,1,f
22993,95,568,43.0,2,2,1,f
23017,95,569,49.0,2,2,1,f
23036,95,570,49.0,2,2,1,f
23055,95,571,51.0,3,3,1,f
23074,95,572,53.0,2,2,1,f
23093,95,573,59.0,3,3,1,f
23112,95,574,65.0,3,3,1,f
23131,95,575,71.0,3,3,1,f
22457,95,576,2.0,5,5,0,f
22471,95,577,2.0,5,5,0,f
22486,95,578,11.0,3,3,1,f
22502,95,579,11.0,3,3,1,f
22519,95,580,13.0,4,4,1,f
22536,95,581,19.0,4,4,1,f
22704,95,582,19.0,4,4,1,f
22721,95,583,19.0,4,4,1,f
22739,95,584,20.0,5,5,1,f
22757,95,585,24.0,5,5,1,f
22776,95,586,24.0,5,5,1,f
22795,95,587,24.0,5,5,1,f
22815,95,588,24.0,5,5,1,f
22835,95,589,25.0,5,5,1,f
22215,95,590,1.0,4,4,0,f
22226,95,591,1.0,6,6,0,f
22237,95,592,4.0,6,6,0,f
22249,95,593,6.0,5,5,0,f
22263,95,594,10.0,4,4,0,f
22279,95,595,16.0,3,3,0,f
22295,95,596,25.0,3,3,1,f
22311,95,597,27.0,3,3,1,f
22327,95,598,30.0,3,3,1,f
22343,95,599,39.0,3,3,2,f
22361,95,600,45.0,3,3,2,f
22379,95,601,45.0,3,3,2,f
22397,95,602,49.0,3,3,2,f
22415,95,603,51.0,3,3,2,f
22435,95,604,52.0,3,3,2,f
22036,95,605,6.0,2,2,0,f
21880,95,606,12.0,2,2,0,f
22045,95,607,21.0,2,2,1,f
22055,95,608,27.0,2,2,1,f
22065,95,609,36.0,1,1,2,f
22076,95,610,39.0,1,1,3,f
22087,95,611,43.0,1,1,3,f
22122,95,612,51.0,2,2,3,f
22134,95,613,53.0,2,2,3,f
22146,95,614,62.0,1,1,4,f
22158,95,615,71.0,1,1,5,f
22170,95,616,77.0,1,1,5,f
22182,95,617,80.0,1,1,5,f
22194,95,618,82.0,2,2,5,f
22206,95,619,82.0,2,2,5,f
21901,95,620,9.0,1,1,1,f
21911,95,621,9.0,2,2,1,f
21920,95,622,9.0,4,4,1,f
21929,95,623,12.0,4,4,1,f
21948,95,624,18.0,4,4,1,f
21958,95,625,27.0,2,2,2,f
21968,95,626,33.0,2,2,2,f
21979,95,627,33.0,2,2,2,f
21990,95,628,33.0,3,3,2,f
22002,95,629,33.0,3,3,2,f
22014,95,630,42.0,3,3,3,f
22026,95,631,51.0,2,2,4,f
21677,95,632,6.0,2,2,0,f
21687,95,633,15.0,2,2,1,f
21697,95,634,24.0,1,1,2,f
21703,95,635,24.0,2,2,2,f
21714,95,636,33.0,1,1,3,f
21729,95,637,42.0,1,1,4,f
21740,95,638,51.0,1,1,5,f
21747,95,639,51.0,1,1,5,f
21758,95,640,55.0,1,1,5,f
21770,95,641,64.0,1,1,6,f
21786,95,642,73.0,1,1,7,f
21647,95,653,0.0,11,11,0,f
21658,95,654,0.0,11,11,0,f
21670,95,655,0.0,11,11,0,f
24043,95,516,11.0,4,4,0,f
24059,95,517,15.0,4,4,0,f
24076,95,518,15.0,4,4,0,f
24127,95,521,21.0,5,5,0,f
25366,6,212,0.0,12,12,0,f
25378,6,213,0.0,12,12,0,f
25390,6,214,0.0,12,12,0,f
25402,6,215,0.0,12,12,0,f
25414,6,216,0.0,12,12,0,f
25426,6,217,0.0,12,12,0,f
25438,6,218,0.0,12,12,0,f
25450,6,219,0.0,12,12,0,f
25462,6,220,0.0,12,12,0,f
25474,6,221,0.0,12,12,0,f
25486,6,222,0.0,12,12,0,f
25498,6,223,0.0,12,12,0,f
4652,6,274,0.0,11,11,0,f
4663,6,275,0.0,12,12,0,f
4675,6,276,0.0,11,11,0,f
4687,6,277,0.0,11,11,0,f
4699,6,278,0.0,11,11,0,f
4712,6,279,0.0,11,11,0,f
4725,6,280,0.0,12,12,0,f
4738,6,281,0.0,12,12,0,f
4751,6,282,0.0,12,12,0,f
4764,6,283,0.0,12,12,0,f
4777,6,284,0.0,12,12,0,f
4790,6,285,0.0,12,12,0,f
4803,6,286,0.0,12,12,0,f
4816,6,287,0.0,12,12,0,f
4829,6,288,0.0,12,12,0,f
8284,6,307,0.0,17,17,0,f
8303,6,308,0.0,15,15,0,f
8322,6,309,0.0,15,15,0,f
8341,6,310,1.0,10,10,0,f
8360,6,311,1.0,10,10,0,f
8379,6,312,1.0,10,10,0,f
8398,6,313,1.0,10,10,0,f
8417,6,314,1.0,11,11,0,f
8474,6,317,1.0,12,12,0,f
8493,6,318,1.0,12,12,0,f
8512,6,319,1.0,12,12,0,f
8531,6,320,1.0,12,12,0,f
8436,6,315,1.0,12,12,0,f
8455,6,316,1.0,12,12,0,f
9694,6,404,0.0,11,11,0,f
9707,6,405,0.0,9,9,0,f
9720,6,406,0.0,10,10,0,f
9733,6,407,0.0,10,10,0,f
9746,6,408,0.0,10,10,0,f
9759,6,409,0.0,10,10,0,f
9785,6,410,0.0,10,10,0,f
9798,6,411,0.0,10,10,0,f
9811,6,412,0.0,11,11,0,f
9824,6,413,0.0,10,10,0,f
9837,6,414,0.0,10,10,0,f
9850,6,415,5.0,8,8,0,f
9863,6,416,6.0,7,7,0,f
9877,6,417,6.0,7,7,0,f
9891,6,418,6.0,7,7,0,f
9905,6,419,6.0,8,8,0,f
10145,6,431,0.0,17,17,0,f
10162,6,432,0.0,17,17,0,f
10179,6,433,0.0,17,17,0,f
10196,6,434,0.0,17,17,0,f
10213,6,435,0.0,17,17,0,f
22453,6,576,0.0,9,9,0,f
22467,6,577,0.0,10,10,0,f
22482,6,578,0.0,12,12,0,f
22498,6,579,0.0,14,14,0,f
22515,6,580,0.0,14,14,0,f
22532,6,581,0.0,15,15,0,f
22700,6,582,0.0,15,15,0,f
22717,6,583,0.0,15,15,0,f
22735,6,584,0.0,15,15,0,f
22753,6,585,0.0,15,15,0,f
22772,6,586,0.0,16,16,0,f
22212,6,590,0.0,7,7,0,f
22223,6,591,0.0,9,9,0,f
22234,6,592,0.0,10,10,0,f
22246,6,593,0.0,12,12,0,f
22260,6,594,0.0,11,11,0,f
22276,6,595,0.0,11,11,0,f
22292,6,596,1.0,11,11,0,f
22308,6,597,1.0,11,11,0,f
22324,6,598,1.0,11,11,0,f
22340,6,599,1.0,11,11,0,f
22358,6,600,1.0,11,11,0,f
22376,6,601,1.0,11,11,0,f
22394,6,602,1.0,12,12,0,f
22412,6,603,1.0,12,12,0,f
22432,6,604,1.0,12,12,0,f
19805,6,720,0.0,9,9,0,f
19516,6,729,0.0,7,7,0,f
19523,6,730,3.0,5,5,0,f
19532,6,731,5.0,5,5,0,f
19541,6,732,7.0,6,6,0,f
19552,6,733,13.0,5,5,0,f
19564,6,734,19.0,4,4,0,f
19796,6,719,0.0,6,6,0,f
19854,6,724,0.0,9,9,0,f
19841,6,723,0.0,9,9,0,f
19817,6,721,0.0,10,10,0,f
19606,6,737,19.0,4,4,0,f
19572,6,735,19.0,4,4,0,f
21101,6,678,0.0,13,13,0,f
21084,6,677,0.0,13,13,0,f
21067,6,676,0.0,13,13,0,f
21050,6,675,0.0,13,13,0,f
21033,6,674,0.0,13,13,0,f
20913,6,689,0.0,14,14,0,f
20893,6,688,0.0,14,14,0,f
20873,6,687,0.0,13,13,0,f
20854,6,686,0.0,13,13,0,f
20836,6,685,0.0,13,13,0,f
19922,6,728,0.0,9,9,0,f
19903,6,727,0.0,9,9,0,f
19885,6,726,0.0,9,9,0,f
19868,6,725,0.0,9,9,0,f
19829,6,722,0.0,9,9,0,f
19589,6,736,19.0,4,4,0,f
22791,6,587,0.0,16,16,0,f
22811,6,588,0.0,16,16,0,f
22831,6,589,0.0,17,17,0,f
2423,14,224,0.0,6,6,0,f
2431,14,225,1.0,6,6,0,f
2442,14,226,1.0,7,7,0,f
2453,14,227,1.0,7,7,0,f
2464,14,228,1.0,7,7,0,f
2475,14,229,11.0,5,5,1,f
2486,14,230,12.0,5,5,1,f
2497,14,231,12.0,5,5,1,f
2508,14,232,12.0,5,5,1,f
2519,14,233,12.0,6,6,1,f
2530,14,234,12.0,6,6,1,f
2541,14,235,14.0,6,6,1,f
2552,14,236,14.0,6,6,1,f
2563,14,237,15.0,6,6,1,f
2574,14,238,15.0,6,6,1,f
2585,14,239,15.0,6,6,1,f
5042,14,240,0.0,6,6,0,f
5050,14,241,0.0,6,6,0,f
5060,14,242,0.0,6,6,0,f
5073,14,243,1.0,7,7,0,f
5086,14,244,1.0,7,7,0,f
5099,14,245,4.0,6,6,0,f
5112,14,246,7.0,6,6,0,f
5125,14,247,10.0,5,5,0,f
5138,14,248,11.0,5,5,0,f
5151,14,249,12.0,5,5,0,f
5164,14,250,16.0,4,4,0,f
5177,14,251,16.0,6,6,0,f
5190,14,252,16.0,6,6,0,f
5203,14,253,16.0,7,7,0,f
5216,14,254,16.0,7,7,0,f
5229,14,255,18.0,6,6,0,f
5242,14,256,24.0,5,5,0,f
25522,14,257,0.0,10,10,0,f
25536,14,258,0.0,11,11,0,f
25550,14,259,0.0,12,12,0,f
25564,14,260,0.0,12,12,0,f
25578,14,261,0.0,12,12,0,f
25592,14,262,0.0,12,12,0,f
25606,14,263,0.0,12,12,0,f
25620,14,264,0.0,12,12,0,f
25634,14,265,10.0,6,6,0,f
25648,14,266,11.0,6,6,0,f
25662,14,267,11.0,7,7,0,f
25676,14,268,11.0,7,7,0,f
25690,14,269,11.0,7,7,0,f
25704,14,270,11.0,7,7,0,f
25718,14,271,11.0,8,8,0,f
25508,14,272,13.0,6,6,0,f
4637,14,273,4.0,3,3,0,f
4644,14,274,6.0,3,3,0,f
4655,14,275,6.0,5,5,0,f
4667,14,276,10.0,4,4,0,f
4679,14,277,10.0,4,4,0,f
4691,14,278,11.0,4,4,0,f
4704,14,279,13.0,4,4,0,f
4717,14,280,15.0,4,4,0,f
4730,14,281,15.0,4,4,0,f
4743,14,282,19.0,4,4,0,f
4756,14,283,21.0,4,4,0,f
4769,14,284,21.0,4,4,0,f
4782,14,285,21.0,4,4,0,f
4795,14,286,22.0,5,5,0,f
4808,14,287,22.0,5,5,0,f
4821,14,288,23.0,5,5,0,f
3251,14,289,0.0,5,5,0,f
3260,14,290,0.0,6,6,0,f
3271,14,291,0.0,8,8,0,f
3312,14,292,0.0,9,9,0,f
3326,14,293,0.0,9,9,0,f
3340,14,294,0.0,11,11,0,f
3354,14,295,1.0,10,10,0,f
3368,14,296,3.0,9,9,0,f
3382,14,297,3.0,9,9,0,f
3397,14,298,4.0,8,8,0,f
3412,14,299,4.0,8,8,0,f
3427,14,300,4.0,8,8,0,f
3442,14,301,4.0,8,8,0,f
3457,14,302,4.0,8,8,0,f
3472,14,303,4.0,8,8,0,f
3487,14,304,6.0,8,8,0,f
8244,14,305,0.0,15,15,0,f
8262,14,306,0.0,12,12,0,f
8280,14,307,0.0,11,11,0,f
8299,14,308,0.0,10,10,0,f
8318,14,309,0.0,11,11,0,f
8337,14,310,0.0,12,12,0,f
8356,14,311,0.0,12,12,0,f
8375,14,312,0.0,12,12,0,f
8394,14,313,0.0,12,12,0,f
8413,14,314,0.0,13,13,0,f
8432,14,315,0.0,14,14,0,f
8451,14,316,0.0,14,14,0,f
8470,14,317,0.0,14,14,0,f
8489,14,318,0.0,14,14,0,f
8508,14,319,0.0,14,14,0,f
8527,14,320,0.0,14,14,0,f
7676,14,323,0.0,10,10,0,f
7695,14,324,0.0,12,12,0,f
7714,14,325,0.0,12,12,0,f
7733,14,326,0.0,12,12,0,f
7752,14,327,0.0,13,13,0,f
7771,14,328,0.0,13,13,0,f
7790,14,329,0.0,13,13,0,f
7809,14,330,0.0,13,13,0,f
7828,14,331,0.0,13,13,0,f
7847,14,332,0.0,13,13,0,f
7866,14,333,0.0,13,13,0,f
7885,14,334,0.0,11,11,0,f
7904,14,335,0.0,11,11,0,f
7923,14,336,0.0,11,11,0,f
7638,14,321,0.0,15,15,0,f
7657,14,322,0.0,10,10,0,f
8779,14,356,0.0,8,8,0,f
8799,14,357,0.0,11,11,0,f
8819,14,358,0.0,12,12,0,f
8839,14,359,0.0,11,11,0,f
8859,14,360,0.0,12,12,0,f
8879,14,361,2.0,12,12,0,f
8899,14,362,3.0,12,12,0,f
8919,14,363,3.0,12,12,0,f
8939,14,364,3.0,12,12,0,f
8959,14,365,3.0,12,12,0,f
8979,14,366,3.0,12,12,0,f
8999,14,367,3.0,12,12,0,f
9019,14,368,3.0,14,14,0,f
9039,14,369,3.0,14,14,0,f
9119,14,370,3.0,14,14,0,f
9139,14,371,3.0,14,14,0,f
9157,14,372,0.0,6,6,0,f
9175,14,373,0.0,6,6,0,f
9193,14,374,0.0,9,9,0,f
9211,14,375,0.0,9,9,0,f
9229,14,376,0.0,11,11,0,f
9247,14,377,0.0,14,14,0,f
9265,14,378,0.0,14,14,0,f
9283,14,379,0.0,14,14,0,f
9301,14,380,0.0,14,14,0,f
9319,14,381,0.0,14,14,0,f
9337,14,382,0.0,14,14,0,f
9355,14,383,0.0,14,14,0,f
9373,14,384,0.0,14,14,0,f
9391,14,385,0.0,14,14,0,f
9409,14,386,0.0,15,15,0,f
9427,14,387,0.0,15,15,0,f
9467,14,389,0.0,15,15,0,f
9482,14,390,1.0,9,9,0,f
9497,14,391,1.0,10,10,0,f
9512,14,392,1.0,10,10,0,f
9527,14,393,1.0,10,10,0,f
9542,14,394,1.0,10,10,0,f
9557,14,395,1.0,10,10,0,f
9572,14,396,1.0,10,10,0,f
9587,14,397,1.0,10,10,0,f
9602,14,398,1.0,10,10,0,f
9618,14,399,1.0,10,10,0,f
9634,14,400,1.0,11,11,0,f
9650,14,401,1.0,11,11,0,f
9666,14,402,1.0,11,11,0,f
9682,14,403,1.0,11,11,0,f
9686,14,404,7.0,2,2,0,f
9699,14,405,7.0,3,3,0,f
9712,14,406,7.0,5,5,0,f
9725,14,407,10.0,4,4,0,f
9738,14,408,12.0,4,4,0,f
9751,14,409,13.0,4,4,0,f
9777,14,410,19.0,4,4,0,f
9790,14,411,22.0,4,4,0,f
9803,14,412,25.0,4,4,0,f
9816,14,413,28.0,4,4,0,f
9829,14,414,28.0,4,4,0,f
9842,14,415,28.0,4,4,0,f
9855,14,416,28.0,5,5,0,f
9869,14,417,28.0,5,5,0,f
9883,14,418,29.0,5,5,0,f
9897,14,419,29.0,5,5,0,f
9913,14,420,1.0,5,5,0,f
9927,14,421,1.0,7,7,0,f
9942,14,422,1.0,8,8,0,f
9957,14,423,5.0,6,6,0,f
9973,14,424,5.0,7,7,0,f
10021,14,425,5.0,7,7,0,f
10053,14,426,5.0,8,8,0,f
10069,14,427,9.0,7,7,0,f
10085,14,428,13.0,7,7,0,f
10101,14,429,13.0,7,7,0,f
10117,14,430,13.0,7,7,0,f
10133,14,431,13.0,7,7,0,f
10150,14,432,13.0,7,7,0,f
10167,14,433,13.0,7,7,0,f
10184,14,434,13.0,8,8,0,f
10201,14,435,23.0,6,6,0,f
10221,14,436,0.0,8,8,0,f
10234,14,437,2.0,6,6,0,f
10249,14,438,2.0,7,7,0,f
10279,14,439,3.0,8,8,0,f
10294,14,440,3.0,8,8,0,f
10309,14,441,3.0,9,9,0,f
10324,14,442,3.0,10,10,0,f
10339,14,443,3.0,10,10,0,f
10354,14,444,3.0,10,10,0,f
10369,14,445,3.0,10,10,0,f
10384,14,446,3.0,10,10,0,f
10399,14,447,3.0,10,10,0,f
10414,14,448,3.0,10,10,0,f
10444,14,449,3.0,10,10,0,f
10459,14,450,3.0,10,10,0,f
10474,14,451,3.0,10,10,0,f
10494,14,452,0.0,13,13,0,f
10509,14,453,0.0,8,8,0,f
10524,14,454,0.0,8,8,0,f
10539,14,455,0.0,8,8,0,f
10554,14,456,0.0,10,10,0,f
10569,14,457,0.0,11,11,0,f
10584,14,458,0.0,12,12,0,f
10599,14,459,0.0,12,12,0,f
10614,14,460,0.0,12,12,0,f
10630,14,461,0.0,12,12,0,f
10646,14,462,0.0,11,11,0,f
10662,14,463,0.0,12,12,0,f
10678,14,464,0.0,12,12,0,f
10710,14,465,0.0,12,12,0,f
10726,14,466,0.0,12,12,0,f
10741,14,467,0.0,12,12,0,f
10758,14,468,0.0,15,15,0,f
10775,14,469,0.0,15,15,0,f
10792,14,470,0.0,16,16,0,f
10809,14,471,4.0,8,8,0,f
10826,14,472,4.0,8,8,0,f
10843,14,473,11.0,7,7,0,f
10860,14,474,11.0,7,7,0,f
10877,14,475,11.0,7,7,0,f
10894,14,476,11.0,7,7,0,f
10911,14,477,11.0,7,7,0,f
10928,14,478,11.0,8,8,0,f
10945,14,479,15.0,7,7,0,f
10962,14,480,15.0,7,7,0,f
10979,14,481,16.0,7,7,0,f
11030,14,482,20.0,8,8,0,f
11045,14,483,0.0,10,10,0,f
11061,14,484,1.0,8,8,0,f
11077,14,485,1.0,9,9,0,f
11093,14,486,1.0,10,10,0,f
11110,14,487,7.0,5,5,0,f
11127,14,488,11.0,4,4,0,f
11144,14,489,17.0,4,4,0,f
11161,14,490,17.0,5,5,0,f
11178,14,491,21.0,4,4,0,f
11212,14,492,25.0,4,4,0,f
11229,14,493,34.0,3,3,1,f
11246,14,494,34.0,4,4,1,f
11263,14,495,34.0,4,4,1,f
11280,14,496,43.0,4,4,2,f
11297,14,497,44.0,4,4,2,f
11313,14,498,0.0,9,9,0,f
11328,14,499,3.0,7,7,0,f
11343,14,500,13.0,3,3,0,f
11358,14,501,14.0,4,4,0,f
11373,14,502,23.0,2,2,1,f
11388,14,503,29.0,2,2,1,f
11403,14,504,39.0,2,2,1,f
11418,14,505,39.0,2,2,1,f
11433,14,506,48.0,2,2,2,f
11448,14,507,51.0,2,2,2,f
11463,14,508,55.0,2,2,2,f
11478,14,509,56.0,2,2,2,f
11493,14,510,60.0,2,2,2,f
11508,14,511,66.0,2,2,2,f
23993,14,512,12.0,1,1,1,f
24008,14,513,27.0,1,1,2,f
24023,14,514,27.0,1,1,2,f
24038,14,515,29.0,2,2,2,f
24053,14,516,38.0,1,1,3,f
24069,14,517,44.0,2,2,3,f
24086,14,518,46.0,2,2,3,f
24103,14,519,46.0,2,2,3,f
24120,14,520,47.0,2,2,3,f
24137,14,521,51.0,2,2,3,f
24142,14,522,55.0,2,2,3,f
23433,14,527,0.0,10,10,0,f
23449,14,528,0.0,9,9,0,f
23466,14,529,2.0,8,8,0,f
23485,14,530,4.0,6,6,0,f
23504,14,531,4.0,7,7,0,f
23523,14,532,6.0,6,6,0,f
23542,14,533,10.0,5,5,0,f
23561,14,534,10.0,5,5,0,f
23580,14,535,10.0,6,6,0,f
23599,14,536,10.0,6,6,0,f
23618,14,537,14.0,6,6,0,f
23637,14,538,16.0,5,5,0,f
23656,14,539,16.0,5,5,0,f
23675,14,540,19.0,5,5,0,f
23694,14,541,19.0,5,5,0,f
23713,14,542,19.0,6,6,0,f
23155,14,543,0.0,10,10,0,f
23168,14,544,0.0,11,11,0,f
23181,14,545,0.0,13,13,0,f
23194,14,546,0.0,12,12,0,f
23208,14,547,0.0,12,12,0,f
23224,14,548,0.0,12,12,0,f
23240,14,549,0.0,12,12,0,f
23256,14,550,9.0,7,7,1,f
23272,14,551,9.0,7,7,1,f
23288,14,552,10.0,7,7,1,f
23306,14,553,10.0,7,7,1,f
23324,14,554,10.0,8,8,1,f
23342,14,555,16.0,6,6,1,f
23360,14,556,16.0,8,8,1,f
23380,14,557,16.0,8,8,1,f
23400,14,558,16.0,8,8,1,f
23420,14,559,18.0,8,8,1,f
22859,14,560,0.0,10,10,0,f
22872,14,561,0.0,16,16,0,f
22889,14,562,3.0,6,6,0,f
22911,14,563,3.0,8,8,0,f
22930,14,564,7.0,4,4,0,f
22949,14,565,7.0,4,4,0,f
22968,14,566,10.0,4,4,0,f
22982,14,567,10.0,4,4,0,f
23001,14,568,10.0,5,5,0,f
23025,14,569,10.0,5,5,0,f
23044,14,570,16.0,5,5,0,f
23063,14,571,16.0,5,5,0,f
23082,14,572,20.0,4,4,0,f
23101,14,573,20.0,4,4,0,f
23120,14,574,20.0,5,5,0,f
23139,14,575,20.0,6,6,0,f
24159,14,523,61.0,2,2,3,f
24176,14,524,61.0,3,3,3,f
24194,14,525,61.0,3,3,3,f
24213,14,526,61.0,3,3,3,f
2435,63,225,0.0,10,10,0,f
2446,63,226,0.0,10,10,0,f
2457,63,227,0.0,10,10,0,f
2468,63,228,0.0,11,11,0,f
2479,63,229,0.0,11,11,0,f
2490,63,230,0.0,11,11,0,f
2501,63,231,0.0,11,11,0,f
2512,63,232,0.0,11,11,0,f
2523,63,233,0.0,11,11,0,f
2534,63,234,0.0,11,11,0,f
2545,63,235,0.0,11,11,0,f
2556,63,236,0.0,11,11,0,f
2567,63,237,0.0,11,11,0,f
2578,63,238,0.0,11,11,0,f
2589,63,239,0.0,11,11,0,f
5044,63,240,0.0,8,8,0,f
5052,63,241,0.0,10,10,0,f
5062,63,242,0.0,11,11,0,f
5075,63,243,0.0,11,11,0,f
5088,63,244,0.0,13,13,0,f
5101,63,245,0.0,13,13,0,f
5114,63,246,0.0,13,13,0,f
5127,63,247,0.0,13,13,0,f
5140,63,248,0.0,13,13,0,f
5153,63,249,0.0,13,13,0,f
5166,63,250,0.0,13,13,0,f
5179,63,251,0.0,12,12,0,f
5192,63,252,0.0,12,12,0,f
5205,63,253,0.0,12,12,0,f
5218,63,254,0.0,12,12,0,f
5231,63,255,0.0,12,12,0,f
5244,63,256,0.0,11,11,0,f
2425,106,224,0.0,8,8,0,f
2433,106,225,0.0,8,8,0,f
2444,106,226,1.0,8,8,0,f
2455,106,227,1.0,8,8,0,f
2466,106,228,1.0,8,8,0,f
2477,106,229,1.0,9,9,0,f
2488,106,230,1.0,9,9,0,f
2499,106,231,1.0,9,9,0,f
2510,106,232,1.0,9,9,0,f
2521,106,233,1.0,9,9,0,f
2532,106,234,1.0,9,9,0,f
2543,106,235,1.0,9,9,0,f
2554,106,236,1.0,9,9,0,f
2565,106,237,1.0,9,9,0,f
2576,106,238,1.0,9,9,0,f
2587,106,239,1.0,9,9,0,f
5067,106,242,0.0,13,13,0,f
5080,106,243,0.0,12,12,0,f
5106,106,245,1.0,8,8,0,f
5093,106,244,0.0,10,10,0,f
5119,106,246,1.0,8,8,0,f
5132,106,247,1.0,8,8,0,f
5145,106,248,1.0,8,8,0,f
5158,106,249,1.0,8,8,0,f
5171,106,250,1.0,8,8,0,f
5184,106,251,1.0,9,9,0,f
5197,106,252,1.0,9,9,0,f
5210,106,253,1.0,9,9,0,f
5223,106,254,1.0,9,9,0,f
5236,106,255,1.0,9,9,0,f
5249,106,256,5.0,8,8,0,f
25553,106,259,3.0,8,8,0,f
25567,106,260,3.0,8,8,0,f
25581,106,261,3.0,8,8,0,f
25595,106,262,3.0,8,8,0,f
25609,106,263,3.0,9,9,0,f
25623,106,264,3.0,9,9,0,f
25637,106,265,8.0,9,9,0,f
25651,106,266,8.0,9,9,0,f
25665,106,267,9.0,9,9,0,f
25679,106,268,9.0,9,9,0,f
25693,106,269,9.0,9,9,0,f
25707,106,270,9.0,9,9,0,f
25721,106,271,9.0,9,9,0,f
25511,106,272,9.0,9,9,0,f
4641,106,273,0.0,7,7,0,f
4648,106,274,0.0,9,9,0,f
4659,106,275,0.0,10,10,0,f
4671,106,276,0.0,10,10,0,f
4683,106,277,0.0,10,10,0,f
4695,106,278,0.0,10,10,0,f
4708,106,279,0.0,10,10,0,f
4721,106,280,0.0,10,10,0,f
4734,106,281,1.0,10,10,0,f
4747,106,282,1.0,10,10,0,f
4760,106,283,4.0,9,9,0,f
4773,106,284,4.0,9,9,0,f
4786,106,285,4.0,9,9,0,f
4799,106,286,4.0,9,9,0,f
4812,106,287,4.0,9,9,0,f
4825,106,288,4.0,9,9,0,f
3252,106,289,0.0,6,6,0,f
3261,106,290,0.0,7,7,0,f
3272,106,291,1.0,7,7,0,f
3313,106,292,3.0,5,5,0,f
3327,106,293,5.0,5,5,0,f
3341,106,294,5.0,5,5,0,f
3355,106,295,5.0,5,5,0,f
3369,106,296,5.0,6,6,0,f
3383,106,297,5.0,6,6,0,f
3398,106,298,5.0,6,6,0,f
3413,106,299,5.0,6,6,0,f
3428,106,300,5.0,6,6,0,f
3443,106,301,5.0,6,6,0,f
3458,106,302,6.0,6,6,0,f
3473,106,303,6.0,7,7,0,f
3488,106,304,6.0,7,7,0,f
8242,106,305,0.0,13,13,0,f
8260,106,306,0.0,15,15,0,f
8278,106,307,0.0,16,16,0,f
8297,106,308,0.0,17,17,0,f
8316,106,309,0.0,17,17,0,f
8335,106,310,0.0,17,17,0,f
8354,106,311,0.0,17,17,0,f
8373,106,312,0.0,17,17,0,f
8392,106,313,0.0,17,17,0,f
8411,106,314,0.0,17,17,0,f
8430,106,315,0.0,18,18,0,f
8449,106,316,0.0,18,18,0,f
8468,106,317,0.0,18,18,0,f
8487,106,318,0.0,18,18,0,f
8506,106,319,0.0,18,18,0,f
8525,106,320,0.0,18,18,0,f
25525,106,257,0.0,13,13,0,f
25539,106,258,3.0,5,5,0,f
5043,158,240,0.0,7,7,0,f
5051,158,241,0.0,8,8,0,f
5061,158,242,0.0,9,9,0,f
5074,158,243,0.0,10,10,0,f
5087,158,244,0.0,12,12,0,f
5100,158,245,0.0,12,12,0,f
5113,158,246,0.0,12,12,0,f
5126,158,247,0.0,12,12,0,f
5139,158,248,0.0,11,11,0,f
5152,158,249,0.0,11,11,0,f
5165,158,250,0.0,11,11,0,f
5178,158,251,0.0,11,11,0,f
5191,158,252,0.0,11,11,0,f
5204,158,253,0.0,11,11,0,f
5217,158,254,0.0,11,11,0,f
5230,158,255,0.0,11,11,0,f
5243,158,256,0.0,12,12,0,f
25512,158,272,0.0,14,14,0,f
25526,158,257,0.0,14,14,0,f
25540,158,258,0.0,14,14,0,f
25554,158,259,0.0,14,14,0,f
25568,158,260,0.0,14,14,0,f
25582,158,261,0.0,14,14,0,f
25596,158,262,0.0,14,14,0,f
25610,158,263,0.0,14,14,0,f
25624,158,264,0.0,14,14,0,f
25638,158,265,0.0,14,14,0,f
25652,158,266,0.0,14,14,0,f
25666,158,267,0.0,14,14,0,f
25680,158,268,0.0,14,14,0,f
25694,158,269,0.0,14,14,0,f
25708,158,270,0.0,14,14,0,f
25722,158,271,0.0,14,14,0,f
5054,16,241,0.0,9,9,0,f
5064,16,242,0.0,10,10,0,f
5077,16,243,0.0,9,9,0,f
5090,16,244,0.0,11,11,0,f
5103,16,245,0.0,11,11,0,f
5116,16,246,0.0,11,11,0,f
5129,16,247,0.0,11,11,0,f
5142,16,248,0.0,12,12,0,f
5155,16,249,0.0,12,12,0,f
5168,16,250,0.0,12,12,0,f
5181,16,251,0.0,13,13,0,f
5194,16,252,0.0,13,13,0,f
5207,16,253,0.0,13,13,0,f
5220,16,254,0.0,13,13,0,f
5233,16,255,0.0,13,13,0,f
5246,16,256,0.0,13,13,0,f
25523,16,257,0.0,11,11,0,f
25537,16,258,0.0,12,12,0,f
25551,16,259,0.0,13,13,0,f
25565,16,260,0.0,13,13,0,f
25579,16,261,0.0,13,13,0,f
25593,16,262,0.0,13,13,0,f
25607,16,263,0.0,13,13,0,f
25621,16,264,0.0,13,13,0,f
25635,16,265,0.0,13,13,0,f
25649,16,266,0.0,13,13,0,f
25663,16,267,0.0,13,13,0,f
25677,16,268,0.0,13,13,0,f
25691,16,269,0.0,13,13,0,f
25705,16,270,0.0,13,13,0,f
25719,16,271,0.0,13,13,0,f
25509,16,272,0.0,13,13,0,f
25519,20,257,0.0,7,7,0,f
25533,20,258,0.0,9,9,0,f
25547,20,259,0.0,10,10,0,f
25561,20,260,0.0,11,11,0,f
25575,20,261,0.0,11,11,0,f
25589,20,262,0.0,11,11,0,f
25603,20,263,0.0,11,11,0,f
25617,20,264,0.0,11,11,0,f
25631,20,265,0.0,12,12,0,f
25645,20,266,0.0,12,12,0,f
25659,20,267,0.0,12,12,0,f
25673,20,268,0.0,12,12,0,f
25687,20,269,0.0,12,12,0,f
25701,20,270,0.0,12,12,0,f
25715,20,271,0.0,12,12,0,f
25505,20,272,0.0,12,12,0,f
4650,20,274,4.0,5,5,0,f
4661,20,275,7.0,3,3,0,f
4673,20,276,7.0,5,5,0,f
4685,20,277,7.0,5,5,0,f
4697,20,278,7.0,5,5,0,f
4710,20,279,7.0,6,6,0,f
4723,20,280,7.0,6,6,0,f
4736,20,281,10.0,5,5,0,f
4749,20,282,10.0,6,6,0,f
4762,20,283,10.0,6,6,0,f
4775,20,284,12.0,6,6,0,f
4788,20,285,12.0,6,6,0,f
4801,20,286,12.0,6,6,0,f
4814,20,287,12.0,6,6,0,f
4827,20,288,12.0,6,6,0,f
3250,20,289,1.0,4,4,0,f
3259,20,290,2.0,5,5,0,f
3270,20,291,2.0,6,6,0,f
3311,20,292,2.0,7,7,0,f
3325,20,293,2.0,7,7,0,f
3339,20,294,2.0,7,7,0,f
3353,20,295,2.0,8,8,0,f
3367,20,296,6.0,5,5,0,f
3381,20,297,7.0,5,5,0,f
3396,20,298,7.0,5,5,0,f
3411,20,299,10.0,5,5,0,f
3426,20,300,11.0,5,5,0,f
3441,20,301,11.0,5,5,0,f
3456,20,302,13.0,5,5,0,f
3471,20,303,13.0,5,5,0,f
3486,20,304,13.0,5,5,0,f
8240,20,305,0.0,11,11,0,f
8258,20,306,0.0,10,10,0,f
8276,20,307,3.0,8,8,0,f
8295,20,308,3.0,8,8,0,f
8314,20,309,3.0,9,9,0,f
8333,20,310,3.0,9,9,0,f
8352,20,311,3.0,9,9,0,f
8371,20,312,3.0,9,9,0,f
8390,20,313,3.0,9,9,0,f
8409,20,314,3.0,9,9,0,f
8428,20,315,3.0,9,9,0,f
8447,20,316,3.0,9,9,0,f
8466,20,317,3.0,9,9,0,f
8485,20,318,3.0,9,9,0,f
8504,20,319,3.0,9,9,0,f
8523,20,320,3.0,9,9,0,f
7675,20,323,0.0,7,7,0,f
7694,20,324,0.0,9,9,0,f
7713,20,325,1.0,8,8,0,f
7732,20,326,1.0,8,8,0,f
7751,20,327,1.0,10,10,0,f
7770,20,328,1.0,10,10,0,f
7789,20,329,1.0,10,10,0,f
7808,20,330,3.0,8,8,0,f
7827,20,331,3.0,8,8,0,f
7846,20,332,3.0,8,8,0,f
7865,20,333,3.0,8,8,0,f
7884,20,334,3.0,8,8,0,f
7903,20,335,3.0,8,8,0,f
7922,20,336,3.0,8,8,0,f
7637,20,321,0.0,14,14,0,f
7656,20,322,0.0,14,14,0,f
8778,20,356,0.0,7,7,0,f
8798,20,357,0.0,9,9,0,f
8818,20,358,0.0,10,10,0,f
8838,20,359,0.0,12,12,0,f
8858,20,360,0.0,13,13,0,f
8878,20,361,3.0,10,10,0,f
8898,20,362,3.0,10,10,0,f
8918,20,363,6.0,8,8,0,f
8938,20,364,8.0,8,8,0,f
8958,20,365,9.0,7,7,0,f
8978,20,366,9.0,7,7,0,f
8998,20,367,9.0,7,7,0,f
9018,20,368,9.0,7,7,0,f
9038,20,369,9.0,7,7,0,f
9118,20,370,12.0,7,7,0,f
9138,20,371,15.0,6,6,0,f
9154,20,372,5.0,3,3,0,f
9172,20,373,9.0,3,3,0,f
9190,20,374,9.0,3,3,0,f
9208,20,375,9.0,3,3,0,f
9226,20,376,12.0,3,3,0,f
9244,20,377,12.0,4,4,0,f
9262,20,378,14.0,3,3,0,f
9280,20,379,16.0,4,4,0,f
9298,20,380,16.0,4,4,0,f
9316,20,381,16.0,4,4,0,f
9334,20,382,19.0,4,4,0,f
9352,20,383,19.0,5,5,0,f
9370,20,384,19.0,6,6,0,f
9388,20,385,19.0,6,6,0,f
9406,20,386,19.0,6,6,0,f
9424,20,387,23.0,4,4,0,f
9444,20,388,0.0,5,5,0,f
9457,20,389,7.0,3,3,0,f
9472,20,390,9.0,3,3,0,f
9487,20,391,18.0,3,3,1,f
9502,20,392,27.0,3,3,2,f
9517,20,393,30.0,3,3,2,f
9532,20,394,37.0,3,3,2,f
9547,20,395,41.0,3,3,2,f
9562,20,396,47.0,3,3,2,f
9577,20,397,49.0,3,3,2,f
9592,20,398,55.0,2,2,2,f
9608,20,399,55.0,3,3,2,f
9624,20,400,57.0,3,3,2,f
9640,20,401,57.0,3,3,2,f
9656,20,402,64.0,3,3,2,f
9672,20,403,64.0,3,3,2,f
9685,20,404,6.0,3,3,0,f
9698,20,405,15.0,1,1,1,f
9711,20,406,15.0,3,3,1,f
9724,20,407,19.0,3,3,1,f
9737,20,408,25.0,3,3,1,f
9750,20,409,27.0,3,3,1,f
9776,20,410,36.0,3,3,2,f
9789,20,411,36.0,3,3,2,f
9802,20,412,36.0,3,3,2,f
9815,20,413,42.0,3,3,2,f
9828,20,414,50.0,3,3,2,f
9841,20,415,50.0,3,3,2,f
9854,20,416,50.0,3,3,2,f
9868,20,417,53.0,3,3,2,f
9882,20,418,57.0,3,3,2,f
9896,20,419,58.0,3,3,2,f
9911,20,420,4.0,3,3,0,f
9925,20,421,16.0,1,1,1,f
9940,20,422,25.0,1,1,2,f
9955,20,423,29.0,1,1,2,f
9971,20,424,31.0,2,2,2,f
10019,20,425,33.0,2,2,2,f
10051,20,426,35.0,2,2,2,f
10067,20,427,35.0,3,3,2,f
10083,20,428,35.0,3,3,2,f
10099,20,429,43.0,3,3,2,f
10115,20,430,49.0,3,3,2,f
10131,20,431,54.0,3,3,2,f
10148,20,432,63.0,3,3,3,f
10165,20,433,71.0,3,3,3,f
10182,20,434,71.0,3,3,3,f
10199,20,435,71.0,4,4,3,f
10216,20,436,4.0,3,3,0,f
10229,20,437,4.0,5,5,0,f
10244,20,438,6.0,5,5,0,f
10274,20,439,10.0,4,4,0,f
10289,20,440,16.0,4,4,0,f
10304,20,441,17.0,4,4,0,f
10319,20,442,21.0,4,4,0,f
10334,20,443,27.0,2,2,0,f
10349,20,444,32.0,3,3,0,f
10364,20,445,35.0,3,3,0,f
10379,20,446,38.0,2,2,0,f
10394,20,447,38.0,3,3,0,f
10409,20,448,45.0,2,2,0,f
10439,20,449,45.0,3,3,0,f
10454,20,450,45.0,3,3,0,f
10469,20,451,47.0,3,3,0,f
10490,20,452,0.0,9,9,0,f
10505,20,453,0.0,11,11,0,f
10520,20,454,0.0,11,11,0,f
10535,20,455,0.0,13,13,0,f
10550,20,456,0.0,13,13,0,f
10565,20,457,0.0,12,12,0,f
10580,20,458,1.0,8,8,0,f
10595,20,459,1.0,8,8,0,f
10610,20,460,4.0,7,7,0,f
10626,20,461,4.0,8,8,0,f
10642,20,462,6.0,8,8,0,f
10658,20,463,6.0,8,8,0,f
10674,20,464,8.0,8,8,0,f
10706,20,465,12.0,8,8,0,f
10722,20,466,12.0,8,8,0,f
10734,20,467,0.0,5,5,0,f
10751,20,468,4.0,4,4,0,f
10768,20,469,6.0,4,4,0,f
10785,20,470,6.0,6,6,0,f
10802,20,471,9.0,6,6,0,f
10819,20,472,14.0,6,6,0,f
10836,20,473,14.0,6,6,0,f
10853,20,474,17.0,6,6,0,f
10870,20,475,17.0,6,6,0,f
10887,20,476,20.0,6,6,0,f
10904,20,477,20.0,6,6,0,f
10921,20,478,20.0,6,6,0,f
10938,20,479,29.0,6,6,1,f
10955,20,480,30.0,6,6,1,f
10972,20,481,30.0,6,6,1,f
11023,20,482,30.0,6,6,1,f
11049,20,483,0.0,14,14,0,f
11065,20,484,2.0,6,6,0,f
11081,20,485,3.0,7,7,0,f
11097,20,486,3.0,7,7,0,f
11114,20,487,9.0,4,4,0,f
11131,20,488,9.0,6,6,0,f
11148,20,489,12.0,5,5,0,f
11165,20,490,13.0,6,6,0,f
11182,20,491,13.0,7,7,0,f
11216,20,492,13.0,7,7,0,f
11233,20,493,13.0,7,7,0,f
11250,20,494,15.0,7,7,0,f
11267,20,495,18.0,7,7,0,f
11284,20,496,19.0,7,7,0,f
11301,20,497,22.0,7,7,0,f
11316,20,498,0.0,12,12,0,f
11331,20,499,6.0,4,4,0,f
11346,20,500,6.0,5,5,0,f
11361,20,501,6.0,7,7,0,f
11376,20,502,6.0,7,7,0,f
11391,20,503,6.0,7,7,0,f
11406,20,504,6.0,7,7,0,f
11421,20,505,6.0,9,9,0,f
11436,20,506,6.0,9,9,0,f
11451,20,507,7.0,8,8,0,f
11466,20,508,7.0,9,9,0,f
11481,20,509,10.0,8,8,0,f
11496,20,510,10.0,9,9,0,f
11511,20,511,14.0,5,5,0,f
23992,20,512,8.0,2,2,0,f
24022,20,514,17.0,3,3,0,f
24052,20,516,30.0,3,3,0,f
24068,20,517,33.0,3,3,0,f
24085,20,518,37.0,3,3,0,f
24102,20,519,37.0,3,3,0,f
24119,20,520,37.0,3,3,0,f
24136,20,521,37.0,4,4,0,f
24143,20,522,37.0,4,4,0,f
24160,20,523,37.0,4,4,0,f
23442,20,527,9.0,1,1,1,f
23458,20,528,12.0,1,1,1,f
23475,20,529,21.0,1,1,2,f
23494,20,530,27.0,1,1,2,f
23513,20,531,27.0,1,1,2,f
23532,20,532,36.0,1,1,3,f
23551,20,533,45.0,1,1,4,f
23570,20,534,49.0,1,1,4,f
23589,20,535,58.0,1,1,5,f
23608,20,536,58.0,1,1,5,f
23627,20,537,67.0,1,1,6,f
23646,20,538,76.0,1,1,7,f
23665,20,539,85.0,1,1,8,f
23684,20,540,86.0,1,1,8,f
23703,20,541,86.0,1,1,8,f
23722,20,542,86.0,1,1,8,f
23150,20,543,2.0,5,5,0,f
23162,20,544,4.0,6,6,0,f
23175,20,545,4.0,7,7,0,f
23188,20,546,13.0,3,3,1,f
23202,20,547,22.0,3,3,2,f
23218,20,548,24.0,3,3,2,f
23234,20,549,33.0,2,2,3,f
23250,20,550,34.0,2,2,3,f
23266,20,551,43.0,2,2,4,f
23282,20,552,47.0,2,2,4,f
23300,20,553,47.0,2,2,4,f
23318,20,554,47.0,2,2,4,f
23336,20,555,47.0,2,2,4,f
23354,20,556,56.0,2,2,5,f
23374,20,557,62.0,2,2,5,f
23394,20,558,62.0,2,2,5,f
23414,20,559,62.0,2,2,5,f
22860,20,560,0.0,11,11,0,f
22873,20,561,0.0,11,11,0,f
22890,20,562,0.0,14,14,0,f
22906,20,563,4.0,5,5,0,f
22925,20,564,4.0,6,6,0,f
22944,20,565,4.0,7,7,0,f
22963,20,566,4.0,7,7,0,f
22983,20,567,6.0,6,6,0,f
23002,20,568,6.0,7,7,0,f
23020,20,569,8.0,7,7,0,f
23039,20,570,12.0,6,6,0,f
23058,20,571,16.0,6,6,0,f
23077,20,572,16.0,7,7,0,f
23096,20,573,20.0,5,5,0,f
23115,20,574,20.0,6,6,0,f
23134,20,575,29.0,4,4,1,f
22455,20,576,0.0,7,7,0,f
22469,20,577,0.0,8,8,0,f
22484,20,578,0.0,9,9,0,f
22500,20,579,3.0,6,6,0,f
22517,20,580,6.0,6,6,0,f
22534,20,581,6.0,6,6,0,f
22719,20,583,6.0,6,6,0,f
22737,20,584,6.0,6,6,0,f
22755,20,585,6.0,6,6,0,f
22774,20,586,6.0,7,7,0,f
22219,20,590,0.0,8,8,0,f
22231,20,591,4.0,3,3,0,f
22242,20,592,4.0,5,5,0,f
22254,20,593,4.0,7,7,0,f
22268,20,594,4.0,7,7,0,f
22284,20,595,13.0,4,4,1,f
22300,20,596,13.0,4,4,1,f
22316,20,597,13.0,4,4,1,f
22332,20,598,22.0,4,4,2,f
22348,20,599,26.0,4,4,2,f
22366,20,600,29.0,4,4,2,f
22384,20,601,29.0,4,4,2,f
22402,20,602,38.0,4,4,3,f
22420,20,603,42.0,4,4,3,f
22440,20,604,42.0,4,4,3,f
22037,20,605,9.0,1,1,1,f
21881,20,606,18.0,1,1,2,f
22046,20,607,22.0,1,1,2,f
22056,20,608,31.0,1,1,3,f
22066,20,609,35.0,2,2,3,f
22077,20,610,37.0,2,2,3,f
22088,20,611,43.0,2,2,3,f
22123,20,612,52.0,1,1,4,f
22135,20,613,58.0,1,1,4,f
22147,20,614,58.0,2,2,4,f
22159,20,615,59.0,2,2,4,f
22171,20,616,68.0,2,2,5,f
22183,20,617,77.0,2,2,6,f
22195,20,618,83.0,1,1,6,f
22207,20,619,92.0,1,1,7,f
21903,20,621,6.0,4,4,0,f
21950,20,625,34.0,1,1,2,f
21960,20,626,43.0,1,1,3,f
21971,20,627,43.0,1,1,3,f
21982,20,628,52.0,1,1,4,f
21994,20,629,61.0,1,1,5,f
22006,20,630,61.0,1,1,5,f
22018,20,631,61.0,1,1,5,f
19545,20,732,0.0,10,10,0,f
19556,20,733,0.0,10,10,0,f
19568,20,734,0.0,11,11,0,f
19588,20,735,0.0,11,11,0,f
19605,20,736,0.0,12,12,0,f
19624,20,737,0.0,14,14,0,f
18866,20,759,3.0,4,4,0,f
19933,20,728,0.0,19,19,0,f
19128,20,755,34.0,2,2,2,f
19114,20,754,28.0,2,2,1,f
19103,20,753,28.0,2,2,1,f
19091,20,752,25.0,2,2,1,f
19078,20,751,19.0,2,2,1,f
19057,20,749,15.0,2,2,1,f
19048,20,748,9.0,3,3,1,f
19029,20,746,1.0,4,4,0,f
18851,20,757,0.0,5,5,0,f
18858,20,758,3.0,4,4,0,f
17846,20,775,3.0,6,6,0,f
18844,20,756,0.0,5,5,0,f
17837,20,774,3.0,6,6,0,f
17828,20,773,3.0,6,6,0,f
18874,20,760,3.0,4,4,0,f
17819,20,772,3.0,6,6,0,f
18886,20,761,3.0,4,4,0,f
17810,20,771,3.0,6,6,0,f
17801,20,770,3.0,6,6,0,f
17792,20,769,3.0,6,6,0,f
17783,20,768,0.0,6,6,0,f
17774,20,767,0.0,6,6,0,f
17766,20,766,0.0,5,5,0,f
19038,20,747,9.0,3,3,1,f
19068,20,750,17.0,2,2,1,f
21940,20,624,28.0,1,1,2,f
21921,20,623,19.0,2,2,1,f
21912,20,622,15.0,2,2,1,f
21894,20,620,0.0,8,8,0,f
21662,20,655,59.0,1,1,6,f
21650,20,654,59.0,1,1,6,f
21638,20,653,50.0,1,1,5,f
21627,20,652,50.0,1,1,5,f
21616,20,651,50.0,1,1,5,f
21605,20,650,50.0,1,1,5,f
21594,20,649,41.0,1,1,4,f
21584,20,648,32.0,1,1,3,f
21574,20,647,23.0,2,2,2,f
21565,20,646,14.0,4,4,1,f
21556,20,645,14.0,3,3,1,f
21547,20,644,5.0,4,4,0,f
21539,20,643,2.0,5,5,0,f
19914,20,727,0.0,15,15,0,f
18922,20,764,5.0,4,4,0,f
18910,20,763,3.0,4,4,0,f
18898,20,762,3.0,4,4,0,f
22702,20,582,6.0,6,6,0,f
22793,20,587,7.0,8,8,0,f
22813,20,588,7.0,8,8,0,f
22833,20,589,9.0,7,7,0,f
24007,20,513,12.0,2,2,0,f
24037,20,515,20.0,3,3,0,f
24177,20,524,39.0,4,4,0,f
24195,20,525,39.0,4,4,0,f
24214,20,526,39.0,4,4,0,f
25521,140,257,0.0,9,9,0,f
25535,140,258,1.0,8,8,0,f
25549,140,259,1.0,9,9,0,f
25563,140,260,1.0,9,9,0,f
25577,140,261,1.0,10,10,0,f
25591,140,262,1.0,10,10,0,f
25605,140,263,1.0,10,10,0,f
25619,140,264,1.0,10,10,0,f
25633,140,265,2.0,11,11,0,f
25647,140,266,2.0,11,11,0,f
25661,140,267,2.0,11,11,0,f
25675,140,268,2.0,11,11,0,f
25689,140,269,2.0,11,11,0,f
25703,140,270,2.0,11,11,0,f
25717,140,271,2.0,11,11,0,f
25507,140,272,2.0,11,11,0,f
4651,140,274,0.0,10,10,0,f
4662,140,275,0.0,9,9,0,f
4674,140,276,2.0,8,8,0,f
4686,140,277,2.0,8,8,0,f
4698,140,278,2.0,9,9,0,f
4711,140,279,2.0,9,9,0,f
4724,140,280,2.0,9,9,0,f
4737,140,281,2.0,9,9,0,f
4750,140,282,2.0,9,9,0,f
4763,140,283,2.0,10,10,0,f
4776,140,284,2.0,10,10,0,f
4789,140,285,3.0,10,10,0,f
4802,140,286,3.0,10,10,0,f
4815,140,287,3.0,10,10,0,f
4828,140,288,3.0,10,10,0,f
3254,140,289,0.0,8,8,0,f
3263,140,290,0.0,9,9,0,f
3274,140,291,0.0,11,11,0,f
3315,140,292,0.0,12,12,0,f
3329,140,293,0.0,13,13,0,f
3343,140,294,1.0,9,9,0,f
3357,140,295,1.0,11,11,0,f
3371,140,296,1.0,11,11,0,f
3385,140,297,1.0,11,11,0,f
3400,140,298,1.0,11,11,0,f
3415,140,299,1.0,11,11,0,f
3430,140,300,1.0,11,11,0,f
3445,140,301,1.0,11,11,0,f
3460,140,302,1.0,11,11,0,f
3475,140,303,1.0,12,12,0,f
3490,140,304,1.0,13,13,0,f
8252,140,306,1.0,6,6,0,f
8270,140,307,1.0,9,9,0,f
8289,140,308,1.0,9,9,0,f
8308,140,309,1.0,10,10,0,f
8327,140,310,1.0,11,11,0,f
8346,140,311,1.0,11,11,0,f
8365,140,312,1.0,11,11,0,f
8384,140,313,1.0,11,11,0,f
8403,140,314,1.0,12,12,0,f
8422,140,315,1.0,13,13,0,f
8441,140,316,1.0,13,13,0,f
8460,140,317,1.0,13,13,0,f
8479,140,318,1.0,13,13,0,f
8498,140,319,1.0,13,13,0,f
8517,140,320,1.0,13,13,0,f
7630,140,321,0.0,7,7,0,f
7649,140,322,0.0,8,8,0,f
7668,140,323,0.0,9,9,0,f
7687,140,324,1.0,8,8,0,f
7706,140,325,1.0,9,9,0,f
7725,140,326,1.0,9,9,0,f
7744,140,327,1.0,9,9,0,f
7763,140,328,5.0,7,7,0,f
7782,140,329,5.0,7,7,0,f
7801,140,330,6.0,7,7,0,f
7820,140,331,6.0,7,7,0,f
7839,140,332,6.0,7,7,0,f
7858,140,333,6.0,7,7,0,f
7877,140,334,7.0,7,7,0,f
7896,140,335,11.0,6,6,0,f
7915,140,336,11.0,6,6,0,f
8234,140,305,1.0,5,5,0,f
8780,140,356,0.0,9,9,0,f
8800,140,357,0.0,12,12,0,f
8820,140,358,0.0,13,13,0,f
8840,140,359,0.0,14,14,0,f
8860,140,360,0.0,14,14,0,f
8880,140,361,0.0,15,15,0,f
8900,140,362,0.0,15,15,0,f
8920,140,363,0.0,16,16,0,f
8940,140,364,0.0,16,16,0,f
8960,140,365,0.0,16,16,0,f
8980,140,366,0.0,16,16,0,f
9000,140,367,0.0,16,16,0,f
9020,140,368,0.0,16,16,0,f
9040,140,369,1.0,16,16,0,f
9120,140,370,1.0,16,16,0,f
9140,140,371,1.0,16,16,0,f
9161,140,372,0.0,10,10,0,f
9179,140,373,0.0,9,9,0,f
9197,140,374,0.0,8,8,0,f
9215,140,375,0.0,8,8,0,f
9233,140,376,0.0,9,9,0,f
9251,140,377,0.0,11,11,0,f
9269,140,378,0.0,11,11,0,f
9287,140,379,0.0,11,11,0,f
9305,140,380,0.0,11,11,0,f
9323,140,381,0.0,11,11,0,f
9341,140,382,0.0,11,11,0,f
9359,140,383,0.0,11,11,0,f
9377,140,384,0.0,11,11,0,f
9395,140,385,0.0,11,11,0,f
9413,140,386,0.0,11,11,0,f
9431,140,387,0.0,11,11,0,f
9466,140,389,0.0,9,9,0,f
9481,140,390,0.0,11,11,0,f
9496,140,391,0.0,12,12,0,f
9511,140,392,0.0,12,12,0,f
9526,140,393,0.0,12,12,0,f
9541,140,394,0.0,12,12,0,f
9556,140,395,1.0,11,11,0,f
9571,140,396,1.0,11,11,0,f
9586,140,397,1.0,11,11,0,f
9601,140,398,1.0,11,11,0,f
9617,140,399,1.0,11,11,0,f
9633,140,400,2.0,10,10,0,f
9649,140,401,3.0,9,9,0,f
9665,140,402,3.0,9,9,0,f
9681,140,403,3.0,9,9,0,f
3255,159,289,0.0,9,9,0,f
3264,159,290,0.0,11,11,0,f
3275,159,291,0.0,13,13,0,f
3316,159,292,0.0,14,14,0,f
3330,159,293,0.0,14,14,0,f
3344,159,294,0.0,14,14,0,f
3358,159,295,0.0,14,14,0,f
3372,159,296,0.0,14,14,0,f
3386,159,297,0.0,14,14,0,f
3401,159,298,0.0,14,14,0,f
3416,159,299,0.0,14,14,0,f
3431,159,300,0.0,15,15,0,f
3446,159,301,0.0,15,15,0,f
3461,159,302,0.0,15,15,0,f
3476,159,303,0.0,15,15,0,f
3491,159,304,0.0,15,15,0,f
8239,159,305,0.0,10,10,0,f
8257,159,306,0.0,13,13,0,f
8275,159,307,0.0,12,12,0,f
8294,159,308,0.0,13,13,0,f
8313,159,309,0.0,13,13,0,f
8332,159,310,0.0,14,14,0,f
8351,159,311,0.0,15,15,0,f
8370,159,312,0.0,15,15,0,f
8389,159,313,0.0,15,15,0,f
8408,159,314,0.0,15,15,0,f
8427,159,315,1.0,11,11,0,f
8446,159,316,1.0,11,11,0,f
8465,159,317,1.0,11,11,0,f
8484,159,318,1.0,11,11,0,f
8503,159,319,3.0,10,10,0,f
8522,159,320,3.0,10,10,0,f
7628,159,321,2.0,5,5,0,f
7647,159,322,2.0,6,6,0,f
7666,159,323,2.0,6,6,0,f
7685,159,324,2.0,7,7,0,f
7704,159,325,2.0,6,6,0,f
7723,159,326,2.0,6,6,0,f
7742,159,327,2.0,7,7,0,f
7761,159,328,2.0,9,9,0,f
7780,159,329,2.0,9,9,0,f
7799,159,330,2.0,10,10,0,f
7818,159,331,2.0,10,10,0,f
7837,159,332,2.0,10,10,0,f
7856,159,333,2.0,10,10,0,f
7875,159,334,2.0,10,10,0,f
7894,159,335,2.0,10,10,0,f
7913,159,336,2.0,10,10,0,f
8785,159,356,0.0,14,14,0,f
8805,159,357,0.0,15,15,0,f
8825,159,358,5.0,4,4,0,f
8845,159,359,5.0,6,6,0,f
8865,159,360,5.0,7,7,0,f
8885,159,361,5.0,8,8,0,f
8905,159,362,5.0,8,8,0,f
8925,159,363,5.0,9,9,0,f
8945,159,364,5.0,9,9,0,f
8965,159,365,5.0,9,9,0,f
8985,159,366,5.0,9,9,0,f
9005,159,367,6.0,9,9,0,f
9025,159,368,6.0,10,10,0,f
9045,159,369,6.0,10,10,0,f
9125,159,370,8.0,9,9,0,f
9145,159,371,8.0,9,9,0,f
9449,159,388,0.0,10,10,0,f
9462,159,389,0.0,8,8,0,f
9477,159,390,4.0,5,5,0,f
9492,159,391,4.0,5,5,0,f
9507,159,392,4.0,5,5,0,f
9522,159,393,4.0,5,5,0,f
9537,159,394,4.0,7,7,0,f
9552,159,395,4.0,8,8,0,f
9567,159,396,6.0,8,8,0,f
9582,159,397,6.0,8,8,0,f
9597,159,398,6.0,8,8,0,f
9613,159,399,6.0,8,8,0,f
9629,159,400,6.0,8,8,0,f
9645,159,401,10.0,7,7,0,f
9661,159,402,10.0,7,7,0,f
9677,159,403,10.0,8,8,0,f
9689,159,404,0.0,6,6,0,f
9702,159,405,0.0,8,8,0,f
9715,159,406,1.0,8,8,0,f
9728,159,407,1.0,8,8,0,f
9741,159,408,1.0,8,8,0,f
9754,159,409,1.0,8,8,0,f
9780,159,410,2.0,8,8,0,f
9793,159,411,2.0,8,8,0,f
9806,159,412,2.0,8,8,0,f
9819,159,413,2.0,8,8,0,f
9832,159,414,2.0,8,8,0,f
9845,159,415,2.0,9,9,0,f
9858,159,416,2.0,9,9,0,f
9872,159,417,2.0,9,9,0,f
9886,159,418,2.0,9,9,0,f
9900,159,419,2.0,9,9,0,f
9921,159,420,0.0,13,13,0,f
9935,159,421,0.0,12,12,0,f
9950,159,422,0.0,9,9,0,f
9965,159,423,0.0,9,9,0,f
9981,159,424,0.0,9,9,0,f
10029,159,425,1.0,9,9,0,f
10061,159,426,10.0,6,6,1,f
10077,159,427,14.0,6,6,1,f
10093,159,428,14.0,6,6,1,f
10109,159,429,15.0,5,5,1,f
10125,159,430,15.0,5,5,1,f
10141,159,431,24.0,5,5,1,f
10158,159,432,26.0,5,5,1,f
10175,159,433,26.0,5,5,1,f
10192,159,434,26.0,5,5,1,f
10209,159,435,26.0,5,5,1,f
10222,159,436,0.0,9,9,0,f
10235,159,437,0.0,13,13,0,f
10250,159,438,0.0,12,12,0,f
10280,159,439,0.0,12,12,0,f
10295,159,440,0.0,12,12,0,f
10310,159,441,0.0,13,13,0,f
10325,159,442,9.0,6,6,1,f
10340,159,443,22.0,4,4,2,f
10355,159,444,22.0,5,5,2,f
10370,159,445,22.0,6,6,2,f
10385,159,446,22.0,6,6,2,f
10400,159,447,31.0,5,5,2,f
10415,159,448,33.0,5,5,2,f
10445,159,449,33.0,5,5,2,f
10460,159,450,37.0,4,4,2,f
10475,159,451,38.0,4,4,2,f
10482,159,452,9.0,1,1,1,f
10497,159,453,9.0,2,2,1,f
10512,159,454,15.0,2,2,1,f
10527,159,455,15.0,4,4,1,f
10542,159,456,21.0,3,3,1,f
10557,159,457,24.0,3,3,1,f
10572,159,458,27.0,4,4,1,f
10587,159,459,27.0,4,4,1,f
10602,159,460,33.0,4,4,1,f
10618,159,461,37.0,3,3,1,f
10634,159,462,41.0,3,3,1,f
10650,159,463,41.0,3,3,1,f
10666,159,464,50.0,3,3,2,f
10714,159,466,72.0,3,3,4,f
10698,159,465,59.0,3,3,3,f
10743,159,467,0.0,14,14,0,f
10760,159,468,0.0,14,14,0,f
10777,159,469,4.0,6,6,0,f
10794,159,470,4.0,7,7,0,f
10811,159,471,6.0,7,7,0,f
10828,159,472,15.0,5,5,1,f
10845,159,473,15.0,5,5,1,f
10862,159,474,30.0,2,2,2,f
10879,159,475,36.0,2,2,2,f
10896,159,476,36.0,3,3,2,f
10913,159,477,36.0,4,4,2,f
10930,159,478,36.0,5,5,2,f
10947,159,479,36.0,5,5,2,f
10964,159,480,41.0,5,5,2,f
10981,159,481,41.0,5,5,2,f
11037,159,483,4.0,2,2,0,f
11032,159,482,41.0,5,5,2,f
11053,159,484,4.0,2,2,0,f
11069,159,485,13.0,2,2,1,f
11085,159,486,25.0,2,2,2,f
11102,159,487,25.0,2,2,2,f
11119,159,488,25.0,2,2,2,f
11136,159,489,25.0,3,3,2,f
11153,159,490,29.0,2,2,2,f
11170,159,491,31.0,2,2,2,f
11204,159,492,43.0,2,2,3,f
11221,159,493,47.0,2,2,3,f
11238,159,494,56.0,2,2,3,f
11255,159,495,57.0,2,2,3,f
11272,159,496,59.0,2,2,3,f
11289,159,497,61.0,2,2,3,f
11306,159,498,6.0,2,2,0,f
11321,159,499,6.0,3,3,0,f
11336,159,500,9.0,4,4,0,f
11351,159,501,18.0,2,2,1,f
11366,159,502,18.0,4,4,1,f
11381,159,503,22.0,3,3,1,f
11396,159,504,25.0,3,3,1,f
11411,159,505,31.0,3,3,1,f
11426,159,506,34.0,3,3,1,f
11441,159,507,36.0,3,3,1,f
11456,159,508,45.0,3,3,2,f
11471,159,509,54.0,3,3,3,f
11486,159,510,55.0,3,3,3,f
11501,159,511,55.0,3,3,3,f
23441,159,527,6.0,2,2,0,f
23457,159,528,10.0,2,2,0,f
23474,159,529,14.0,2,2,0,f
23493,159,530,14.0,4,4,0,f
23512,159,531,20.0,3,3,0,f
23531,159,532,20.0,4,4,0,f
23550,159,533,22.0,4,4,0,f
23569,159,534,31.0,2,2,1,f
23588,159,535,34.0,2,2,1,f
23607,159,536,40.0,2,2,1,f
23626,159,537,40.0,2,2,1,f
23645,159,538,40.0,2,2,1,f
23664,159,539,44.0,2,2,1,f
23683,159,540,53.0,2,2,2,f
23702,159,541,53.0,2,2,2,f
23721,159,542,53.0,3,3,2,f
23153,159,543,6.0,2,2,0,f
23165,159,544,6.0,3,3,0,f
23178,159,545,7.0,4,4,0,f
23191,159,546,7.0,6,6,0,f
23205,159,547,8.0,5,5,0,f
23221,159,548,8.0,5,5,0,f
23237,159,549,9.0,6,6,0,f
23253,159,550,11.0,6,6,0,f
23269,159,551,17.0,5,5,0,f
23285,159,552,19.0,5,5,0,f
23303,159,553,23.0,5,5,0,f
23321,159,554,27.0,5,5,0,f
23339,159,555,27.0,5,5,0,f
23357,159,556,27.0,5,5,0,f
23377,159,557,27.0,5,5,0,f
23397,159,558,27.0,5,5,0,f
23417,159,559,27.0,5,5,0,f
22459,159,576,4.0,3,3,0,f
22473,159,577,13.0,2,2,1,f
22488,159,578,19.0,1,1,1,f
22504,159,579,21.0,1,1,1,f
22521,159,580,25.0,2,2,1,f
22538,159,581,29.0,1,1,1,f
22706,159,582,33.0,2,2,1,f
22723,159,583,36.0,2,2,1,f
22797,159,587,51.0,2,2,2,f
22817,159,588,54.0,2,2,2,f
22837,159,589,54.0,2,2,2,f
22214,159,590,0.0,5,5,0,f
22225,159,591,0.0,7,7,0,f
22236,159,592,9.0,3,3,1,f
22248,159,593,9.0,3,3,1,f
22262,159,594,9.0,5,5,1,f
22278,159,595,10.0,5,5,1,f
22294,159,596,10.0,5,5,1,f
22310,159,597,10.0,5,5,1,f
22326,159,598,10.0,5,5,1,f
22342,159,599,11.0,5,5,1,f
22360,159,600,15.0,5,5,1,f
22378,159,601,24.0,5,5,2,f
22396,159,602,26.0,5,5,2,f
22414,159,603,26.0,5,5,2,f
22434,159,604,35.0,5,5,3,f
21877,159,606,1.0,6,6,0,f
22052,159,608,1.0,7,7,0,f
22062,159,609,4.0,7,7,0,f
22073,159,610,4.0,7,7,0,f
22084,159,611,7.0,5,5,0,f
22143,159,614,12.0,4,4,0,f
22155,159,615,14.0,4,4,0,f
22167,159,616,17.0,4,4,0,f
22179,159,617,18.0,4,4,0,f
22191,159,618,18.0,4,4,0,f
22203,159,619,22.0,4,4,0,f
21896,159,620,0.0,6,6,0,f
21923,159,623,1.0,8,8,0,f
21942,159,624,1.0,9,9,0,f
21952,159,625,1.0,9,9,0,f
21962,159,626,1.0,9,9,0,f
21973,159,627,2.0,9,9,0,f
21984,159,628,2.0,9,9,0,f
21996,159,629,4.0,9,9,0,f
22008,159,630,7.0,9,9,0,f
22020,159,631,7.0,9,9,0,f
21672,159,632,0.0,7,7,0,f
21682,159,633,0.0,8,8,0,f
21692,159,634,0.0,9,9,0,f
21708,159,635,0.0,9,9,0,f
21719,159,636,0.0,9,9,0,f
21724,159,637,0.0,9,9,0,f
21735,159,638,1.0,9,9,0,f
21752,159,639,5.0,8,8,0,f
21763,159,640,5.0,9,9,0,f
21775,159,641,5.0,9,9,0,f
21781,159,642,5.0,9,9,0,f
21543,159,643,9.0,1,1,1,f
21550,159,644,9.0,3,3,1,f
21559,159,645,15.0,1,1,1,f
21568,159,646,17.0,2,2,1,f
21577,159,647,17.0,3,3,1,f
21587,159,648,21.0,3,3,1,f
21597,159,649,27.0,3,3,1,f
21608,159,650,29.0,3,3,1,f
21619,159,651,33.0,3,3,1,f
21630,159,652,35.0,3,3,1,f
21641,159,653,35.0,4,4,1,f
21653,159,654,35.0,4,4,1,f
21665,159,655,35.0,4,4,1,f
19804,159,720,4.0,4,4,0,f
19571,159,734,0.0,12,12,0,f
19797,159,719,0.0,7,7,0,f
19583,159,735,0.0,12,12,0,f
19600,159,736,3.0,7,7,0,f
19828,159,722,13.0,4,4,0,f
22131,159,613,12.0,4,4,0,f
22119,159,612,11.0,5,5,0,f
22042,159,607,1.0,6,6,0,f
22033,159,605,1.0,5,5,0,f
21914,159,622,1.0,7,7,0,f
21905,159,621,1.0,7,7,0,f
19921,159,728,28.0,3,3,0,f
19902,159,727,24.0,4,4,0,f
19884,159,726,18.0,5,5,0,f
19867,159,725,15.0,5,5,0,f
19853,159,724,13.0,5,5,0,f
19840,159,723,13.0,4,4,0,f
19816,159,721,10.0,4,4,0,f
19617,159,737,6.0,7,7,0,f
22741,159,584,36.0,2,2,1,f
22759,159,585,42.0,2,2,1,f
22778,159,586,51.0,2,2,2,f
3266,17,290,0.0,8,8,0,f
3277,17,291,0.0,10,10,0,f
3318,17,292,1.0,8,8,0,f
3332,17,293,2.0,8,8,0,f
3346,17,294,2.0,8,8,0,f
3360,17,295,2.0,9,9,0,f
3374,17,296,2.0,10,10,0,f
3388,17,297,2.0,10,10,0,f
3403,17,298,2.0,10,10,0,f
3418,17,299,2.0,10,10,0,f
3433,17,300,2.0,10,10,0,f
3448,17,301,2.0,10,10,0,f
3463,17,302,2.0,10,10,0,f
3478,17,303,2.0,10,10,0,f
3493,17,304,2.0,10,10,0,f
8245,17,305,0.0,16,16,0,f
8263,17,306,0.0,14,14,0,f
8281,17,307,4.0,6,6,0,f
8300,17,308,5.0,5,5,0,f
8319,17,309,5.0,6,6,0,f
8338,17,310,5.0,7,7,0,f
8357,17,311,5.0,7,7,0,f
8376,17,312,5.0,7,7,0,f
8395,17,313,5.0,7,7,0,f
8414,17,314,5.0,7,7,0,f
8433,17,315,5.0,7,7,0,f
8452,17,316,5.0,7,7,0,f
8471,17,317,5.0,8,8,0,f
8490,17,318,5.0,8,8,0,f
8509,17,319,5.0,8,8,0,f
8528,17,320,5.0,8,8,0,f
7655,17,322,0.0,12,12,0,f
7674,17,323,0.0,14,14,0,f
7693,17,324,0.0,14,14,0,f
7712,17,325,0.0,16,16,0,f
7731,17,326,0.0,14,14,0,f
7750,17,327,0.0,14,14,0,f
7769,17,328,0.0,14,14,0,f
7788,17,329,0.0,14,14,0,f
7807,17,330,0.0,14,14,0,f
7826,17,331,0.0,14,14,0,f
7845,17,332,0.0,14,14,0,f
7864,17,333,0.0,14,14,0,f
7883,17,334,0.0,15,15,0,f
7902,17,335,0.0,15,15,0,f
7921,17,336,0.0,15,15,0,f
7636,17,321,0.0,13,13,0,f
8781,17,356,0.0,10,10,0,f
8801,17,357,0.0,8,8,0,f
8821,17,358,3.0,7,7,0,f
8841,17,359,3.0,9,9,0,f
8861,17,360,3.0,9,9,0,f
8881,17,361,8.0,5,5,0,f
8901,17,362,8.0,6,6,0,f
8921,17,363,8.0,6,6,0,f
8941,17,364,8.0,7,7,0,f
8961,17,365,8.0,8,8,0,f
8981,17,366,8.0,8,8,0,f
9001,17,367,8.0,8,8,0,f
9021,17,368,8.0,8,8,0,f
9041,17,369,8.0,8,8,0,f
9121,17,370,8.0,8,8,0,f
9141,17,371,8.0,8,8,0,f
9169,17,372,0.0,18,18,0,f
9187,17,373,0.0,16,16,0,f
9205,17,374,0.0,18,18,0,f
9223,17,375,0.0,18,18,0,f
9241,17,376,0.0,18,18,0,f
9259,17,377,0.0,13,13,0,f
9277,17,378,0.0,12,12,0,f
9295,17,379,0.0,12,12,0,f
9313,17,380,0.0,12,12,0,f
9331,17,381,0.0,12,12,0,f
9349,17,382,0.0,12,12,0,f
9367,17,383,0.0,12,12,0,f
9385,17,384,0.0,12,12,0,f
9403,17,385,0.0,12,12,0,f
9421,17,386,0.0,12,12,0,f
9439,17,387,0.0,12,12,0,f
3392,23,297,0.0,15,15,0,f
3407,23,298,0.0,15,15,0,f
3422,23,299,0.0,15,15,0,f
3437,23,300,0.0,14,14,0,f
3452,23,301,0.0,14,14,0,f
3467,23,302,0.0,14,14,0,f
3482,23,303,0.0,14,14,0,f
3497,23,304,0.0,14,14,0,f
8247,23,305,0.0,18,18,0,f
8265,23,306,0.0,17,17,0,f
8283,23,307,0.0,18,18,0,f
8302,23,308,0.0,18,18,0,f
8321,23,309,0.0,18,18,0,f
8340,23,310,0.0,18,18,0,f
8359,23,311,0.0,18,18,0,f
8378,23,312,0.0,18,18,0,f
8397,23,313,0.0,18,18,0,f
8416,23,314,0.0,18,18,0,f
8435,23,315,0.0,17,17,0,f
8454,23,316,0.0,17,17,0,f
8473,23,317,0.0,17,17,0,f
8492,23,318,0.0,17,17,0,f
8511,23,319,0.0,17,17,0,f
8530,23,320,0.0,17,17,0,f
3321,83,292,0.0,11,11,0,f
3335,83,293,0.0,12,12,0,f
3349,83,294,0.0,13,13,0,f
3363,83,295,3.0,7,7,0,f
3377,83,296,3.0,8,8,0,f
3391,83,297,3.0,8,8,0,f
3406,83,298,3.0,9,9,0,f
3421,83,299,3.0,9,9,0,f
3436,83,300,3.0,9,9,0,f
3451,83,301,3.0,9,9,0,f
3466,83,302,3.0,9,9,0,f
3481,83,303,3.0,9,9,0,f
3496,83,304,3.0,9,9,0,f
8774,83,356,4.0,3,3,0,f
8794,83,357,4.0,4,4,0,f
8814,83,358,4.0,5,5,0,f
8834,83,359,4.0,7,7,0,f
8854,83,360,4.0,8,8,0,f
8874,83,361,4.0,9,9,0,f
8894,83,362,4.0,9,9,0,f
8914,83,363,4.0,10,10,0,f
8934,83,364,4.0,10,10,0,f
8954,83,365,4.0,10,10,0,f
8974,83,366,4.0,10,10,0,f
8994,83,367,4.0,10,10,0,f
9014,83,368,4.0,12,12,0,f
9034,83,369,4.0,12,12,0,f
9114,83,370,4.0,12,12,0,f
9134,83,371,4.0,12,12,0,f
9166,83,372,0.0,15,15,0,f
9184,83,373,0.0,12,12,0,f
9202,83,374,0.0,11,11,0,f
9220,83,375,0.0,12,12,0,f
9238,83,376,2.0,7,7,0,f
9256,83,377,2.0,8,8,0,f
9274,83,378,2.0,8,8,0,f
9292,83,379,5.0,7,7,0,f
9310,83,380,7.0,7,7,0,f
9328,83,381,9.0,6,6,0,f
9346,83,382,13.0,5,5,0,f
9364,83,383,15.0,6,6,0,f
9382,83,384,21.0,5,5,0,f
9400,83,385,21.0,5,5,0,f
9418,83,386,21.0,5,5,0,f
9436,83,387,22.0,6,6,0,f
9452,83,388,0.0,13,13,0,f
9465,83,389,0.0,14,14,0,f
9480,83,390,0.0,14,14,0,f
9495,83,391,1.0,11,11,0,f
9510,83,392,1.0,11,11,0,f
9525,83,393,1.0,11,11,0,f
9540,83,394,1.0,11,11,0,f
9555,83,395,1.0,12,12,0,f
9570,83,396,1.0,12,12,0,f
9585,83,397,1.0,12,12,0,f
9600,83,398,1.0,12,12,0,f
9616,83,399,1.0,12,12,0,f
9632,83,400,1.0,12,12,0,f
9648,83,401,1.0,12,12,0,f
9664,83,402,1.0,12,12,0,f
9680,83,403,1.0,13,13,0,f
10737,83,467,0.0,8,8,0,f
10754,83,468,0.0,8,8,0,f
10771,83,469,0.0,9,9,0,f
10788,83,470,0.0,10,10,0,f
10805,83,471,0.0,13,13,0,f
10822,83,472,0.0,14,14,0,f
10839,83,473,0.0,13,13,0,f
10856,83,474,0.0,14,14,0,f
10873,83,475,0.0,14,14,0,f
10890,83,476,0.0,14,14,0,f
10907,83,477,0.0,14,14,0,f
10924,83,478,0.0,14,14,0,f
10941,83,479,0.0,14,14,0,f
10958,83,480,0.0,14,14,0,f
10975,83,481,0.0,14,14,0,f
11026,83,482,0.0,14,14,0,f
11051,83,483,0.0,16,16,0,f
11067,83,484,0.0,16,16,0,f
11083,83,485,0.0,16,16,0,f
11099,83,486,0.0,15,15,0,f
11116,83,487,0.0,16,16,0,f
11133,83,488,0.0,16,16,0,f
11150,83,489,0.0,16,16,0,f
11167,83,490,0.0,16,16,0,f
11184,83,491,0.0,15,15,0,f
11218,83,492,0.0,15,15,0,f
11235,83,493,0.0,15,15,0,f
11252,83,494,0.0,15,15,0,f
11269,83,495,0.0,15,15,0,f
11286,83,496,0.0,14,14,0,f
11303,83,497,0.0,14,14,0,f
23147,83,543,0.0,8,8,0,f
23159,83,544,0.0,10,10,0,f
23172,83,545,0.0,11,11,0,f
23185,83,546,0.0,13,13,0,f
23199,83,547,0.0,13,13,0,f
23215,83,548,0.0,13,13,0,f
23231,83,549,0.0,14,14,0,f
23247,83,550,0.0,14,14,0,f
23263,83,551,0.0,14,14,0,f
23279,83,552,0.0,14,14,0,f
23297,83,553,0.0,13,13,0,f
23315,83,554,0.0,14,14,0,f
23333,83,555,0.0,14,14,0,f
23351,83,556,0.0,13,13,0,f
23371,83,557,0.0,14,14,0,f
23391,83,558,0.0,13,13,0,f
23411,83,559,0.0,13,13,0,f
22853,83,560,3.0,4,4,0,f
22866,83,561,3.0,5,5,0,f
22883,83,562,3.0,5,5,0,f
22901,83,563,3.0,7,7,0,f
22920,83,564,3.0,8,8,0,f
22939,83,565,6.0,5,5,0,f
22958,83,566,6.0,5,5,0,f
22976,83,567,6.0,8,8,0,f
22995,83,568,6.0,9,9,0,f
23015,83,569,6.0,9,9,0,f
23034,83,570,7.0,9,9,0,f
23053,83,571,8.0,9,9,0,f
23072,83,572,17.0,6,6,1,f
23091,83,573,17.0,7,7,1,f
23110,83,574,19.0,7,7,1,f
23129,83,575,19.0,7,7,1,f
22454,83,576,0.0,8,8,0,f
22468,83,577,0.0,9,9,0,f
22483,83,578,0.0,11,11,0,f
22499,83,579,1.0,8,8,0,f
22516,83,580,1.0,8,8,0,f
22533,83,581,1.0,8,8,0,f
22701,83,582,1.0,10,10,0,f
22718,83,583,1.0,10,10,0,f
22736,83,584,1.0,10,10,0,f
22754,83,585,3.0,9,9,0,f
22773,83,586,3.0,10,10,0,f
22213,83,590,0.0,6,6,0,f
22224,83,591,0.0,8,8,0,f
22235,83,592,2.0,8,8,0,f
22247,83,593,5.0,6,6,0,f
22261,83,594,5.0,6,6,0,f
22277,83,595,5.0,7,7,0,f
22293,83,596,5.0,8,8,0,f
22309,83,597,5.0,8,8,0,f
22325,83,598,5.0,8,8,0,f
22341,83,599,5.0,8,8,0,f
22359,83,600,5.0,8,8,0,f
22377,83,601,6.0,9,9,0,f
22395,83,602,6.0,9,9,0,f
22413,83,603,6.0,9,9,0,f
22433,83,604,6.0,9,9,0,f
22031,83,605,0.0,7,7,0,f
21875,83,606,0.0,8,8,0,f
22050,83,608,0.0,8,8,0,f
22060,83,609,0.0,9,9,0,f
22071,83,610,0.0,9,9,0,f
22082,83,611,0.0,9,9,0,f
22117,83,612,1.0,8,8,0,f
22129,83,613,4.0,8,8,0,f
22141,83,614,8.0,6,6,0,f
22153,83,615,8.0,6,6,0,f
22165,83,616,8.0,7,7,0,f
22177,83,617,8.0,7,7,0,f
22189,83,618,8.0,8,8,0,f
22201,83,619,14.0,5,5,0,f
21897,83,620,1.0,5,5,0,f
21915,83,622,4.0,6,6,0,f
21924,83,623,4.0,7,7,0,f
21943,83,624,6.0,7,7,0,f
21953,83,625,8.0,7,7,0,f
21963,83,626,8.0,8,8,0,f
21974,83,627,12.0,6,6,0,f
21985,83,628,12.0,6,6,0,f
21997,83,629,12.0,7,7,0,f
22009,83,630,12.0,8,8,0,f
22021,83,631,15.0,6,6,0,f
21541,83,643,4.0,3,3,0,f
21549,83,644,13.0,1,1,1,f
21567,83,646,19.0,1,1,1,f
21596,83,649,33.0,2,2,1,f
21629,83,652,39.0,2,2,1,f
22040,83,607,0.0,10,10,0,f
21906,83,621,3.0,5,5,0,f
21664,83,655,48.0,3,3,1,f
21652,83,654,45.0,3,3,1,f
21640,83,653,43.0,3,3,1,f
21618,83,651,33.0,2,2,1,f
21607,83,650,33.0,2,2,1,f
21586,83,648,31.0,2,2,1,f
21576,83,647,25.0,1,1,1,f
21558,83,645,13.0,4,4,1,f
22792,83,587,7.5,7,7,1,f
22812,83,588,7.5,7,7,1,f
22832,83,589,7.5,8,8,1,f
8254,98,306,0.0,9,9,0,f
8272,98,307,0.0,13,13,0,f
8291,98,308,0.0,14,14,0,f
8310,98,309,0.0,14,14,0,f
8329,98,310,0.0,15,15,0,f
8348,98,311,0.0,16,16,0,f
8367,98,312,0.0,16,16,0,f
8386,98,313,0.0,16,16,0,f
8405,98,314,0.0,16,16,0,f
8424,98,315,0.0,16,16,0,f
8443,98,316,0.0,16,16,0,f
8462,98,317,0.0,16,16,0,f
8481,98,318,0.0,16,16,0,f
8500,98,319,0.0,16,16,0,f
8519,98,320,0.0,16,16,0,f
7754,98,327,0.0,17,17,0,f
7773,98,328,0.0,17,17,0,f
7792,98,329,0.0,17,17,0,f
7811,98,330,0.0,15,15,0,f
7830,98,331,0.0,16,16,0,f
7849,98,332,0.0,16,16,0,f
7868,98,333,0.0,16,16,0,f
7887,98,334,0.0,14,14,0,f
7906,98,335,0.0,14,14,0,f
7925,98,336,0.0,14,14,0,f
7640,98,321,0.0,17,17,0,f
7659,98,322,0.0,15,15,0,f
7678,98,323,0.0,17,17,0,f
7697,98,324,0.0,17,17,0,f
7716,98,325,0.0,17,17,0,f
7735,98,326,0.0,17,17,0,f
8236,98,305,0.0,7,7,0,f
8790,98,356,0.0,19,19,0,f
8810,98,357,0.0,10,10,0,f
8830,98,358,0.0,11,11,0,f
8850,98,359,1.0,10,10,0,f
8870,98,360,1.0,11,11,0,f
8890,98,361,1.0,13,13,0,f
8910,98,362,1.0,14,14,0,f
8930,98,363,1.0,15,15,0,f
8950,98,364,1.0,15,15,0,f
8970,98,365,1.0,15,15,0,f
8990,98,366,1.0,15,15,0,f
9010,98,367,1.0,15,15,0,f
9030,98,368,1.0,15,15,0,f
9050,98,369,1.0,15,15,0,f
9130,98,370,1.0,15,15,0,f
9150,98,371,1.0,15,15,0,f
9163,98,372,0.0,12,12,0,f
9181,98,373,0.0,7,7,0,f
9199,98,374,0.0,12,12,0,f
9217,98,375,0.0,11,11,0,f
9235,98,376,0.0,14,14,0,f
9253,98,377,0.0,16,16,0,f
9271,98,378,0.0,16,16,0,f
9289,98,379,0.0,16,16,0,f
9307,98,380,0.0,16,16,0,f
9325,98,381,0.0,16,16,0,f
9343,98,382,0.0,16,16,0,f
9361,98,383,0.0,16,16,0,f
9379,98,384,0.0,15,15,0,f
9397,98,385,0.0,15,15,0,f
9415,98,386,0.0,13,13,0,f
9433,98,387,0.0,13,13,0,f
9447,98,388,0.0,8,8,0,f
9460,98,389,0.0,11,11,0,f
9475,98,390,0.0,12,12,0,f
9490,98,391,0.0,13,13,0,f
9505,98,392,0.0,13,13,0,f
9520,98,393,0.0,13,13,0,f
9535,98,394,0.0,13,13,0,f
9550,98,395,0.0,13,13,0,f
9565,98,396,0.0,13,13,0,f
9580,98,397,0.0,13,13,0,f
9595,98,398,0.0,13,13,0,f
9611,98,399,0.0,13,13,0,f
9627,98,400,0.0,13,13,0,f
9643,98,401,0.0,13,13,0,f
9659,98,402,0.0,13,13,0,f
9675,98,403,1.0,12,12,0,f
9866,98,416,0.0,14,14,0,f
9880,98,417,0.0,14,14,0,f
9894,98,418,0.0,14,14,0,f
9908,98,419,0.0,14,14,0,f
8253,84,306,0.0,7,7,0,f
8271,84,307,0.0,10,10,0,f
8290,84,308,0.0,11,11,0,f
8309,84,309,0.0,12,12,0,f
8328,84,310,0.0,13,13,0,f
8347,84,311,0.0,13,13,0,f
8366,84,312,0.0,13,13,0,f
8385,84,313,0.0,13,13,0,f
8404,84,314,0.0,14,14,0,f
8423,84,315,0.0,15,15,0,f
8442,84,316,0.0,15,15,0,f
8461,84,317,0.0,15,15,0,f
8480,84,318,0.0,15,15,0,f
8499,84,319,0.0,15,15,0,f
8518,84,320,0.0,15,15,0,f
8235,84,305,0.0,6,6,0,f
8243,78,305,0.0,14,14,0,f
8261,78,306,0.0,16,16,0,f
8279,78,307,0.0,15,15,0,f
8298,78,308,0.0,16,16,0,f
8317,78,309,0.0,16,16,0,f
8336,78,310,0.0,16,16,0,f
8355,78,311,0.0,14,14,0,f
8374,78,312,0.0,14,14,0,f
8393,78,313,0.0,14,14,0,f
8412,78,314,1.0,10,10,0,f
8431,78,315,1.0,10,10,0,f
8450,78,316,1.0,10,10,0,f
8469,78,317,1.0,10,10,0,f
8488,78,318,1.0,10,10,0,f
8507,78,319,1.0,11,11,0,f
8526,78,320,1.0,11,11,0,f
7633,78,321,0.0,10,10,0,f
7652,78,322,0.0,13,13,0,f
7671,78,323,0.0,15,15,0,f
7690,78,324,0.0,15,15,0,f
7709,78,325,0.0,13,13,0,f
7728,78,326,0.0,13,13,0,f
7747,78,327,6.0,6,6,0,f
7766,78,328,6.0,6,6,0,f
7785,78,329,6.0,6,6,0,f
7804,78,330,6.0,6,6,0,f
7823,78,331,7.0,6,6,0,f
7842,78,332,7.0,6,6,0,f
7861,78,333,7.0,6,6,0,f
7880,78,334,7.0,6,6,0,f
7899,78,335,7.0,7,7,0,f
7918,78,336,7.0,7,7,0,f
8246,123,305,0.0,17,17,0,f
8264,123,306,0.0,18,18,0,f
8282,123,307,0.0,19,19,0,f
8301,123,308,0.0,19,19,0,f
8320,123,309,0.0,19,19,0,f
8339,123,310,0.0,19,19,0,f
8358,123,311,0.0,19,19,0,f
8377,123,312,0.0,19,19,0,f
8396,123,313,0.0,19,19,0,f
8415,123,314,0.0,19,19,0,f
8434,123,315,0.0,19,19,0,f
8453,123,316,0.0,19,19,0,f
8472,123,317,0.0,19,19,0,f
8491,123,318,0.0,19,19,0,f
8510,123,319,0.0,19,19,0,f
8529,123,320,0.0,19,19,0,f
7642,123,321,0.0,19,19,0,f
7661,123,322,0.0,18,18,0,f
7680,123,323,0.0,18,18,0,f
7699,123,324,0.0,18,18,0,f
7718,123,325,0.0,18,18,0,f
7737,123,326,0.0,18,18,0,f
7756,123,327,0.0,18,18,0,f
7775,123,328,0.0,18,18,0,f
7794,123,329,0.0,18,18,0,f
7813,123,330,0.0,18,18,0,f
7832,123,331,0.0,18,18,0,f
7851,123,332,0.0,18,18,0,f
7870,123,333,0.0,18,18,0,f
7889,123,334,0.0,18,18,0,f
7908,123,335,0.0,18,18,0,f
7927,123,336,0.0,18,18,0,f
8789,123,356,0.0,17,17,0,f
8809,123,357,0.0,19,19,0,f
8829,123,358,0.0,18,18,0,f
8849,123,359,0.0,18,18,0,f
8869,123,360,0.0,19,19,0,f
8889,123,361,0.0,16,16,0,f
8909,123,362,0.0,17,17,0,f
8929,123,363,0.0,18,18,0,f
8949,123,364,0.0,18,18,0,f
8969,123,365,0.0,18,18,0,f
8989,123,366,0.0,18,18,0,f
9009,123,367,0.0,18,18,0,f
9029,123,368,0.0,18,18,0,f
9049,123,369,0.0,18,18,0,f
9129,123,370,0.0,18,18,0,f
9149,123,371,0.0,18,18,0,f
9162,123,372,0.0,11,11,0,f
9180,123,373,0.0,14,14,0,f
9198,123,374,0.0,15,15,0,f
9216,123,375,0.0,15,15,0,f
9234,123,376,0.0,10,10,0,f
9252,123,377,0.0,12,12,0,f
9270,123,378,0.0,13,13,0,f
9288,123,379,0.0,13,13,0,f
9306,123,380,0.0,13,13,0,f
9324,123,381,0.0,13,13,0,f
9342,123,382,0.0,13,13,0,f
9360,123,383,0.0,13,13,0,f
9378,123,384,0.0,13,13,0,f
9396,123,385,0.0,13,13,0,f
9414,123,386,0.0,14,14,0,f
9432,123,387,0.0,14,14,0,f
9603,123,398,0.0,16,16,0,f
9619,123,399,0.0,16,16,0,f
9635,123,400,0.0,16,16,0,f
9651,123,401,0.0,16,16,0,f
9667,123,402,0.0,16,16,0,f
9683,123,403,0.0,16,16,0,f
7632,56,321,0.0,9,9,0,f
7651,56,322,0.0,11,11,0,f
7670,56,323,0.0,13,13,0,f
7689,56,324,0.0,13,13,0,f
7708,56,325,0.0,15,15,0,f
7727,56,326,0.0,16,16,0,f
7746,56,327,0.0,16,16,0,f
7765,56,328,0.0,16,16,0,f
7784,56,329,0.0,16,16,0,f
7803,56,330,0.0,17,17,0,f
7822,56,331,0.0,17,17,0,f
7841,56,332,0.0,17,17,0,f
7860,56,333,0.0,17,17,0,f
7879,56,334,0.0,17,17,0,f
7898,56,335,0.0,17,17,0,f
7917,56,336,0.0,17,17,0,f
8788,56,356,0.0,16,16,0,f
8808,56,357,0.0,18,18,0,f
8828,56,358,0.0,19,19,0,f
8848,56,359,0.0,20,20,0,f
8868,56,360,0.0,20,20,0,f
8888,56,361,0.0,20,20,0,f
8908,56,362,0.0,20,20,0,f
8928,56,363,0.0,20,20,0,f
8948,56,364,0.0,20,20,0,f
8968,56,365,0.0,20,20,0,f
8988,56,366,0.0,20,20,0,f
9008,56,367,0.0,20,20,0,f
9028,56,368,0.0,20,20,0,f
9048,56,369,0.0,20,20,0,f
9128,56,370,0.0,20,20,0,f
9148,56,371,0.0,20,20,0,f
9164,56,372,0.0,13,13,0,f
9182,56,373,0.0,15,15,0,f
9200,56,374,0.0,17,17,0,f
9218,56,375,0.0,14,14,0,f
9236,56,376,0.0,16,16,0,f
9254,56,377,0.0,17,17,0,f
9272,56,378,0.0,17,17,0,f
9290,56,379,0.0,17,17,0,f
9308,56,380,0.0,17,17,0,f
9326,56,381,0.0,17,17,0,f
9344,56,382,0.0,17,17,0,f
9362,56,383,0.0,17,17,0,f
9380,56,384,0.0,17,17,0,f
9398,56,385,0.0,17,17,0,f
9416,56,386,0.0,17,17,0,f
9434,56,387,0.0,17,17,0,f
7654,39,322,0.0,16,16,0,f
7673,39,323,0.0,16,16,0,f
7692,39,324,0.0,16,16,0,f
7711,39,325,0.0,14,14,0,f
7730,39,326,0.0,15,15,0,f
7749,39,327,0.0,15,15,0,f
7768,39,328,0.0,15,15,0,f
7787,39,329,0.0,15,15,0,f
7806,39,330,0.0,16,16,0,f
7825,39,331,0.0,15,15,0,f
7844,39,332,0.0,15,15,0,f
7863,39,333,0.0,15,15,0,f
7882,39,334,0.0,16,16,0,f
7901,39,335,0.0,16,16,0,f
7920,39,336,0.0,16,16,0,f
7635,39,321,0.0,12,12,0,f
8786,39,356,0.0,18,18,0,f
8806,39,357,0.0,13,13,0,f
8826,39,358,0.0,14,14,0,f
8846,39,359,0.0,15,15,0,f
8866,39,360,0.0,15,15,0,f
8886,39,361,0.0,14,14,0,f
8906,39,362,0.0,16,16,0,f
8926,39,363,0.0,17,17,0,f
8946,39,364,0.0,17,17,0,f
8966,39,365,0.0,17,17,0,f
8986,39,366,0.0,17,17,0,f
9006,39,367,0.0,17,17,0,f
9026,39,368,0.0,17,17,0,f
9046,39,369,0.0,17,17,0,f
9126,39,370,0.0,17,17,0,f
9146,39,371,0.0,17,17,0,f
9168,39,372,0.0,17,17,0,f
9186,39,373,0.0,18,18,0,f
9204,39,374,0.0,10,10,0,f
9222,39,375,0.0,10,10,0,f
9240,39,376,0.0,13,13,0,f
9258,39,377,0.0,15,15,0,f
9276,39,378,0.0,15,15,0,f
9294,39,379,0.0,15,15,0,f
9312,39,380,0.0,15,15,0,f
9330,39,381,0.0,15,15,0,f
9348,39,382,0.0,15,15,0,f
9366,39,383,0.0,15,15,0,f
9384,39,384,0.0,16,16,0,f
9402,39,385,0.0,16,16,0,f
9420,39,386,0.0,16,16,0,f
9438,39,387,0.0,16,16,0,f
9450,39,388,0.0,11,11,0,f
9463,39,389,0.0,12,12,0,f
9478,39,390,0.0,13,13,0,f
9493,39,391,0.0,14,14,0,f
9508,39,392,0.0,14,14,0,f
9523,39,393,0.0,14,14,0,f
9538,39,394,0.0,14,14,0,f
9553,39,395,0.0,14,14,0,f
9568,39,396,0.0,15,15,0,f
9583,39,397,0.0,15,15,0,f
9598,39,398,0.0,15,15,0,f
9614,39,399,0.0,15,15,0,f
9630,39,400,0.0,15,15,0,f
9646,39,401,0.0,15,15,0,f
9662,39,402,0.0,15,15,0,f
9678,39,403,0.0,15,15,0,f
9693,39,404,0.0,10,10,0,f
9706,39,405,0.0,11,11,0,f
9719,39,406,0.0,11,11,0,f
9732,39,407,0.0,12,12,0,f
9745,39,408,0.0,12,12,0,f
9758,39,409,0.0,12,12,0,f
9784,39,410,0.0,12,12,0,f
9797,39,411,0.0,12,12,0,f
9810,39,412,0.0,12,12,0,f
9823,39,413,0.0,12,12,0,f
9836,39,414,0.0,12,12,0,f
9849,39,415,0.0,12,12,0,f
9862,39,416,0.0,12,12,0,f
9876,39,417,0.0,12,12,0,f
9890,39,418,0.0,13,13,0,f
9904,39,419,0.0,13,13,0,f
9917,39,420,0.0,9,9,0,f
9931,39,421,0.0,8,8,0,f
9946,39,422,0.0,10,10,0,f
9961,39,423,0.0,10,10,0,f
9977,39,424,0.0,10,10,0,f
10025,39,425,0.0,11,11,0,f
10057,39,426,0.0,12,12,0,f
10073,39,427,0.0,12,12,0,f
10089,39,428,0.0,12,12,0,f
10105,39,429,0.0,11,11,0,f
10121,39,430,0.0,11,11,0,f
10137,39,431,0.0,11,11,0,f
10154,39,432,0.0,11,11,0,f
10171,39,433,0.0,11,11,0,f
10188,39,434,0.0,11,11,0,f
10205,39,435,0.0,10,10,0,f
10224,39,436,0.0,11,11,0,f
10237,39,437,0.0,15,15,0,f
10252,39,438,0.0,15,15,0,f
10282,39,439,0.0,15,15,0,f
10297,39,440,0.0,13,13,0,f
10312,39,441,0.0,10,10,0,f
10327,39,442,0.0,11,11,0,f
10342,39,443,0.0,11,11,0,f
10357,39,444,2.0,11,11,0,f
10372,39,445,2.0,11,11,0,f
10387,39,446,2.0,11,11,0,f
10402,39,447,2.0,11,11,0,f
10417,39,448,2.0,11,11,0,f
10447,39,449,2.0,11,11,0,f
10462,39,450,2.0,11,11,0,f
10477,39,451,2.0,11,11,0,f
10496,39,452,0.0,15,15,0,f
10511,39,453,0.0,15,15,0,f
10526,39,454,0.0,15,15,0,f
10541,39,455,0.0,15,15,0,f
10556,39,456,0.0,15,15,0,f
10571,39,457,0.0,15,15,0,f
10586,39,458,0.0,15,15,0,f
10601,39,459,0.0,15,15,0,f
10616,39,460,0.0,15,15,0,f
10632,39,461,0.0,15,15,0,f
10648,39,462,0.0,14,14,0,f
10664,39,463,0.0,15,15,0,f
10680,39,464,0.0,15,15,0,f
10712,39,465,0.0,15,15,0,f
10728,39,466,0.0,15,15,0,f
10744,39,467,0.0,15,15,0,f
10761,39,468,0.0,9,9,0,f
10778,39,469,0.0,10,10,0,f
10795,39,470,3.0,9,9,0,f
10812,39,471,3.0,10,10,0,f
10829,39,472,3.0,11,11,0,f
10846,39,473,3.0,11,11,0,f
10863,39,474,3.0,11,11,0,f
10880,39,475,3.0,11,11,0,f
10897,39,476,3.0,11,11,0,f
10914,39,477,3.0,11,11,0,f
10931,39,478,3.0,12,12,0,f
10948,39,479,3.0,12,12,0,f
10965,39,480,3.0,12,12,0,f
10982,39,481,3.0,12,12,0,f
11033,39,482,3.0,12,12,0,f
11048,39,483,0.0,13,13,0,f
11064,39,484,0.0,15,15,0,f
11080,39,485,0.0,15,15,0,f
11096,39,486,0.0,16,16,0,f
11113,39,487,0.0,15,15,0,f
11130,39,488,0.0,15,15,0,f
11147,39,489,0.0,15,15,0,f
11164,39,490,0.0,15,15,0,f
11181,39,491,0.0,16,16,0,f
11215,39,492,0.0,16,16,0,f
11232,39,493,0.0,16,16,0,f
11249,39,494,0.0,16,16,0,f
11266,39,495,0.0,16,16,0,f
11283,39,496,0.0,16,16,0,f
11300,39,497,0.0,16,16,0,f
11319,39,498,0.0,15,15,0,f
11334,39,499,0.0,15,15,0,f
11349,39,500,0.0,15,15,0,f
11364,39,501,0.0,15,15,0,f
11379,39,502,0.0,15,15,0,f
11394,39,503,0.0,15,15,0,f
11409,39,504,0.0,15,15,0,f
11424,39,505,0.0,15,15,0,f
11439,39,506,0.0,15,15,0,f
11454,39,507,0.0,15,15,0,f
11469,39,508,0.0,15,15,0,f
11484,39,509,0.0,14,14,0,f
11499,39,510,0.0,14,14,0,f
11514,39,511,0.0,14,14,0,f
7715,22,325,0.0,11,11,0,f
7734,22,326,0.0,11,11,0,f
7753,22,327,0.0,12,12,0,f
7772,22,328,0.0,12,12,0,f
7791,22,329,0.0,12,12,0,f
7810,22,330,0.0,12,12,0,f
7829,22,331,0.0,12,12,0,f
7848,22,332,0.0,12,12,0,f
7867,22,333,0.0,12,12,0,f
7886,22,334,0.0,13,13,0,f
7905,22,335,0.0,13,13,0,f
7924,22,336,0.0,13,13,0,f
7639,22,321,0.0,16,16,0,f
7658,22,322,0.0,17,17,0,f
7677,22,323,0.0,12,12,0,f
7696,22,324,0.0,11,11,0,f
8791,22,356,0.0,20,20,0,f
8811,22,357,0.0,20,20,0,f
8831,22,358,0.0,20,20,0,f
8851,22,359,0.0,19,19,0,f
8871,22,360,0.0,16,16,0,f
8891,22,361,0.0,17,17,0,f
8911,22,362,2.0,13,13,0,f
8931,22,363,2.0,14,14,0,f
8951,22,364,2.0,14,14,0,f
8971,22,365,2.0,14,14,0,f
8991,22,366,2.0,14,14,0,f
9011,22,367,2.0,14,14,0,f
9031,22,368,6.0,9,9,0,f
9051,22,369,6.0,9,9,0,f
9131,22,370,6.0,10,10,0,f
9151,22,371,6.0,10,10,0,f
7641,8,321,0.0,18,18,0,f
7660,8,322,0.0,19,19,0,f
7679,8,323,0.0,19,19,0,f
7698,8,324,0.0,19,19,0,f
7717,8,325,0.0,19,19,0,f
7736,8,326,0.0,19,19,0,f
7755,8,327,0.0,19,19,0,f
7774,8,328,0.0,19,19,0,f
7793,8,329,0.0,19,19,0,f
7812,8,330,0.0,19,19,0,f
7831,8,331,0.0,19,19,0,f
7850,8,332,0.0,19,19,0,f
7869,8,333,0.0,19,19,0,f
7888,8,334,0.0,19,19,0,f
7907,8,335,0.0,19,19,0,f
7926,8,336,0.0,19,19,0,f
8782,62,356,0.0,11,11,0,f
8802,62,357,0.0,14,14,0,f
8822,62,358,0.0,15,15,0,f
8842,62,359,0.0,13,13,0,f
8862,62,360,3.0,10,10,0,f
8882,62,361,3.0,11,11,0,f
8902,62,362,3.0,11,11,0,f
8922,62,363,3.0,11,11,0,f
8942,62,364,3.0,11,11,0,f
8962,62,365,3.0,11,11,0,f
8982,62,366,3.0,11,11,0,f
9002,62,367,3.0,11,11,0,f
9022,62,368,3.0,13,13,0,f
9042,62,369,3.0,13,13,0,f
9122,62,370,3.0,13,13,0,f
9142,62,371,3.0,13,13,0,f
9158,62,372,0.0,7,7,0,f
9176,62,373,0.0,13,13,0,f
9194,62,374,0.0,14,14,0,f
9212,62,375,0.0,17,17,0,f
9230,62,376,0.0,12,12,0,f
9248,62,377,3.0,7,7,0,f
9266,62,378,3.0,7,7,0,f
9284,62,379,3.0,9,9,0,f
9302,62,380,3.0,9,9,0,f
9320,62,381,3.0,9,9,0,f
9338,62,382,3.0,9,9,0,f
9356,62,383,3.0,9,9,0,f
9374,62,384,3.0,9,9,0,f
9392,62,385,3.0,9,9,0,f
9410,62,386,3.0,9,9,0,f
9428,62,387,3.0,9,9,0,f
8784,68,356,0.0,13,13,0,f
8804,68,357,0.0,17,17,0,f
8824,68,358,0.0,17,17,0,f
8844,68,359,0.0,17,17,0,f
8864,68,360,0.0,18,18,0,f
8884,68,361,0.0,19,19,0,f
8904,68,362,0.0,19,19,0,f
8924,68,363,0.0,19,19,0,f
8944,68,364,0.0,19,19,0,f
8964,68,365,0.0,19,19,0,f
8984,68,366,0.0,19,19,0,f
9004,68,367,0.0,19,19,0,f
9024,68,368,0.0,19,19,0,f
9044,68,369,0.0,19,19,0,f
9124,68,370,0.0,19,19,0,f
9144,68,371,0.0,19,19,0,f
9167,68,372,0.0,16,16,0,f
9185,68,373,0.0,17,17,0,f
9203,68,374,0.0,16,16,0,f
9221,68,375,0.0,16,16,0,f
9239,68,376,0.0,17,17,0,f
9257,68,377,0.0,18,18,0,f
9275,68,378,0.0,18,18,0,f
9293,68,379,0.0,18,18,0,f
9311,68,380,0.0,18,18,0,f
9329,68,381,0.0,18,18,0,f
9347,68,382,0.0,18,18,0,f
9365,68,383,0.0,18,18,0,f
9383,68,384,0.0,18,18,0,f
9401,68,385,0.0,18,18,0,f
9419,68,386,0.0,18,18,0,f
9437,68,387,0.0,18,18,0,f
9445,68,388,0.0,6,6,0,f
9458,68,389,2.0,5,5,0,f
9473,68,390,2.0,7,7,0,f
9488,68,391,2.0,7,7,0,f
9503,68,392,2.0,7,7,0,f
9518,68,393,2.0,9,9,0,f
9533,68,394,2.0,9,9,0,f
9548,68,395,2.0,9,9,0,f
9563,68,396,2.0,9,9,0,f
9578,68,397,2.0,9,9,0,f
9593,68,398,2.0,9,9,0,f
9609,68,399,2.0,9,9,0,f
9625,68,400,2.0,9,9,0,f
9641,68,401,2.0,10,10,0,f
9657,68,402,2.0,10,10,0,f
9673,68,403,2.0,10,10,0,f
9695,68,404,0.0,12,12,0,f
9708,68,405,0.0,12,12,0,f
9721,68,406,0.0,12,12,0,f
9734,68,407,0.0,11,11,0,f
9747,68,408,0.0,11,11,0,f
9760,68,409,0.0,11,11,0,f
9786,68,410,0.0,11,11,0,f
9799,68,411,0.0,11,11,0,f
9812,68,412,0.0,10,10,0,f
9825,68,413,0.0,11,11,0,f
9838,68,414,0.0,11,11,0,f
9851,68,415,0.0,11,11,0,f
9864,68,416,0.0,11,11,0,f
9878,68,417,0.0,11,11,0,f
9892,68,418,0.0,11,11,0,f
9906,68,419,0.0,11,11,0,f
9937,68,421,0.0,15,15,0,f
9952,68,422,0.0,15,15,0,f
9967,68,423,0.0,12,12,0,f
9983,68,424,0.0,13,13,0,f
10031,68,425,0.0,13,13,0,f
10063,68,426,0.0,13,13,0,f
10079,68,427,0.0,13,13,0,f
10095,68,428,0.0,14,14,0,f
10111,68,429,0.0,14,14,0,f
10127,68,430,0.0,14,14,0,f
10143,68,431,0.0,14,14,0,f
10160,68,432,0.0,14,14,0,f
10177,68,433,0.0,14,14,0,f
10194,68,434,0.0,14,14,0,f
10211,68,435,0.0,14,14,0,f
9915,76,420,0.0,7,7,0,f
9929,76,421,0.0,9,9,0,f
9944,76,422,0.0,11,11,0,f
9959,76,423,0.0,11,11,0,f
9975,76,424,0.0,11,11,0,f
10023,76,425,0.0,12,12,0,f
10055,76,426,0.0,11,11,0,f
10071,76,427,0.0,11,11,0,f
10087,76,428,0.0,11,11,0,f
10103,76,429,0.0,12,12,0,f
10119,76,430,0.0,12,12,0,f
10135,76,431,0.0,12,12,0,f
10152,76,432,0.0,12,12,0,f
10169,76,433,0.0,12,12,0,f
10186,76,434,0.0,12,12,0,f
10203,76,435,0.0,13,13,0,f
10220,76,436,0.0,7,7,0,f
10233,76,437,0.0,9,9,0,f
10248,76,438,0.0,10,10,0,f
10278,76,439,0.0,11,11,0,f
10293,76,440,0.0,11,11,0,f
10308,76,441,0.0,12,12,0,f
10323,76,442,0.0,13,13,0,f
10338,76,443,0.0,13,13,0,f
10353,76,444,0.0,14,14,0,f
10368,76,445,0.0,14,14,0,f
10383,76,446,0.0,14,14,0,f
10398,76,447,0.0,14,14,0,f
10413,76,448,0.0,14,14,0,f
10443,76,449,0.0,14,14,0,f
10458,76,450,0.0,14,14,0,f
10473,76,451,0.0,14,14,0,f
10492,76,452,0.0,11,11,0,f
10507,76,453,0.0,12,12,0,f
10522,76,454,0.0,13,13,0,f
10537,76,455,0.0,14,14,0,f
10552,76,456,0.0,14,14,0,f
10567,76,457,0.0,14,14,0,f
10582,76,458,0.0,14,14,0,f
10597,76,459,0.0,14,14,0,f
10612,76,460,0.0,14,14,0,f
10628,76,461,0.0,14,14,0,f
10644,76,462,0.0,16,16,0,f
10660,76,463,0.0,16,16,0,f
10676,76,464,0.0,16,16,0,f
10708,76,465,0.0,16,16,0,f
10724,76,466,0.0,16,16,0,f
9918,48,420,0.0,10,10,0,f
9932,48,421,0.0,11,11,0,f
9947,48,422,0.0,12,12,0,f
9962,48,423,0.0,13,13,0,f
9978,48,424,0.0,12,12,0,f
10026,48,425,0.0,10,10,0,f
10058,48,426,0.0,10,10,0,f
10074,48,427,0.0,10,10,0,f
10090,48,428,0.0,10,10,0,f
10106,48,429,0.0,10,10,0,f
10122,48,430,0.0,10,10,0,f
10138,48,431,0.0,10,10,0,f
10155,48,432,0.0,10,10,0,f
10172,48,433,0.0,10,10,0,f
10189,48,434,0.0,10,10,0,f
10206,48,435,0.0,12,12,0,f
10217,48,436,3.0,4,4,0,f
10230,48,437,6.0,4,4,0,f
10245,48,438,6.0,6,6,0,f
10275,48,439,6.0,6,6,0,f
10290,48,440,6.0,6,6,0,f
10305,48,441,6.0,6,6,0,f
10320,48,442,6.0,7,7,0,f
10335,48,443,6.0,7,7,0,f
10350,48,444,6.0,7,7,0,f
10365,48,445,6.0,8,8,0,f
10380,48,446,6.0,8,8,0,f
10395,48,447,6.0,8,8,0,f
10410,48,448,6.0,8,8,0,f
10440,48,449,10.0,8,8,0,f
10455,48,450,11.0,8,8,0,f
10470,48,451,11.0,8,8,0,f
10495,48,452,0.0,14,14,0,f
10510,48,453,0.0,14,14,0,f
10525,48,454,0.0,12,12,0,f
10540,48,455,0.0,11,11,0,f
10555,48,456,1.0,8,8,0,f
10570,48,457,1.0,9,9,0,f
10585,48,458,1.0,10,10,0,f
10600,48,459,1.0,9,9,0,f
10615,48,460,1.0,9,9,0,f
10631,48,461,7.0,7,7,0,f
10647,48,462,7.0,7,7,0,f
10663,48,463,9.0,7,7,0,f
10679,48,464,9.0,7,7,0,f
10711,48,465,12.0,7,7,0,f
10727,48,466,18.0,6,6,0,f
10736,48,467,0.0,7,7,0,f
10753,48,468,0.0,11,11,0,f
10770,48,469,0.0,12,12,0,f
10787,48,470,0.0,12,12,0,f
10804,48,471,0.0,14,14,0,f
10821,48,472,4.0,9,9,0,f
10838,48,473,4.0,9,9,0,f
10855,48,474,5.0,9,9,0,f
10872,48,475,5.0,9,9,0,f
10889,48,476,5.0,9,9,0,f
10906,48,477,5.0,9,9,0,f
10923,48,478,7.0,9,9,0,f
10940,48,479,7.0,9,9,0,f
10957,48,480,7.0,9,9,0,f
10974,48,481,7.0,9,9,0,f
11025,48,482,7.0,9,9,0,f
11038,48,483,3.0,3,3,0,f
11054,48,484,3.0,5,5,0,f
11070,48,485,3.0,5,5,0,f
11086,48,486,3.0,5,5,0,f
11103,48,487,3.0,8,8,0,f
11120,48,488,3.0,10,10,0,f
11137,48,489,3.0,11,11,0,f
11154,48,490,3.0,11,11,0,f
11171,48,491,3.0,11,11,0,f
11205,48,492,3.0,11,11,0,f
11222,48,493,3.0,11,11,0,f
11239,48,494,3.0,11,11,0,f
11256,48,495,3.0,11,11,0,f
11273,48,496,6.0,10,10,0,f
11290,48,497,10.0,9,9,0,f
11309,48,498,2.0,5,5,0,f
11324,48,499,2.0,9,9,0,f
11339,48,500,2.0,9,9,0,f
11354,48,501,2.0,10,10,0,f
11369,48,502,2.0,11,11,0,f
11384,48,503,2.0,11,11,0,f
11399,48,504,2.0,11,11,0,f
11414,48,505,2.0,11,11,0,f
11429,48,506,4.0,11,11,0,f
11444,48,507,4.0,11,11,0,f
11459,48,508,4.0,11,11,0,f
11474,48,509,4.0,11,11,0,f
11489,48,510,4.0,11,11,0,f
11504,48,511,4.0,11,11,0,f
24073,48,517,0.0,15,15,0,f
24090,48,518,0.0,15,15,0,f
24106,48,519,0.0,15,15,0,f
24123,48,520,0.0,15,15,0,f
24140,48,521,0.0,15,15,0,f
24158,48,522,0.0,15,15,0,f
24175,48,523,0.0,15,15,0,f
24192,48,524,0.0,15,15,0,f
24210,48,525,0.0,16,16,0,f
24229,48,526,0.0,16,16,0,f
20374,48,700,0.0,8,8,0,f
20390,48,701,0.0,9,9,0,f
20406,48,702,0.0,9,9,0,f
20422,48,703,0.0,9,9,0,f
20438,48,704,0.0,10,10,0,f
20454,48,705,0.0,10,10,0,f
20470,48,706,0.0,10,10,0,f
20486,48,707,0.0,10,10,0,f
20502,48,708,0.0,10,10,0,f
20352,48,699,0.0,8,8,0,f
19938,48,728,0.0,16,16,0,f
27198,48,1010,4.0,6,6,0,f
27218,48,1011,10.0,4,4,0,f
27228,48,1012,12.0,5,5,0,f
27238,48,1013,13.0,6,6,0,f
27248,48,1014,13.0,7,7,0,f
27258,48,1015,13.0,9,9,0,f
27268,48,1016,13.0,9,9,0,f
27298,48,1017,19.0,7,7,0,f
27308,48,1018,22.0,6,6,0,f
27318,48,1019,26.0,6,6,0,f
27338,48,1020,26.0,9,9,0,f
27348,48,1021,32.0,7,7,0,f
27358,48,1022,32.0,8,8,0,f
27368,48,1023,34.0,8,8,0,f
27378,48,1024,35.0,8,8,0,f
27388,48,1025,35.0,8,8,0,f
27418,48,1026,35.0,8,8,0,f
27428,48,1027,35.0,8,8,0,f
27438,48,1028,35.0,8,8,0,f
27448,48,1029,57.0,8,8,0,f
27458,48,1030,57.0,8,8,0,f
27519,48,1034,2.0,8,8,0,f
27579,48,1031,2.0,7,7,0,f
27489,48,1032,2.0,8,8,0,f
27509,48,1033,2.0,8,8,0,f
27529,48,1035,2.0,8,8,0,f
27539,48,1036,2.0,8,8,0,f
27549,48,1037,2.0,8,8,0,f
27559,48,1038,2.0,8,8,0,f
27569,48,1039,4.0,8,8,0,f
27589,48,1040,4.0,8,8,0,f
27599,48,1041,5.0,8,8,0,f
27609,48,1042,5.0,8,8,0,f
27619,48,1043,8.0,8,8,0,f
27629,48,1044,8.0,8,8,0,f
27639,48,1045,8.0,8,8,0,f
27649,48,1046,8.0,8,8,0,f
27659,48,1047,8.0,8,8,0,f
27909,48,1051,11.0,9,9,0,f
27679,48,1052,0.0,7,7,0,f
27709,48,1053,0.0,8,8,0,f
27719,48,1054,0.0,8,8,0,f
27729,48,1055,0.0,8,8,0,f
27739,48,1056,1.0,8,8,0,f
27749,48,1057,2.0,8,8,0,f
27759,48,1059,2.0,8,8,0,f
27769,48,1058,2.0,8,8,0,f
27789,48,1060,2.0,8,8,0,f
27799,48,1061,2.0,8,8,0,f
27819,48,1062,3.0,9,9,0,f
27829,48,1063,3.0,9,9,0,f
27839,48,1064,3.0,9,9,0,f
27849,48,1065,3.0,9,9,0,f
27859,48,1066,7.0,9,9,0,f
27869,48,1067,7.0,9,9,0,f
27879,48,1069,7.0,9,9,0,f
27889,48,1070,11.0,9,9,0,f
27899,48,1071,11.0,9,9,0,f
27919,48,1072,13.0,9,9,0,f
27929,48,1073,13.0,9,9,0,f
28136,48,1074,9.0,4,4,0,f
28146,48,1075,9.0,6,6,0,f
28156,48,1076,13.0,6,6,0,f
28166,48,1077,25.0,5,5,0,f
28176,48,1078,31.0,5,5,0,f
28186,48,1079,39.0,5,5,0,f
28196,48,1080,41.0,5,5,0,f
9922,51,420,0.0,14,14,0,f
9936,51,421,0.0,14,14,0,f
9951,51,422,0.0,14,14,0,f
9966,51,423,0.0,16,16,0,f
9982,51,424,0.0,16,16,0,f
10030,51,425,0.0,16,16,0,f
10062,51,426,0.0,16,16,0,f
10078,51,427,0.0,16,16,0,f
10094,51,428,0.0,16,16,0,f
10110,51,429,0.0,16,16,0,f
10126,51,430,0.0,16,16,0,f
10142,51,431,0.0,16,16,0,f
10159,51,432,0.0,16,16,0,f
10176,51,433,0.0,16,16,0,f
10193,51,434,0.0,16,16,0,f
10210,51,435,0.0,16,16,0,f
10226,51,436,0.0,13,13,0,f
10239,51,437,0.0,10,10,0,f
10254,51,438,0.0,11,11,0,f
10284,51,439,0.0,10,10,0,f
10299,51,440,0.0,10,10,0,f
10314,51,441,0.0,11,11,0,f
10329,51,442,0.0,12,12,0,f
10344,51,443,0.0,12,12,0,f
10359,51,444,0.0,12,12,0,f
10374,51,445,0.0,12,12,0,f
10389,51,446,0.0,12,12,0,f
10404,51,447,0.0,12,12,0,f
10419,51,448,0.0,12,12,0,f
10449,51,449,0.0,13,13,0,f
10464,51,450,0.0,13,13,0,f
10479,51,451,0.0,13,13,0,f
10617,51,460,0.0,16,16,0,f
10633,51,461,0.0,16,16,0,f
10649,51,462,0.0,15,15,0,f
10665,51,463,0.0,13,13,0,f
10681,51,464,0.0,13,13,0,f
10713,51,465,0.0,13,13,0,f
10729,51,466,0.0,13,13,0,f
9968,102,423,0.0,14,14,0,f
9984,102,424,0.0,14,14,0,f
10032,102,425,0.0,14,14,0,f
10064,102,426,0.0,14,14,0,f
10080,102,427,0.0,14,14,0,f
10096,102,428,0.0,15,15,0,f
10112,102,429,0.0,15,15,0,f
10128,102,430,0.0,15,15,0,f
10144,102,431,0.0,15,15,0,f
10161,102,432,0.0,15,15,0,f
10178,102,433,0.0,15,15,0,f
10195,102,434,0.0,15,15,0,f
10212,102,435,0.0,15,15,0,f
10225,102,436,0.0,12,12,0,f
10238,102,437,1.0,8,8,0,f
10253,102,438,2.0,8,8,0,f
10283,102,439,2.0,9,9,0,f
10298,102,440,2.0,9,9,0,f
10313,102,441,5.0,7,7,0,f
10328,102,442,5.0,8,8,0,f
10343,102,443,5.0,8,8,0,f
10358,102,444,5.0,8,8,0,f
10373,102,445,9.0,7,7,0,f
10388,102,446,9.0,7,7,0,f
10403,102,447,9.0,7,7,0,f
10418,102,448,9.0,7,7,0,f
10448,102,449,12.0,7,7,0,f
10463,102,450,12.0,7,7,0,f
10478,102,451,16.0,7,7,0,f
10488,102,452,0.0,7,7,0,f
10503,102,453,0.0,10,10,0,f
10518,102,454,0.0,10,10,0,f
10533,102,455,0.0,10,10,0,f
10548,102,456,0.0,11,11,0,f
10563,102,457,0.0,10,10,0,f
10578,102,458,0.0,11,11,0,f
10593,102,459,0.0,11,11,0,f
10608,102,460,0.0,11,11,0,f
10624,102,461,0.0,11,11,0,f
10640,102,462,0.0,12,12,0,f
10656,102,463,3.0,10,10,0,f
10672,102,464,4.0,9,9,0,f
10704,102,465,7.0,9,9,0,f
10720,102,466,10.0,9,9,0,f
10742,102,467,0.0,13,13,0,f
10759,102,468,0.0,16,16,0,f
10776,102,469,0.0,17,17,0,f
10793,102,470,0.0,15,15,0,f
10810,102,471,0.0,16,16,0,f
10827,102,472,0.0,16,16,0,f
10844,102,473,0.0,16,16,0,f
10861,102,474,0.0,16,16,0,f
10878,102,475,0.0,16,16,0,f
10895,102,476,0.0,16,16,0,f
10912,102,477,0.0,16,16,0,f
10929,102,478,0.0,16,16,0,f
10946,102,479,0.0,16,16,0,f
10963,102,480,0.0,16,16,0,f
10980,102,481,0.0,16,16,0,f
11031,102,482,0.0,16,16,0,f
11100,102,486,0.0,17,17,0,f
11117,102,487,0.0,17,17,0,f
11134,102,488,0.0,17,17,0,f
11151,102,489,0.0,17,17,0,f
11168,102,490,0.0,17,17,0,f
11185,102,491,0.0,17,17,0,f
11219,102,492,0.0,17,17,0,f
11236,102,493,0.0,17,17,0,f
11253,102,494,0.0,17,17,0,f
11270,102,495,0.0,17,17,0,f
11287,102,496,0.0,17,17,0,f
11304,102,497,0.0,17,17,0,f
10241,100,437,0.0,14,14,0,f
10256,100,438,0.0,14,14,0,f
10286,100,439,0.0,14,14,0,f
10301,100,440,0.0,15,15,0,f
10316,100,441,0.0,14,14,0,f
10331,100,442,0.0,14,14,0,f
10346,100,443,0.0,14,14,0,f
10361,100,444,0.0,13,13,0,f
10376,100,445,0.0,13,13,0,f
10391,100,446,0.0,13,13,0,f
10406,100,447,0.0,13,13,0,f
10421,100,448,0.0,13,13,0,f
10451,100,449,0.0,12,12,0,f
10466,100,450,0.0,12,12,0,f
10481,100,451,0.0,12,12,0,f
10493,100,452,0.0,12,12,0,f
10508,100,453,0.0,13,13,0,f
10523,100,454,0.0,14,14,0,f
10538,100,455,0.0,12,12,0,f
10553,100,456,0.0,12,12,0,f
10568,100,457,0.0,13,13,0,f
10583,100,458,0.0,13,13,0,f
10598,100,459,0.0,13,13,0,f
10613,100,460,0.0,13,13,0,f
10629,100,461,0.0,13,13,0,f
10645,100,462,0.0,13,13,0,f
10661,100,463,0.0,14,14,0,f
10677,100,464,0.0,14,14,0,f
10709,100,465,0.0,14,14,0,f
10725,100,466,0.0,14,14,0,f
10735,100,467,0.0,6,6,0,f
10752,100,468,2.0,6,6,0,f
10769,100,469,2.0,7,7,0,f
10786,100,470,4.0,8,8,0,f
10803,100,471,4.0,9,9,0,f
10820,100,472,4.0,10,10,0,f
10837,100,473,4.0,10,10,0,f
10854,100,474,4.0,10,10,0,f
10871,100,475,4.0,10,10,0,f
10888,100,476,4.0,10,10,0,f
10905,100,477,4.0,10,10,0,f
10922,100,478,4.0,10,10,0,f
10939,100,479,4.0,11,11,0,f
10956,100,480,4.0,11,11,0,f
10973,100,481,4.0,11,11,0,f
11024,100,482,4.0,11,11,0,f
11046,100,483,0.0,11,11,0,f
11062,100,484,0.0,14,14,0,f
11078,100,485,0.0,13,13,0,f
11094,100,486,0.0,14,14,0,f
11111,100,487,0.0,14,14,0,f
11128,100,488,0.0,14,14,0,f
11145,100,489,0.0,14,14,0,f
11162,100,490,0.0,14,14,0,f
11179,100,491,1.0,13,13,0,f
11213,100,492,1.0,13,13,0,f
11230,100,493,1.0,13,13,0,f
11247,100,494,1.0,13,13,0,f
11264,100,495,1.0,13,13,0,f
11281,100,496,1.0,13,13,0,f
11298,100,497,1.0,13,13,0,f
11315,100,498,0.0,11,11,0,f
11330,100,499,0.0,11,11,0,f
11345,100,500,0.0,11,11,0,f
11360,100,501,0.0,12,12,0,f
11375,100,502,0.0,12,12,0,f
11390,100,503,0.0,12,12,0,f
11405,100,504,0.0,12,12,0,f
11420,100,505,0.0,12,12,0,f
11435,100,506,0.0,12,12,0,f
11450,100,507,0.0,12,12,0,f
11465,100,508,0.0,12,12,0,f
11480,100,509,0.0,12,12,0,f
11495,100,510,0.0,12,12,0,f
11510,100,511,0.0,12,12,0,f
23995,100,512,0.0,15,15,0,f
24009,100,513,0.0,13,13,0,f
24024,100,514,0.0,14,14,0,f
24039,100,515,0.0,14,14,0,f
24054,100,516,0.0,14,14,0,f
24070,100,517,0.0,11,11,0,f
24087,100,518,0.0,11,11,0,f
24104,100,519,0.0,13,13,0,f
24121,100,520,0.0,13,13,0,f
24138,100,521,0.0,13,13,0,f
24156,100,522,0.0,13,13,0,f
24173,100,523,0.0,13,13,0,f
24190,100,524,0.0,13,13,0,f
24208,100,525,0.0,14,14,0,f
24227,100,526,2.0,11,11,0,f
23435,100,527,0.0,8,8,0,f
23451,100,528,0.0,8,8,0,f
23468,100,529,0.0,10,10,0,f
23487,100,530,0.0,11,11,0,f
23506,100,531,0.0,12,12,0,f
23525,100,532,0.0,12,12,0,f
23544,100,533,0.0,12,12,0,f
23563,100,534,0.0,12,12,0,f
23582,100,535,0.0,12,12,0,f
23601,100,536,0.0,12,12,0,f
23620,100,537,0.0,12,12,0,f
23639,100,538,0.0,13,13,0,f
23658,100,539,0.0,13,13,0,f
23677,100,540,0.0,13,13,0,f
23696,100,541,0.0,14,14,0,f
23715,100,542,0.0,15,15,0,f
19798,100,719,0.0,8,8,0,f
19852,100,724,0.0,11,11,0,f
19839,100,723,0.0,11,11,0,f
19815,100,721,0.0,11,11,0,f
19803,100,720,0.0,10,10,0,f
19920,100,728,0.0,12,12,0,f
19901,100,727,0.0,12,12,0,f
19883,100,726,0.0,12,12,0,f
19866,100,725,0.0,11,11,0,f
19827,100,722,0.0,11,11,0,f
10491,138,452,0.0,10,10,0,f
10506,138,453,1.0,6,6,0,f
10521,138,454,1.0,7,7,0,f
10536,138,455,1.0,7,7,0,f
10551,138,456,1.0,9,9,0,f
10566,138,457,1.0,8,8,0,f
10581,138,458,1.0,9,9,0,f
10596,138,459,1.0,10,10,0,f
10611,138,460,1.0,10,10,0,f
10627,138,461,1.0,10,10,0,f
10643,138,462,1.0,10,10,0,f
10659,138,463,1.0,11,11,0,f
10675,138,464,1.0,11,11,0,f
10707,138,465,1.0,11,11,0,f
10723,138,466,1.0,11,11,0,f
10738,138,467,0.0,9,9,0,f
10755,138,468,0.0,12,12,0,f
10772,138,469,0.0,13,13,0,f
10789,138,470,0.0,13,13,0,f
10806,138,471,0.0,15,15,0,f
10823,138,472,0.0,15,15,0,f
10840,138,473,0.0,15,15,0,f
10857,138,474,0.0,15,15,0,f
10874,138,475,0.0,15,15,0,f
10891,138,476,0.0,15,15,0,f
10908,138,477,0.0,15,15,0,f
10925,138,478,0.0,17,17,0,f
10942,138,479,0.0,17,17,0,f
10959,138,480,0.0,17,17,0,f
10976,138,481,0.0,17,17,0,f
11027,138,482,0.0,17,17,0,f
11040,138,483,1.0,5,5,0,f
11056,138,484,1.0,9,9,0,f
11072,138,485,1.0,10,10,0,f
11088,138,486,1.0,12,12,0,f
11105,138,487,1.0,12,12,0,f
11122,138,488,1.0,12,12,0,f
11139,138,489,1.0,12,12,0,f
11156,138,490,1.0,12,12,0,f
11173,138,491,1.0,12,12,0,f
11207,138,492,1.0,12,12,0,f
11224,138,493,1.0,12,12,0,f
11241,138,494,1.0,12,12,0,f
11258,138,495,1.0,12,12,0,f
11275,138,496,1.0,12,12,0,f
11292,138,497,1.0,12,12,0,f
23445,138,527,0.0,15,15,0,f
23462,138,528,0.0,16,16,0,f
23477,138,529,0.0,17,17,0,f
23496,138,530,0.0,17,17,0,f
23515,138,531,0.0,17,17,0,f
23534,138,532,0.0,18,18,0,f
23553,138,533,0.0,18,18,0,f
23572,138,534,0.0,18,18,0,f
23591,138,535,0.0,18,18,0,f
23610,138,536,0.0,18,18,0,f
23629,138,537,0.0,18,18,0,f
23648,138,538,0.0,18,18,0,f
23667,138,539,0.0,18,18,0,f
23686,138,540,0.0,18,18,0,f
23705,138,541,0.0,18,18,0,f
23724,138,542,0.0,18,18,0,f
10739,18,467,0.0,10,10,0,f
10756,18,468,0.0,13,13,0,f
10773,18,469,0.0,14,14,0,f
10790,18,470,0.0,14,14,0,f
10807,18,471,1.0,11,11,0,f
10824,18,472,1.0,12,12,0,f
10841,18,473,1.0,12,12,0,f
10858,18,474,1.0,13,13,0,f
10875,18,475,1.0,13,13,0,f
10892,18,476,1.0,13,13,0,f
10909,18,477,1.0,13,13,0,f
10926,18,478,1.0,13,13,0,f
10943,18,479,1.0,13,13,0,f
10960,18,480,1.0,13,13,0,f
10977,18,481,1.0,13,13,0,f
11028,18,482,1.0,13,13,0,f
11041,18,483,0.0,6,6,0,f
11057,18,484,0.0,10,10,0,f
11073,18,485,0.0,11,11,0,f
11089,18,486,0.0,13,13,0,f
11106,18,487,0.0,13,13,0,f
11123,18,488,0.0,13,13,0,f
11140,18,489,0.0,13,13,0,f
11157,18,490,0.0,13,13,0,f
11174,18,491,0.0,14,14,0,f
11208,18,492,0.0,14,14,0,f
11225,18,493,0.0,14,14,0,f
11242,18,494,0.0,14,14,0,f
11259,18,495,0.0,14,14,0,f
11276,18,496,0.0,15,15,0,f
11293,18,497,0.0,15,15,0,f
11307,18,498,4.0,3,3,0,f
11322,18,499,4.0,5,5,0,f
11337,18,500,4.0,6,6,0,f
11352,18,501,8.0,6,6,0,f
11367,18,502,8.0,6,6,0,f
11382,18,503,9.0,6,6,0,f
11397,18,504,9.0,6,6,0,f
11412,18,505,9.0,7,7,0,f
11427,18,506,9.0,7,7,0,f
11442,18,507,9.0,7,7,0,f
11457,18,508,9.0,7,7,0,f
11472,18,509,11.0,7,7,0,f
11487,18,510,11.0,7,7,0,f
11502,18,511,11.0,8,8,0,f
23990,18,512,1.0,4,4,0,f
24020,18,514,1.0,7,7,0,f
24035,18,515,1.0,8,8,0,f
24050,18,516,1.0,8,8,0,f
24066,18,517,1.0,9,9,0,f
24083,18,518,1.0,9,9,0,f
24100,18,519,1.0,10,10,0,f
24134,18,521,1.0,10,10,0,f
24145,18,522,1.0,10,10,0,f
24162,18,523,1.0,10,10,0,f
24197,18,525,1.0,10,10,0,f
23437,18,527,0.0,6,6,0,f
23453,18,528,6.0,4,4,0,f
23470,18,529,6.0,5,5,0,f
23489,18,530,6.0,5,5,0,f
23508,18,531,6.0,5,5,0,f
23527,18,532,6.0,5,5,0,f
23546,18,533,6.0,7,7,0,f
23565,18,534,7.0,7,7,0,f
23584,18,535,7.0,9,9,0,f
23603,18,536,7.0,9,9,0,f
23622,18,537,10.0,8,8,0,f
23641,18,538,13.0,7,7,0,f
23660,18,539,15.0,6,6,0,f
23679,18,540,15.0,6,6,0,f
23698,18,541,17.0,7,7,0,f
23717,18,542,17.0,7,7,0,f
23151,18,543,3.0,4,4,0,f
23163,18,544,6.0,5,5,0,f
23176,18,545,6.0,5,5,0,f
23189,18,546,8.0,5,5,0,f
23203,18,547,8.0,6,6,0,f
23219,18,548,8.0,6,6,0,f
23235,18,549,8.0,7,7,0,f
23251,18,550,8.0,8,8,0,f
23267,18,551,8.0,8,8,0,f
23283,18,552,8.0,8,8,0,f
23301,18,553,8.0,8,8,0,f
23319,18,554,8.0,9,9,0,f
23337,18,555,11.0,9,9,0,f
23355,18,556,11.0,9,9,0,f
23375,18,557,11.0,9,9,0,f
23395,18,558,11.0,9,9,0,f
23415,18,559,11.0,9,9,0,f
22858,18,560,0.0,9,9,0,f
22871,18,561,0.0,12,12,0,f
22888,18,562,1.0,8,8,0,f
22910,18,563,1.0,11,11,0,f
22929,18,564,1.0,12,12,0,f
22948,18,565,2.0,12,12,0,f
22967,18,566,2.0,12,12,0,f
22981,18,567,2.0,12,12,0,f
23000,18,568,3.0,11,11,0,f
23024,18,569,3.0,11,11,0,f
23043,18,570,3.0,11,11,0,f
23062,18,571,3.0,11,11,0,f
23081,18,572,3.0,11,11,0,f
23100,18,573,3.0,11,11,0,f
23119,18,574,3.0,11,11,0,f
23138,18,575,3.0,11,11,0,f
22465,18,576,0.0,14,14,0,f
22476,18,577,0.0,14,14,0,f
22491,18,578,0.0,15,15,0,f
22507,18,579,0.0,15,15,0,f
22524,18,580,0.0,15,15,0,f
22541,18,581,0.0,16,16,0,f
22709,18,582,0.0,16,16,0,f
22726,18,583,0.0,17,17,0,f
22800,18,587,0.0,17,17,0,f
22820,18,588,0.0,17,17,0,f
22840,18,589,0.0,16,16,0,f
22744,18,584,0.0,17,17,0,f
22762,18,585,0.0,17,17,0,f
22781,18,586,0.0,17,17,0,f
24005,18,513,1.0,6,6,0,f
24117,18,520,1.0,10,10,0,f
24179,18,524,1.0,10,10,0,f
24216,18,526,1.0,12,12,0,f
10746,132,467,0.0,17,17,0,f
10763,132,468,0.0,17,17,0,f
10780,132,469,0.0,16,16,0,f
10797,132,470,0.0,17,17,0,f
10814,132,471,0.0,17,17,0,f
10831,132,472,0.0,17,17,0,f
10848,132,473,0.0,17,17,0,f
10865,132,474,0.0,17,17,0,f
10882,132,475,0.0,17,17,0,f
10899,132,476,0.0,17,17,0,f
10916,132,477,0.0,17,17,0,f
10933,132,478,0.0,15,15,0,f
10950,132,479,0.0,15,15,0,f
10967,132,480,0.0,15,15,0,f
10984,132,481,0.0,15,15,0,f
11035,132,482,0.0,15,15,0,f
11043,132,483,0.0,8,8,0,f
11059,132,484,3.0,4,4,0,f
11075,132,485,3.0,6,6,0,f
11091,132,486,3.0,6,6,0,f
11108,132,487,3.0,9,9,0,f
11125,132,488,4.0,9,9,0,f
11142,132,489,4.0,10,10,0,f
11159,132,490,4.0,10,10,0,f
11176,132,491,4.0,10,10,0,f
11210,132,492,4.0,10,10,0,f
11227,132,493,4.0,10,10,0,f
11244,132,494,5.0,10,10,0,f
11261,132,495,5.0,10,10,0,f
11278,132,496,5.0,11,11,0,f
11295,132,497,5.0,11,11,0,f
11312,132,498,0.0,8,8,0,f
11327,132,499,0.0,13,13,0,f
11342,132,500,0.0,12,12,0,f
11357,132,501,0.0,13,13,0,f
11372,132,502,0.0,13,13,0,f
11387,132,503,0.0,13,13,0,f
11402,132,504,0.0,13,13,0,f
11417,132,505,0.0,13,13,0,f
11432,132,506,0.0,13,13,0,f
11447,132,507,0.0,13,13,0,f
11462,132,508,0.0,13,13,0,f
11477,132,509,0.0,13,13,0,f
11492,132,510,0.0,13,13,0,f
11507,132,511,0.0,13,13,0,f
24001,132,513,0.0,11,11,0,f
24016,132,514,0.0,13,13,0,f
24031,132,515,0.0,13,13,0,f
24096,132,519,0.0,14,14,0,f
24113,132,520,0.0,14,14,0,f
24130,132,521,0.0,14,14,0,f
24149,132,522,0.0,14,14,0,f
24183,132,524,0.0,14,14,0,f
24201,132,525,0.0,15,15,0,f
24220,132,526,0.0,15,15,0,f
23443,132,527,0.0,13,13,0,f
23460,132,528,0.0,14,14,0,f
23480,132,529,0.0,14,14,0,f
23499,132,530,0.0,15,15,0,f
23518,132,531,0.0,15,15,0,f
23537,132,532,0.0,16,16,0,f
23556,132,533,0.0,16,16,0,f
23575,132,534,0.0,16,16,0,f
23594,132,535,0.0,16,16,0,f
23613,132,536,0.0,16,16,0,f
23632,132,537,0.0,16,16,0,f
23651,132,538,0.0,16,16,0,f
23670,132,539,0.0,16,16,0,f
23689,132,540,0.0,15,15,0,f
23708,132,541,0.0,15,15,0,f
23727,132,542,1.0,14,14,0,f
23149,132,543,1.0,6,6,0,f
23161,132,544,1.0,8,8,0,f
23174,132,545,1.0,8,8,0,f
23187,132,546,1.0,8,8,0,f
23201,132,547,1.0,8,8,0,f
23217,132,548,1.0,9,9,0,f
23233,132,549,1.0,10,10,0,f
23249,132,550,1.0,11,11,0,f
23265,132,551,1.0,11,11,0,f
23281,132,552,1.0,11,11,0,f
23299,132,553,2.0,11,11,0,f
23317,132,554,2.0,11,11,0,f
23335,132,555,4.0,11,11,0,f
23353,132,556,6.0,10,10,0,f
23373,132,557,8.0,10,10,0,f
23393,132,558,10.0,10,10,0,f
23413,132,559,10.0,10,10,0,f
22878,132,561,0.0,14,14,0,f
22895,132,562,0.0,11,11,0,f
22909,132,563,2.0,9,9,0,f
22928,132,564,2.0,10,10,0,f
22947,132,565,2.0,10,10,0,f
22966,132,566,2.0,10,10,0,f
22988,132,567,2.0,10,10,0,f
23007,132,568,2.0,12,12,0,f
23023,132,569,2.0,12,12,0,f
23042,132,570,2.0,12,12,0,f
23061,132,571,2.0,12,12,0,f
23080,132,572,2.0,12,12,0,f
23099,132,573,2.0,12,12,0,f
23118,132,574,2.0,12,12,0,f
23137,132,575,2.0,12,12,0,f
22513,132,579,0.0,17,17,0,f
22530,132,580,0.0,17,17,0,f
22547,132,581,0.0,17,17,0,f
22715,132,582,0.0,17,17,0,f
22732,132,583,0.0,16,16,0,f
22750,132,584,0.0,16,16,0,f
22768,132,585,0.0,16,16,0,f
22787,132,586,1.0,13,13,0,f
22806,132,587,1.0,13,13,0,f
22826,132,588,1.0,13,13,0,f
22846,132,589,1.0,13,13,0,f
22273,132,594,0.0,14,14,0,f
22289,132,595,0.0,14,14,0,f
22305,132,596,0.0,14,14,0,f
22321,132,597,0.0,14,14,0,f
22337,132,598,0.0,14,14,0,f
22353,132,599,0.0,14,14,0,f
22371,132,600,0.0,15,15,0,f
22389,132,601,0.0,15,15,0,f
22407,132,602,0.0,15,15,0,f
22425,132,603,0.0,17,17,0,f
22445,132,604,0.0,17,17,0,f
22127,132,612,0.0,12,12,0,f
22139,132,613,0.0,12,12,0,f
22151,132,614,0.0,12,12,0,f
22163,132,615,0.0,12,12,0,f
22175,132,616,0.0,12,12,0,f
22187,132,617,0.0,12,12,0,f
22199,132,618,0.0,12,12,0,f
22211,132,619,0.0,12,12,0,f
23986,132,512,0.0,8,8,0,f
24046,132,516,0.0,13,13,0,f
24062,132,517,0.0,14,14,0,f
24079,132,518,0.0,14,14,0,f
24166,132,523,0.0,14,14,0,f
11318,97,498,0.0,14,14,0,f
11333,97,499,0.0,14,14,0,f
11348,97,500,0.0,13,13,0,f
11363,97,501,0.0,14,14,0,f
11378,97,502,0.0,14,14,0,f
11393,97,503,0.0,14,14,0,f
11408,97,504,0.0,14,14,0,f
11423,97,505,0.0,14,14,0,f
11438,97,506,0.0,14,14,0,f
11453,97,507,0.0,14,14,0,f
11468,97,508,0.0,14,14,0,f
11483,97,509,0.0,15,15,0,f
11498,97,510,0.0,15,15,0,f
11513,97,511,0.0,15,15,0,f
23989,97,512,0.0,5,5,0,f
24004,97,513,0.0,8,8,0,f
24019,97,514,0.0,9,9,0,f
24034,97,515,0.0,9,9,0,f
24065,97,517,0.0,10,10,0,f
24082,97,518,0.0,10,10,0,f
24099,97,519,0.0,11,11,0,f
24116,97,520,0.0,11,11,0,f
24133,97,521,0.0,11,11,0,f
24146,97,522,0.0,11,11,0,f
24180,97,524,0.0,11,11,0,f
24217,97,526,3.0,10,10,0,f
23434,97,527,0.0,9,9,0,f
23450,97,528,2.0,7,7,0,f
23467,97,529,2.0,9,9,0,f
23486,97,530,2.0,9,9,0,f
23505,97,531,2.0,10,10,0,f
23524,97,532,2.0,10,10,0,f
23543,97,533,2.0,10,10,0,f
23562,97,534,4.0,10,10,0,f
23581,97,535,4.0,11,11,0,f
23600,97,536,6.0,10,10,0,f
23619,97,537,6.0,10,10,0,f
23638,97,538,6.0,10,10,0,f
23657,97,539,6.0,10,10,0,f
23676,97,540,6.0,10,10,0,f
23695,97,541,6.0,11,11,0,f
23714,97,542,6.0,11,11,0,f
23146,97,543,0.0,9,9,0,f
23158,97,544,1.0,7,7,0,f
23171,97,545,1.0,9,9,0,f
23184,97,546,1.0,9,9,0,f
23198,97,547,1.0,9,9,0,f
23214,97,548,2.0,8,8,0,f
23230,97,549,4.0,8,8,0,f
23246,97,550,4.0,9,9,0,f
23262,97,551,4.0,9,9,0,f
23278,97,552,4.0,9,9,0,f
23296,97,553,4.0,10,10,0,f
23314,97,554,13.0,7,7,1,f
23332,97,555,13.0,8,8,1,f
23370,97,557,17.0,6,6,1,f
23390,97,558,20.0,7,7,1,f
23410,97,559,23.0,7,7,1,f
23350,97,556,17.0,6,6,1,f
22852,97,560,4.0,3,3,0,f
22865,97,561,4.0,4,4,0,f
22882,97,562,4.0,4,4,0,f
22902,97,563,4.0,4,4,0,f
22921,97,564,4.0,5,5,0,f
22940,97,565,4.0,6,6,0,f
22959,97,566,4.0,6,6,0,f
22975,97,567,4.0,9,9,0,f
22994,97,568,7.0,6,6,0,f
23016,97,569,7.0,8,8,0,f
23035,97,570,7.0,8,8,0,f
23054,97,571,10.0,7,7,0,f
23073,97,572,10.0,8,8,0,f
23092,97,573,10.0,8,8,0,f
23111,97,574,10.0,8,8,0,f
23130,97,575,10.0,8,8,0,f
22222,97,590,0.0,11,11,0,f
22233,97,591,0.0,10,10,0,f
22244,97,592,0.0,11,11,0,f
22258,97,593,0.0,10,10,0,f
22272,97,594,0.0,10,10,0,f
22288,97,595,4.0,8,8,0,f
22304,97,596,6.0,7,7,0,f
22320,97,597,6.0,7,7,0,f
22336,97,598,6.0,7,7,0,f
22352,97,599,6.0,7,7,0,f
22370,97,600,7.0,7,7,0,f
22388,97,601,7.0,8,8,0,f
22406,97,602,7.0,8,8,0,f
22424,97,603,7.0,8,8,0,f
22444,97,604,7.0,8,8,0,f
22048,97,607,1.0,7,7,0,f
22058,97,608,5.0,5,5,0,f
22068,97,609,5.0,5,5,0,f
22079,97,610,5.0,5,5,0,f
22090,97,611,5.0,6,6,0,f
22125,97,612,5.0,6,6,0,f
22137,97,613,5.0,6,6,0,f
22149,97,614,5.0,8,8,0,f
22161,97,615,5.0,8,8,0,f
22173,97,616,5.0,9,9,0,f
22185,97,617,5.0,9,9,0,f
22197,97,618,9.0,7,7,0,f
22209,97,619,9.0,8,8,0,f
24049,97,516,0.0,9,9,0,f
24163,97,523,0.0,11,11,0,f
24198,97,525,0.0,11,11,0,f
23999,72,513,0.0,12,12,0,f
24014,72,514,0.0,10,10,0,f
24029,72,515,0.0,11,11,0,f
24044,72,516,0.0,11,11,0,f
24060,72,517,0.0,12,12,0,f
24077,72,518,0.0,12,12,0,f
24151,72,522,0.0,12,12,0,f
24168,72,523,0.0,12,12,0,f
24185,72,524,0.0,12,12,0,f
24203,72,525,0.0,13,13,0,f
24222,72,526,0.0,14,14,0,f
23436,72,527,0.0,7,7,0,f
23452,72,528,0.0,10,10,0,f
23469,72,529,0.0,12,12,0,f
23488,72,530,0.0,12,12,0,f
23507,72,531,4.0,6,6,0,f
23526,72,532,4.0,7,7,0,f
23545,72,533,7.0,6,6,0,f
23564,72,534,7.0,8,8,0,f
23583,72,535,8.0,8,8,0,f
23602,72,536,8.0,8,8,0,f
23621,72,537,14.0,5,5,0,f
23640,72,538,14.0,6,6,0,f
23659,72,539,14.0,7,7,0,f
23678,72,540,14.0,7,7,0,f
23697,72,541,18.0,6,6,0,f
23716,72,542,24.0,5,5,0,f
23154,72,543,9.0,1,1,1,f
23166,72,544,9.0,2,2,1,f
23179,72,545,15.0,2,2,1,f
23192,72,546,19.0,2,2,1,f
23206,72,547,23.0,2,2,1,f
23222,72,548,32.0,2,2,2,f
23238,72,549,32.0,3,3,2,f
23254,72,550,32.0,3,3,2,f
23270,72,551,32.0,3,3,2,f
23286,72,552,32.0,4,4,2,f
23304,72,553,38.0,3,3,2,f
23322,72,554,38.0,3,3,2,f
23340,72,555,42.0,3,3,2,f
23358,72,556,42.0,3,3,2,f
23378,72,557,46.0,4,4,2,f
23398,72,558,55.0,3,3,3,f
23418,72,559,55.0,4,4,3,f
22855,72,560,0.0,6,6,0,f
22868,72,561,0.0,8,8,0,f
22885,72,562,0.0,10,10,0,f
22899,72,563,0.0,13,13,0,f
22918,72,564,0.0,14,14,0,f
22937,72,565,0.0,14,14,0,f
22956,72,566,0.0,14,14,0,f
22978,72,567,0.0,14,14,0,f
22997,72,568,0.0,14,14,0,f
23013,72,569,0.0,14,14,0,f
23032,72,570,0.0,14,14,0,f
23051,72,571,0.0,14,14,0,f
23070,72,572,0.0,14,14,0,f
23089,72,573,0.0,14,14,0,f
23108,72,574,0.0,14,14,0,f
23127,72,575,0.0,15,15,0,f
23984,72,512,0.0,10,10,0,f
24094,72,519,0.0,12,12,0,f
24111,72,520,0.0,12,12,0,f
24128,72,521,0.0,12,12,0,f
23994,21,512,0.0,14,14,0,f
24010,21,513,0.0,15,15,0,f
24025,21,514,0.0,15,15,0,f
24040,21,515,0.0,15,15,0,f
24055,21,516,0.0,15,15,0,f
24071,21,517,0.0,16,16,0,f
24088,21,518,0.0,16,16,0,f
24105,21,519,0.0,16,16,0,f
24122,21,520,0.0,16,16,0,f
24139,21,521,0.0,16,16,0,f
24155,21,522,0.0,16,16,0,f
24172,21,523,0.0,16,16,0,f
24189,21,524,0.0,16,16,0,f
24207,21,525,0.0,18,18,0,f
24226,21,526,0.0,18,18,0,f
23444,21,527,0.0,14,14,0,f
23461,21,528,0.0,15,15,0,f
23479,21,529,0.0,15,15,0,f
23498,21,530,0.0,16,16,0,f
23517,21,531,0.0,16,16,0,f
23536,21,532,0.0,17,17,0,f
23555,21,533,0.0,17,17,0,f
23574,21,534,0.0,17,17,0,f
23593,21,535,0.0,17,17,0,f
23612,21,536,0.0,17,17,0,f
23631,21,537,0.0,17,17,0,f
23650,21,538,0.0,17,17,0,f
23669,21,539,0.0,17,17,0,f
23688,21,540,0.0,17,17,0,f
23707,21,541,0.0,17,17,0,f
23726,21,542,0.0,17,17,0,f
24072,71,517,0.0,17,17,0,f
24089,71,518,0.0,17,17,0,f
24107,71,519,0.0,17,17,0,f
24124,71,520,0.0,17,17,0,f
24141,71,521,0.0,17,17,0,f
24157,71,522,0.0,17,17,0,f
24174,71,523,0.0,17,17,0,f
24191,71,524,0.0,17,17,0,f
24209,71,525,0.0,19,19,0,f
24228,71,526,0.0,19,19,0,f
24056,71,516,0.0,16,16,0,f
24193,59,524,0.0,18,18,0,f
24211,59,525,0.0,17,17,0,f
24230,59,526,0.0,17,17,0,f
23432,143,527,0.0,11,11,0,f
23448,143,528,0.0,13,13,0,f
23465,143,529,0.0,13,13,0,f
23484,143,530,0.0,13,13,0,f
23503,143,531,0.0,14,14,0,f
23522,143,532,0.0,15,15,0,f
23541,143,533,0.0,13,13,0,f
23560,143,534,0.0,13,13,0,f
23579,143,535,0.0,13,13,0,f
23598,143,536,0.0,13,13,0,f
23617,143,537,0.0,13,13,0,f
23636,143,538,1.0,12,12,0,f
23655,143,539,1.0,12,12,0,f
23674,143,540,1.0,12,12,0,f
23693,143,541,1.0,13,13,0,f
23712,143,542,1.0,13,13,0,f
23148,143,543,0.0,7,7,0,f
23160,143,544,0.0,9,9,0,f
23173,143,545,0.0,10,10,0,f
23186,143,546,0.0,11,11,0,f
23200,143,547,0.0,11,11,0,f
23216,143,548,0.0,11,11,0,f
23232,143,549,3.0,9,9,0,f
23248,143,550,3.0,10,10,0,f
23264,143,551,3.0,10,10,0,f
23280,143,552,3.0,10,10,0,f
23298,143,553,5.0,9,9,0,f
23316,143,554,5.0,10,10,0,f
23334,143,555,5.0,10,10,0,f
23352,143,556,5.0,11,11,0,f
23372,143,557,5.0,11,11,0,f
23392,143,558,6.0,11,11,0,f
23412,143,559,6.0,11,11,0,f
22877,143,561,0.0,13,13,0,f
22894,143,562,0.0,15,15,0,f
22905,143,563,0.0,14,14,0,f
22924,143,564,2.0,11,11,0,f
22943,143,565,2.0,11,11,0,f
22962,143,566,2.0,11,11,0,f
22987,143,567,2.0,11,11,0,f
23006,143,568,4.0,10,10,0,f
23019,143,569,4.0,10,10,0,f
23038,143,570,4.0,10,10,0,f
23057,143,571,4.0,10,10,0,f
23076,143,572,4.0,10,10,0,f
23095,143,573,4.0,10,10,0,f
23114,143,574,4.0,10,10,0,f
23133,143,575,7.0,10,10,0,f
22478,143,577,0.0,11,11,0,f
22493,143,578,0.0,13,13,0,f
22509,143,579,0.0,13,13,0,f
22526,143,580,0.0,13,13,0,f
22543,143,581,0.0,13,13,0,f
22711,143,582,0.0,13,13,0,f
22728,143,583,0.0,13,13,0,f
22746,143,584,0.0,13,13,0,f
22764,143,585,0.0,13,13,0,f
22783,143,586,0.0,14,14,0,f
22802,143,587,0.0,14,14,0,f
22822,143,588,0.0,14,14,0,f
22842,143,589,0.0,14,14,0,f
22220,143,590,0.0,9,9,0,f
22230,143,591,3.0,4,4,0,f
22241,143,592,3.0,7,7,0,f
22253,143,593,3.0,8,8,0,f
22267,143,594,3.0,8,8,0,f
22283,143,595,3.0,9,9,0,f
22299,143,596,3.0,10,10,0,f
22315,143,597,3.0,10,10,0,f
22331,143,598,3.0,10,10,0,f
22347,143,599,3.0,10,10,0,f
22365,143,600,3.0,10,10,0,f
22383,143,601,3.0,10,10,0,f
22401,143,602,3.0,11,11,0,f
22419,143,603,3.0,11,11,0,f
22439,143,604,3.0,11,11,0,f
22038,143,605,0.0,9,9,0,f
21883,143,606,0.0,9,9,0,f
22047,143,607,0.0,9,9,0,f
22057,143,608,0.0,10,10,0,f
22067,143,609,0.0,11,11,0,f
22078,143,610,0.0,11,11,0,f
22089,143,611,0.0,11,11,0,f
22124,143,612,0.0,11,11,0,f
22136,143,613,0.0,11,11,0,f
22148,143,614,0.0,11,11,0,f
22160,143,615,3.0,9,9,0,f
22172,143,616,7.0,8,8,0,f
22184,143,617,7.0,8,8,0,f
22196,143,618,7.0,9,9,0,f
22208,143,619,7.0,9,9,0,f
21907,143,621,2.0,6,6,0,f
21916,143,622,5.0,5,5,0,f
21925,143,623,5.0,6,6,0,f
21944,143,624,8.0,6,6,0,f
21954,143,625,9.0,6,6,0,f
21964,143,626,9.0,7,7,0,f
21975,143,627,9.0,8,8,0,f
21986,143,628,12.0,7,7,0,f
21998,143,629,18.0,5,5,0,f
22010,143,630,18.0,5,5,0,f
22022,143,631,18.0,5,5,0,f
21673,143,632,0.0,6,6,0,f
21683,143,633,0.0,7,7,0,f
21693,143,634,1.0,8,8,0,f
21707,143,635,3.0,8,8,0,f
21718,143,636,3.0,8,8,0,f
21725,143,637,5.0,8,8,0,f
21736,143,638,5.0,8,8,0,f
21751,143,639,5.0,9,9,0,f
21762,143,640,8.0,7,7,0,f
21774,143,641,8.0,8,8,0,f
21782,143,642,8.0,8,8,0,f
21600,143,649,0.0,10,10,0,f
21611,143,650,0.0,8,8,0,f
21622,143,651,0.0,8,8,0,f
21633,143,652,0.0,9,9,0,f
21644,143,653,2.0,8,8,0,f
21656,143,654,3.0,8,8,0,f
21668,143,655,3.0,8,8,0,f
21898,143,620,2.0,4,4,0,f
23446,88,527,0.0,16,16,0,f
23463,88,528,0.0,17,17,0,f
23481,88,529,0.0,18,18,0,f
23500,88,530,0.0,18,18,0,f
23519,88,531,0.0,18,18,0,f
23539,88,532,0.0,19,19,0,f
23558,88,533,0.0,19,19,0,f
23577,88,534,0.0,19,19,0,f
23596,88,535,0.0,19,19,0,f
23615,88,536,0.0,19,19,0,f
23634,88,537,0.0,19,19,0,f
23672,88,539,0.0,19,19,0,f
23653,88,538,0.0,19,19,0,f
23691,88,540,0.0,19,19,0,f
23710,88,541,0.0,19,19,0,f
23729,88,542,0.0,19,19,0,f
23212,88,547,0.0,15,15,0,f
23228,88,548,0.0,14,14,0,f
23244,88,549,0.0,13,13,0,f
23260,88,550,0.0,13,13,0,f
23276,88,551,0.0,13,13,0,f
23292,88,552,0.0,13,13,0,f
23310,88,553,0.0,14,14,0,f
23328,88,554,0.0,13,13,0,f
23346,88,555,0.0,13,13,0,f
23364,88,556,0.0,14,14,0,f
23384,88,557,0.0,13,13,0,f
23404,88,558,0.0,14,14,0,f
23424,88,559,0.0,14,14,0,f
22989,88,567,0.0,18,18,0,f
23008,88,568,0.0,15,15,0,f
23142,88,575,0.0,14,14,0,f
22460,88,576,6.0,2,2,0,f
22474,88,577,7.0,3,3,0,f
22489,88,578,7.0,5,5,0,f
22505,88,579,7.0,5,5,0,f
22522,88,580,7.0,5,5,0,f
22539,88,581,7.0,5,5,0,f
22742,88,584,22.0,4,4,1,f
22760,88,585,25.0,4,4,1,f
22779,88,586,25.0,4,4,1,f
22798,88,587,28.0,4,4,1,f
22818,88,588,30.0,4,4,1,f
22838,88,589,33.0,4,4,1,f
22245,88,592,0.0,12,12,0,f
22257,88,593,0.0,11,11,0,f
22271,88,594,0.0,13,13,0,f
22287,88,595,0.0,13,13,0,f
22303,88,596,4.0,9,9,0,f
22319,88,597,4.0,9,9,0,f
22335,88,598,4.0,9,9,0,f
22351,88,599,4.0,9,9,0,f
22369,88,600,4.0,9,9,0,f
22387,88,601,8.0,7,7,0,f
22405,88,602,8.0,7,7,0,f
22423,88,603,11.0,6,6,0,f
22443,88,604,15.0,6,6,0,f
22707,88,582,7.0,5,5,0,f
22724,88,583,16.0,5,5,1,f
22879,88,561,0.0,15,15,0,f
22896,88,562,0.0,16,16,0,f
22914,88,563,0.0,17,17,0,f
22934,88,564,0.0,18,18,0,f
22953,88,565,0.0,18,18,0,f
22971,88,566,0.0,18,18,0,f
23028,88,569,0.0,15,15,0,f
23047,88,570,0.0,15,15,0,f
23066,88,571,0.0,15,15,0,f
23085,88,572,0.0,15,15,0,f
23104,88,573,0.0,15,15,0,f
23123,88,574,0.0,15,15,0,f
23501,46,530,0.0,19,19,0,f
23482,46,529,0.0,19,19,0,f
23520,46,531,0.0,19,19,0,f
23538,46,532,0.0,13,13,0,f
23557,46,533,0.0,14,14,0,f
23576,46,534,0.0,14,14,0,f
23595,46,535,0.0,14,14,0,f
23614,46,536,0.0,14,14,0,f
23633,46,537,0.0,14,14,0,f
23652,46,538,0.0,14,14,0,f
23671,46,539,0.0,14,14,0,f
23690,46,540,0.0,14,14,0,f
23709,46,541,0.0,16,16,0,f
23728,46,542,0.0,16,16,0,f
23170,111,544,0.0,13,13,0,f
23183,111,545,0.0,12,12,0,f
23197,111,546,0.0,14,14,0,f
23211,111,547,0.0,14,14,0,f
23227,111,548,0.0,15,15,0,f
23245,111,549,0.0,16,16,0,f
23261,111,550,0.0,16,16,0,f
23277,111,551,0.0,16,16,0,f
23294,111,552,0.0,16,16,0,f
23312,111,553,0.0,16,16,0,f
23330,111,554,0.0,16,16,0,f
23348,111,555,0.0,16,16,0,f
23366,111,556,0.0,16,16,0,f
23386,111,557,0.0,16,16,0,f
23406,111,558,0.0,16,16,0,f
23426,111,559,0.0,17,17,0,f
22875,111,561,0.0,17,17,0,f
22892,111,562,0.0,17,17,0,f
22913,111,563,0.0,18,18,0,f
22985,111,567,0.0,19,19,0,f
23004,111,568,0.0,19,19,0,f
22464,111,576,0.0,13,13,0,f
22480,111,577,0.0,15,15,0,f
22495,111,578,0.0,16,16,0,f
22511,111,579,0.0,16,16,0,f
22528,111,580,0.0,16,16,0,f
22545,111,581,0.0,14,14,0,f
22713,111,582,0.0,14,14,0,f
22730,111,583,0.0,14,14,0,f
22748,111,584,0.0,14,14,0,f
22766,111,585,0.0,14,14,0,f
22785,111,586,0.0,15,15,0,f
22804,111,587,0.0,15,15,0,f
22824,111,588,0.0,15,15,0,f
22844,111,589,0.0,15,15,0,f
22216,111,590,2.0,3,3,0,f
22227,111,591,2.0,5,5,0,f
22238,111,592,8.0,4,4,0,f
22250,111,593,8.0,4,4,0,f
22264,111,594,10.0,3,3,0,f
22280,111,595,10.0,6,6,0,f
22296,111,596,10.0,6,6,0,f
22312,111,597,10.0,6,6,0,f
22328,111,598,10.0,6,6,0,f
22344,111,599,10.0,6,6,0,f
22362,111,600,10.0,6,6,0,f
22380,111,601,10.0,6,6,0,f
22398,111,602,10.0,6,6,0,f
22416,111,603,10.0,7,7,0,f
22436,111,604,10.0,7,7,0,f
21876,111,606,1.0,5,5,0,f
22051,111,608,3.0,6,6,0,f
22061,111,609,5.0,6,6,0,f
22072,111,610,5.0,6,6,0,f
22083,111,611,5.0,7,7,0,f
22118,111,612,5.0,7,7,0,f
22130,111,613,5.0,7,7,0,f
22142,111,614,7.0,7,7,0,f
22154,111,615,7.0,7,7,0,f
22166,111,616,9.0,6,6,0,f
22178,111,617,9.0,6,6,0,f
22190,111,618,12.0,6,6,0,f
22202,111,619,12.0,7,7,0,f
21922,111,623,9.0,5,5,1,f
21951,111,625,9.0,5,5,1,f
21961,111,626,9.0,5,5,1,f
21972,111,627,12.0,5,5,1,f
21983,111,628,13.0,5,5,1,f
21995,111,629,14.0,6,6,1,f
22007,111,630,14.0,6,6,1,f
22019,111,631,14.0,7,7,1,f
21689,111,633,3.0,4,4,0,f
21699,111,634,3.0,7,7,0,f
21731,111,637,12.0,5,5,0,f
21742,111,638,12.0,5,5,0,f
21766,111,640,30.0,3,3,2,f
21778,111,641,30.0,3,3,2,f
21788,111,642,36.0,2,2,2,f
21538,111,643,0.0,6,6,0,f
21299,111,656,0.0,4,4,0,f
21306,111,657,2.0,4,4,0,f
21313,111,658,2.0,5,5,0,f
21321,111,659,2.0,6,6,0,f
21329,111,660,2.0,6,6,0,f
21337,111,661,2.0,6,6,0,f
21345,111,662,2.0,6,6,0,f
21383,111,666,7.0,5,5,0,f
21028,111,674,18.0,5,5,0,f
21062,111,676,25.0,5,5,0,f
20750,111,680,1.0,9,9,0,f
20766,111,681,1.0,10,10,0,f
20781,111,682,7.0,6,6,0,f
20794,111,683,11.0,3,3,0,f
20809,111,684,11.0,5,5,0,f
20827,111,685,11.0,5,5,0,f
20844,111,686,13.0,6,6,0,f
20863,111,687,15.0,6,6,0,f
20882,111,688,15.0,6,6,0,f
20902,111,689,17.0,6,6,0,f
20628,111,690,9.0,1,1,1,f
20645,111,692,9.0,3,3,1,f
20372,111,700,13.0,1,1,1,f
20388,111,701,19.0,1,1,1,f
20404,111,702,25.0,2,2,1,f
20420,111,703,31.0,2,2,1,f
20436,111,704,37.0,2,2,1,f
20452,111,705,39.0,2,2,1,f
20468,111,706,42.0,2,2,2,f
20484,111,707,45.0,2,2,3,f
20500,111,708,45.0,2,2,3,f
20071,111,709,9.0,1,1,1,f
20080,111,710,12.0,2,2,1,f
20088,111,711,15.0,2,2,1,f
20098,111,712,21.0,2,2,1,f
20108,111,713,27.0,2,2,1,f
20119,111,714,33.0,2,2,1,f
20143,111,716,36.0,2,2,1,f
19834,111,722,14.0,3,3,1,f
19859,111,724,22.0,2,2,1,f
19873,111,725,28.0,2,2,1,f
19908,111,727,36.0,2,2,2,f
19810,111,720,12.0,1,1,1,f
19791,111,719,9.0,1,1,1,f
19340,111,740,0.0,6,6,0,f
19333,111,739,0.0,6,6,0,f
19546,111,733,23.0,2,2,1,f
19535,111,732,20.0,1,1,1,f
19356,111,742,1.0,5,5,0,f
19526,111,731,16.0,1,1,1,f
19510,111,729,9.0,1,1,1,f
19517,111,730,10.0,2,2,1,f
19390,111,745,7.0,5,5,0,f
18865,111,759,8.0,3,3,1,f
19558,111,734,31.0,1,1,2,f
19377,111,744,3.0,5,5,0,f
19366,111,743,1.0,5,5,0,f
19347,111,741,1.0,5,5,0,f
19127,111,755,8.0,4,4,0,f
19115,111,754,6.0,4,4,0,f
19102,111,753,6.0,4,4,0,f
19090,111,752,6.0,4,4,0,f
19056,111,749,6.0,4,4,0,f
19045,111,748,2.0,5,5,0,f
19035,111,747,2.0,5,5,0,f
19030,111,746,0.0,5,5,0,f
19580,111,735,37.0,1,1,3,f
18850,111,757,0.0,4,4,0,f
18857,111,758,8.0,2,2,1,f
18843,111,756,0.0,4,4,0,f
17845,111,775,18.0,4,4,0,f
17836,111,774,15.0,4,4,0,f
17827,111,773,15.0,4,4,0,f
18873,111,760,14.0,3,3,1,f
17818,111,772,12.0,4,4,0,f
18885,111,761,16.0,3,3,1,f
17809,111,771,12.0,4,4,0,f
17800,111,770,10.0,4,4,0,f
19597,111,736,39.0,1,1,3,f
17782,111,768,8.0,4,4,0,f
17791,111,769,10.0,4,4,0,f
17765,111,766,2.0,4,4,0,f
17773,111,767,8.0,4,4,0,f
19079,111,751,6.0,4,4,0,f
19067,111,750,6.0,4,4,0,f
22041,111,607,1.0,5,5,0,f
22032,111,605,0.0,6,6,0,f
21941,111,624,9.0,5,5,1,f
21913,111,622,0.0,8,8,0,f
21904,111,621,0.0,8,8,0,f
21895,111,620,0.0,7,7,0,f
21755,111,639,21.0,3,3,1,f
21722,111,636,12.0,3,3,0,f
21711,111,635,9.0,3,3,0,f
21681,111,632,0.0,10,10,0,f
21661,111,655,23.0,6,6,1,f
21649,111,654,22.0,6,6,1,f
21637,111,653,16.0,7,7,1,f
21626,111,652,13.0,7,7,1,f
21615,111,651,13.0,7,7,1,f
21604,111,650,10.0,7,7,1,f
21593,111,649,10.0,6,6,1,f
21583,111,648,10.0,6,6,1,f
21573,111,647,10.0,6,6,1,f
21564,111,646,10.0,6,6,1,f
21555,111,645,1.0,6,6,0,f
21546,111,644,0.0,6,6,0,f
21373,111,665,6.0,6,6,0,f
21363,111,664,2.0,6,6,0,f
21354,111,663,2.0,6,6,0,f
21097,111,678,28.0,5,5,0,f
21080,111,677,25.0,5,5,0,f
21046,111,675,21.0,5,5,0,f
21014,111,673,17.0,5,5,0,f
20998,111,672,17.0,5,5,0,f
20983,111,671,16.0,3,3,0,f
20969,111,670,12.0,3,3,0,f
20953,111,669,6.0,4,4,0,f
20942,111,668,0.0,10,10,0,f
20927,111,667,0.0,12,12,0,f
20743,111,679,0.0,9,9,0,f
20725,111,698,22.0,4,4,1,f
20710,111,697,22.0,4,4,1,f
20695,111,696,22.0,3,3,1,f
20682,111,695,22.0,3,3,1,f
20669,111,694,19.0,3,3,1,f
20656,111,693,13.0,3,3,1,f
20634,111,691,9.0,2,2,1,f
20357,111,699,4.0,3,3,0,f
20163,111,718,42.0,2,2,2,f
20150,111,717,42.0,2,2,2,f
20131,111,715,36.0,1,1,1,f
19927,111,728,36.0,2,2,2,f
19890,111,726,35.0,2,2,2,f
19846,111,723,18.0,2,2,1,f
19822,111,721,14.0,2,2,1,f
19614,111,737,42.0,1,1,4,f
19322,111,738,0.0,6,6,0,f
18921,111,764,18.0,3,3,1,f
18909,111,763,18.0,3,3,1,f
18897,111,762,18.0,3,3,1,f
22862,111,560,0.0,13,13,0,f
22933,111,564,0.0,19,19,0,f
22952,111,565,0.0,19,19,0,f
22972,111,566,0.0,19,19,0,f
23029,111,569,0.0,19,19,0,f
23048,111,570,0.0,19,19,0,f
23067,111,571,0.0,19,19,0,f
23086,111,572,0.0,19,19,0,f
23105,111,573,0.0,19,19,0,f
23124,111,574,0.0,19,19,0,f
23144,111,575,0.0,20,20,0,f
23196,110,546,1.0,10,10,0,f
23210,110,547,1.0,10,10,0,f
23226,110,548,1.0,10,10,0,f
23242,110,549,1.0,11,11,0,f
23258,110,550,1.0,12,12,0,f
23274,110,551,1.0,12,12,0,f
23290,110,552,1.0,12,12,0,f
23308,110,553,1.0,12,12,0,f
23326,110,554,1.0,12,12,0,f
23344,110,555,1.0,12,12,0,f
23362,110,556,1.0,12,12,0,f
23382,110,557,1.0,12,12,0,f
23402,110,558,1.0,12,12,0,f
23422,110,559,1.0,12,12,0,f
22861,110,560,0.0,12,12,0,f
22874,110,561,2.0,6,6,0,f
22891,110,562,2.0,7,7,0,f
22908,110,563,2.0,10,10,0,f
22927,110,564,2.0,9,9,0,f
22946,110,565,2.0,9,9,0,f
22965,110,566,2.0,9,9,0,f
22984,110,567,6.0,5,5,0,f
23003,110,568,10.0,4,4,0,f
23022,110,569,10.0,4,4,0,f
23041,110,570,19.0,4,4,1,f
23060,110,571,19.0,4,4,1,f
23079,110,572,19.0,5,5,1,f
23098,110,573,19.0,6,6,1,f
23117,110,574,20.0,4,4,1,f
23136,110,575,20.0,5,5,1,f
22456,110,576,0.0,6,6,0,f
22470,110,577,0.0,7,7,0,f
22485,110,578,0.0,6,6,0,f
22501,110,579,0.0,9,9,0,f
22518,110,580,0.0,9,9,0,f
22535,110,581,0.0,9,9,0,f
22756,110,585,2.0,10,10,0,f
22775,110,586,2.0,12,12,0,f
22794,110,587,2.0,12,12,0,f
22814,110,588,2.0,12,12,0,f
22834,110,589,2.0,12,12,0,f
22427,110,603,0.0,15,15,0,f
22447,110,604,0.0,15,15,0,f
22703,110,582,2.0,9,9,0,f
22720,110,583,2.0,9,9,0,f
22738,110,584,2.0,9,9,0,f
23213,81,547,0.0,16,16,0,f
23229,81,548,0.0,16,16,0,f
23243,81,549,0.0,15,15,0,f
23259,81,550,0.0,15,15,0,f
23275,81,551,0.0,15,15,0,f
23291,81,552,0.0,15,15,0,f
23309,81,553,0.0,15,15,0,f
23327,81,554,0.0,15,15,0,f
23345,81,555,0.0,15,15,0,f
23363,81,556,0.0,15,15,0,f
23383,81,557,0.0,15,15,0,f
23403,81,558,0.0,15,15,0,f
23423,81,559,0.0,16,16,0,f
23295,37,552,0.0,18,18,0,f
23313,37,553,0.0,18,18,0,f
23331,37,554,0.0,18,18,0,f
23349,37,555,0.0,18,18,0,f
23367,37,556,0.0,20,20,0,f
23387,37,557,0.0,20,20,0,f
23407,37,558,0.0,20,20,0,f
23427,37,559,0.0,21,21,0,f
23368,130,556,0.0,18,18,0,f
23388,130,557,0.0,18,18,0,f
23408,130,558,0.0,18,18,0,f
23428,130,559,0.0,19,19,0,f
22912,130,563,0.0,16,16,0,f
22931,130,564,0.0,15,15,0,f
22950,130,565,0.0,15,15,0,f
22969,130,566,0.0,15,15,0,f
23026,130,569,0.0,16,16,0,f
23045,130,570,0.0,16,16,0,f
23064,130,571,0.0,16,16,0,f
23083,130,572,0.0,16,16,0,f
23102,130,573,0.0,16,16,0,f
23121,130,574,0.0,16,16,0,f
23140,130,575,0.0,16,16,0,f
22990,130,567,0.0,15,15,0,f
23009,130,568,0.0,16,16,0,f
23369,126,556,0.0,19,19,0,f
23389,126,557,0.0,19,19,0,f
23409,126,558,0.0,19,19,0,f
23429,126,559,0.0,20,20,0,f
23430,54,559,0.0,15,15,0,f
23143,54,575,0.0,18,18,0,f
22876,82,561,1.0,7,7,0,f
22893,82,562,1.0,9,9,0,f
22907,82,563,1.0,12,12,0,f
22926,82,564,1.0,13,13,0,f
22945,82,565,1.0,13,13,0,f
22964,82,566,1.0,13,13,0,f
22986,82,567,1.0,13,13,0,f
23005,82,568,1.0,13,13,0,f
23021,82,569,1.0,13,13,0,f
23040,82,570,1.0,13,13,0,f
23059,82,571,1.0,13,13,0,f
23078,82,572,1.0,13,13,0,f
23097,82,573,1.0,13,13,0,f
23116,82,574,1.0,13,13,0,f
23135,82,575,1.0,13,13,0,f
22463,82,576,0.0,12,12,0,f
22479,82,577,0.0,6,6,0,f
22494,82,578,0.0,7,7,0,f
22510,82,579,0.0,11,11,0,f
22527,82,580,0.0,11,11,0,f
22544,82,581,0.0,11,11,0,f
22712,82,582,3.0,7,7,0,f
22729,82,583,3.0,8,8,0,f
22747,82,584,5.0,7,7,0,f
22765,82,585,5.0,7,7,0,f
22784,82,586,5.0,9,9,0,f
22803,82,587,5.0,10,10,0,f
22823,82,588,5.0,10,10,0,f
22843,82,589,5.0,10,10,0,f
22428,82,603,0.0,13,13,0,f
22448,82,604,0.0,13,13,0,f
22733,156,583,0.0,18,18,0,f
22751,156,584,0.0,18,18,0,f
22770,156,585,0.0,19,19,0,f
22789,156,586,0.0,19,19,0,f
22809,156,587,0.0,20,20,0,f
22829,156,588,0.0,20,20,0,f
22849,156,589,0.0,20,20,0,f
22357,156,599,0.0,18,18,0,f
22375,156,600,0.0,18,18,0,f
22393,156,601,0.0,18,18,0,f
22411,156,602,0.0,18,18,0,f
22431,156,603,0.0,20,20,0,f
22451,156,604,0.0,20,20,0,f
23145,156,575,0.0,21,21,0,f
22496,120,578,0.0,8,8,0,f
22512,120,579,0.0,12,12,0,f
22529,120,580,0.0,12,12,0,f
22546,120,581,0.0,12,12,0,f
22714,120,582,1.0,11,11,0,f
22731,120,583,1.0,11,11,0,f
22749,120,584,1.0,11,11,0,f
22767,120,585,1.0,11,11,0,f
22786,120,586,3.0,11,11,0,f
22805,120,587,3.0,11,11,0,f
22825,120,588,3.0,11,11,0,f
22845,120,589,3.0,11,11,0,f
22769,109,585,0.0,18,18,0,f
22788,109,586,0.0,18,18,0,f
22807,109,587,0.0,18,18,0,f
22827,109,588,0.0,18,18,0,f
22847,109,589,0.0,18,18,0,f
22356,109,599,0.0,17,17,0,f
22374,109,600,0.0,17,17,0,f
22392,109,601,0.0,17,17,0,f
22410,109,602,0.0,17,17,0,f
22430,109,603,0.0,19,19,0,f
22450,109,604,0.0,19,19,0,f
22256,61,593,0.0,13,13,0,f
22270,61,594,0.0,12,12,0,f
22286,61,595,0.0,12,12,0,f
22302,61,596,0.0,13,13,0,f
22318,61,597,0.0,13,13,0,f
22334,61,598,0.0,13,13,0,f
22350,61,599,0.0,13,13,0,f
22368,61,600,0.0,13,13,0,f
22386,61,601,0.0,13,13,0,f
22404,61,602,0.0,13,13,0,f
22422,61,603,0.0,14,14,0,f
22442,61,604,0.0,14,14,0,f
22259,118,593,0.0,14,14,0,f
22274,118,594,0.0,16,16,0,f
22290,118,595,0.0,16,16,0,f
22306,118,596,0.0,16,16,0,f
22322,118,597,0.0,16,16,0,f
22338,118,598,0.0,16,16,0,f
22354,118,599,0.0,16,16,0,f
22373,118,600,0.0,16,16,0,f
22391,118,601,0.0,16,16,0,f
22409,118,602,0.0,16,16,0,f
22429,118,603,0.0,18,18,0,f
22449,118,604,0.0,18,18,0,f
22275,128,594,0.0,15,15,0,f
22291,128,595,0.0,15,15,0,f
22307,128,596,0.0,15,15,0,f
22323,128,597,0.0,15,15,0,f
22339,128,598,0.0,15,15,0,f
22355,128,599,0.0,15,15,0,f
22372,128,600,0.0,14,14,0,f
22390,128,601,0.0,14,14,0,f
22408,128,602,0.0,14,14,0,f
22426,128,603,0.0,16,16,0,f
22446,128,604,0.0,16,16,0,f
22221,29,590,0.0,10,10,0,f
22232,29,591,0.0,11,11,0,f
22243,29,592,1.0,9,9,0,f
22255,29,593,1.0,9,9,0,f
22269,29,594,1.0,9,9,0,f
22285,29,595,1.0,10,10,0,f
22301,29,596,1.0,12,12,0,f
22317,29,597,1.0,12,12,0,f
22333,29,598,1.0,12,12,0,f
22349,29,599,1.0,12,12,0,f
22367,29,600,1.0,12,12,0,f
22385,29,601,1.0,12,12,0,f
22403,29,602,4.0,10,10,0,f
22421,29,603,4.0,10,10,0,f
22441,29,604,4.0,10,10,0,f
22030,29,605,0.0,8,8,0,f
21882,29,606,0.0,7,7,0,f
22039,29,607,0.0,8,8,0,f
22049,29,608,0.0,9,9,0,f
22059,29,609,0.0,10,10,0,f
22070,29,610,0.0,10,10,0,f
22081,29,611,0.0,10,10,0,f
22116,29,612,0.0,10,10,0,f
22128,29,613,0.0,10,10,0,f
22140,29,614,1.0,9,9,0,f
22152,29,615,1.0,10,10,0,f
22164,29,616,1.0,10,10,0,f
22176,29,617,1.0,10,10,0,f
22188,29,618,2.0,10,10,0,f
22200,29,619,2.0,10,10,0,f
22069,35,609,1.0,8,8,0,f
22080,35,610,1.0,8,8,0,f
22091,35,611,1.0,8,8,0,f
22126,35,612,1.0,9,9,0,f
22138,35,613,1.0,9,9,0,f
22150,35,614,1.0,10,10,0,f
22162,35,615,1.0,11,11,0,f
22174,35,616,1.0,11,11,0,f
22186,35,617,1.0,11,11,0,f
22198,35,618,1.0,11,11,0,f
22210,35,619,1.0,11,11,0,f
21949,35,624,0.0,10,10,0,f
21959,35,625,0.0,10,10,0,f
21969,35,626,0.0,10,10,0,f
21980,35,627,0.0,10,10,0,f
21991,35,628,0.0,10,10,0,f
22003,35,629,0.0,10,10,0,f
22015,35,630,0.0,10,10,0,f
22027,35,631,0.0,10,10,0,f
21902,25,620,0.0,9,9,0,f
21910,25,621,0.0,9,9,0,f
21919,25,622,0.0,9,9,0,f
21928,25,623,1.0,9,9,0,f
21947,25,624,2.0,8,8,0,f
21957,25,625,6.0,8,8,0,f
21967,25,626,9.0,6,6,0,f
21978,25,627,9.0,7,7,0,f
21989,25,628,11.0,8,8,0,f
22001,25,629,11.0,8,8,0,f
22013,25,630,12.0,7,7,0,f
22025,25,631,12.0,8,8,0,f
21675,25,632,2.0,4,4,0,f
21685,25,633,6.0,3,3,0,f
21695,25,634,6.0,4,4,0,f
21705,25,635,6.0,5,5,0,f
21716,25,636,8.0,6,6,0,f
21727,25,637,8.0,6,6,0,f
21738,25,638,8.0,6,6,0,f
21749,25,639,8.0,6,6,0,f
21760,25,640,9.0,6,6,0,f
21772,25,641,9.0,7,7,0,f
21784,25,642,9.0,7,7,0,f
21557,25,645,7.0,5,5,0,f
21566,25,646,11.0,5,5,0,f
21575,25,647,13.0,5,5,0,f
21585,25,648,15.0,5,5,0,f
21606,25,650,16.0,6,6,0,f
21617,25,651,17.0,6,6,0,f
21651,25,654,21.0,7,7,0,f
21663,25,655,23.0,7,7,0,f
20952,25,669,0.0,11,11,0,f
20982,25,671,6.0,7,7,0,f
20997,25,672,6.0,7,7,0,f
21027,25,674,6.0,9,9,0,f
21061,25,676,8.0,8,8,0,f
21639,25,653,21.0,6,6,0,f
21628,25,652,21.0,6,6,0,f
21595,25,649,15.0,5,5,0,f
21548,25,644,3.0,5,5,0,f
21540,25,643,3.0,4,4,0,f
21100,25,678,8.0,9,9,0,f
21083,25,677,8.0,9,9,0,f
21049,25,675,8.0,8,8,0,f
21017,25,673,6.0,8,8,0,f
20972,25,670,0.0,11,11,0,f
20912,25,689,0.0,18,18,0,f
20892,25,688,0.0,18,18,0,f
20872,25,687,0.0,17,17,0,f
20853,25,686,0.0,17,17,0,f
20832,25,685,0.0,17,17,0,f
20817,25,684,0.0,15,15,0,f
20801,25,683,0.0,15,15,0,f
20786,25,682,0.0,15,15,0,f
20771,25,681,0.0,15,15,0,f
20755,25,680,0.0,14,14,0,f
21970,137,626,0.0,11,11,0,f
21981,137,627,0.0,11,11,0,f
21992,137,628,0.0,12,12,0,f
22004,137,629,0.0,12,12,0,f
22016,137,630,0.0,12,12,0,f
22028,137,631,0.0,12,12,0,f
21993,15,628,0.0,11,11,0,f
22005,15,629,0.0,11,11,0,f
22017,15,630,0.0,11,11,0,f
22029,15,631,0.0,11,11,0,f
21581,9,647,0.0,10,10,0,f
21591,9,648,0.0,10,10,0,f
21602,9,649,0.0,11,11,0,f
21613,9,650,0.0,11,11,0,f
21635,9,652,0.0,11,11,0,f
21646,9,653,0.0,12,12,0,f
21659,9,654,0.0,12,12,0,f
21671,9,655,0.0,12,12,0,f
21792,9,642,0.0,12,12,0,f
21780,9,641,0.0,12,12,0,f
21768,9,640,0.0,12,12,0,f
21624,9,651,0.0,11,11,0,f
21544,73,643,0.0,8,8,0,f
21552,73,644,0.0,8,8,0,f
21569,73,646,0.0,8,8,0,f
21578,73,647,0.0,8,8,0,f
21588,73,648,0.0,8,8,0,f
21598,73,649,0.0,8,8,0,f
21609,73,650,0.0,9,9,0,f
21620,73,651,0.0,10,10,0,f
21631,73,652,0.0,10,10,0,f
21642,73,653,0.0,10,10,0,f
19812,73,720,0.0,12,12,0,f
19825,73,721,0.0,12,12,0,f
19837,73,722,0.0,12,12,0,f
19850,73,723,0.0,13,13,0,f
19864,73,724,0.0,13,13,0,f
19881,73,725,0.0,13,13,0,f
19899,73,726,0.0,14,14,0,f
19918,73,727,0.0,14,14,0,f
19586,73,735,0.0,16,16,0,f
19603,73,736,0.0,16,16,0,f
19800,73,719,0.0,10,10,0,f
19622,73,737,0.0,18,18,0,f
19937,73,728,0.0,18,18,0,f
21666,73,655,0.0,10,10,0,f
21654,73,654,0.0,10,10,0,f
21560,73,645,0.0,7,7,0,f
19544,45,732,0.0,7,7,0,f
19555,45,733,0.0,8,8,0,f
19581,45,735,0.0,10,10,0,f
19598,45,736,0.0,11,11,0,f
19615,45,737,0.0,11,11,0,f
17833,45,774,31.0,3,3,2,f
17824,45,773,29.0,3,3,2,f
17815,45,772,29.0,3,3,2,f
17806,45,771,23.0,3,3,2,f
17779,45,768,19.0,1,1,2,f
17762,45,766,16.0,1,1,2,f
17770,45,767,19.0,1,1,2,f
17759,45,765,8.0,1,1,1,f
17788,45,769,19.0,2,2,2,f
17797,45,770,19.0,3,3,2,f
17842,45,775,31.0,3,3,2,f
19567,45,734,0.0,9,9,0,f
20925,136,667,0.0,10,10,0,f
20967,136,670,0.0,14,14,0,f
21012,136,673,0.0,14,14,0,f
21044,136,675,0.0,16,16,0,f
21078,136,677,0.0,16,16,0,f
21095,136,678,0.0,16,16,0,f
19619,136,737,0.0,12,12,0,f
19940,136,728,0.0,13,13,0,f
21065,136,676,0.0,16,16,0,f
21031,136,674,0.0,16,16,0,f
21001,136,672,0.0,14,14,0,f
20986,136,671,0.0,14,14,0,f
20956,136,669,0.0,14,14,0,f
20940,136,668,0.0,13,13,0,f
20911,91,689,0.0,19,19,0,f
20891,91,688,0.0,19,19,0,f
20871,91,687,0.0,18,18,0,f
20852,91,686,0.0,18,18,0,f
20837,91,685,0.0,18,18,0,f
20660,26,693,0.0,13,13,0,f
20675,26,694,0.0,13,13,0,f
20688,26,695,0.0,13,13,0,f
20703,26,696,0.0,15,15,0,f
20718,26,697,0.0,15,15,0,f
20734,26,698,0.0,15,15,0,f
20100,11,712,0.0,9,9,0,f
20111,11,713,0.0,9,9,0,f
20134,11,715,0.0,10,10,0,f
20147,11,716,0.0,10,10,0,f
20157,11,717,0.0,10,10,0,f
20170,11,718,0.0,10,10,0,f
19799,11,719,0.0,9,9,0,f
20068,11,709,0.0,8,8,0,f
19802,11,720,0.0,7,7,0,f
20122,11,714,0.0,10,10,0,f
20089,11,711,0.0,9,9,0,f
20078,11,710,0.0,10,10,0,f
19919,11,728,0.0,11,11,0,f
19900,11,727,0.0,11,11,0,f
19882,11,726,0.0,11,11,0,f
19865,11,725,0.0,10,10,0,f
19851,11,724,0.0,10,10,0,f
19838,11,723,0.0,10,10,0,f
19826,11,722,0.0,10,10,0,f
19814,11,721,0.0,9,9,0,f
20490,67,708,0.0,15,15,0,f
20474,67,707,0.0,15,15,0,f
20458,67,706,0.0,15,15,0,f
20442,67,705,0.0,15,15,0,f
20426,67,704,0.0,15,15,0,f
20410,67,703,0.0,15,15,0,f
20394,67,702,0.0,15,15,0,f
20378,67,701,0.0,15,15,0,f
20362,67,700,0.0,15,15,0,f
20346,67,699,0.0,14,14,0,f
20069,112,709,0.0,7,7,0,f
20079,112,710,0.0,8,8,0,f
20097,112,712,0.0,7,7,0,f
20107,112,713,0.0,7,7,0,f
20118,112,714,0.0,8,8,0,f
20130,112,715,2.0,8,8,0,f
19811,112,720,0.0,11,11,0,f
19824,112,721,3.0,6,6,0,f
19848,112,723,3.0,6,6,0,f
19861,112,724,3.0,8,8,0,f
19875,112,725,6.0,6,6,0,f
19910,112,727,6.0,6,6,0,f
20169,112,718,5.0,7,7,0,f
20156,112,717,5.0,7,7,0,f
20142,112,716,4.0,6,6,0,f
20087,112,711,0.0,7,7,0,f
19929,112,728,6.0,6,6,0,f
19892,112,726,6.0,6,6,0,f
19836,112,722,3.0,6,6,0,f
20077,7,710,0.0,9,9,0,f
20090,7,711,0.0,10,10,0,f
20112,7,713,0.0,10,10,0,f
20124,7,714,0.0,11,11,0,f
20136,7,715,0.0,11,11,0,f
20149,7,716,0.0,12,12,0,f
20159,7,717,0.0,12,12,0,f
20172,7,718,0.0,12,12,0,f
19801,7,719,0.0,11,11,0,f
19809,7,720,1.0,6,6,0,f
19821,7,721,1.0,7,7,0,f
19845,7,723,1.0,8,8,0,f
19872,7,725,4.0,7,7,0,f
19889,7,726,5.0,7,7,0,f
19514,7,729,1.0,5,5,0,f
19530,7,731,3.0,6,6,0,f
19550,7,733,12.0,6,6,1,f
19539,7,732,12.0,5,5,1,f
19521,7,730,3.0,6,6,0,f
19387,7,745,22.0,3,3,0,f
18899,7,762,0.0,9,9,0,f
18867,7,759,0.0,7,7,0,f
19123,7,754,1.0,7,7,0,f
19907,7,727,5.0,7,7,0,f
19363,7,743,11.0,3,3,0,f
19353,7,742,11.0,3,3,0,f
19325,7,738,2.0,3,3,0,f
19136,7,755,1.0,7,7,0,f
18852,7,757,0.0,6,6,0,f
18859,7,758,0.0,6,6,0,f
17850,7,775,0.0,7,7,0,f
18845,7,756,0.0,6,6,0,f
17841,7,774,0.0,7,7,0,f
17832,7,773,0.0,7,7,0,f
18875,7,760,0.0,9,9,0,f
17823,7,772,0.0,7,7,0,f
18887,7,761,0.0,9,9,0,f
17814,7,771,0.0,7,7,0,f
19608,7,737,18.0,5,5,1,f
17805,7,770,0.0,7,7,0,f
17796,7,769,0.0,7,7,0,f
19374,7,744,17.0,3,3,0,f
17787,7,768,0.0,7,7,0,f
19591,7,736,18.0,5,5,1,f
19344,7,741,9.0,3,3,0,f
19337,7,740,3.0,4,4,0,f
17778,7,767,0.0,7,7,0,f
19562,7,734,16.0,5,5,1,f
19574,7,735,17.0,6,6,1,f
19330,7,739,2.0,3,3,0,f
20101,7,712,0.0,10,10,0,f
19926,7,728,5.0,7,7,0,f
19858,7,724,4.0,6,6,0,f
19833,7,722,1.0,8,8,0,f
18923,7,764,0.0,8,8,0,f
18911,7,763,0.0,9,9,0,f
20146,144,716,0.0,11,11,0,f
20162,144,717,0.0,11,11,0,f
20175,144,718,0.0,11,11,0,f
19849,64,723,0.0,12,12,0,f
19862,64,724,0.0,12,12,0,f
19893,64,726,0.0,13,13,0,f
19911,64,727,0.0,13,13,0,f
19557,64,733,0.0,12,12,0,f
19569,64,734,0.0,13,13,0,f
19582,64,735,0.0,13,13,0,f
19360,64,742,0.0,7,7,0,f
19370,64,743,0.0,7,7,0,f
19381,64,744,0.0,7,7,0,f
19394,64,745,0.0,7,7,0,f
19930,64,728,0.0,17,17,0,f
19599,64,736,0.0,13,13,0,f
19876,64,725,0.0,12,12,0,f
19616,64,737,0.0,15,15,0,f
19895,74,726,0.0,10,10,0,f
19913,74,727,0.0,10,10,0,f
19932,74,728,0.0,10,10,0,f
19515,57,729,0.0,6,6,0,f
19522,57,730,0.0,7,7,0,f
19531,57,731,0.0,7,7,0,f
19540,57,732,0.0,9,9,0,f
19551,57,733,0.0,7,7,0,f
19334,57,739,0.0,7,7,0,f
19341,57,740,0.0,7,7,0,f
19348,57,741,0.0,7,7,0,f
19357,57,742,0.0,8,8,0,f
19367,57,743,0.0,8,8,0,f
19391,57,745,0.0,10,10,0,f
19378,57,744,0.0,10,10,0,f
19607,57,737,0.0,9,9,0,f
19563,57,734,0.0,7,7,0,f
19573,57,735,0.0,7,7,0,f
19590,57,736,0.0,9,9,0,f
19321,57,738,0.0,7,7,0,f
19570,19,734,0.0,8,8,0,f
19601,19,736,0.0,10,10,0,f
19584,19,735,0.0,9,9,0,f
19618,19,737,0.0,10,10,0,f
19350,32,741,0.0,9,9,0,f
19359,32,742,0.0,10,10,0,f
19369,32,743,0.0,11,11,0,f
19380,32,744,0.0,12,12,0,f
19393,32,745,0.0,12,12,0,f
18903,32,762,0.0,10,10,0,f
18915,32,763,0.0,10,10,0,f
19130,32,755,0.0,12,12,0,f
19118,32,754,0.0,11,11,0,f
19105,32,753,0.0,9,9,0,f
19093,32,752,0.0,9,9,0,f
19082,32,751,0.0,12,12,0,f
19059,32,749,0.0,9,9,0,f
19043,32,748,0.0,8,8,0,f
19033,32,747,0.0,8,8,0,f
18879,32,760,0.0,10,10,0,f
18891,32,761,0.0,10,10,0,f
19070,32,750,0.0,10,10,0,f
18927,32,764,0.0,14,14,0,f
19371,31,743,0.0,10,10,0,f
19382,31,744,0.0,13,13,0,f
19395,31,745,0.0,13,13,0,f
19131,134,755,0.0,8,8,0,f
19116,134,754,0.0,8,8,0,f
19106,134,753,0.0,7,7,0,f
19094,134,752,0.0,7,7,0,f
19080,134,751,0.0,6,6,0,f
19060,134,749,0.0,6,6,0,f
19049,134,748,0.0,6,6,0,f
19039,134,747,0.0,6,6,0,f
19031,134,746,0.0,6,6,0,f
19071,134,750,0.0,6,6,0,f
18900,121,762,0.0,7,7,0,f
18868,121,759,0.0,6,6,0,f
19063,121,749,0.0,7,7,0,f
18853,121,757,0.0,7,7,0,f
18846,121,756,0.0,7,7,0,f
19132,121,755,0.0,11,11,0,f
19117,121,754,0.0,10,10,0,f
19098,121,752,0.0,8,8,0,f
19081,121,751,0.0,7,7,0,f
19110,121,753,0.0,8,8,0,f
19074,121,750,0.0,7,7,0,f
19052,121,748,0.0,7,7,0,f
19032,121,746,0.0,7,7,0,f
18860,121,758,0.0,8,8,0,f
17844,121,775,6.0,5,5,0,f
17835,121,774,6.0,5,5,0,f
18876,121,760,0.0,7,7,0,f
17826,121,773,6.0,5,5,0,f
17817,121,772,6.0,5,5,0,f
18888,121,761,0.0,7,7,0,f
17799,121,770,6.0,5,5,0,f
17790,121,769,3.0,5,5,0,f
17781,121,768,3.0,5,5,0,f
17764,121,766,3.0,3,3,0,f
17772,121,767,3.0,5,5,0,f
17761,121,765,3.0,3,3,0,f
17808,121,771,6.0,5,5,0,f
19042,121,747,0.0,7,7,0,f
18924,121,764,0.0,9,9,0,f
18912,121,763,0.0,7,7,0,f
19134,33,755,0.0,9,9,0,f
19083,33,751,0.0,8,8,0,f
19072,33,750,0.0,8,8,0,f
19061,33,749,0.0,10,10,0,f
19051,33,748,0.0,9,9,0,f
19041,33,747,0.0,9,9,0,f
19119,33,754,0.0,12,12,0,f
19108,33,753,0.0,11,11,0,f
19096,33,752,0.0,11,11,0,f
18930,90,764,0.0,7,7,0,f
18901,125,762,0.0,5,5,0,f
18913,125,763,0.0,5,5,0,f
18869,125,759,0.0,8,8,0,f
18861,125,758,0.0,7,7,0,f
19124,125,755,0.0,10,10,0,f
19121,125,754,0.0,9,9,0,f
19099,125,753,0.0,6,6,0,f
19087,125,752,0.0,6,6,0,f
19085,125,751,0.0,10,10,0,f
19064,125,750,0.0,9,9,0,f
19053,125,749,0.0,8,8,0,f
18877,125,760,0.0,5,5,0,f
18889,125,761,0.0,6,6,0,f
18925,125,764,0.0,5,5,0,f
27908,125,1051,77.0,7,7,0,f
27678,125,1052,1.0,6,6,0,f
27708,125,1053,5.0,6,6,0,f
27718,125,1054,5.0,7,7,0,f
27728,125,1055,5.0,7,7,0,f
27738,125,1056,19.0,5,5,0,f
27748,125,1057,37.0,6,6,0,f
27758,125,1059,40.0,6,6,0,f
27768,125,1058,44.0,6,6,0,f
27788,125,1060,44.0,6,6,0,f
27798,125,1061,48.0,6,6,0,f
27818,125,1062,48.0,7,7,0,f
27828,125,1063,53.0,7,7,0,f
27838,125,1064,53.0,7,7,0,f
27848,125,1065,59.0,7,7,0,f
27858,125,1066,59.0,7,7,0,f
27868,125,1067,61.0,7,7,0,f
27878,125,1069,62.0,7,7,0,f
27888,125,1070,68.0,7,7,0,f
27898,125,1071,68.0,7,7,0,f
27918,125,1072,77.0,7,7,0,f
27928,125,1073,77.0,7,7,0,f
28139,125,1074,0.0,7,7,0,f
28149,125,1075,0.0,9,9,0,f
28159,125,1076,0.0,10,10,0,f
28169,125,1077,5.0,9,9,0,f
28179,125,1078,6.0,9,9,0,f
28189,125,1079,6.0,9,9,0,f
28199,125,1080,7.0,9,9,0,f
18892,70,761,0.0,11,11,0,f
18904,70,762,0.0,11,11,0,f
18880,70,760,0.0,11,11,0,f
18916,70,763,0.0,11,11,0,f
19135,70,755,0.0,13,13,0,f
19122,70,754,0.0,13,13,0,f
19109,70,753,0.0,12,12,0,f
19097,70,752,0.0,12,12,0,f
19086,70,751,0.0,11,11,0,f
17847,70,775,48.0,1,1,6,f
17838,70,774,46.0,1,1,5,f
17829,70,773,41.0,1,1,4,f
17820,70,772,33.0,2,2,3,f
17811,70,771,25.0,2,2,2,f
17802,70,770,22.0,2,2,2,f
17793,70,769,16.0,3,3,2,f
17784,70,768,8.0,3,3,1,f
17775,70,767,8.0,3,3,1,f
17767,70,766,0.0,6,6,0,f
18928,70,764,0.0,15,15,0,f
18893,77,761,0.0,12,12,0,f
18917,77,763,0.0,12,12,0,f
18905,77,762,0.0,12,12,0,f
18881,77,760,0.0,12,12,0,f
18929,77,764,0.0,16,16,0,f
18932,94,764,0.0,12,12,0,f
17848,96,775,0.0,8,8,0,f
17839,96,774,0.0,8,8,0,f
17830,96,773,0.0,8,8,0,f
17821,96,772,0.0,8,8,0,f
17812,96,771,0.0,8,8,0,f
17803,96,770,0.0,8,8,0,f
17794,96,769,0.0,8,8,0,f
17785,96,768,0.0,8,8,0,f
17776,96,767,0.0,8,8,0,f
17768,96,766,0.0,7,7,0,f
18933,96,764,0.0,13,13,0,f
17849,152,775,0.0,9,9,0,f
17840,152,774,0.0,9,9,0,f
17831,152,773,0.0,9,9,0,f
17822,152,772,0.0,9,9,0,f
17813,152,771,0.0,9,9,0,f
17804,152,770,0.0,9,9,0,f
17795,152,769,0.0,9,9,0,f
17786,152,768,0.0,9,9,0,f
17777,152,767,0.0,9,9,0,f
17769,152,766,0.0,8,8,0,f
24235,87,337,18.0,3,3,0,f
24247,87,338,29.0,3,3,0,f
24259,87,339,44.0,4,4,0,f
24271,87,340,60.0,4,4,0,f
24283,87,341,72.0,4,4,0,f
24307,87,342,78.0,4,4,0,f
24319,87,343,100.0,4,4,0,f
24331,87,344,108.0,4,4,0,f
24343,87,345,109.0,4,4,0,f
24355,87,346,126.0,4,4,0,f
24367,87,347,132.0,4,4,0,f
24379,87,348,132.0,4,4,0,f
24391,87,349,146.0,4,4,0,f
24403,87,350,158.0,4,4,0,f
24439,87,351,168.0,4,4,0,f
24451,87,352,176.0,4,4,0,f
24475,87,353,188.0,4,4,0,f
24487,87,354,202.0,4,4,0,f
24499,87,355,214.0,4,4,0,f
24669,87,841,0.0,10,10,0,f
24549,87,842,2.0,8,8,0,f
24561,87,843,16.0,5,5,0,f
24573,87,844,26.0,5,5,0,f
24585,87,845,40.0,5,5,0,f
24597,87,846,40.0,5,5,0,f
24609,87,847,52.0,5,5,0,f
24621,87,848,58.0,5,5,0,f
24633,87,849,68.0,4,4,0,f
24645,87,850,78.0,4,4,0,f
24657,87,851,80.0,4,4,0,f
24679,87,852,98.0,4,4,0,f
24691,87,853,108.0,4,4,0,f
24703,87,854,114.0,4,4,0,f
24715,87,855,123.0,4,4,0,f
24727,87,856,127.0,4,4,0,f
24739,87,857,145.0,4,4,0,f
24751,87,858,159.0,4,4,0,f
24763,87,859,165.0,4,4,0,f
24939,87,860,0.0,8,8,0,f
24784,87,861,1.0,9,9,0,f
24796,87,862,26.0,5,5,1,f
24843,87,864,43.0,5,5,1,f
24831,87,863,37.0,5,5,1,f
24855,87,865,61.0,5,5,1,f
24867,87,866,69.0,5,5,1,f
24879,87,867,92.0,5,5,1,f
24891,87,868,98.0,5,5,1,f
24974,87,869,105.0,5,5,1,f
24986,87,870,106.0,5,5,1,f
24998,87,871,112.0,5,5,1,f
25010,87,872,126.0,5,5,1,f
25046,87,873,136.0,5,5,1,f
25058,87,874,136.0,5,5,1,f
25070,87,875,136.0,5,5,1,f
25094,87,876,136.0,5,5,1,f
25106,87,877,136.0,5,5,1,f
25118,87,878,136.0,5,5,1,f
25130,87,879,142.0,5,5,1,f
25138,87,880,10.0,4,4,0,f
25149,87,881,37.0,4,4,0,f
25160,87,882,52.0,4,4,0,f
25171,87,883,64.0,4,4,0,f
25182,87,884,72.0,4,4,0,f
25193,87,885,109.0,4,4,1,f
25204,87,886,134.0,3,3,1,f
25215,87,887,171.0,2,2,2,f
25226,87,888,183.0,2,2,2,f
25237,87,890,208.0,2,2,3,f
25248,87,891,235.0,2,2,3,f
25281,87,893,267.0,3,3,3,f
25270,87,892,245.0,3,3,3,f
25292,87,894,283.0,3,3,3,f
25303,87,895,287.0,3,3,3,f
25314,87,896,313.0,2,2,3,f
25325,87,897,334.0,2,2,3,f
25336,87,898,348.0,2,2,3,f
25347,87,899,360.0,2,2,3,f
25942,87,901,68.0,1,1,2,f
25931,87,900,25.0,2,2,1,f
25953,87,902,111.0,1,1,3,f
25964,87,903,154.0,1,1,4,f
25975,87,904,197.0,1,1,5,f
25986,87,905,240.0,1,1,6,f
25997,87,906,258.0,1,1,6,f
26008,87,907,301.0,1,1,7,f
26019,87,908,326.0,1,1,8,f
26030,87,909,366.0,1,1,9,f
26041,87,910,393.0,1,1,9,f
26052,87,911,411.0,1,1,9,f
26063,87,912,454.0,1,1,10,f
26074,87,913,479.0,1,1,11,f
26085,87,914,522.0,1,1,12,f
26096,87,915,565.0,1,1,13,f
26107,87,916,608.0,1,1,14,f
26118,87,917,651.0,1,1,15,f
26129,87,918,701.0,1,1,16,f
26140,87,926,43.0,1,1,1,f
26149,87,927,76.0,1,1,1,f
26159,87,928,119.0,1,1,2,f
26169,87,929,159.0,1,1,3,f
26179,87,930,202.0,1,1,4,f
26189,87,931,242.0,1,1,5,f
26199,87,932,285.0,1,1,6,f
26209,87,933,328.0,1,1,7,f
26219,87,934,371.0,1,1,8,f
26229,87,936,383.0,1,1,8,f
26260,87,938,451.0,1,1,10,f
26250,87,937,426.0,1,1,9,f
26270,87,939,463.0,1,1,10,f
26290,87,940,506.0,1,1,11,f
26375,87,941,531.0,1,1,12,f
26385,87,942,574.0,1,1,13,f
26395,87,943,617.0,1,1,14,f
26405,87,944,660.0,1,1,15,f
26426,87,945,703.0,1,1,16,f
26524,87,955,258.0,1,1,7,f
26557,87,948,43.0,1,1,1,f
26447,87,949,83.0,1,1,2,f
26458,87,950,114.0,1,1,3,f
26469,87,951,157.0,1,1,4,f
26480,87,952,157.0,1,1,4,f
26491,87,953,188.0,1,1,5,f
26502,87,954,223.0,1,1,6,f
26535,87,956,295.0,1,1,8,f
26546,87,957,335.0,1,1,9,f
26568,87,958,378.0,1,1,10,f
26579,87,959,415.0,1,1,11,f
26590,87,960,455.0,1,1,12,f
26601,87,961,498.0,1,1,13,f
26612,87,962,538.0,1,1,14,f
26623,87,963,553.0,1,1,14,f
26634,87,964,593.0,1,1,15,f
26711,87,967,722.0,1,1,18,f
26689,87,965,636.0,1,1,16,f
26700,87,966,679.0,1,1,17,f
26722,87,968,765.0,1,1,19,f
26734,87,969,33.0,2,2,0,f
26744,87,970,66.0,1,1,1,f
26754,87,971,99.0,2,2,1,f
26764,87,972,136.0,1,1,2,f
26774,87,973,161.0,1,1,3,f
26784,87,974,179.0,2,2,3,f
26794,87,975,222.0,1,1,4,f
26804,87,976,250.0,1,1,4,f
26814,87,977,287.0,1,1,5,f
26824,87,978,330.0,1,1,6,f
26834,87,979,357.0,1,1,6,f
26844,87,980,392.0,1,1,7,f
26854,87,981,435.0,1,1,8,f
26864,87,982,475.0,1,1,9,f
26874,87,983,503.0,1,1,9,f
26884,87,984,540.0,1,1,10,f
26894,87,985,575.0,1,1,11,f
26904,87,986,595.0,1,1,11,f
26914,87,987,625.0,1,1,11,f
26924,87,988,668.0,1,1,12,f
26934,87,989,22.0,2,2,0,f
26974,87,990,55.0,2,2,0,f
26964,87,991,85.0,1,1,0,f
26984,87,992,110.0,2,2,1,f
26994,87,993,153.0,1,1,2,f
27004,87,994,178.0,1,1,2,f
27014,87,995,206.0,1,1,2,f
27024,87,996,237.0,1,1,3,f
27034,87,997,237.0,2,2,3,f
27044,87,998,267.0,2,2,3,f
27054,87,999,310.0,1,1,4,f
27064,87,1000,345.0,1,1,5,f
27074,87,1001,375.0,1,1,5,f
27094,87,1002,415.0,1,1,6,f
27104,87,1003,452.0,1,1,7,f
27114,87,1004,495.0,1,1,8,f
27124,87,1005,538.0,1,1,9,f
27144,87,1006,563.0,1,1,9,f
27154,87,1007,585.0,1,1,9,f
27164,87,1008,620.0,1,1,10,f
27174,87,1009,655.0,1,1,11,f
27193,87,1010,44.0,1,1,1,f
27223,87,1012,130.0,1,1,3,f
27213,87,1011,87.0,1,1,2,f
27233,87,1013,173.0,1,1,4,f
27243,87,1014,217.0,1,1,5,f
27253,87,1015,257.0,1,1,6,f
27263,87,1016,295.0,1,1,7,f
27303,87,1018,363.0,1,1,8,f
27293,87,1017,338.0,1,1,8,f
27313,87,1019,407.0,1,1,9,f
27333,87,1020,409.0,1,1,9,f
27343,87,1021,438.0,1,1,10,f
27353,87,1022,471.0,1,1,10,f
27363,87,1023,505.0,1,1,10,f
27373,87,1024,527.0,1,1,10,f
27383,87,1025,571.0,1,1,11,f
27413,87,1026,612.0,1,1,12,f
27423,87,1027,652.0,1,1,13,f
27433,87,1028,695.0,1,1,14,f
27443,87,1029,701.0,1,1,14,f
27453,87,1030,739.0,1,1,15,f
27513,87,1034,146.0,1,1,4,f
27583,87,1040,366.0,1,1,8,f
27573,87,1031,37.0,1,1,1,f
27483,87,1032,80.0,1,1,2,f
27503,87,1033,121.0,1,1,3,f
27523,87,1035,180.0,1,1,4,f
27533,87,1036,221.0,1,1,5,f
27543,87,1037,264.0,1,1,6,f
27553,87,1038,281.0,1,1,6,f
27563,87,1039,325.0,1,1,7,f
27593,87,1041,391.0,1,1,9,f
27603,87,1042,435.0,1,1,10,f
27613,87,1043,479.0,1,1,11,f
27623,87,1044,504.0,1,1,12,f
27633,87,1045,533.0,1,1,13,f
27643,87,1046,540.0,1,1,13,f
27653,87,1047,573.0,1,1,13,f
27903,87,1051,546.5,1,1,8,f
27673,87,1052,41.0,1,1,1,f
27703,87,1053,60.0,1,1,1,f
27713,87,1054,101.0,1,1,2,f
27723,87,1055,141.0,1,1,3,f
27733,87,1056,148.0,2,2,3,f
27743,87,1057,148.0,2,2,3,f
27753,87,1059,178.0,2,2,3,f
27763,87,1058,212.0,2,2,3,f
27783,87,1060,242.0,2,2,3,f
27793,87,1061,285.0,2,2,4,f
27813,87,1062,303.0,1,1,4,f
27823,87,1063,310.5,1,1,4,f
27833,87,1064,344.5,1,1,4,f
27843,87,1065,362.5,1,1,4,f
27853,87,1066,397.5,1,1,5,f
27863,87,1067,433.5,1,1,6,f
27873,87,1069,460.5,1,1,6,f
27883,87,1070,478.5,1,1,6,f
27893,87,1071,521.5,1,1,7,f
27913,87,1072,587.5,1,1,9,f
27923,87,1073,613.5,1,1,9,f
28134,87,1074,27.0,2,2,0,f
28144,87,1075,38.0,2,2,0,f
28154,87,1076,65.0,2,2,0,f
28164,87,1077,77.0,3,3,0,f
28174,87,1078,95.0,3,3,0,f
28184,87,1079,120.0,3,3,0,f
28194,87,1080,134.0,3,3,0,f
24242,124,337,0.0,11,11,0,f
24254,124,338,0.0,11,11,0,f
24266,124,339,0.0,11,11,0,f
24278,124,340,0.0,11,11,0,f
24290,124,341,0.0,11,11,0,f
24314,124,342,0.0,11,11,0,f
24326,124,343,0.0,11,11,0,f
24338,124,344,0.0,11,11,0,f
24350,124,345,0.0,11,11,0,f
24362,124,346,0.0,11,11,0,f
24374,124,347,0.0,11,11,0,f
24386,124,348,0.0,11,11,0,f
24398,124,349,0.0,11,11,0,f
24410,124,350,0.0,11,11,0,f
24446,124,351,0.0,11,11,0,f
24458,124,352,0.0,11,11,0,f
24482,124,353,0.0,11,11,0,f
24494,124,354,0.0,11,11,0,f
24506,124,355,0.0,11,11,0,f
24551,124,842,0.0,12,12,0,f
24563,124,843,0.0,12,12,0,f
24575,124,844,0.0,12,12,0,f
24587,124,845,0.0,12,12,0,f
24599,124,846,0.0,12,12,0,f
24611,124,847,0.0,11,11,0,f
24623,124,848,0.0,11,11,0,f
24635,124,849,0.0,11,11,0,f
24647,124,850,0.0,11,11,0,f
24659,124,851,0.0,11,11,0,f
24681,124,852,0.0,11,11,0,f
24693,124,853,0.0,11,11,0,f
24705,124,854,0.0,11,11,0,f
24717,124,855,0.0,11,11,0,f
24729,124,856,0.0,11,11,0,f
24741,124,857,0.0,11,11,0,f
24753,124,858,0.0,11,11,0,f
24765,124,859,0.0,11,11,0,f
24788,124,861,0.0,12,12,0,f
24800,124,862,0.0,12,12,0,f
24847,124,864,0.0,12,12,0,f
24835,124,863,0.0,12,12,0,f
24859,124,865,0.0,12,12,0,f
24871,124,866,0.0,12,12,0,f
24883,124,867,0.0,12,12,0,f
24895,124,868,0.0,12,12,0,f
24978,124,869,0.0,12,12,0,f
24990,124,870,0.0,12,12,0,f
25002,124,871,0.0,12,12,0,f
25014,124,872,0.0,12,12,0,f
25050,124,873,0.0,12,12,0,f
25062,124,874,0.0,12,12,0,f
25074,124,875,0.0,12,12,0,f
25098,124,876,0.0,12,12,0,f
25110,124,877,0.0,12,12,0,f
25122,124,878,0.0,12,12,0,f
25134,124,879,0.0,12,12,0,f
21315,75,658,0.0,6,6,0,f
21323,75,659,0.0,7,7,0,f
21331,75,660,0.0,7,7,0,f
21339,75,661,0.0,7,7,0,f
21347,75,662,0.0,7,7,0,f
21356,75,663,0.0,7,7,0,f
21375,75,665,0.0,7,7,0,f
21385,75,666,0.0,7,7,0,f
20917,75,667,0.0,6,6,0,f
20930,75,668,0.0,8,8,0,f
20944,75,669,0.0,9,9,0,f
20963,75,670,0.0,9,9,0,f
20974,75,671,0.0,10,10,0,f
20989,75,672,0.0,11,11,0,f
21008,75,673,0.0,11,11,0,f
21019,75,674,0.0,11,11,0,f
21040,75,675,0.0,11,11,0,f
21053,75,676,0.0,11,11,0,f
21074,75,677,0.0,11,11,0,f
21091,75,678,0.0,11,11,0,f
20735,75,679,9.0,1,1,1,f
20748,75,680,11.0,2,2,1,f
20758,75,681,11.0,2,2,1,f
20773,75,682,14.0,2,2,1,f
20792,75,683,17.0,2,2,1,f
20807,75,684,19.0,3,3,1,f
20819,75,685,21.0,2,2,1,f
20842,75,686,21.0,3,3,1,f
20861,75,687,24.0,3,3,1,f
20880,75,688,27.0,3,3,1,f
20900,75,689,28.0,3,3,1,f
20626,75,690,0.0,3,3,0,f
20638,75,691,6.0,3,3,0,f
20649,75,692,9.0,4,4,0,f
20662,75,693,11.0,4,4,0,f
20673,75,694,11.0,4,4,0,f
20686,75,695,17.0,4,4,0,f
20699,75,696,20.0,4,4,0,f
20729,75,698,30.0,3,3,1,f
19877,75,725,0.0,14,14,0,f
19894,75,726,0.0,15,15,0,f
19912,75,727,0.0,16,16,0,f
19389,75,745,0.0,6,6,0,f
18864,75,759,0.0,5,5,0,f
19931,75,728,0.0,14,14,0,f
19365,75,743,0.0,6,6,0,f
19355,75,742,0.0,6,6,0,f
19346,75,741,0.0,6,6,0,f
19339,75,740,0.0,5,5,0,f
19332,75,739,0.0,5,5,0,f
19125,75,755,3.0,5,5,0,f
19113,75,754,3.0,5,5,0,f
19100,75,753,3.0,5,5,0,f
19088,75,752,3.0,5,5,0,f
19077,75,751,3.0,5,5,0,f
19044,75,748,3.0,4,4,0,f
19028,75,746,3.0,3,3,0,f
18849,75,757,0.0,3,3,0,f
18856,75,758,0.0,5,5,0,f
18842,75,756,0.0,3,3,0,f
18872,75,760,0.0,6,6,0,f
18884,75,761,0.0,5,5,0,f
19376,75,744,0.0,6,6,0,f
19323,75,738,0.0,5,5,0,f
19065,75,750,3.0,5,5,0,f
19034,75,747,3.0,4,4,0,f
19054,75,749,3.0,5,5,0,f
21365,75,664,0.0,7,7,0,f
20714,75,697,24.0,3,3,0,f
20489,75,708,0.0,16,16,0,f
20473,75,707,0.0,16,16,0,f
20457,75,706,0.0,16,16,0,f
20441,75,705,0.0,16,16,0,f
20425,75,704,0.0,16,16,0,f
20409,75,703,0.0,16,16,0,f
20393,75,702,0.0,16,16,0,f
20377,75,701,0.0,16,16,0,f
20361,75,700,0.0,16,16,0,f
20345,75,699,0.0,15,15,0,f
18920,75,764,0.0,6,6,0,f
18908,75,763,0.0,6,6,0,f
18896,75,762,0.0,6,6,0,f
24243,104,337,0.0,12,12,0,f
24255,104,338,0.0,12,12,0,f
24267,104,339,0.0,12,12,0,f
24279,104,340,0.0,12,12,0,f
24291,104,341,0.0,12,12,0,f
24315,104,342,0.0,12,12,0,f
24327,104,343,0.0,12,12,0,f
24339,104,344,0.0,12,12,0,f
24351,104,345,0.0,12,12,0,f
24363,104,346,0.0,12,12,0,f
24375,104,347,0.0,12,12,0,f
24387,104,348,0.0,12,12,0,f
24399,104,349,0.0,12,12,0,f
24411,104,350,0.0,12,12,0,f
24447,104,351,0.0,12,12,0,f
24483,104,353,0.0,12,12,0,f
24459,104,352,0.0,12,12,0,f
24495,104,354,0.0,12,12,0,f
24507,104,355,0.0,12,12,0,f
24667,104,841,0.0,8,8,0,f
24547,104,842,0.0,10,10,0,f
24559,104,843,0.0,11,11,0,f
24571,104,844,0.0,11,11,0,f
24583,104,845,0.0,11,11,0,f
24595,104,846,0.0,11,11,0,f
24607,104,847,0.0,12,12,0,f
24619,104,848,0.0,12,12,0,f
24631,104,849,0.0,12,12,0,f
24643,104,850,0.0,12,12,0,f
24655,104,851,0.0,12,12,0,f
24677,104,852,0.0,12,12,0,f
24689,104,853,0.0,12,12,0,f
24701,104,854,0.0,12,12,0,f
24713,104,855,0.0,12,12,0,f
24725,104,856,0.0,12,12,0,f
24737,104,857,0.0,12,12,0,f
24749,104,858,0.0,12,12,0,f
24761,104,859,0.0,12,12,0,f
18931,108,764,0.0,11,11,0,f
18902,151,762,0.0,8,8,0,f
18914,151,763,0.0,8,8,0,f
18878,151,760,0.0,8,8,0,f
18890,151,761,0.0,8,8,0,f
18926,151,764,0.0,10,10,0,f
21045,116,675,0.0,17,17,0,f
21079,116,677,0.0,17,17,0,f
21096,116,678,0.0,17,17,0,f
20736,116,679,6.0,2,2,0,f
20747,116,680,6.0,4,4,0,f
20759,116,681,6.0,6,6,0,f
20774,116,682,6.0,8,8,0,f
20791,116,683,6.0,8,8,0,f
20806,116,684,6.0,8,8,0,f
20820,116,685,6.0,9,9,0,f
20841,116,686,6.0,9,9,0,f
20860,116,687,6.0,9,9,0,f
20879,116,688,6.0,9,9,0,f
20899,116,689,6.0,9,9,0,f
20356,116,699,2.0,4,4,0,f
20370,116,700,4.0,4,4,0,f
20402,116,702,8.0,4,4,0,f
20434,116,704,8.0,5,5,0,f
20482,116,707,14.0,5,5,0,f
20067,116,709,2.0,3,3,0,f
20095,116,712,9.0,4,4,0,f
20075,116,710,2.0,5,5,0,f
19792,116,719,4.0,2,2,0,f
19823,116,721,10.0,3,3,0,f
19835,116,722,16.0,2,2,0,f
19847,116,723,16.0,3,3,0,f
19891,116,726,21.0,4,4,0,f
19513,116,729,2.0,4,4,0,f
19520,116,730,11.0,1,1,1,f
19561,116,734,23.0,3,3,1,f
19538,116,732,17.0,2,2,1,f
19529,116,731,11.0,4,4,1,f
19549,116,733,21.0,3,3,1,f
19388,116,745,14.0,4,4,0,f
19928,116,728,25.0,5,5,0,f
19364,116,743,10.0,4,4,0,f
19354,116,742,9.0,4,4,0,f
19129,116,755,48.0,1,1,6,f
19111,116,754,48.0,1,1,6,f
19104,116,753,48.0,1,1,6,f
19092,116,752,46.0,1,1,5,f
19075,116,751,38.0,1,1,4,f
19058,116,749,22.0,1,1,2,f
19047,116,748,14.0,1,1,1,f
19037,116,747,14.0,1,1,1,f
19026,116,746,8.0,1,1,1,f
19592,116,736,27.0,3,3,1,f
18854,116,758,14.0,1,1,1,f
18840,116,756,8.0,1,1,1,f
18847,116,757,8.0,1,1,1,f
18862,116,759,18.0,1,1,1,f
18870,116,760,26.0,1,1,2,f
19609,116,737,29.0,3,3,1,f
18882,116,761,29.0,1,1,2,f
19375,116,744,13.0,4,4,0,f
19345,116,741,6.0,4,4,0,f
19338,116,740,4.0,3,3,0,f
19575,116,735,25.0,3,3,1,f
19331,116,739,2.0,4,4,0,f
19324,116,738,1.0,4,4,0,f
19069,116,750,30.0,1,1,3,f
21066,116,676,0.0,17,17,0,f
21032,116,674,0.0,17,17,0,f
21013,116,673,0.0,15,15,0,f
21002,116,672,0.0,15,15,0,f
20987,116,671,0.0,15,15,0,f
20968,116,670,0.0,15,15,0,f
20957,116,669,0.0,15,15,0,f
20941,116,668,0.0,14,14,0,f
20926,116,667,0.0,11,11,0,f
20498,116,708,14.0,5,5,0,f
20466,116,706,13.0,5,5,0,f
20450,116,705,11.0,5,5,0,f
20418,116,703,8.0,4,4,0,f
20386,116,701,8.0,4,4,0,f
20165,116,718,16.0,5,5,0,f
20152,116,717,16.0,5,5,0,f
20140,116,716,16.0,5,5,0,f
20128,116,715,10.0,5,5,0,f
20116,116,714,10.0,5,5,0,f
20105,116,713,10.0,5,5,0,f
20085,116,711,8.0,3,3,0,f
19909,116,727,23.0,5,5,0,f
19874,116,725,21.0,4,4,0,f
19860,116,724,17.0,4,4,0,f
19813,116,720,10.0,3,3,0,f
18918,116,764,40.0,1,1,5,f
18906,116,763,38.0,1,1,4,f
18894,116,762,34.0,1,1,3,f
19133,93,755,3.0,6,6,0,f
19120,93,754,3.0,6,6,0,f
19107,93,753,0.0,10,10,0,f
19095,93,752,0.0,10,10,0,f
19084,93,751,0.0,9,9,0,f
19073,93,750,0.0,11,11,0,f
19062,93,749,0.0,11,11,0,f
19050,93,748,0.0,10,10,0,f
19040,93,747,0.0,10,10,0,f
20749,115,680,0.0,11,11,0,f
20793,115,683,0.0,13,13,0,f
20808,115,684,0.0,13,13,0,f
20830,115,685,0.0,15,15,0,f
20843,115,686,0.0,15,15,0,f
20862,115,687,0.0,15,15,0,f
20881,115,688,0.0,16,16,0,f
20901,115,689,0.0,16,16,0,f
20359,115,699,9.0,1,1,1,f
20081,115,710,13.0,1,1,1,f
20091,115,711,22.0,1,1,2,f
20109,115,713,34.0,1,1,3,f
20132,115,715,34.0,2,2,3,f
19794,115,719,1.0,4,4,0,f
20070,115,709,4.0,2,2,0,f
19819,115,721,19.0,1,1,2,f
19831,115,722,28.0,1,1,3,f
19843,115,723,37.0,1,1,4,f
19856,115,724,43.0,1,1,4,f
19527,115,731,15.0,2,2,1,f
19577,115,735,27.0,2,2,2,f
19327,115,738,9.0,1,1,1,f
19547,115,733,24.0,1,1,2,f
19536,115,732,15.0,3,3,1,f
19511,115,729,6.0,2,2,0,f
19518,115,730,6.0,4,4,0,f
19887,115,726,51.0,1,1,5,f
19870,115,725,51.0,1,1,5,f
19559,115,734,27.0,2,2,2,f
19385,115,745,35.0,2,2,3,f
19611,115,737,36.0,2,2,3,f
19594,115,736,36.0,2,2,3,f
19361,115,743,26.0,2,2,2,f
19351,115,742,17.0,2,2,1,f
19342,115,741,17.0,2,2,1,f
19335,115,740,13.0,2,2,1,f
20784,115,682,0.0,13,13,0,f
20769,115,681,0.0,12,12,0,f
20723,115,698,8.0,6,6,0,f
20708,115,697,8.0,6,6,0,f
20693,115,696,7.0,5,5,0,f
20680,115,695,7.0,5,5,0,f
20667,115,694,7.0,5,5,0,f
20654,115,693,3.0,5,5,0,f
20643,115,692,0.0,8,8,0,f
20632,115,691,0.0,6,6,0,f
20623,115,690,0.0,4,4,0,f
20495,115,708,54.0,1,1,6,f
20479,115,707,54.0,1,1,6,f
20463,115,706,54.0,1,1,6,f
20447,115,705,54.0,1,1,6,f
20431,115,704,45.0,1,1,5,f
20415,115,703,36.0,1,1,4,f
20399,115,702,27.0,1,1,3,f
20383,115,701,18.0,2,2,2,f
20367,115,700,9.0,3,3,1,f
20164,115,718,37.0,3,3,3,f
20151,115,717,36.0,3,3,3,f
20144,115,716,35.0,3,3,3,f
20120,115,714,34.0,1,1,3,f
20099,115,712,25.0,1,1,2,f
19924,115,728,54.0,1,1,7,f
19905,115,727,54.0,1,1,6,f
19807,115,720,10.0,2,2,1,f
19372,115,744,26.0,2,2,2,f
19328,115,739,13.0,2,2,1,f
19878,36,725,0.0,17,17,0,f
19915,36,727,0.0,19,19,0,f
19396,36,745,0.0,8,8,0,f
19383,36,744,0.0,8,8,0,f
19934,36,728,0.0,22,22,0,f
19896,36,726,0.0,18,18,0,f
19587,28,735,0.0,15,15,0,f
19604,28,736,0.0,15,15,0,f
19623,28,737,0.0,17,17,0,f
19349,28,741,0.0,8,8,0,f
19358,28,742,0.0,9,9,0,f
19368,28,743,0.0,9,9,0,f
19379,28,744,0.0,11,11,0,f
19392,28,745,0.0,11,11,0,f
19525,69,730,0.0,9,9,0,f
19534,69,731,0.0,9,9,0,f
19543,69,732,0.0,11,11,0,f
19554,69,733,0.0,11,11,0,f
19397,69,745,0.0,9,9,0,f
19384,69,744,0.0,9,9,0,f
19578,69,735,0.0,14,14,0,f
19595,69,736,0.0,14,14,0,f
19566,69,734,0.0,14,14,0,f
19612,69,737,0.0,16,16,0,f
20741,52,679,0.0,7,7,0,f
20753,52,680,6.0,3,3,0,f
20764,52,681,6.0,5,5,0,f
20779,52,682,6.0,7,7,0,f
20797,52,683,6.0,7,7,0,f
20812,52,684,6.0,7,7,0,f
20825,52,685,6.0,8,8,0,f
20847,52,686,6.0,8,8,0,f
20866,52,687,6.0,8,8,0,f
20885,52,688,6.0,8,8,0,f
20905,52,689,6.0,8,8,0,f
20351,52,699,0.0,9,9,0,f
20074,52,710,3.0,4,4,0,f
19795,52,719,0.0,5,5,0,f
20066,52,709,1.0,4,4,0,f
19806,52,720,0.0,8,8,0,f
19818,52,721,0.0,8,8,0,f
19524,52,730,0.0,8,8,0,f
19533,52,731,0.0,8,8,0,f
19542,52,732,0.0,8,8,0,f
19613,52,737,1.0,8,8,0,f
19553,52,733,0.0,9,9,0,f
19904,52,727,4.0,8,8,0,f
19886,52,726,4.0,8,8,0,f
19855,52,724,4.0,7,7,0,f
19830,52,722,1.0,7,7,0,f
19596,52,736,1.0,8,8,0,f
19579,52,735,0.0,8,8,0,f
19565,52,734,0.0,10,10,0,f
20721,52,698,13.0,5,5,1,f
20706,52,697,13.0,5,5,1,f
20691,52,696,4.0,6,6,0,f
20678,52,695,2.0,7,7,0,f
20665,52,694,2.0,7,7,0,f
20652,52,693,0.0,11,11,0,f
20641,52,692,0.0,9,9,0,f
20630,52,691,0.0,7,7,0,f
20621,52,690,0.0,6,6,0,f
20494,52,708,2.0,8,8,0,f
20478,52,707,1.0,8,8,0,f
20462,52,706,1.0,8,8,0,f
20446,52,705,0.0,9,9,0,f
20430,52,704,0.0,9,9,0,f
20414,52,703,0.0,10,10,0,f
20398,52,702,0.0,10,10,0,f
20382,52,701,0.0,10,10,0,f
20366,52,700,0.0,9,9,0,f
20166,52,718,3.0,8,8,0,f
20153,52,717,3.0,8,8,0,f
20139,52,716,3.0,8,8,0,f
20127,52,715,3.0,7,7,0,f
20115,52,714,3.0,7,7,0,f
20104,52,713,3.0,6,6,0,f
20094,52,712,3.0,6,6,0,f
20084,52,711,3.0,6,6,0,f
19923,52,728,4.0,8,8,0,f
19869,52,725,4.0,8,8,0,f
19842,52,723,2.0,7,7,0,f
19880,89,725,0.0,15,15,0,f
19917,89,727,0.0,17,17,0,f
19602,89,736,0.0,17,17,0,f
19621,89,737,0.0,19,19,0,f
19585,89,735,0.0,17,17,0,f
19936,89,728,0.0,20,20,0,f
19898,89,726,0.0,16,16,0,f
19863,89,724,0.0,14,14,0,f
19620,133,737,0.0,13,13,0,f
19879,3,725,0.0,16,16,0,f
19897,3,726,0.0,17,17,0,f
19935,3,728,0.0,21,21,0,f
19916,3,727,0.0,18,18,0,f
21676,49,632,3.0,3,3,0,f
21686,49,633,3.0,5,5,0,f
21696,49,634,5.0,6,6,0,f
21704,49,635,5.0,7,7,0,f
21715,49,636,9.0,5,5,0,f
21728,49,637,13.0,4,4,0,f
21739,49,638,13.0,4,4,0,f
21748,49,639,19.0,4,4,0,f
21759,49,640,19.0,5,5,0,f
21771,49,641,21.0,5,5,0,f
21785,49,642,21.0,5,5,0,f
21300,49,656,6.0,2,2,0,f
21307,49,657,6.0,3,3,0,f
21316,49,658,15.0,2,2,1,f
21324,49,659,21.0,2,2,1,f
21332,49,660,22.0,2,2,1,f
21340,49,661,25.0,2,2,1,f
21348,49,662,28.0,2,2,1,f
21357,49,663,34.0,2,2,1,f
21376,49,665,47.0,2,2,2,f
20922,49,667,9.0,1,1,1,f
20935,49,668,18.0,1,1,2,f
20949,49,669,27.0,1,1,3,f
20958,49,670,29.0,1,1,3,f
20979,49,671,29.0,1,1,3,f
20994,49,672,29.0,1,1,3,f
21003,49,673,38.0,1,1,4,f
21024,49,674,44.0,1,1,4,f
21035,49,675,44.0,1,1,4,f
21058,49,676,47.0,1,1,4,f
21069,49,677,53.0,1,1,4,f
21086,49,678,62.0,1,1,5,f
20848,49,686,22.0,2,2,2,f
20867,49,687,26.0,2,2,2,f
20886,49,688,35.0,2,2,3,f
20906,49,689,44.0,2,2,4,f
19939,49,728,0.0,15,15,0,f
21386,49,666,47.0,3,3,2,f
21366,49,664,38.0,3,3,1,f
20833,49,685,19.0,3,3,2,f
20813,49,684,19.0,2,2,2,f
20798,49,683,10.0,5,5,1,f
20787,49,682,10.0,4,4,1,f
20772,49,681,9.0,3,3,1,f
20491,49,708,0.0,14,14,0,f
20475,49,707,0.0,14,14,0,f
20459,49,706,0.0,14,14,0,f
20443,49,705,0.0,14,14,0,f
20427,49,704,0.0,14,14,0,f
20411,49,703,0.0,14,14,0,f
20395,49,702,0.0,14,14,0,f
20379,49,701,0.0,14,14,0,f
20363,49,700,0.0,14,14,0,f
20347,49,699,0.0,13,13,0,f
20355,41,699,0.0,5,5,0,f
20622,41,690,0.0,5,5,0,f
20076,41,710,0.0,7,7,0,f
20096,41,712,0.0,8,8,0,f
20106,41,713,0.0,8,8,0,f
20722,41,698,1.0,11,11,0,f
20707,41,697,1.0,10,10,0,f
20692,41,696,1.0,9,9,0,f
20679,41,695,1.0,8,8,0,f
20666,41,694,1.0,8,8,0,f
20653,41,693,1.0,7,7,0,f
20642,41,692,1.0,6,6,0,f
20631,41,691,0.0,8,8,0,f
20497,41,708,5.0,7,7,0,f
20481,41,707,2.0,6,6,0,f
20465,41,706,2.0,6,6,0,f
20449,41,705,2.0,6,6,0,f
20433,41,704,2.0,6,6,0,f
20417,41,703,2.0,6,6,0,f
20401,41,702,2.0,6,6,0,f
20385,41,701,1.0,6,6,0,f
20369,41,700,1.0,5,5,0,f
20171,41,718,7.0,6,6,0,f
20158,41,717,7.0,6,6,0,f
20141,41,716,3.0,7,7,0,f
20129,41,715,3.0,6,6,0,f
20117,41,714,3.0,6,6,0,f
20086,41,711,0.0,8,8,0,f
24212,99,525,0.0,12,12,0,f
24231,99,526,0.0,13,13,0,f
22932,99,564,0.0,17,17,0,f
22951,99,565,0.0,17,17,0,f
22970,99,566,0.0,17,17,0,f
23027,99,569,0.0,18,18,0,f
23046,99,570,0.0,18,18,0,f
23065,99,571,0.0,18,18,0,f
23084,99,572,0.0,18,18,0,f
23103,99,573,0.0,18,18,0,f
23122,99,574,0.0,18,18,0,f
23141,99,575,0.0,19,19,0,f
20353,99,699,0.0,7,7,0,f
20375,99,700,0.0,7,7,0,f
20391,99,701,0.0,8,8,0,f
20407,99,702,0.0,8,8,0,f
20423,99,703,0.0,8,8,0,f
20439,99,704,0.0,8,8,0,f
20455,99,705,0.0,8,8,0,f
20471,99,706,0.0,9,9,0,f
20487,99,707,0.0,9,9,0,f
20503,99,708,0.0,9,9,0,f
20123,99,714,0.0,12,12,0,f
20135,99,715,0.0,12,12,0,f
20148,99,716,0.0,13,13,0,f
20160,99,717,0.0,13,13,0,f
20173,99,718,0.0,13,13,0,f
21369,99,665,45.0,3,3,2,f
21359,99,664,39.0,2,2,2,f
21350,99,663,30.0,3,3,1,f
21379,99,666,49.0,2,2,2,f
21341,99,662,28.0,3,3,1,f
21333,99,661,19.0,4,4,0,f
21325,99,660,13.0,4,4,0,f
21317,99,659,9.0,4,4,0,f
21309,99,658,7.0,4,4,0,f
21302,99,657,1.0,5,5,0,f
21295,99,656,0.0,7,7,0,f
20908,99,689,0.0,13,13,0,f
20888,99,688,0.0,12,12,0,f
20869,99,687,0.0,12,12,0,f
20850,99,686,0.0,12,12,0,f
20835,99,685,0.0,12,12,0,f
20110,99,713,0.0,11,11,0,f
22915,99,563,0.0,19,19,0,f
22991,99,567,0.0,17,17,0,f
23010,99,568,0.0,18,18,0,f
21368,2,664,0.0,10,10,0,f
21378,2,665,0.0,10,10,0,f
20923,2,667,0.0,8,8,0,f
20938,2,668,0.0,11,11,0,f
20965,2,670,0.0,12,12,0,f
21010,2,673,0.0,12,12,0,f
21042,2,675,0.0,15,15,0,f
21076,2,677,0.0,15,15,0,f
21093,2,678,0.0,15,15,0,f
20739,2,679,2.0,5,5,0,f
20744,2,680,2.0,8,8,0,f
20762,2,681,2.0,9,9,0,f
20777,2,682,2.0,11,11,0,f
20788,2,683,2.0,11,11,0,f
20803,2,684,2.0,11,11,0,f
20823,2,685,2.0,11,11,0,f
20838,2,686,2.0,11,11,0,f
20857,2,687,2.0,11,11,0,f
20876,2,688,2.0,11,11,0,f
20896,2,689,2.0,11,11,0,f
20633,2,691,0.0,9,9,0,f
20354,2,699,0.0,6,6,0,f
20384,2,701,3.0,5,5,0,f
20416,2,703,7.0,5,5,0,f
20448,2,705,15.0,4,4,0,f
20464,2,706,19.0,4,4,0,f
20496,2,708,27.0,3,3,0,f
20065,2,709,0.0,5,5,0,f
20073,2,710,1.0,6,6,0,f
21388,2,666,0.0,10,10,0,f
21064,2,676,0.0,15,15,0,f
21030,2,674,0.0,15,15,0,f
20999,2,672,0.0,12,12,0,f
20984,2,671,0.0,12,12,0,f
20954,2,669,0.0,12,12,0,f
20724,2,698,1.0,10,10,0,f
20709,2,697,1.0,9,9,0,f
20694,2,696,1.0,8,8,0,f
20681,2,695,0.0,10,10,0,f
20668,2,694,0.0,10,10,0,f
20655,2,693,0.0,9,9,0,f
20644,2,692,0.0,7,7,0,f
20625,2,690,0.0,8,8,0,f
20480,2,707,24.0,4,4,0,f
20432,2,704,11.0,4,4,0,f
20400,2,702,6.0,5,5,0,f
20368,2,700,0.0,6,6,0,f
20167,2,718,30.0,4,4,2,f
20154,2,717,21.0,4,4,1,f
20138,2,716,21.0,4,4,1,f
20126,2,715,21.0,4,4,1,f
20114,2,714,17.0,4,4,1,f
20103,2,713,17.0,3,3,1,f
20093,2,712,14.0,3,3,1,f
20083,2,711,5.0,5,5,0,f
20740,12,679,0.0,6,6,0,f
20763,12,681,0.0,11,11,0,f
20778,12,682,0.0,12,12,0,f
20824,12,685,0.0,14,14,0,f
20915,12,689,0.0,15,15,0,f
20895,12,688,0.0,15,15,0,f
20875,12,687,0.0,14,14,0,f
20856,12,686,0.0,14,14,0,f
20818,12,684,0.0,12,12,0,f
20802,12,683,0.0,12,12,0,f
20757,12,680,0.0,10,10,0,f
20492,12,708,0.0,13,13,0,f
20476,12,707,0.0,13,13,0,f
20460,12,706,0.0,13,13,0,f
20444,12,705,0.0,13,13,0,f
20428,12,704,0.0,13,13,0,f
20412,12,703,0.0,13,13,0,f
20396,12,702,0.0,13,13,0,f
20380,12,701,0.0,13,13,0,f
20364,12,700,0.0,13,13,0,f
20348,12,699,0.0,12,12,0,f
20389,145,701,0.0,11,11,0,f
20405,145,702,0.0,11,11,0,f
20421,145,703,0.0,11,11,0,f
20437,145,704,0.0,11,11,0,f
20453,145,705,0.0,11,11,0,f
20469,145,706,0.0,11,11,0,f
20485,145,707,0.0,11,11,0,f
20501,145,708,0.0,11,11,0,f
20373,145,700,0.0,10,10,0,f
20350,145,699,0.0,10,10,0,f
20493,58,708,0.0,12,12,0,f
20477,58,707,0.0,12,12,0,f
20461,58,706,0.0,12,12,0,f
20445,58,705,0.0,12,12,0,f
20429,58,704,0.0,12,12,0,f
20413,58,703,0.0,12,12,0,f
20397,58,702,0.0,12,12,0,f
20381,58,701,0.0,12,12,0,f
20365,58,700,0.0,12,12,0,f
20349,58,699,0.0,11,11,0,f
21542,105,643,6.0,2,2,0,f
21551,105,644,12.0,2,2,0,f
21561,105,645,15.0,2,2,0,f
21579,105,647,16.0,4,4,0,f
21589,105,648,19.0,4,4,0,f
21599,105,649,23.0,4,4,0,f
21610,105,650,27.0,4,4,0,f
21621,105,651,27.0,4,4,0,f
21632,105,652,30.0,5,5,0,f
21643,105,653,31.0,5,5,0,f
21655,105,654,31.0,5,5,0,f
21667,105,655,35.0,5,5,0,f
21298,105,656,4.0,3,3,0,f
21305,105,657,10.0,2,2,0,f
21312,105,658,12.0,3,3,0,f
21344,105,662,24.0,4,4,0,f
21362,105,664,29.0,4,4,0,f
21382,105,666,38.0,4,4,1,f
20937,105,668,6.0,2,2,0,f
20951,105,669,8.0,2,2,0,f
20981,105,671,17.0,2,2,1,f
20996,105,672,19.0,2,2,1,f
21026,105,674,22.0,4,4,1,f
21060,105,676,40.0,2,2,3,f
20624,105,690,0.0,9,9,0,f
20637,105,691,0.0,10,10,0,f
20648,105,692,0.0,10,10,0,f
20661,105,693,0.0,12,12,0,f
20676,105,694,0.0,12,12,0,f
20689,105,695,0.0,12,12,0,f
20704,105,696,0.0,13,13,0,f
20719,105,697,2.0,8,8,0,f
20733,105,698,2.0,9,9,0,f
21570,105,646,15.0,3,3,0,f
21336,105,661,20.0,3,3,0,f
21328,105,660,18.0,3,3,0,f
21372,105,665,29.0,4,4,0,f
21353,105,663,27.0,4,4,0,f
21320,105,659,15.0,3,3,0,f
21099,105,678,49.0,2,2,3,f
21082,105,677,43.0,3,3,3,f
21048,105,675,31.0,4,4,2,f
21016,105,673,22.0,3,3,1,f
20971,105,670,17.0,2,2,1,f
20909,105,689,0.0,12,12,0,f
20889,105,688,0.0,13,13,0,f
20647,10,692,0.0,11,11,0,f
20659,10,693,1.0,8,8,0,f
20672,10,694,1.0,9,9,0,f
20685,10,695,1.0,9,9,0,f
20698,10,696,1.0,10,10,0,f
20713,10,697,1.0,11,11,0,f
20728,10,698,1.0,12,12,0,f
20636,10,691,0.0,11,11,0,f
20765,113,681,0.0,13,13,0,f
20780,113,682,0.0,14,14,0,f
20826,113,685,0.0,16,16,0,f
20635,113,691,0.0,5,5,0,f
20646,113,692,2.0,5,5,0,f
20910,113,689,0.0,17,17,0,f
20890,113,688,0.0,17,17,0,f
20870,113,687,0.0,16,16,0,f
20851,113,686,0.0,16,16,0,f
20816,113,684,0.0,14,14,0,f
20800,113,683,0.0,14,14,0,f
20754,113,680,0.0,12,12,0,f
20742,113,679,0.0,8,8,0,f
20726,113,698,4.0,7,7,0,f
20711,113,697,2.0,7,7,0,f
20696,113,696,2.0,7,7,0,f
20683,113,695,2.0,6,6,0,f
20670,113,694,2.0,6,6,0,f
20657,113,693,2.0,6,6,0,f
20924,65,667,0.0,9,9,0,f
20966,65,670,0.0,13,13,0,f
21011,65,673,0.0,13,13,0,f
21043,65,675,0.0,12,12,0,f
21077,65,677,0.0,12,12,0,f
21094,65,678,0.0,12,12,0,f
20849,65,686,13.0,5,5,1,f
20868,65,687,13.0,7,7,1,f
20887,65,688,13.0,7,7,1,f
20907,65,689,13.0,7,7,1,f
20702,65,696,0.0,14,14,0,f
20717,65,697,0.0,14,14,0,f
20732,65,698,0.0,14,14,0,f
21063,65,676,0.0,12,12,0,f
21029,65,674,0.0,12,12,0,f
21000,65,672,0.0,13,13,0,f
20985,65,671,0.0,13,13,0,f
20955,65,669,0.0,13,13,0,f
20939,65,668,0.0,12,12,0,f
20831,65,685,9.0,6,6,1,f
20814,65,684,9.0,6,6,1,f
20799,65,683,9.0,6,6,1,f
20785,65,682,9.0,5,5,1,f
20770,65,681,0.0,14,14,0,f
20756,65,680,0.0,13,13,0,f
21304,149,657,0.0,6,6,0,f
21381,149,666,0.0,8,8,0,f
20921,149,667,4.0,2,2,0,f
20934,149,668,4.0,4,4,0,f
20948,149,669,4.0,5,5,0,f
20959,149,670,4.0,7,7,0,f
20978,149,671,6.0,8,8,0,f
20993,149,672,6.0,9,9,0,f
21004,149,673,6.0,9,9,0,f
21023,149,674,10.0,7,7,0,f
21036,149,675,10.0,7,7,0,f
21057,149,676,10.0,7,7,0,f
21070,149,677,10.0,8,8,0,f
21087,149,678,10.0,8,8,0,f
20738,149,679,3.0,4,4,0,f
20745,149,680,12.0,1,1,1,f
20761,149,681,18.0,1,1,1,f
20776,149,682,18.0,1,1,1,f
20789,149,683,27.0,1,1,2,f
20804,149,684,33.0,1,1,2,f
20822,149,685,42.0,1,1,3,f
20839,149,686,51.0,1,1,4,f
20858,149,687,57.0,1,1,4,f
20877,149,688,61.0,1,1,4,f
20897,149,689,63.0,1,1,4,f
21371,149,665,0.0,8,8,0,f
21361,149,664,0.0,8,8,0,f
21352,149,663,0.0,8,8,0,f
21343,149,662,0.0,8,8,0,f
21335,149,661,0.0,8,8,0,f
21327,149,660,0.0,8,8,0,f
21319,149,659,0.0,8,8,0,f
21311,149,658,0.0,7,7,0,f
21297,149,656,0.0,5,5,0,f
20720,149,698,42.0,1,1,4,f
20705,149,697,40.0,1,1,4,f
20690,149,696,40.0,1,1,4,f
20677,149,695,39.0,1,1,4,f
20664,149,694,30.0,1,1,3,f
20651,149,693,21.0,1,1,2,f
20640,149,692,12.0,2,2,1,f
20629,149,691,3.0,4,4,0,f
20620,149,690,0.0,7,7,0,f
20658,148,693,0.0,10,10,0,f
20671,148,694,0.0,11,11,0,f
20684,148,695,0.0,11,11,0,f
20727,148,698,0.0,13,13,0,f
20712,148,697,0.0,12,12,0,f
20697,148,696,0.0,11,11,0,f
20914,50,689,0.0,20,20,0,f
20894,50,688,0.0,20,20,0,f
20874,50,687,0.0,19,19,0,f
20855,50,686,0.0,19,19,0,f
20834,50,685,0.0,19,19,0,f
20815,50,684,0.0,16,16,0,f
20919,44,667,2.0,4,4,0,f
20932,44,668,2.0,7,7,0,f
20946,44,669,2.0,8,8,0,f
20961,44,670,2.0,8,8,0,f
20976,44,671,2.0,9,9,0,f
20991,44,672,2.0,10,10,0,f
21006,44,673,2.0,10,10,0,f
21021,44,674,2.0,10,10,0,f
21038,44,675,3.0,10,10,0,f
21055,44,676,3.0,10,10,0,f
21072,44,677,3.0,10,10,0,f
21089,44,678,3.0,10,10,0,f
20751,44,680,3.0,7,7,0,f
20795,44,683,3.0,10,10,0,f
20810,44,684,3.0,10,10,0,f
20829,44,685,3.0,10,10,0,f
20845,44,686,3.0,10,10,0,f
20864,44,687,3.0,10,10,0,f
20883,44,688,3.0,10,10,0,f
20903,44,689,3.0,10,10,0,f
20783,44,682,3.0,10,10,0,f
20768,44,681,3.0,8,8,0,f
20936,147,668,4.0,3,3,0,f
20950,147,669,8.0,3,3,0,f
20980,147,671,9.0,6,6,0,f
20995,147,672,12.0,6,6,0,f
21025,147,674,12.0,6,6,0,f
21059,147,676,14.0,6,6,0,f
21098,147,678,14.0,7,7,0,f
21081,147,677,14.0,6,6,0,f
21047,147,675,12.0,6,6,0,f
21015,147,673,12.0,6,6,0,f
20970,147,670,9.0,4,4,0,f
20928,147,667,0.0,13,13,0,f
21301,24,656,9.0,1,1,1,f
21308,24,657,18.0,1,1,2,f
21314,24,658,18.0,1,1,2,f
21322,24,659,27.0,1,1,3,f
21330,24,660,36.0,1,1,4,f
21338,24,661,45.0,1,1,5,f
21346,24,662,51.0,1,1,5,f
21355,24,663,60.0,1,1,6,f
21364,24,664,63.0,1,1,6,f
21384,24,666,66.0,1,1,6,f
20918,24,667,1.0,5,5,0,f
20931,24,668,3.0,6,6,0,f
20945,24,669,3.0,7,7,0,f
20962,24,670,6.0,6,6,0,f
20975,24,671,15.0,4,4,1,f
20990,24,672,19.0,4,4,1,f
21007,24,673,20.0,4,4,1,f
21020,24,674,29.0,2,2,2,f
21039,24,675,35.0,2,2,2,f
21054,24,676,36.0,3,3,2,f
21073,24,677,45.0,2,2,3,f
21090,24,678,45.0,3,3,3,f
21374,24,665,63.0,1,1,6,f
21358,13,663,0.0,9,9,0,f
21377,13,665,0.0,9,9,0,f
21387,13,666,0.0,9,9,0,f
21367,13,664,0.0,9,9,0,f
21349,13,662,0.0,9,9,0,f
21553,131,644,0.0,9,9,0,f
21562,131,645,0.0,9,9,0,f
21571,131,646,0.0,9,9,0,f
21580,131,647,0.0,9,9,0,f
21590,131,648,0.0,9,9,0,f
21601,131,649,0.0,9,9,0,f
21612,131,650,0.0,10,10,0,f
21623,131,651,0.0,9,9,0,f
21634,131,652,0.0,8,8,0,f
21645,131,653,0.0,9,9,0,f
21657,131,654,0.0,9,9,0,f
21669,131,655,0.0,9,9,0,f
21680,150,632,0.0,9,9,0,f
21710,150,635,0.0,10,10,0,f
21721,150,636,0.0,10,10,0,f
21754,150,639,0.0,10,10,0,f
21765,150,640,0.0,11,11,0,f
21777,150,641,0.0,11,11,0,f
21791,150,642,0.0,11,11,0,f
21744,150,638,0.0,10,10,0,f
21733,150,637,0.0,10,10,0,f
21701,150,634,0.0,10,10,0,f
21691,150,633,0.0,10,10,0,f
21679,154,632,0.0,8,8,0,f
21690,154,633,0.0,9,9,0,f
21700,154,634,6.0,3,3,0,f
21709,154,635,9.0,4,4,0,f
21720,154,636,9.0,4,4,0,f
21732,154,637,15.0,3,3,0,f
21743,154,638,17.0,3,3,0,f
21753,154,639,18.0,5,5,0,f
21764,154,640,24.0,4,4,0,f
21776,154,641,30.0,4,4,0,f
21789,154,642,33.0,4,4,0,f
21790,30,642,0.0,10,10,0,f
21779,30,641,0.0,10,10,0,f
21767,30,640,0.0,10,10,0,f
21756,30,639,0.0,11,11,0,f
21745,30,638,0.0,11,11,0,f
21734,30,637,0.0,11,11,0,f
21723,30,636,0.0,11,11,0,f
21712,30,635,0.0,11,11,0,f
22452,40,576,0.0,10,10,0,f
22466,40,577,0.0,13,13,0,f
22481,40,578,0.0,10,10,0,f
22497,40,579,1.5,7,7,0,f
22514,40,580,1.5,7,7,0,f
22531,40,581,2.5,7,7,0,f
22699,40,582,2.5,8,8,0,f
22716,40,583,3.5,7,7,0,f
22734,40,584,3.5,8,8,0,f
22752,40,585,3.5,8,8,0,f
22771,40,586,6.5,6,6,0,f
22790,40,587,8.5,6,6,0,f
22810,40,588,9.5,6,6,0,f
22830,40,589,9.5,6,6,0,f
22808,38,587,0.0,19,19,0,f
22828,38,588,0.0,19,19,0,f
22848,38,589,0.0,19,19,0,f
24011,107,514,1.0,6,6,0,f
24026,107,515,1.0,7,7,0,f
24041,107,516,1.0,7,7,0,f
24057,107,517,1.0,8,8,0,f
24074,107,518,1.0,8,8,0,f
24091,107,519,1.0,9,9,0,f
24108,107,520,1.0,9,9,0,f
24154,107,522,1.0,9,9,0,f
24171,107,523,4.0,9,9,0,f
24188,107,524,7.0,8,8,0,f
24206,107,525,7.0,8,8,0,f
24225,107,526,7.0,8,8,0,f
22857,107,560,0.0,8,8,0,f
22870,107,561,0.0,10,10,0,f
22887,107,562,0.0,12,12,0,f
22897,107,563,3.0,6,6,0,f
22916,107,564,3.0,7,7,0,f
22935,107,565,3.0,8,8,0,f
22954,107,566,3.0,8,8,0,f
22980,107,567,6.0,7,7,0,f
22999,107,568,6.0,8,8,0,f
23011,107,569,9.0,6,6,0,f
23030,107,570,9.0,7,7,0,f
23049,107,571,9.0,8,8,0,f
23068,107,572,9.0,9,9,0,f
23087,107,573,9.0,9,9,0,f
23106,107,574,9.0,9,9,0,f
23125,107,575,9.0,9,9,0,f
23996,107,513,0.0,14,14,0,f
23981,107,512,0.0,13,13,0,f
24125,107,521,1.0,9,9,0,f
24240,5,337,0.0,9,9,0,f
24252,5,338,0.0,10,10,0,f
24264,5,339,0.0,10,10,0,f
24276,5,340,0.0,10,10,0,f
24288,5,341,0.0,10,10,0,f
24312,5,342,0.0,10,10,0,f
24324,5,343,0.0,10,10,0,f
24336,5,344,0.0,10,10,0,f
24348,5,345,0.0,10,10,0,f
24360,5,346,0.0,10,10,0,f
24372,5,347,0.0,10,10,0,f
24384,5,348,0.0,10,10,0,f
24396,5,349,0.0,10,10,0,f
24408,5,350,0.0,10,10,0,f
24444,5,351,0.0,10,10,0,f
24456,5,352,0.0,10,10,0,f
24480,5,353,0.0,10,10,0,f
24492,5,354,0.0,10,10,0,f
24504,5,355,0.0,10,10,0,f
24666,5,841,0.0,7,7,0,f
24546,5,842,0.0,9,9,0,f
24558,5,843,0.0,9,9,0,f
24570,5,844,0.0,9,9,0,f
24582,5,845,0.0,10,10,0,f
24594,5,846,0.0,10,10,0,f
24606,5,847,0.0,10,10,0,f
24618,5,848,0.0,10,10,0,f
24630,5,849,0.0,10,10,0,f
24642,5,850,0.0,10,10,0,f
24654,5,851,0.0,10,10,0,f
24676,5,852,0.0,10,10,0,f
24688,5,853,0.0,10,10,0,f
24700,5,854,0.0,10,10,0,f
24712,5,855,0.0,10,10,0,f
24724,5,856,0.0,10,10,0,f
24736,5,857,0.0,10,10,0,f
24748,5,858,0.0,10,10,0,f
24760,5,859,0.0,10,10,0,f
24941,122,860,0.0,10,10,0,f
24786,122,861,0.0,10,10,0,f
24798,122,862,0.0,10,10,0,f
24845,122,864,0.0,10,10,0,f
24833,122,863,0.0,10,10,0,f
24857,122,865,0.0,11,11,0,f
24869,122,866,0.0,11,11,0,f
24881,122,867,0.0,11,11,0,f
24893,122,868,0.0,11,11,0,f
24976,122,869,0.0,11,11,0,f
24988,122,870,0.0,11,11,0,f
25000,122,871,0.0,11,11,0,f
25012,122,872,0.0,11,11,0,f
25048,122,873,0.0,10,10,0,f
25060,122,874,0.0,10,10,0,f
25072,122,875,0.0,10,10,0,f
25096,122,876,0.0,10,10,0,f
25108,122,877,0.0,10,10,0,f
25120,122,878,0.0,10,10,0,f
25132,122,879,0.0,11,11,0,f
25144,122,880,0.0,10,10,0,f
25155,122,881,0.0,10,10,0,f
25166,122,882,0.0,10,10,0,f
25177,122,883,0.0,10,10,0,f
25188,122,884,0.0,10,10,0,f
25199,122,885,0.0,10,10,0,f
25210,122,886,0.0,10,10,0,f
25221,122,887,0.0,10,10,0,f
25232,122,888,0.0,10,10,0,f
25243,122,890,0.0,10,10,0,f
25254,122,891,0.0,10,10,0,f
25287,122,893,0.0,10,10,0,f
25276,122,892,0.0,10,10,0,f
25298,122,894,0.0,10,10,0,f
25309,122,895,0.0,10,10,0,f
25320,122,896,0.0,10,10,0,f
25331,122,897,0.0,10,10,0,f
25342,122,898,0.0,10,10,0,f
25353,122,899,0.0,10,10,0,f
25938,122,900,0.0,8,8,0,f
25949,122,901,0.0,11,11,0,f
25960,122,902,0.0,10,10,0,f
25971,122,903,0.0,10,10,0,f
25982,122,904,0.0,10,10,0,f
25993,122,905,2.0,9,9,0,f
26004,122,906,2.0,9,9,0,f
26015,122,907,2.0,9,9,0,f
26026,122,908,2.0,9,9,0,f
26037,122,909,2.0,9,9,0,f
26048,122,910,2.0,9,9,0,f
26059,122,911,2.0,9,9,0,f
26070,122,912,2.0,9,9,0,f
26081,122,913,2.0,9,9,0,f
26092,122,914,2.0,9,9,0,f
26103,122,915,2.0,9,9,0,f
26114,122,916,2.0,9,9,0,f
26125,122,917,2.0,9,9,0,f
26136,122,918,2.0,9,9,0,f
24942,119,860,0.0,11,11,0,f
24787,119,861,0.0,11,11,0,f
24799,119,862,0.0,11,11,0,f
24846,119,864,0.0,11,11,0,f
24834,119,863,0.0,11,11,0,f
24858,119,865,0.0,10,10,0,f
24870,119,866,0.0,10,10,0,f
24882,119,867,0.0,10,10,0,f
24894,119,868,0.0,10,10,0,f
24977,119,869,0.0,10,10,0,f
24989,119,870,0.0,10,10,0,f
25001,119,871,0.0,10,10,0,f
25013,119,872,0.0,10,10,0,f
25049,119,873,0.0,11,11,0,f
25061,119,874,0.0,11,11,0,f
25073,119,875,0.0,11,11,0,f
25097,119,876,0.0,11,11,0,f
25109,119,877,0.0,11,11,0,f
25121,119,878,0.0,11,11,0,f
25133,119,879,0.0,10,10,0,f
25145,119,880,0.0,11,11,0,f
25156,119,881,0.0,11,11,0,f
25167,119,882,0.0,11,11,0,f
25178,119,883,0.0,11,11,0,f
25189,119,884,0.0,11,11,0,f
25200,119,885,0.0,11,11,0,f
25211,119,886,0.0,11,11,0,f
25222,119,887,0.0,11,11,0,f
25233,119,888,0.0,11,11,0,f
25244,119,890,0.0,11,11,0,f
25255,119,891,0.0,11,11,0,f
25288,119,893,0.0,11,11,0,f
25277,119,892,0.0,11,11,0,f
25299,119,894,0.0,11,11,0,f
25310,119,895,0.0,11,11,0,f
25321,119,896,0.0,11,11,0,f
25332,119,897,0.0,11,11,0,f
25343,119,898,0.0,11,11,0,f
25354,119,899,0.0,11,11,0,f
25940,119,900,0.0,10,10,0,f
25951,119,901,0.0,10,10,0,f
25962,119,902,0.0,11,11,0,f
25973,119,903,0.0,11,11,0,f
25984,119,904,0.0,11,11,0,f
25995,119,905,0.0,11,11,0,f
26006,119,906,0.0,11,11,0,f
26017,119,907,0.0,11,11,0,f
26028,119,908,0.0,11,11,0,f
26039,119,909,0.0,11,11,0,f
26050,119,910,0.0,11,11,0,f
26061,119,911,0.0,11,11,0,f
26072,119,912,0.0,11,11,0,f
26083,119,913,0.0,11,11,0,f
26094,119,914,0.0,11,11,0,f
26105,119,915,0.0,11,11,0,f
26116,119,916,0.0,11,11,0,f
26127,119,917,0.0,11,11,0,f
26138,119,918,0.0,11,11,0,f
24936,117,860,6.0,5,5,0,f
24781,117,861,16.0,5,5,0,f
24793,117,862,24.0,6,6,0,f
24840,117,864,84.0,3,3,0,f
24828,117,863,57.0,3,3,0,f
24852,117,865,86.0,4,4,0,f
24864,117,866,108.0,3,3,0,f
24876,117,867,126.0,3,3,0,f
24888,117,868,144.0,3,3,0,f
24971,117,869,159.0,4,4,0,f
24983,117,870,192.0,3,3,0,f
24995,117,871,207.0,3,3,0,f
25007,117,872,217.0,4,4,0,f
25043,117,873,231.0,4,4,0,f
25055,117,874,239.0,4,4,0,f
25067,117,875,255.0,4,4,0,f
25091,117,876,263.0,4,4,0,f
25103,117,877,288.0,4,4,1,f
25115,117,878,302.0,4,4,1,f
25127,117,879,303.0,4,4,1,f
25135,117,880,26.0,2,2,1,f
25146,117,881,40.0,2,2,1,f
25157,117,882,60.0,3,3,1,f
25168,117,883,93.0,2,2,1,f
25179,117,884,111.0,3,3,1,f
25190,117,885,112.0,3,3,1,f
25201,117,886,114.0,4,4,1,f
25212,117,887,124.0,4,4,1,f
25223,117,888,157.0,4,4,1,f
25234,117,890,183.0,4,4,1,f
25245,117,891,187.0,4,4,1,f
25278,117,893,206.0,4,4,1,f
25267,117,892,191.0,4,4,1,f
25289,117,894,239.0,4,4,1,f
25300,117,895,264.0,4,4,1,f
25311,117,896,285.0,4,4,1,f
25322,117,897,297.0,4,4,1,f
25333,117,898,315.0,4,4,1,f
25344,117,899,315.0,4,4,1,f
25939,117,900,0.0,9,9,0,f
25950,117,901,0.0,9,9,0,f
25961,117,902,0.0,8,8,0,f
25972,117,903,0.0,8,8,0,f
25983,117,904,4.0,8,8,0,f
25994,117,905,8.0,7,7,0,f
26005,117,906,8.0,8,8,0,f
26016,117,907,8.0,8,8,0,f
26027,117,908,8.0,8,8,0,f
26038,117,909,8.0,8,8,0,f
26049,117,910,8.0,8,8,0,f
26060,117,911,8.0,8,8,0,f
26071,117,912,8.0,8,8,0,f
26082,117,913,8.0,8,8,0,f
26093,117,914,8.0,8,8,0,f
26104,117,915,8.0,8,8,0,f
26115,117,916,10.0,8,8,0,f
26126,117,917,10.0,8,8,0,f
26137,117,918,10.0,8,8,0,f
26148,117,926,0.0,9,9,0,f
26157,117,927,0.0,8,8,0,f
26167,117,928,6.0,8,8,0,f
26177,117,929,12.0,6,6,0,f
26187,117,930,16.0,6,6,0,f
26197,117,931,16.0,7,7,0,f
26207,117,932,23.0,5,5,0,f
26217,117,933,29.0,6,6,0,f
26227,117,934,29.0,6,6,0,f
26237,117,936,35.0,6,6,0,f
26258,117,937,50.0,5,5,0,f
26268,117,938,50.0,6,6,0,f
26278,117,939,50.0,6,6,0,f
26298,117,940,60.0,6,6,0,f
26383,117,941,66.0,6,6,0,f
26393,117,942,70.0,6,6,0,f
26403,117,943,71.0,6,6,0,f
26413,117,944,76.0,6,6,0,f
26434,117,945,78.0,6,6,0,f
26158,80,927,0.0,10,10,0,f
26168,80,928,0.0,10,10,0,f
26178,80,929,0.0,10,10,0,f
26188,80,930,0.0,10,10,0,f
26198,80,931,0.0,10,10,0,f
26208,80,932,0.0,10,10,0,f
26218,80,933,0.0,10,10,0,f
26228,80,934,0.0,10,10,0,f
26238,80,936,0.0,10,10,0,f
26259,80,937,0.0,10,10,0,f
26269,80,938,0.0,10,10,0,f
26279,80,939,0.0,10,10,0,f
26299,80,940,0.0,10,10,0,f
26384,80,941,0.0,10,10,0,f
26394,80,942,0.0,10,10,0,f
26404,80,943,0.0,10,10,0,f
26414,80,944,0.0,10,10,0,f
26435,80,945,0.0,10,10,0,f
26567,80,948,0.0,11,11,0,f
26457,80,949,0.0,11,11,0,f
26468,80,950,0.0,11,11,0,f
26479,80,951,0.0,11,11,0,f
26490,80,952,0.0,11,11,0,f
26501,80,953,0.0,11,11,0,f
26512,80,954,0.0,11,11,0,f
26534,80,955,0.0,11,11,0,f
26545,80,956,1.0,10,10,0,f
26556,80,957,1.0,10,10,0,f
26578,80,958,1.0,10,10,0,f
26589,80,959,1.0,10,10,0,f
26600,80,960,1.0,10,10,0,f
26611,80,961,1.0,10,10,0,f
26622,80,962,1.0,10,10,0,f
26633,80,963,1.0,10,10,0,f
26644,80,964,1.0,10,10,0,f
26710,80,966,1.0,10,10,0,f
26699,80,965,1.0,10,10,0,f
26721,80,967,1.0,11,11,0,f
26732,80,968,1.0,11,11,0,f
26561,43,948,8.0,5,5,0,f
26451,43,949,18.0,5,5,0,f
26462,43,950,18.0,5,5,0,f
26473,43,951,22.0,5,5,0,f
26484,43,952,22.0,6,6,0,f
26495,43,953,22.0,8,8,0,f
26506,43,954,22.0,8,8,0,f
26528,43,955,22.0,8,8,0,f
26539,43,956,28.0,8,8,0,f
26550,43,957,28.0,8,8,0,f
26572,43,958,28.0,8,8,0,f
26583,43,959,28.0,8,8,0,f
26594,43,960,28.0,8,8,0,f
26605,43,961,28.0,8,8,0,f
26616,43,962,28.0,8,8,0,f
26627,43,963,28.0,8,8,0,f
26638,43,964,28.0,8,8,0,f
26693,43,965,29.0,8,8,0,f
26704,43,966,29.0,8,8,0,f
26715,43,967,29.0,8,8,0,f
26726,43,968,29.0,8,8,0,f
26742,43,969,0.0,10,10,0,f
26752,43,970,4.0,7,7,0,f
26762,43,971,8.0,7,7,0,f
26772,43,972,8.0,7,7,0,f
26782,43,973,9.0,8,8,0,f
26792,43,974,14.0,8,8,0,f
26802,43,975,15.0,8,8,0,f
26812,43,976,21.0,7,7,0,f
26822,43,977,29.0,7,7,0,f
26832,43,978,29.0,7,7,0,f
26842,43,979,29.0,7,7,0,f
26852,43,980,35.0,7,7,0,f
26862,43,981,35.0,7,7,0,f
26872,43,982,37.0,8,8,0,f
26882,43,983,37.0,8,8,0,f
26892,43,984,43.0,7,7,0,f
26902,43,985,43.0,8,8,0,f
26912,43,986,47.0,8,8,0,f
26922,43,987,47.0,8,8,0,f
26932,43,988,47.0,8,8,0,f
26942,43,989,0.0,10,10,0,f
26982,43,990,10.0,7,7,0,f
26972,43,991,11.0,7,7,0,f
26992,43,992,11.0,8,8,0,f
27002,43,993,19.0,6,6,0,f
27012,43,994,19.0,8,8,0,f
27022,43,995,19.0,8,8,0,f
27032,43,996,27.0,7,7,0,f
27042,43,997,49.0,5,5,0,f
27052,43,998,51.0,5,5,0,f
27062,43,999,59.0,6,6,0,f
27072,43,1000,66.0,5,5,0,f
27082,43,1001,76.0,5,5,0,f
27102,43,1002,76.0,5,5,0,f
27112,43,1003,76.0,5,5,0,f
27122,43,1004,80.0,5,5,0,f
27132,43,1005,84.0,5,5,0,f
27152,43,1006,84.0,5,5,0,f
27162,43,1007,84.0,5,5,0,f
27172,43,1008,90.0,5,5,0,f
27182,43,1009,93.0,5,5,0,f
27196,43,1010,8.0,4,4,0,f
27216,43,1011,8.0,6,6,0,f
27226,43,1012,8.0,6,6,0,f
27236,43,1013,8.0,8,8,0,f
27246,43,1014,15.0,6,6,0,f
27256,43,1015,16.0,6,6,0,f
27266,43,1016,16.0,8,8,0,f
27296,43,1017,16.0,9,9,0,f
27306,43,1018,16.0,9,9,0,f
27316,43,1019,16.0,9,9,0,f
27336,43,1020,26.0,8,8,0,f
27346,43,1021,26.0,9,9,0,f
27356,43,1022,26.0,9,9,0,f
27366,43,1023,26.0,9,9,0,f
27376,43,1024,26.0,9,9,0,f
27386,43,1025,28.0,9,9,0,f
27416,43,1026,28.0,9,9,0,f
27426,43,1027,28.0,9,9,0,f
27436,43,1028,28.0,9,9,0,f
27446,43,1029,28.0,9,9,0,f
27456,43,1030,28.0,9,9,0,f
27522,43,1034,1.0,9,9,0,f
27582,43,1031,0.0,10,10,0,f
27492,43,1032,0.0,10,10,0,f
27512,43,1033,1.0,9,9,0,f
27532,43,1035,1.0,9,9,0,f
27542,43,1036,1.0,9,9,0,f
27552,43,1037,1.0,9,9,0,f
27562,43,1038,1.0,9,9,0,f
27572,43,1039,1.0,9,9,0,f
27592,43,1040,1.0,9,9,0,f
27602,43,1041,3.0,9,9,0,f
27612,43,1042,3.0,9,9,0,f
27622,43,1043,3.0,9,9,0,f
27632,43,1044,3.0,9,9,0,f
27642,43,1045,3.0,9,9,0,f
27652,43,1046,3.0,9,9,0,f
27662,43,1047,3.0,9,9,0,f
27912,43,1051,0.0,10,10,0,f
27682,43,1052,0.0,10,10,0,f
27712,43,1053,0.0,10,10,0,f
27722,43,1054,0.0,10,10,0,f
27732,43,1055,0.0,10,10,0,f
27742,43,1056,0.0,10,10,0,f
27752,43,1057,0.0,9,9,0,f
27762,43,1059,0.0,10,10,0,f
27772,43,1058,0.0,10,10,0,f
27792,43,1060,0.0,10,10,0,f
27802,43,1061,0.0,10,10,0,f
27822,43,1062,0.0,10,10,0,f
27832,43,1063,0.0,10,10,0,f
27842,43,1064,0.0,10,10,0,f
27852,43,1065,0.0,10,10,0,f
27862,43,1066,0.0,10,10,0,f
27872,43,1067,0.0,10,10,0,f
27882,43,1069,0.0,10,10,0,f
27892,43,1070,0.0,10,10,0,f
27902,43,1071,0.0,10,10,0,f
27922,43,1072,0.0,10,10,0,f
27932,43,1073,0.0,10,10,0,f
28135,43,1074,10.0,3,3,0,f
28145,43,1075,12.0,5,5,0,f
28155,43,1076,12.0,7,7,0,f
28165,43,1077,15.0,8,8,0,f
28175,43,1078,15.0,8,8,0,f
28185,43,1079,15.0,8,8,0,f
28195,43,1080,15.0,8,8,0,f
27199,114,1010,2.0,7,7,0,f
27219,114,1011,3.0,9,9,0,f
27229,114,1012,7.0,8,8,0,f
27239,114,1013,17.0,5,5,0,f
27249,114,1014,17.0,5,5,0,f
27259,114,1015,17.0,5,5,0,f
27269,114,1016,19.0,6,6,0,f
27299,114,1017,19.0,6,6,0,f
27309,114,1018,19.0,7,7,0,f
27319,114,1019,19.0,7,7,0,f
27339,114,1020,31.0,7,7,0,f
27349,114,1021,31.0,8,8,0,f
27359,114,1022,40.0,7,7,0,f
27369,114,1023,46.0,7,7,0,f
27379,114,1024,46.0,7,7,0,f
27389,114,1025,52.0,7,7,0,f
27419,114,1026,58.0,7,7,0,f
27429,114,1027,64.0,7,7,0,f
27439,114,1028,65.0,6,6,0,f
27449,114,1029,67.0,7,7,0,f
27459,114,1030,73.0,7,7,0,f
27516,114,1034,42.0,5,5,0,f
27576,114,1031,8.0,4,4,0,f
27486,114,1032,22.0,4,4,0,f
27506,114,1033,40.0,4,4,0,f
27526,114,1035,41.0,5,5,0,f
27536,114,1036,63.0,3,3,0,f
27546,114,1037,66.0,4,4,0,f
27556,114,1038,82.0,4,4,0,f
27566,114,1039,92.0,4,4,0,f
27586,114,1040,104.0,4,4,0,f
27596,114,1041,120.0,3,3,0,f
27606,114,1042,126.0,3,3,0,f
27616,114,1043,134.0,5,5,0,f
27626,114,1044,154.0,3,3,0,f
27636,114,1045,154.0,4,4,0,f
27646,114,1046,194.0,3,3,1,f
27656,114,1047,195.0,4,4,1,f
27517,155,1034,13.0,7,7,0,f
27577,155,1031,6.0,5,5,0,f
27487,155,1032,7.0,7,7,0,f
27507,155,1033,7.0,7,7,0,f
27527,155,1035,14.0,7,7,0,f
27537,155,1036,16.0,7,7,0,f
27547,155,1037,20.0,7,7,0,f
27557,155,1038,47.0,7,7,1,f
27567,155,1039,53.0,7,7,1,f
27587,155,1040,59.0,7,7,1,f
27597,155,1041,67.0,7,7,1,f
27607,155,1042,77.0,7,7,1,f
27617,155,1043,89.0,7,7,1,f
27627,155,1044,89.0,7,7,1,f
27637,155,1045,97.0,7,7,1,f
27647,155,1046,103.0,7,7,1,f
27657,155,1047,107.0,7,7,1,f
27907,155,1051,112.0,6,6,0,f
27677,155,1052,2.0,5,5,0,f
27707,155,1053,8.0,5,5,0,f
27717,155,1054,9.0,6,6,0,f
27727,155,1055,10.0,6,6,0,f
27737,155,1056,18.0,6,6,0,f
27747,155,1057,39.0,5,5,0,f
27757,155,1059,45.0,5,5,0,f
27767,155,1058,46.0,5,5,0,f
27787,155,1060,48.0,5,5,0,f
27797,155,1061,49.0,5,5,0,f
27817,155,1062,68.0,6,6,0,f
27827,155,1063,72.0,6,6,0,f
27837,155,1064,84.0,6,6,0,f
27847,155,1065,84.0,6,6,0,f
27857,155,1066,84.0,6,6,0,f
27867,155,1067,92.0,6,6,0,f
27877,155,1069,94.0,6,6,0,f
27887,155,1070,106.0,6,6,0,f
27897,155,1071,112.0,6,6,0,f
27917,155,1072,120.0,6,6,0,f
27927,155,1073,142.0,6,6,0,f
28138,155,1074,4.0,6,6,0,f
28148,155,1075,8.0,7,7,0,f
28158,155,1076,10.0,8,8,0,f
28168,155,1077,16.0,7,7,0,f
28178,155,1078,16.0,7,7,0,f
28188,155,1079,17.0,7,7,0,f
28198,155,1080,17.0,7,7,0,f
27910,42,1051,137.0,5,5,1,f
27680,42,1052,0.0,8,8,0,f
27710,42,1053,3.0,7,7,0,f
27720,42,1054,13.0,5,5,0,f
27730,42,1055,15.0,5,5,0,f
27740,42,1056,17.0,7,7,0,f
27750,42,1057,25.0,7,7,0,f
27760,42,1059,29.0,7,7,0,f
27770,42,1058,31.0,7,7,0,f
27790,42,1060,32.0,7,7,0,f
27800,42,1061,40.0,7,7,0,f
27820,42,1062,77.0,5,5,1,f
27830,42,1063,80.0,5,5,1,f
27840,42,1064,90.0,5,5,1,f
27850,42,1065,95.0,5,5,1,f
27860,42,1066,103.0,5,5,1,f
27870,42,1067,104.0,5,5,1,f
27880,42,1069,104.0,5,5,1,f
27890,42,1070,106.0,5,5,1,f
27900,42,1071,112.0,5,5,1,f
27920,42,1072,149.0,5,5,1,f
27930,42,1073,155.0,5,5,1,f
28137,42,1074,8.0,5,5,0,f
28147,42,1075,16.0,4,4,0,f
28157,42,1076,22.0,5,5,0,f
28167,42,1077,22.0,6,6,0,f
28177,42,1078,26.0,6,6,0,f
28187,42,1079,34.0,6,6,0,f
28197,42,1080,40.0,6,6,0,f
25756,142,38,44.0,11,E,1,t
25767,142,39,58.0,11,E,1,t
25778,142,40,76.0,11,E,2,t
25789,142,41,88.0,11,E,3,t
25800,142,42,106.0,11,E,4,t
25811,142,43,114.0,11,E,4,t
25822,142,44,128.0,11,E,5,t
25833,142,45,138.0,11,E,5,t
25844,142,46,138.0,11,E,6,t
25855,142,47,148.0,11,E,6,t
25866,142,48,166.0,11,E,7,t
25877,142,49,192.0,11,E,7,t
25888,142,50,202.0,11,E,8,t
25899,142,51,210.0,11,E,8,t
25910,142,52,218.0,11,E,8,t
25734,142,36,14.0,11,E,0,t
25745,142,37,32.0,11,E,1,t
