race_id,driver_id,points,position,wins
1,520,10.0,1,1
1,686,8.0,2,0
1,15,6.0,3,0
1,29,5.0,4,0
1,741,4.0,5,0
1,168,3.0,6,0
1,820,2.0,7,0
1,300,1.0,8,0
1,246,0.0,9,0
1,818,0.0,10,0
1,213,0.0,11,0
1,601,0.0,12,0
1,606,0.0,13,0
1,493,0.0,14,0
1,838,0.0,15,0
2,520,15.0,1,2
2,818,10.0,2,0
2,29,8.5,3,0
2,15,8.0,4,0
2,686,4.0,5,0
2,601,4.0,6,0
2,554,3.5,7,0
2,168,2.0,8,0
2,133,1.5,9,0
2,300,1.0,10,0
2,741,1.0,11,0
2,626,0.0,12,0
2,673,0.0,13,0
2,838,0.0,14,0
2,606,0.0,15,0
2,820,0.0,16,0
2,246,0.0,17,0
2,213,0.0,18,0
2,493,0.0,19,0
2,121,0.0,20,0
3,606,21.0,1,2
3,601,15.0,2,0
3,520,10.0,3,1
3,686,10.0,4,0
3,121,9.5,5,0
3,554,8.5,6,0
3,29,4.0,7,0
3,820,4.0,8,0
3,741,4.0,9,0
3,838,4.0,10,0
3,300,3.5,11,0
3,818,3.0,12,0
3,493,1.0,13,0
3,213,0.0,14,0
3,168,0.0,15,0
3,673,0.0,16,0
3,246,0.0,17,0
3,626,0.0,18,0
3,133,0.0,19,0
3,15,0.0,20,0
4,520,31.0,1,3
4,606,19.0,2,0
4,15,18.0,3,1
4,554,14.5,4,0
4,686,12.0,5,0
4,838,9.5,6,0
4,29,9.0,7,0
4,741,5.0,8,0
4,168,4.0,9,0
4,673,4.0,10,0
4,601,3.5,11,0
4,121,3.0,12,0
4,300,3.0,13,0
4,133,1.0,14,0
4,213,0.0,15,0
4,246,0.0,16,0
4,820,0.0,17,0
4,493,0.0,18,0
4,818,0.0,19,0
4,626,0.0,20,0
5,520,41.0,1,4
5,686,27.0,2,0
5,601,23.0,3,1
5,606,15.5,4,0
5,741,14.5,5,0
5,133,12.0,6,0
5,818,9.0,7,0
5,168,9.0,8,0
5,554,6.0,9,0
5,29,4.5,10,0
5,493,4.0,11,0
5,673,3.0,12,0
5,626,3.0,13,0
5,213,3.0,14,0
5,838,1.0,15,0
5,121,0.0,16,0
5,15,0.0,17,0
5,820,0.0,18,0
5,300,0.0,19,0
5,246,0.0,20,0
6,520,51.0,1,5
6,686,35.0,2,0
6,838,23.0,3,1
6,133,19.5,4,0
6,601,14.5,5,0
6,168,12.0,6,0
6,741,11.0,7,0
6,300,9.0,8,0
6,213,9.0,9,0
6,29,8.0,10,0
6,818,7.5,11,0
6,554,6.0,12,0
6,15,4.0,13,0
6,246,3.0,14,0
6,626,2.0,15,0
6,121,0.0,16,0
6,493,0.0,17,0
6,606,0.0,18,0
6,673,0.0,19,0
6,820,0.0,20,0
7,520,61.0,1,6
7,601,35.0,2,0
7,606,29.0,3,1
7,15,27.5,4,0
7,168,19.5,5,0
7,133,13.0,6,0
7,493,11.5,7,0
7,29,11.0,8,0
7,838,11.0,9,0
7,741,9.0,10,0
7,818,9.0,11,0
7,626,6.0,12,0
7,554,4.0,13,0
7,121,3.0,14,0
7,820,2.0,15,0
7,673,2.0,16,0
7,246,0.0,17,0
7,300,0.0,18,0
7,686,0.0,19,0
7,213,0.0,20,0
8,606,64.0,1,6
8,601,41.0,2,0
8,686,39.0,3,2
8,133,35.5,4,0
8,168,21.5,5,0
8,520,16.0,6,0
8,15,15.5,7,0
8,838,13.0,8,0
8,29,11.0,9,0
8,213,10.0,10,0
8,626,9.0,11,0
8,673,6.0,12,0
8,493,4.0,13,0
8,741,3.0,14,0
8,818,2.0,15,0
8,554,2.0,16,0
8,246,0.0,17,0
8,820,0.0,18,0
8,300,0.0,19,0
8,121,0.0,20,0
9,601,68.0,1,6
9,606,47.0,2,2
9,133,45.5,3,1
9,168,44.0,4,0
9,520,22.0,5,0
9,686,21.5,6,0
9,741,20.5,7,0
9,121,13.0,8,0
9,29,13.0,9,0
9,818,10.0,10,0
9,213,9.0,11,0
9,626,6.0,12,0
9,673,5.0,13,0
9,493,3.0,14,0
9,246,2.0,15,0
9,820,2.0,16,0
9,15,0.0,17,0
9,554,0.0,18,0
9,838,0.0,19,0
9,300,0.0,20,0
10,554,70.0,1,6
10,838,51.5,2,1
10,601,47.0,3,2
10,168,44.0,4,0
10,121,25.5,5,0
10,29,22.5,6,0
10,520,22.0,7,0
10,15,19.0,8,1
10,626,18.0,9,0
10,686,16.0,10,0
10,818,13.0,11,0
10,673,9.0,12,0
10,493,6.0,13,0
10,213,3.0,14,0
10,564,2.0,15,0
10,820,2.0,16,0
10,606,0.0,17,0
10,741,0.0,18,0
10,246,0.0,19,0
10,133,0.0,20,0
11,686,72.0,1,6
11,554,54.0,2,1
11,838,51.5,3,1
11,121,47.0,4,2
11,168,29.5,5,0
11,741,27.0,6,1
11,520,24.0,7,0
11,493,22.5,8,0
11,601,22.0,9,0
11,246,16.0,10,0
11,818,16.0,11,0
11,213,14.0,12,0
11,15,6.0,13,0
11,29,3.0,14,0
11,461,3.0,15,0
11,564,2.0,16,0
11,160,0.0,17,0
11,626,0.0,18,0
11,820,0.0,19,0
11,606,0.0,20,0
12,838,72.0,1,6
12,213,56.0,2,1
12,606,53.0,3,2
12,493,51.5,4,1
12,818,34.0,5,1
12,121,30.5,6,0
12,686,27.0,7,1
12,168,22.5,8,0
12,601,22.0,9,0
12,29,17.0,10,0
12,246,16.0,11,0
12,820,16.0,12,0
12,626,10.0,13,0
12,160,8.0,14,0
12,741,8.0,15,0
12,15,3.0,16,0
12,520,2.0,17,0
12,461,0.0,18,0
12,554,0.0,19,0
12,564,0.0,20,0
13,686,80.0,1,6
13,520,66.0,2,2
13,838,54.0,3,2
13,246,51.5,4,1
13,741,40.0,5,1
13,121,30.5,6,0
13,818,27.0,7,1
13,606,22.5,8,0
13,213,22.0,9,0
13,626,20.0,10,0
13,29,20.0,11,0
13,554,16.0,12,0
13,820,12.0,13,0
13,15,8.0,14,0
13,461,8.0,15,0
13,168,5.0,16,0
13,662,3.0,17,0
13,564,2.0,18,0
13,493,0.0,19,0
13,601,0.0,20,0
14,554,84.0,1,6
14,29,69.0,2,2
14,741,59.0,3,2
14,606,51.5,4,1
14,520,40.0,5,1
14,686,37.0,6,2
14,121,30.5,7,0
14,493,26.0,8,0
14,626,24.0,9,0
14,838,22.5,10,0
14,168,22.0,11,0
14,15,22.0,12,0
14,213,12.0,13,0
14,662,9.0,14,0
14,564,8.0,15,0
14,820,5.0,16,0
14,601,3.0,17,0
14,246,2.0,18,0
14,818,0.0,19,0
14,461,0.0,20,0
15,606,85.0,1,6
15,15,71.0,2,2
15,554,69.0,3,3
15,838,51.5,4,1
15,168,45.0,5,1
15,818,43.0,6,2
15,686,34.5,7,0
15,520,30.5,8,0
15,493,26.0,9,0
15,741,24.0,10,0
15,121,22.0,11,0
15,213,22.0,12,0
15,246,15.0,13,0
15,662,9.0,14,0
15,626,8.0,15,0
15,461,5.0,16,0
15,601,3.0,17,0
15,564,2.0,18,0
15,820,0.0,19,0
15,29,0.0,20,0
16,601,89.0,1,6
16,493,74.0,2,3
16,554,72.0,3,2
16,606,61.5,4,2
16,520,49.0,5,2
16,838,48.0,6,1
16,820,34.5,7,0
16,686,30.5,8,0
16,121,26.0,9,0
16,319,24.0,10,0
16,213,22.0,11,0
16,662,22.0,12,0
16,461,17.0,13,0
16,564,15.0,14,0
16,626,8.0,15,0
16,168,5.0,16,0
16,818,5.0,17,0
16,246,2.0,18,0
16,15,0.0,19,0
16,741,0.0,20,0
17,606,95.0,1,6
17,601,84.0,2,4
17,520,77.0,3,2
17,686,69.5,4,2
17,818,49.0,5,2
17,319,48.0,6,1
17,15,34.5,7,0
17,820,32.5,8,0
17,168,26.0,9,0
17,493,24.0,10,0
17,121,22.0,11,0
17,838,22.0,12,0
17,626,19.0,13,0
17,741,17.0,14,0
17,662,8.0,15,0
17,213,6.0,16,0
17,246,5.0,17,0
17,461,3.0,18,0
17,554,2.0,19,0
17,564,0.0,20,0
18,554,10.0,1,1
18,818,8.0,2,0
18,168,6.0,3,0
18,741,5.0,4,0
18,121,4.0,5,0
18,626,3.0,6,0
18,300,2.0,7,0
18,838,1.0,8,0
19,838,14.0,1,1
19,493,11.0,2,1
19,121,11.0,3,0
19,15,10.0,4,0
19,554,8.0,5,0
19,818,6.0,6,0
19,601,6.0,7,0
19,741,5.0,8,0
19,384,3.0,9,0
19,520,2.0,10,0
19,673,2.0,11,0
19,213,0.0,12,0
19,686,0.0,13,0
19,168,0.0,14,0
19,100,0.0,15,0
19,583,0.0,16,0
19,626,0.0,17,0
19,606,0.0,18,0
20,133,19.0,1,1
20,838,16.0,2,0
20,493,14.0,3,1
20,818,14.0,4,0
20,121,14.0,5,0
20,15,10.0,6,1
20,601,8.0,7,0
20,168,7.0,8,0
20,29,6.0,9,0
20,741,4.0,10,0
20,686,3.0,11,0
20,213,2.0,12,0
20,554,0.0,13,0
20,626,0.0,14,0
20,300,0.0,15,0
20,100,0.0,16,0
20,583,0.0,17,0
20,384,0.0,18,0
20,246,0.0,19,0
20,673,0.0,20,0
20,520,0.0,21,0
21,838,29.0,1,2
21,133,20.0,2,1
21,554,19.0,3,0
21,493,18.0,4,1
21,601,16.0,5,0
21,520,14.0,6,0
21,626,9.0,7,0
21,15,8.0,8,0
21,818,7.0,9,0
21,213,6.0,10,0
21,29,5.0,11,0
21,384,3.0,12,0
21,583,2.0,13,0
21,168,0.0,14,0
21,741,0.0,15,0
21,686,0.0,16,0
21,121,0.0,17,0
21,100,0.0,18,0
21,300,0.0,19,0
21,673,0.0,20,0
21,246,0.0,21,0
22,133,35.0,1,2
22,554,28.0,2,2
22,838,28.0,3,1
22,493,24.0,4,0
22,818,20.0,5,0
22,741,14.0,6,0
22,601,10.0,7,0
22,168,9.0,8,0
22,384,9.0,9,0
22,15,8.0,10,0
22,520,5.0,11,0
22,121,3.0,12,0
22,29,2.0,13,0
22,686,0.0,14,0
22,673,0.0,15,0
22,246,0.0,16,0
22,606,0.0,17,0
22,300,0.0,18,0
22,626,0.0,19,0
22,213,0.0,20,0
23,554,38.0,1,2
23,493,35.0,2,2
23,133,34.0,3,2
23,601,32.0,4,0
23,606,20.0,5,0
23,686,15.0,6,0
23,626,15.0,7,0
23,121,9.0,8,0
23,838,9.0,9,0
23,741,8.0,10,0
23,520,7.0,11,0
23,29,4.0,12,0
23,15,3.0,13,0
23,818,3.0,14,0
23,246,2.0,15,0
23,168,0.0,16,0
23,673,0.0,17,0
23,213,0.0,18,0
23,384,0.0,19,0
23,300,0.0,20,0
24,493,42.0,1,1
24,818,38.0,2,2
24,384,38.0,3,2
24,29,35.0,4,2
24,133,28.0,5,0
24,15,15.0,6,0
24,686,15.0,7,0
24,606,12.0,8,0
24,121,9.0,9,0
24,168,8.0,10,0
24,520,7.0,11,0
24,601,6.0,12,0
24,300,5.0,13,0
24,213,5.0,14,0
24,626,5.0,15,0
24,741,3.0,16,0
24,673,2.0,17,0
24,838,0.0,18,0
24,554,0.0,19,0
24,246,0.0,20,0
25,133,48.0,1,3
25,838,46.0,2,1
25,15,43.0,3,2
25,121,38.0,4,2
25,493,28.0,5,0
25,601,20.0,6,0
25,673,18.0,7,0
25,741,18.0,8,0
25,384,10.0,9,0
25,554,8.0,10,0
25,29,7.0,11,0
25,606,6.0,12,0
25,818,5.0,13,0
25,686,5.0,14,0
25,626,5.0,15,0
25,168,3.0,16,0
25,300,2.0,17,0
25,213,2.0,18,0
25,246,0.0,19,0
25,520,0.0,20,0
26,554,48.0,1,3
26,818,48.0,2,3
26,686,48.0,3,2
26,838,46.0,4,1
26,121,36.0,5,0
26,741,24.0,6,0
26,15,20.0,7,0
26,626,18.0,8,0
26,168,13.0,9,0
26,601,11.0,10,0
26,300,8.0,11,0
26,29,8.0,12,0
26,133,6.0,13,0
26,493,5.0,14,0
26,520,5.0,15,0
26,673,3.0,16,0
26,213,2.0,17,0
26,246,2.0,18,0
26,606,0.0,19,0
26,384,0.0,20,0
27,554,58.0,1,4
27,673,54.0,2,3
27,133,51.0,3,2
27,818,48.0,4,1
27,121,41.0,5,0
27,838,28.0,6,0
27,493,20.0,7,0
27,606,18.0,8,0
27,15,13.0,9,0
27,168,11.0,10,0
27,741,10.0,11,0
27,300,8.0,12,0
27,384,8.0,13,0
27,626,6.0,14,0
27,246,6.0,15,0
27,213,5.0,16,0
27,520,3.0,17,0
27,686,2.0,18,0
27,601,0.0,19,0
27,29,0.0,20,0
28,121,62.0,1,4
28,29,57.0,2,2
28,838,54.0,3,3
28,741,49.0,4,1
28,554,41.0,5,0
28,673,38.0,6,1
28,15,22.0,7,0
28,493,18.0,8,0
28,601,18.0,9,0
28,818,13.0,10,0
28,384,13.0,11,0
28,520,11.0,12,0
28,626,8.0,13,0
28,168,8.0,14,0
28,213,6.0,15,0
28,686,6.0,16,0
28,133,3.0,17,0
28,300,2.0,18,0
28,246,0.0,19,0
28,606,0.0,20,0
29,133,70.0,1,4
29,554,64.0,2,4
29,493,57.0,3,2
29,121,55.0,4,1
29,15,43.0,5,1
29,606,41.0,6,0
29,29,26.0,7,0
29,168,18.0,8,0
29,818,18.0,9,0
29,300,15.0,10,0
29,673,13.0,11,0
29,601,11.0,12,0
29,520,9.0,13,0
29,213,9.0,14,0
29,626,8.0,15,0
29,686,6.0,16,0
29,384,3.0,17,0
29,838,2.0,18,0
29,246,0.0,19,0
29,741,0.0,20,0
30,133,76.0,1,4
30,818,74.0,2,5
30,554,58.0,3,1
30,741,57.0,4,2
30,606,49.0,5,0
30,493,43.0,6,1
30,300,26.0,7,0
30,601,23.0,8,0
30,29,19.0,9,0
30,121,15.0,10,0
30,384,13.0,11,0
30,168,13.0,12,0
30,246,11.0,13,0
30,626,9.0,14,0
30,520,8.0,15,0
30,15,6.0,16,0
30,213,4.0,17,0
30,838,3.0,18,0
30,686,0.0,19,0
30,673,0.0,20,0
31,606,78.0,1,4
31,121,77.0,2,5
31,493,64.0,3,1
31,741,57.0,4,2
31,818,53.0,5,0
31,133,51.0,6,1
31,554,28.0,7,0
31,601,26.0,8,0
31,838,23.0,9,1
31,673,20.0,10,0
31,29,15.0,11,0
31,626,13.0,12,0
31,15,11.0,13,0
31,168,9.0,14,0
31,520,8.0,15,0
31,384,6.0,16,0
31,686,4.0,17,0
31,300,3.0,18,0
31,246,0.0,19,0
31,213,0.0,20,0
32,741,84.0,1,4
32,168,77.0,2,5
32,554,64.0,3,1
32,29,57.0,4,2
32,606,56.0,5,0
32,818,51.0,6,1
32,384,38.0,7,1
32,626,27.0,8,1
32,520,26.0,9,0
32,121,20.0,10,0
32,493,20.0,11,0
32,300,17.0,12,0
32,133,13.0,13,0
32,213,11.0,14,0
32,838,9.0,15,0
32,15,8.0,16,0
32,246,4.0,17,0
32,601,3.0,18,0
32,686,0.0,19,0
32,673,0.0,20,0
33,741,84.0,1,4
33,493,79.0,2,5
33,838,72.0,3,1
33,673,63.0,4,2
33,15,56.0,5,0
33,606,51.0,6,1
33,133,48.0,7,2
33,601,30.0,8,1
33,818,30.0,9,0
33,300,21.0,10,0
33,168,20.0,11,0
33,554,18.0,12,0
33,686,17.0,13,0
33,520,11.0,14,0
33,626,9.0,15,0
33,213,8.0,16,0
33,121,4.0,17,0
33,246,3.0,18,0
33,29,0.0,19,0
33,384,0.0,20,0
34,554,94.0,1,5
34,133,87.0,2,5
34,838,75.0,3,1
34,741,69.0,4,2
34,818,60.0,5,0
34,493,53.0,6,2
34,29,51.0,7,1
34,673,30.0,8,1
34,606,30.0,9,0
34,384,22.0,10,0
34,686,21.0,11,0
34,626,19.0,12,0
34,300,17.0,13,0
34,601,11.0,14,0
34,168,9.0,15,0
34,520,8.0,16,0
34,213,4.0,17,0
34,121,3.0,18,0
34,246,0.0,19,0
34,15,0.0,20,0
35,133,98.0,1,5
35,741,97.0,2,6
35,838,75.0,3,2
35,606,75.0,4,1
35,554,61.0,5,2
35,29,60.0,6,0
35,121,53.0,7,1
35,15,35.0,8,1
35,601,31.0,9,0
35,818,25.0,10,0
35,493,21.0,11,0
35,168,19.0,12,0
35,520,17.0,13,0
35,300,11.0,14,0
35,686,9.0,15,0
35,246,8.0,16,0
35,626,4.0,17,0
35,213,3.0,18,0
35,673,0.0,19,0
35,384,0.0,20,0
36,838,10.0,1,1
36,741,8.0,2,0
36,554,6.0,3,0
36,818,5.0,4,0
36,213,4.0,5,0
36,133,3.0,6,0
36,168,2.0,7,0
36,198,1.0,8,0
36,15,0.0,9,0
36,121,0.0,10,0
36,686,0.0,11,0
36,583,0.0,12,0
36,601,0.0,13,0
36,662,0.0,14,0
36,520,0.0,15,0
36,100,0.0,16,0
36,246,0.0,17,0
37,741,18.0,1,1
37,554,16.0,2,1
37,838,14.0,3,0
37,818,10.0,4,0
37,133,7.0,5,0
37,213,7.0,6,0
37,15,2.0,7,0
37,121,2.0,8,0
37,482,1.0,9,0
37,601,1.0,10,0
37,686,0.0,11,0
37,520,0.0,12,0
37,583,0.0,13,0
37,832,0.0,14,0
37,198,0.0,15,0
37,100,0.0,16,0
37,662,0.0,17,0
37,493,0.0,18,0
37,168,0.0,19,0
37,384,0.0,20,0
38,133,22.0,1,1
38,554,22.0,2,1
38,838,22.0,3,0
38,818,17.0,4,1
38,741,15.0,5,0
38,493,8.0,6,0
38,15,4.0,7,0
38,213,3.0,8,0
38,121,2.0,9,0
38,168,1.0,10,0
38,482,1.0,11,0
38,198,0.0,12,0
38,686,0.0,13,0
38,552,0.0,14,0
38,246,0.0,15,0
38,100,0.0,16,0
38,601,0.0,17,0
38,384,0.0,18,0
38,583,0.0,19,0
38,662,0.0,20,0
38,520,0.0,21,0
39,133,30.0,1,0
39,554,28.0,2,1
39,741,27.0,3,2
39,493,22.0,4,1
39,384,15.0,5,0
39,168,8.0,6,0
39,121,8.0,7,0
39,583,5.0,8,0
39,213,4.0,9,0
39,686,4.0,10,0
39,100,3.0,11,0
39,520,1.0,12,0
39,246,1.0,13,0
39,552,0.0,14,0
39,818,0.0,15,0
39,198,0.0,16,0
39,662,0.0,17,0
39,832,0.0,18,0
39,838,0.0,19,0
39,15,0.0,20,0
39,601,0.0,21,0
39,482,0.0,22,0
40,741,38.0,1,2
40,554,38.0,2,0
40,133,33.0,3,2
40,213,23.0,4,1
40,493,18.0,5,0
40,818,13.0,6,0
40,482,12.0,7,0
40,838,5.0,8,0
40,832,4.0,9,0
40,686,4.0,10,0
40,520,3.0,11,0
40,168,2.0,12,0
40,121,1.0,13,0
40,384,1.0,14,0
40,15,0.0,15,0
40,198,0.0,16,0
40,583,0.0,17,0
40,100,0.0,18,0
40,552,0.0,19,0
40,246,0.0,20,0
40,601,0.0,21,0
40,662,0.0,22,0
41,554,48.0,1,1
41,818,40.0,2,2
41,482,33.0,3,2
41,121,27.0,4,1
41,838,26.0,5,0
41,583,13.0,6,0
41,741,12.0,7,0
41,198,8.0,8,0
41,601,8.0,9,0
41,168,5.0,10,0
41,100,4.0,11,0
41,686,4.0,12,0
41,15,4.0,13,0
41,662,2.0,14,0
41,552,0.0,15,0
41,384,0.0,16,0
41,493,0.0,17,0
41,246,0.0,18,0
41,832,0.0,19,0
41,520,0.0,20,0
41,133,0.0,21,0
41,213,0.0,22,0
42,554,58.0,1,2
42,741,48.0,2,2
42,133,39.0,3,2
42,838,32.0,4,1
42,121,26.0,5,0
42,15,13.0,6,0
42,601,12.0,7,0
42,606,12.0,8,0
42,213,8.0,9,0
42,482,7.0,10,0
42,100,5.0,11,0
42,520,4.0,12,0
42,832,4.0,13,0
42,246,2.0,14,0
42,552,2.0,15,0
42,168,1.0,16,0
42,662,0.0,17,0
42,818,0.0,18,0
42,583,0.0,19,0
42,384,0.0,20,0
42,686,0.0,21,0
42,198,0.0,22,0
43,838,64.0,1,2
43,133,50.0,2,2
43,554,47.0,3,2
43,493,42.0,4,2
43,818,30.0,5,0
43,213,17.0,6,0
43,741,16.0,7,0
43,520,12.0,8,0
43,168,8.0,9,0
43,198,7.0,10,0
43,686,5.0,11,0
43,601,4.0,12,0
43,384,4.0,13,0
43,482,2.0,14,0
43,121,2.0,15,0
43,583,1.0,16,0
43,246,1.0,17,0
43,832,0.0,18,0
43,552,0.0,19,0
43,100,0.0,20,0
43,15,0.0,21,0
43,662,0.0,22,0
44,838,70.0,1,2
44,741,58.0,2,2
44,554,52.0,3,3
44,493,51.0,4,2
44,133,33.0,5,0
44,818,22.0,6,0
44,121,17.0,7,0
44,213,14.0,8,0
44,686,8.0,9,0
44,520,7.0,10,0
44,384,5.0,11,0
44,168,4.0,12,0
44,482,4.0,13,0
44,583,2.0,14,0
44,552,2.0,15,0
44,662,1.0,16,0
44,15,1.0,17,0
44,100,0.0,18,0
44,832,0.0,19,0
44,198,0.0,20,0
44,246,0.0,21,0
44,601,0.0,22,0
45,741,70.0,1,2
45,133,68.0,2,3
45,601,59.0,3,2
45,482,52.0,4,3
45,384,36.0,5,0
45,818,24.0,6,0
45,493,17.0,7,0
45,121,15.0,8,0
45,554,13.0,9,0
45,213,8.0,10,0
45,686,8.0,11,0
45,100,7.0,12,0
45,15,5.0,13,0
45,838,4.0,14,0
45,583,2.0,15,0
45,198,1.0,16,0
45,847,1.0,17,0
45,520,0.0,18,0
45,246,0.0,19,0
45,168,0.0,20,0
45,832,0.0,21,0
45,662,0.0,22,0
46,554,80.0,1,3
46,838,73.0,2,3
46,818,60.0,3,3
46,741,59.0,4,2
46,493,42.0,5,0
46,198,28.0,6,0
46,168,17.0,7,0
46,121,16.0,8,0
46,601,13.0,9,0
46,15,8.0,10,0
46,384,8.0,11,0
46,213,7.0,12,0
46,133,7.0,13,0
46,482,5.0,14,0
46,583,4.0,15,0
46,606,1.0,16,0
46,246,1.0,17,0
46,686,0.0,18,0
46,662,0.0,19,0
46,100,0.0,20,0
46,520,0.0,21,0
46,382,0.0,22,0
47,133,84.0,1,3
47,838,79.0,2,3
47,741,69.0,3,3
47,818,68.0,4,3
47,554,47.0,5,0
47,121,29.0,6,0
47,168,19.0,7,0
47,493,17.0,8,0
47,213,13.0,9,0
47,384,9.0,10,0
47,482,8.0,11,0
47,198,8.0,12,0
47,520,7.0,13,0
47,100,5.0,14,0
47,662,4.0,15,0
47,15,1.0,16,0
47,686,1.0,17,0
47,583,0.0,18,0
47,606,0.0,19,0
47,382,0.0,20,0
47,246,0.0,21,0
47,601,0.0,22,0
48,741,92.0,1,3
48,554,89.0,2,4
48,838,74.0,3,3
48,818,69.0,4,3
48,493,52.0,5,0
48,168,33.0,6,0
48,121,21.0,7,0
48,520,17.0,8,0
48,601,13.0,9,0
48,686,12.0,10,0
48,15,8.0,11,0
48,213,8.0,12,0
48,482,7.0,13,0
48,100,5.0,14,0
48,198,4.0,15,0
48,583,2.0,16,0
48,662,1.0,17,0
48,606,0.0,18,0
48,246,0.0,19,0
48,382,0.0,20,0
48,133,0.0,21,0
48,384,0.0,22,0
49,838,97.0,1,3
49,133,95.0,2,4
49,741,84.0,3,4
49,554,77.0,4,3
49,818,56.0,5,0
49,168,33.0,6,0
49,601,22.0,7,0
49,121,17.0,8,0
49,493,15.0,9,0
49,198,13.0,10,0
49,15,10.0,11,0
49,662,8.0,12,0
49,686,7.0,13,0
49,246,5.0,14,0
49,583,4.0,15,0
49,100,2.0,16,0
49,382,1.0,17,0
49,520,0.0,18,0
49,482,0.0,19,0
49,384,0.0,20,0
49,606,0.0,21,0
49,213,0.0,22,0
50,554,107.0,1,4
50,121,95.0,2,4
50,838,90.0,3,4
50,384,80.0,4,3
50,213,56.0,5,0
50,133,35.0,6,0
50,493,30.0,7,0
50,246,21.0,8,0
50,662,15.0,9,0
50,686,13.0,10,0
50,520,13.0,11,0
50,382,10.0,12,0
50,15,7.0,13,0
50,818,5.0,14,0
50,583,4.0,15,0
50,198,2.0,16,0
50,100,1.0,17,0
50,168,1.0,18,0
50,606,0.0,19,0
50,601,0.0,20,0
50,741,0.0,21,0
50,482,0.0,22,0
51,838,107.0,1,4
51,741,103.0,2,4
51,133,100.0,3,5
51,606,86.0,4,3
51,520,58.0,5,0
51,662,35.0,6,0
51,818,30.0,7,0
51,384,21.0,8,0
51,121,15.0,9,0
51,601,14.0,10,0
51,213,13.0,11,0
51,482,10.0,12,0
51,15,7.0,13,0
51,583,6.0,14,0
51,686,6.0,15,0
51,168,5.0,16,0
51,382,4.0,17,0
51,493,3.0,18,0
51,554,1.0,19,0
51,198,0.0,20,0
51,246,0.0,21,0
51,100,0.0,22,0
52,838,110.0,1,6
52,133,109.0,2,4
52,741,109.0,3,4
52,168,94.0,4,3
52,493,61.0,5,0
52,818,39.0,6,0
52,554,30.0,7,0
52,15,21.0,8,0
52,384,20.0,9,0
52,626,14.0,10,0
52,198,13.0,11,0
52,583,10.0,12,0
52,662,8.0,13,0
52,100,6.0,14,0
52,246,6.0,15,0
52,686,5.0,16,0
52,121,4.0,17,0
52,606,3.0,18,0
52,520,1.0,19,0
52,601,0.0,20,0
52,382,0.0,21,0
52,213,0.0,22,0
53,741,10.0,1,1
53,735,8.0,2,0
53,838,6.0,3,0
53,520,5.0,4,0
53,316,4.0,5,0
53,601,3.0,6,0
53,168,2.0,7,0
53,307,1.0,8,0
53,133,0.0,9,0
53,384,0.0,10,0
53,662,0.0,11,0
53,818,0.0,12,0
53,832,0.0,13,0
53,198,0.0,14,0
53,686,0.0,15,0
53,15,0.0,16,0
53,580,0.0,17,0
53,583,0.0,18,0
54,213,18.0,1,1
54,741,11.0,2,0
54,520,11.0,3,0
54,316,10.0,4,1
54,133,9.0,5,0
54,735,6.0,6,0
54,844,4.0,7,0
54,198,3.0,8,0
54,15,2.0,9,0
54,686,2.0,10,0
54,662,1.0,11,0
54,552,1.0,12,0
54,580,0.0,13,0
54,583,0.0,14,0
54,818,0.0,15,0
54,832,0.0,16,0
54,514,0.0,17,0
54,307,0.0,18,0
54,601,0.0,19,0
54,384,0.0,20,0
54,168,0.0,21,0
55,741,28.0,1,2
55,838,14.0,2,1
55,198,14.0,3,0
55,818,11.0,4,0
55,213,11.0,5,0
55,844,9.0,6,0
55,686,7.0,7,0
55,384,5.0,8,0
55,832,5.0,9,0
55,520,4.0,10,0
55,552,3.0,11,0
55,583,2.0,12,0
55,514,2.0,13,0
55,316,1.0,14,0
55,580,1.0,15,0
55,662,0.0,16,0
55,735,0.0,17,0
55,601,0.0,18,0
55,307,0.0,19,0
55,15,0.0,20,0
55,168,0.0,21,0
55,133,0.0,22,0
56,735,36.0,1,2
56,741,21.0,2,1
56,316,18.0,3,0
56,133,15.0,4,1
56,838,15.0,5,0
56,601,13.0,6,0
56,520,9.0,7,0
56,213,7.0,8,0
56,198,6.0,9,0
56,686,5.0,10,0
56,168,5.0,11,0
56,844,2.0,12,0
56,818,2.0,13,0
56,662,1.0,14,0
56,832,1.0,15,0
56,580,0.0,16,0
56,384,0.0,17,0
56,583,0.0,18,0
56,307,0.0,19,0
56,514,0.0,20,0
56,15,0.0,21,0
56,552,0.0,22,0
57,735,44.0,1,2
57,741,31.0,2,2
57,133,23.0,3,0
57,838,18.0,4,1
57,686,15.0,5,0
57,213,15.0,6,0
57,168,13.0,7,0
57,844,7.0,8,0
57,15,6.0,9,0
57,818,6.0,10,0
57,832,6.0,11,0
57,580,5.0,12,0
57,552,4.0,13,0
57,198,1.0,14,0
57,316,1.0,15,0
57,583,0.0,16,0
57,122,0.0,17,0
57,520,0.0,18,0
57,307,0.0,19,0
57,601,0.0,20,0
57,384,0.0,21,0
57,662,0.0,22,0
58,741,54.0,1,3
58,735,39.0,2,2
58,213,27.0,3,0
58,133,24.0,4,1
58,838,20.0,5,0
58,520,16.0,6,0
58,686,15.0,7,0
58,818,8.0,8,0
58,601,7.0,9,0
58,15,6.0,10,0
58,168,6.0,11,0
58,844,6.0,12,0
58,307,4.0,13,0
58,384,1.0,14,0
58,662,1.0,15,0
58,580,0.0,16,0
58,583,0.0,17,0
58,552,0.0,18,0
58,832,0.0,19,0
58,198,0.0,20,0
58,316,0.0,21,0
58,122,0.0,22,0
59,741,64.0,1,4
59,316,43.0,2,2
59,384,27.0,3,1
59,686,27.0,4,0
59,735,23.0,5,0
59,213,20.0,6,0
59,818,16.0,7,0
59,198,13.0,8,0
59,133,8.0,9,0
59,662,8.0,10,0
59,520,7.0,11,0
59,552,6.0,12,0
59,832,6.0,13,0
59,844,4.0,14,0
59,580,1.0,15,0
59,122,0.0,16,0
59,15,0.0,17,0
59,307,0.0,18,0
59,168,0.0,19,0
59,838,0.0,20,0
59,601,0.0,21,0
59,583,0.0,22,0
60,741,74.0,1,5
60,735,51.0,2,2
60,838,33.0,3,0
60,213,32.0,4,1
60,133,26.0,5,0
60,316,24.0,6,0
60,818,16.0,7,0
60,844,13.0,8,0
60,168,10.0,9,0
60,686,8.0,10,0
60,15,7.0,11,0
60,384,7.0,12,0
60,662,6.0,13,0
60,307,4.0,14,0
60,552,1.0,15,0
60,580,0.0,16,0
60,583,0.0,17,0
60,122,0.0,18,0
60,520,0.0,19,0
60,832,0.0,20,0
60,198,0.0,21,0
60,601,0.0,22,0
61,741,84.0,1,6
61,735,59.0,2,2
61,838,39.0,3,0
61,213,37.0,4,1
61,133,28.0,5,0
61,15,26.0,6,0
61,818,16.0,7,0
61,384,13.0,8,0
61,520,12.0,9,0
61,832,8.0,10,0
61,307,8.0,11,0
61,601,7.0,12,0
61,662,6.0,13,0
61,580,4.0,14,0
61,583,3.0,15,0
61,844,1.0,16,0
61,198,0.0,17,0
61,316,0.0,18,0
61,686,0.0,19,0
61,122,0.0,20,0
61,168,0.0,21,0
61,552,0.0,22,0
62,735,88.0,1,6
62,133,69.0,2,3
62,213,43.0,3,1
62,15,39.0,4,0
62,741,36.0,5,0
62,686,26.0,6,0
62,384,16.0,7,0
62,662,16.0,8,0
62,168,12.0,9,0
62,198,10.0,10,0
62,552,8.0,11,0
62,844,8.0,12,0
62,580,7.0,13,0
62,583,6.0,14,0
62,520,4.0,15,0
62,838,1.0,16,0
62,818,1.0,17,0
62,316,0.0,18,0
62,601,0.0,19,0
62,832,0.0,20,0
62,307,0.0,21,0
62,122,0.0,22,0
63,735,96.0,1,6
63,741,79.0,2,4
63,133,46.0,3,1
63,198,43.0,4,0
63,838,42.0,5,0
63,213,26.0,6,0
63,786,16.0,7,0
63,818,16.0,8,0
63,384,13.0,9,0
63,832,13.0,10,0
63,844,10.0,11,0
63,307,8.0,12,0
63,662,7.0,13,0
63,168,6.0,14,0
63,552,4.0,15,0
63,122,2.0,16,0
63,520,1.0,17,0
63,601,1.0,18,0
63,15,0.0,19,0
63,686,0.0,20,0
63,580,0.0,21,0
63,583,0.0,22,0
64,735,100.0,1,6
64,133,89.0,2,5
64,838,50.0,3,0
64,520,49.0,4,1
64,741,49.0,5,0
64,213,26.0,6,0
64,15,21.0,7,0
64,307,16.0,8,0
64,198,13.0,9,0
64,662,13.0,10,0
64,384,10.0,11,0
64,832,10.0,12,0
64,601,7.0,13,0
64,583,6.0,14,0
64,844,4.0,15,0
64,686,2.0,16,0
64,818,2.0,17,0
64,786,1.0,18,0
64,382,0.0,19,0
64,168,0.0,20,0
64,552,0.0,21,0
64,580,0.0,22,0
65,520,100.0,1,6
65,786,90.0,2,5
65,818,52.0,3,0
65,686,49.0,4,1
65,384,49.0,5,0
65,198,31.0,6,1
65,133,26.0,7,0
65,735,21.0,8,0
65,580,19.0,9,0
65,552,16.0,10,0
65,832,14.0,11,0
65,15,10.0,12,0
65,583,10.0,13,0
65,741,7.0,14,0
65,838,6.0,15,0
65,662,4.0,16,0
65,168,2.0,17,0
65,213,1.0,18,0
65,307,0.0,19,0
65,601,0.0,20,0
65,382,0.0,21,0
65,493,0.0,22,0
66,133,108.0,1,6
66,741,96.0,2,5
66,735,62.0,3,1
66,520,52.0,4,1
66,786,49.0,5,0
66,213,36.0,6,1
66,198,26.0,7,0
66,686,22.0,8,0
66,15,19.0,9,0
66,601,18.0,10,0
66,307,14.0,11,0
66,493,14.0,12,0
66,832,10.0,13,0
66,818,7.0,14,0
66,384,6.0,15,0
66,552,4.0,16,0
66,583,2.0,17,0
66,168,1.0,18,0
66,382,0.0,19,0
66,662,0.0,20,0
66,838,0.0,21,0
66,580,0.0,22,0
67,735,108.0,1,6
67,838,106.0,2,6
67,493,62.0,3,1
67,213,57.0,4,1
67,520,57.0,5,0
67,686,40.0,6,1
67,15,26.0,7,0
67,818,25.0,8,0
67,133,20.0,9,0
67,601,18.0,10,0
67,307,14.0,11,0
67,384,14.0,12,0
67,832,12.0,13,0
67,662,7.0,14,0
67,198,6.0,15,0
67,583,6.0,16,0
67,552,4.0,17,0
67,580,2.0,18,0
67,741,1.0,19,0
67,786,0.0,20,0
67,382,0.0,21,0
67,168,0.0,22,0
68,735,116.0,1,7
68,741,116.0,2,6
68,213,63.0,3,1
68,520,62.0,4,1
68,786,57.0,5,0
68,686,45.0,6,1
68,818,28.0,7,0
68,601,26.0,8,0
68,384,22.0,9,0
68,662,18.0,10,0
68,168,18.0,11,0
68,162,14.0,12,0
68,493,12.0,13,0
68,832,7.0,14,0
68,552,7.0,15,0
68,382,6.0,16,0
68,198,4.0,17,0
68,133,2.0,18,0
68,15,1.0,19,0
68,580,0.0,20,0
68,838,0.0,21,0
68,583,0.0,22,0
69,741,126.0,1,7
69,133,116.0,2,7
69,213,70.0,3,1
69,520,69.0,4,1
69,838,61.0,5,0
69,15,50.0,6,1
69,198,28.0,7,0
69,818,26.0,8,0
69,493,23.0,9,0
69,168,20.0,10,0
69,786,18.0,11,0
69,686,15.0,12,0
69,162,14.0,13,0
69,662,7.0,14,0
69,583,7.0,15,0
69,580,6.0,16,0
69,382,4.0,17,0
69,832,2.0,18,0
69,601,1.0,19,0
69,735,0.0,20,0
69,384,0.0,21,0
69,552,0.0,22,0
70,133,134.0,1,7
70,741,121.0,2,7
70,520,80.0,3,2
70,735,72.0,4,1
70,838,65.0,5,0
70,213,56.0,6,1
70,686,30.0,7,0
70,786,26.0,8,0
70,493,23.0,9,0
70,583,20.0,10,0
70,832,19.0,11,0
70,162,15.0,12,0
70,662,14.0,13,0
70,552,7.0,14,0
70,580,7.0,15,0
70,382,6.0,16,0
70,818,4.0,17,0
70,384,2.0,18,0
70,15,1.0,19,0
70,198,0.0,20,0
70,601,0.0,21,0
70,168,0.0,22,0
71,213,10.0,1,1
71,686,8.0,2,0
71,741,6.0,3,0
71,384,5.0,4,0
71,601,4.0,5,0
71,316,3.0,6,0
71,307,2.0,7,0
71,838,1.0,8,0
71,15,0.0,9,0
71,133,0.0,10,0
71,520,0.0,11,0
71,198,0.0,12,0
71,844,0.0,13,0
71,583,0.0,14,0
71,201,0.0,15,0
71,580,0.0,16,0
71,9,0.0,17,0
71,735,0.0,18,0
71,818,0.0,19,0
71,552,0.0,20,0
72,741,16.0,1,1
72,15,10.0,2,1
72,818,8.0,3,0
72,316,8.0,4,0
72,198,8.0,5,0
72,384,8.0,6,0
72,735,6.0,7,0
72,307,4.0,8,0
72,838,4.0,9,0
72,133,3.0,10,0
72,201,2.0,11,0
72,580,1.0,12,0
72,552,0.0,13,0
72,686,0.0,14,0
72,213,0.0,15,0
72,601,0.0,16,0
72,844,0.0,17,0
72,520,0.0,18,0
72,100,0.0,19,0
72,9,0.0,20,0
73,741,26.0,1,2
73,15,16.0,2,0
73,838,10.0,3,1
73,198,9.0,4,0
73,786,9.0,5,0
73,601,8.0,6,0
73,133,8.0,7,0
73,384,7.0,8,0
73,686,7.0,9,0
73,580,6.0,10,0
73,844,4.0,11,0
73,9,3.0,12,0
73,552,2.0,13,0
73,520,2.0,14,0
73,583,0.0,15,0
73,818,0.0,16,0
73,735,0.0,17,0
73,213,0.0,18,0
73,201,0.0,19,0
73,307,0.0,20,0
74,741,36.0,1,3
74,735,20.0,2,0
74,482,10.0,3,1
74,844,10.0,4,0
74,15,9.0,5,0
74,818,9.0,6,0
74,601,9.0,7,0
74,662,9.0,8,0
74,198,8.0,9,0
74,133,8.0,10,0
74,384,7.0,11,0
74,201,6.0,12,0
74,580,5.0,13,0
74,552,4.0,14,0
74,686,3.0,15,0
74,838,2.0,16,0
74,9,1.0,17,0
74,213,0.0,18,0
74,520,0.0,19,0
74,583,0.0,20,0
75,838,44.0,1,3
75,741,26.0,2,0
75,15,17.0,3,1
75,198,14.0,4,1
75,213,14.0,5,0
75,601,12.0,6,0
75,316,10.0,7,0
75,384,10.0,8,0
75,686,10.0,9,0
75,818,9.0,10,0
75,133,8.0,11,0
75,580,6.0,12,0
75,201,5.0,13,0
75,844,4.0,14,0
75,735,3.0,15,0
75,552,2.0,16,0
75,9,1.0,17,0
75,662,0.0,18,0
76,838,49.0,1,3
76,818,27.0,2,2
76,601,26.0,3,0
76,741,18.0,4,0
76,316,17.0,5,0
76,198,17.0,6,0
76,735,14.0,7,1
76,686,14.0,8,0
76,133,12.0,9,0
76,15,10.0,10,0
76,844,9.0,11,0
76,213,6.0,12,0
76,580,5.0,13,0
76,552,4.0,14,0
76,662,3.0,15,0
76,9,2.0,16,0
76,384,1.0,17,0
76,201,0.0,18,0
77,741,59.0,1,4
77,818,27.0,2,2
77,686,27.0,3,0
77,384,25.0,4,0
77,735,18.0,5,0
77,213,17.0,6,1
77,316,17.0,7,0
77,15,16.0,8,0
77,662,16.0,9,0
77,520,15.0,10,0
77,838,15.0,11,0
77,583,6.0,12,0
77,844,5.0,13,0
77,133,4.0,14,0
77,580,3.0,15,0
77,201,2.0,16,0
77,552,1.0,17,0
77,9,0.0,18,0
77,198,0.0,19,0
77,601,0.0,20,0
78,838,59.0,1,4
78,735,37.0,2,3
78,686,27.0,3,0
78,133,25.0,4,0
78,601,24.0,5,0
78,198,22.0,6,0
78,384,21.0,7,0
78,307,20.0,8,0
78,844,17.0,9,1
78,580,17.0,10,0
78,552,16.0,11,0
78,15,7.0,12,0
78,520,6.0,13,0
78,818,5.0,14,0
78,583,4.0,15,0
78,9,4.0,16,0
78,741,1.0,17,0
78,213,0.0,18,0
78,201,0.0,19,0
78,316,0.0,20,0
79,735,59.0,1,4
79,686,37.0,2,3
79,580,34.0,3,1
79,201,29.0,4,0
79,552,27.0,5,0
79,9,25.0,6,0
79,15,22.0,7,0
79,838,20.0,8,0
79,520,17.0,9,1
79,213,17.0,10,0
79,741,16.0,11,0
79,583,7.0,12,0
79,601,6.0,13,0
79,133,6.0,14,0
79,316,5.0,15,0
79,844,5.0,16,0
79,282,4.0,17,0
79,307,4.0,18,0
79,818,4.0,19,0
79,384,3.0,20,0
80,741,69.0,1,5
80,838,45.0,2,3
80,735,40.0,3,1
80,520,31.0,4,0
80,15,29.0,5,0
80,213,25.0,6,0
80,198,22.0,7,0
80,844,22.0,8,0
80,686,20.0,9,1
80,384,17.0,10,0
80,583,16.0,11,0
80,601,7.0,12,0
80,580,6.0,13,0
80,818,6.0,14,0
80,201,6.0,15,0
80,316,5.0,16,0
80,552,5.0,17,0
80,9,4.0,18,0
80,133,4.0,19,0
80,307,4.0,20,0
81,316,77.0,1,5
81,741,51.0,2,3
81,838,43.0,3,1
81,213,31.0,4,0
81,520,31.0,5,0
81,735,26.0,6,1
81,686,25.0,7,1
81,198,25.0,8,0
81,15,23.0,9,0
81,133,22.0,10,0
81,601,17.0,11,0
81,818,9.0,12,0
81,384,7.0,13,0
81,844,6.0,14,0
81,307,6.0,15,0
81,583,6.0,16,0
81,580,5.0,17,0
81,552,4.0,18,0
81,9,4.0,19,0
81,201,4.0,20,0
82,741,87.0,1,6
82,316,51.0,2,3
82,520,47.0,3,1
82,213,34.0,4,1
82,735,31.0,5,0
82,198,31.0,6,0
82,384,30.0,7,1
82,133,26.0,8,0
82,307,25.0,9,0
82,686,22.0,10,0
82,818,19.0,11,0
82,583,15.0,12,0
82,552,8.0,13,0
82,15,6.0,14,0
82,844,6.0,15,0
82,201,6.0,16,0
82,580,5.0,17,0
82,162,4.0,18,0
82,601,4.0,19,0
82,838,4.0,20,0
83,838,87.0,1,6
83,735,61.0,2,4
83,198,55.0,3,1
83,15,36.0,4,0
83,520,34.0,5,1
83,818,32.0,6,0
83,601,31.0,7,0
83,583,30.0,8,1
83,213,28.0,9,0
83,686,24.0,10,0
83,741,19.0,11,0
83,201,19.0,12,0
83,580,8.0,13,0
83,133,6.0,14,0
83,552,6.0,15,0
83,844,6.0,16,0
83,316,5.0,17,0
83,162,4.0,18,0
83,384,4.0,19,0
83,307,4.0,20,0
84,838,95.0,1,6
84,741,71.0,2,5
84,316,55.0,3,1
84,213,40.0,4,1
84,520,39.0,5,0
84,15,35.0,6,1
84,384,32.0,7,0
84,307,31.0,8,0
84,583,28.0,9,0
84,686,24.0,10,0
84,844,23.0,11,0
84,198,21.0,12,0
84,162,8.0,13,0
84,201,6.0,14,0
84,580,6.0,15,0
84,552,6.0,16,0
84,735,5.0,17,0
84,818,5.0,18,0
84,133,4.0,19,0
84,601,4.0,20,0
85,316,103.0,1,6
85,741,76.0,2,5
85,213,55.0,3,1
85,838,50.0,4,2
85,15,43.0,5,0
85,198,41.0,6,1
85,28,35.0,7,0
85,520,31.0,8,0
85,133,28.0,9,0
85,735,24.0,10,0
85,844,24.0,11,0
85,686,21.0,12,0
85,307,8.0,13,0
85,601,6.0,14,0
85,384,6.0,15,0
85,583,6.0,16,0
85,580,5.0,17,0
85,162,5.0,18,0
85,552,4.0,19,0
85,201,4.0,20,0
86,838,111.0,1,6
86,741,86.0,2,6
86,520,55.0,3,1
86,601,50.0,4,2
86,686,43.0,5,0
86,844,41.0,6,1
86,198,37.0,7,0
86,580,35.0,8,0
86,307,30.0,9,0
86,133,29.0,10,0
86,201,28.0,11,0
86,552,21.0,12,0
86,162,9.0,13,0
86,316,8.0,14,0
86,28,7.0,15,0
86,15,6.0,16,0
86,384,5.0,17,0
86,735,5.0,18,0
86,583,4.0,19,0
86,213,4.0,20,0
87,316,117.0,1,6
87,838,94.0,2,6
87,741,60.0,3,3
87,735,60.0,4,1
87,213,45.0,5,1
87,686,43.0,6,0
87,520,38.0,7,0
87,198,38.0,8,0
87,307,32.0,9,0
87,583,29.0,10,0
87,133,28.0,11,0
87,844,21.0,12,0
87,15,9.0,13,0
87,552,8.0,14,0
87,201,7.0,15,0
87,580,6.0,16,0
87,601,5.0,17,0
87,162,5.0,18,0
87,28,4.0,19,0
87,384,4.0,20,0
88,838,123.0,1,6
88,213,104.0,2,7
88,741,62.0,3,1
88,601,60.0,4,3
88,520,53.0,5,1
88,384,43.0,6,0
88,735,39.0,7,0
88,198,38.0,8,0
88,307,36.0,9,0
88,133,34.0,10,0
88,686,28.0,11,0
88,844,24.0,12,0
88,580,9.0,13,0
88,162,8.0,14,0
88,201,7.0,15,0
88,552,6.0,16,0
88,28,5.0,17,0
88,15,5.0,18,0
88,316,4.0,19,0
88,583,4.0,20,0
89,741,133.0,1,7
89,838,112.0,2,7
89,198,62.0,3,1
89,213,60.0,4,3
89,307,58.0,5,1
89,133,45.0,6,0
89,601,43.0,7,0
89,520,38.0,8,0
89,384,37.0,9,0
89,844,36.0,10,0
89,580,28.0,11,0
89,686,24.0,12,0
89,28,11.0,13,0
89,162,9.0,14,0
89,15,9.0,15,0
89,552,7.0,16,0
89,583,6.0,17,0
89,201,5.0,18,0
89,316,4.0,19,0
89,735,4.0,20,0
90,735,10.0,1,1
90,686,8.0,2,0
90,741,6.0,3,0
90,198,5.0,4,0
90,316,4.0,5,0
90,520,3.0,6,0
90,15,2.0,7,0
90,384,1.0,8,0
90,583,0.0,9,0
90,213,0.0,10,0
90,307,0.0,11,0
90,442,0.0,12,0
90,728,0.0,13,0
90,394,0.0,14,0
91,735,20.0,1,2
91,316,13.0,2,0
91,520,12.0,3,0
91,686,9.0,4,0
91,15,8.0,5,0
91,384,6.0,6,0
91,741,5.0,7,0
91,133,4.0,8,0
91,442,1.0,9,0
91,307,0.0,10,0
91,213,0.0,11,0
91,728,0.0,12,0
91,394,0.0,13,0
91,559,0.0,14,0
91,583,0.0,15,0
91,731,0.0,16,0
91,838,0.0,17,0
92,735,30.0,1,3
92,686,21.0,2,0
92,520,15.0,3,0
92,15,12.0,4,0
92,583,11.0,5,0
92,741,11.0,6,0
92,198,7.0,7,0
92,601,4.0,8,0
92,728,4.0,9,0
92,442,1.0,10,0
92,213,1.0,11,0
92,133,0.0,12,0
92,316,0.0,13,0
92,307,0.0,14,0
92,818,0.0,15,0
92,394,0.0,16,0
92,559,0.0,17,0
92,384,0.0,18,0
92,731,0.0,19,0
93,735,40.0,1,4
93,520,24.0,2,0
93,316,23.0,3,0
93,741,18.0,4,0
93,15,16.0,5,0
93,686,15.0,6,0
93,198,9.0,7,0
93,838,4.0,8,0
93,213,4.0,9,0
93,133,1.0,10,0
93,728,1.0,11,0
93,384,1.0,12,0
93,601,0.0,13,0
93,307,0.0,14,0
93,731,0.0,15,0
93,583,0.0,16,0
93,818,0.0,17,0
93,442,0.0,18,0
93,559,0.0,19,0
93,394,0.0,20,0
94,735,50.0,1,5
94,686,32.0,2,0
94,15,24.0,3,0
94,741,21.0,4,0
94,583,21.0,5,0
94,198,18.0,6,0
94,213,12.0,7,0
94,520,8.0,8,0
94,133,4.0,9,0
94,384,2.0,10,0
94,838,1.0,11,0
94,601,1.0,12,0
94,442,1.0,13,0
94,394,0.0,14,0
94,316,0.0,15,0
94,307,0.0,16,0
94,728,0.0,17,0
94,818,0.0,18,0
94,559,0.0,19,0
94,731,0.0,20,0
95,15,50.0,1,5
95,520,38.0,2,0
95,686,32.0,3,0
95,316,31.0,4,1
95,133,23.0,5,0
95,442,21.0,6,0
95,818,12.0,7,0
95,728,8.0,8,0
95,731,5.0,9,0
95,198,4.0,10,0
95,735,3.0,11,0
95,741,2.0,12,0
95,838,2.0,13,0
95,559,1.0,14,0
95,394,1.0,15,0
95,601,1.0,16,0
95,583,0.0,17,0
95,384,0.0,18,0
95,213,0.0,19,0
95,307,0.0,20,0
96,735,60.0,1,6
96,686,46.0,2,0
96,520,38.0,3,0
96,15,36.0,4,1
96,741,25.0,5,0
96,213,24.0,6,0
96,601,12.0,7,0
96,316,8.0,8,0
96,133,5.0,9,0
96,818,5.0,10,0
96,728,4.0,11,0
96,307,3.0,12,0
96,394,3.0,13,0
96,559,2.0,14,0
96,731,1.0,15,0
96,583,1.0,16,0
96,384,0.0,17,0
96,838,0.0,18,0
96,198,0.0,19,0
96,442,0.0,20,0
97,735,70.0,1,7
97,686,54.0,2,0
97,520,44.0,3,0
97,213,36.0,4,1
97,838,25.0,5,0
97,384,24.0,6,0
97,29,12.0,7,0
97,818,10.0,8,0
97,307,8.0,9,0
97,731,7.0,10,0
97,133,5.0,11,0
97,583,5.0,12,0
97,741,3.0,13,0
97,559,3.0,14,0
97,601,3.0,15,0
97,15,2.0,16,0
97,198,1.0,17,0
97,316,0.0,18,0
97,442,0.0,19,0
97,728,0.0,20,0
98,735,80.0,1,8
98,686,62.0,2,0
98,583,44.0,3,0
98,15,41.0,4,1
98,728,25.0,5,0
98,838,24.0,6,0
98,384,14.0,7,0
98,731,12.0,8,0
98,213,10.0,9,0
98,601,9.0,10,0
98,316,8.0,11,0
98,818,5.0,12,0
98,520,5.0,13,0
98,442,3.0,14,0
98,198,3.0,15,0
98,741,3.0,16,0
98,307,2.0,17,0
98,133,1.0,18,0
98,394,0.0,19,0
98,559,0.0,20,0
99,735,90.0,1,9
99,741,68.0,2,0
99,686,48.0,3,0
99,15,46.0,4,1
99,520,33.0,5,0
99,384,25.0,6,0
99,838,14.0,7,0
99,316,12.0,8,0
99,601,12.0,9,0
99,423,10.0,10,0
99,307,10.0,11,0
99,213,5.0,12,0
99,133,5.0,13,0
99,442,3.0,14,0
99,728,3.0,15,0
99,818,3.0,16,0
99,394,2.0,17,0
99,559,1.0,18,0
99,731,0.0,19,0
99,583,0.0,20,0
100,735,100.0,1,10
100,838,74.0,2,0
100,686,53.0,3,0
100,520,46.0,4,1
100,316,33.0,5,0
100,213,29.0,6,0
100,384,18.0,7,0
100,601,14.0,8,0
100,133,14.0,9,0
100,741,13.0,10,0
100,583,12.0,11,0
100,423,5.0,12,0
100,442,5.0,13,0
100,307,4.0,14,0
100,818,3.0,15,0
100,559,3.0,16,0
100,394,2.0,17,0
100,15,1.0,18,0
100,731,0.0,19,0
100,728,0.0,20,0
101,735,110.0,1,11
101,520,74.0,2,0
101,741,61.0,3,0
101,384,46.0,4,1
101,316,39.0,5,0
101,601,33.0,6,0
101,28,19.0,7,0
101,583,18.0,8,0
101,213,15.0,9,0
101,307,13.0,10,0
101,15,12.0,11,0
101,686,7.0,12,0
101,133,5.0,13,0
101,728,5.0,14,0
101,394,3.0,15,0
101,731,3.0,16,0
101,559,2.0,17,0
101,818,2.0,18,0
101,442,1.0,19,0
101,838,0.0,20,0
102,735,120.0,1,12
102,686,82.0,2,0
102,741,65.0,3,0
102,316,46.0,4,1
102,520,45.0,5,0
102,583,38.0,6,0
102,28,19.0,7,0
102,213,18.0,8,0
102,384,18.0,9,0
102,601,14.0,10,0
102,728,12.0,11,0
102,818,7.0,12,0
102,307,5.0,13,0
102,559,5.0,14,0
102,731,4.0,15,0
102,394,3.0,16,0
102,15,3.0,17,0
102,282,2.0,18,0
102,133,1.0,19,0
102,838,0.0,20,0
103,838,128.0,1,12
103,735,88.0,2,0
103,686,65.0,3,0
103,133,46.0,4,1
103,213,45.0,5,0
103,307,38.0,6,0
103,384,28.0,7,1
103,728,21.0,8,0
103,15,18.0,9,0
103,282,18.0,10,0
103,818,12.0,11,0
103,316,10.0,12,0
103,28,7.0,13,0
103,520,6.0,14,0
103,731,4.0,15,0
103,741,3.0,16,0
103,601,3.0,17,0
103,583,3.0,18,0
103,559,2.0,19,0
103,394,1.0,20,0
104,686,136.0,1,12
104,735,98.0,2,1
104,520,71.0,3,0
104,583,46.0,4,1
104,316,45.0,5,0
104,384,42.0,6,0
104,28,28.0,7,1
104,213,24.0,8,0
104,601,23.0,9,0
104,15,19.0,10,0
104,282,12.0,11,0
104,133,10.0,12,0
104,307,7.0,13,0
104,818,6.0,14,0
104,731,6.0,15,0
104,741,3.0,16,0
104,394,3.0,17,0
104,559,3.0,18,0
104,838,2.0,19,0
104,728,1.0,20,0
105,686,136.0,1,12
105,520,108.0,2,2
105,838,79.0,3,0
105,741,50.0,4,0
105,316,46.0,5,1
105,583,46.0,6,0
105,213,34.0,7,1
105,133,26.0,8,0
105,384,24.0,9,0
105,601,21.0,10,0
105,844,12.0,11,0
105,735,11.0,12,0
105,818,7.0,13,0
105,728,6.0,14,0
105,29,6.0,15,0
105,731,3.0,16,0
105,559,3.0,17,0
105,198,3.0,18,0
105,282,2.0,19,0
105,307,1.0,20,0
106,735,146.0,1,13
106,198,108.0,2,2
106,520,85.0,3,0
106,583,54.0,4,0
106,741,48.0,5,0
106,838,46.0,6,1
106,316,37.0,7,1
106,213,31.0,8,0
106,133,24.0,9,0
106,844,22.0,10,0
106,15,20.0,11,0
106,307,11.0,12,0
106,818,7.0,13,0
106,728,6.0,14,0
106,29,6.0,15,0
106,559,3.0,16,0
106,731,3.0,17,0
106,384,3.0,18,0
106,686,2.0,19,0
106,601,1.0,20,0
107,316,148.0,1,13
107,838,114.0,2,2
107,686,85.0,3,0
107,741,59.0,4,0
107,198,58.0,5,1
107,583,46.0,6,1
107,735,45.0,7,1
107,133,34.0,8,0
107,213,24.0,9,0
107,844,24.0,10,0
107,384,22.0,11,0
107,15,12.0,12,0
107,282,7.0,13,0
107,307,6.0,14,0
107,29,6.0,15,0
107,731,3.0,16,0
107,559,3.0,17,0
107,601,3.0,18,0
107,818,2.0,19,0
107,520,1.0,20,0
108,384,10.0,1,1
108,316,8.0,2,0
108,838,6.0,3,0
108,735,5.0,4,0
108,15,4.0,5,0
108,581,3.0,6,0
108,741,2.0,7,0
108,198,1.0,8,0
108,844,0.0,9,0
108,520,0.0,10,0
108,590,0.0,11,0
109,838,16.0,1,1
109,686,10.0,2,1
109,741,8.0,3,0
109,198,8.0,4,0
109,15,8.0,5,0
109,735,8.0,6,0
109,520,8.0,7,0
109,818,6.0,8,0
109,581,3.0,9,0
109,522,2.0,10,0
109,442,1.0,11,0
109,316,0.0,12,0
109,590,0.0,13,0
109,28,0.0,14,0
109,530,0.0,15,0
110,213,24.0,1,1
110,838,15.0,2,1
110,741,14.0,3,0
110,384,10.0,4,1
110,581,9.0,5,0
110,844,8.0,6,0
110,198,8.0,7,0
110,15,8.0,8,0
110,601,8.0,9,0
110,442,7.0,10,0
110,686,3.0,11,0
110,520,2.0,12,0
110,590,1.0,13,0
110,735,0.0,14,0
110,316,0.0,15,0
110,28,0.0,16,0
110,728,0.0,17,0
111,735,32.0,1,1
111,838,19.0,2,1
111,686,18.0,3,1
111,198,17.0,4,0
111,384,14.0,5,0
111,741,13.0,6,0
111,316,10.0,7,1
111,520,10.0,8,0
111,728,9.0,9,0
111,818,7.0,10,0
111,581,3.0,11,0
111,442,3.0,12,0
111,15,1.0,13,0
111,28,0.0,14,0
111,213,0.0,15,0
111,601,0.0,16,0
111,522,0.0,17,0
111,590,0.0,18,0
111,530,0.0,19,0
112,735,32.0,1,1
112,741,28.0,2,2
112,686,25.0,3,0
112,316,20.0,4,0
112,198,19.0,5,1
112,442,17.0,6,0
112,601,15.0,7,0
112,522,10.0,8,1
112,520,9.0,9,0
112,818,7.0,10,0
112,530,3.0,11,0
112,590,3.0,12,0
112,213,3.0,13,0
112,728,2.0,14,0
112,581,1.0,15,0
112,384,1.0,16,0
112,844,0.0,17,0
112,15,0.0,18,0
112,28,0.0,19,0
112,838,0.0,20,0
113,735,40.0,1,1
113,838,38.0,2,3
113,686,26.0,3,0
113,520,25.0,4,0
113,384,23.0,5,1
113,198,20.0,6,0
113,601,15.0,7,0
113,15,10.0,8,1
113,28,10.0,9,0
113,442,8.0,10,0
113,522,7.0,11,0
113,844,4.0,12,0
113,530,3.0,13,0
113,213,3.0,14,0
113,818,1.0,15,0
113,741,1.0,16,0
113,316,0.0,17,0
113,728,0.0,18,0
113,590,0.0,19,0
113,581,0.0,20,0
114,316,48.0,1,1
114,838,44.0,2,3
114,735,29.0,3,0
114,198,27.0,4,0
114,741,25.0,5,1
114,15,25.0,6,1
114,384,25.0,7,0
114,686,13.0,8,0
114,442,10.0,9,1
114,213,8.0,10,0
114,818,7.0,11,0
114,522,4.0,12,0
114,728,3.0,13,0
114,844,3.0,14,0
114,530,1.0,15,0
114,590,1.0,16,0
114,601,0.0,17,0
114,28,0.0,18,0
114,581,0.0,19,0
114,520,0.0,20,0
115,735,54.0,1,4
115,198,51.0,2,1
115,316,34.0,3,0
115,741,33.0,4,0
115,686,31.0,5,1
115,838,31.0,6,0
115,601,25.0,7,1
115,728,13.0,8,0
115,590,10.0,9,1
115,28,8.0,10,0
115,442,7.0,11,0
115,530,6.0,12,0
115,520,3.0,13,0
115,384,3.0,14,0
115,818,1.0,15,0
115,15,1.0,16,0
115,213,1.0,17,0
115,522,0.0,18,0
115,844,0.0,19,0
115,581,0.0,20,0
116,198,58.0,1,4
116,316,51.0,2,1
116,686,43.0,3,1
116,741,39.0,4,1
116,735,39.0,5,0
116,601,37.0,6,0
116,520,25.0,7,1
116,818,13.0,8,0
116,581,10.0,9,1
116,28,10.0,10,0
116,522,9.0,11,0
116,213,7.0,12,0
116,530,3.0,13,0
116,590,3.0,14,0
116,384,2.0,15,0
116,442,1.0,16,0
116,844,1.0,17,0
116,15,0.0,18,0
116,728,0.0,19,0
116,838,0.0,20,0
117,198,64.0,1,4
117,316,56.0,2,1
117,735,53.0,3,2
117,838,47.0,4,1
117,384,39.0,5,0
117,601,39.0,6,0
117,686,29.0,7,1
117,728,13.0,8,0
117,844,12.0,9,0
117,28,10.0,10,1
117,442,10.0,11,0
117,581,7.0,12,0
117,818,3.0,13,0
117,530,3.0,14,0
117,522,2.0,15,0
117,590,2.0,16,0
117,15,1.0,17,0
117,741,0.0,18,0
117,213,0.0,19,0
117,520,0.0,20,0
118,686,69.0,1,4
118,316,62.0,2,1
118,838,55.0,3,1
118,735,53.0,4,2
118,384,49.0,5,1
118,15,39.0,6,0
118,442,33.0,7,1
118,520,16.0,8,0
118,198,12.0,9,0
118,844,11.0,10,0
118,728,10.0,11,1
118,581,7.0,12,0
118,522,5.0,13,0
118,601,3.0,14,0
118,590,2.0,15,0
118,530,2.0,16,0
118,818,1.0,17,0
118,741,0.0,18,0
118,213,0.0,19,0
118,28,0.0,20,0
119,316,71.0,1,4
119,384,65.0,2,2
119,15,62.0,3,1
119,741,53.0,4,2
119,728,49.0,5,1
119,442,44.0,6,0
119,735,41.0,7,1
119,520,22.0,8,0
119,844,12.0,9,0
119,818,12.0,10,0
119,601,10.0,11,1
119,343,8.0,12,0
119,213,7.0,13,0
119,590,6.0,14,0
119,530,3.0,15,0
119,198,2.0,16,0
119,581,1.0,17,0
119,686,0.0,18,0
119,838,0.0,19,0
119,522,0.0,20,0
120,741,72.0,1,4
120,838,71.0,2,2
120,316,70.0,3,1
120,198,58.0,4,2
120,384,54.0,5,1
120,601,49.0,6,1
120,15,45.0,7,1
120,735,24.0,8,0
120,818,15.0,9,0
120,520,12.0,10,0
120,442,10.0,11,1
120,590,8.0,12,0
120,343,7.0,13,0
120,581,6.0,14,0
120,530,3.0,15,0
120,731,2.0,16,0
120,728,1.0,17,0
120,213,0.0,18,0
120,686,0.0,19,0
120,844,0.0,20,0
121,735,82.0,1,5
121,316,79.0,2,2
121,686,75.0,3,1
121,838,58.0,4,2
121,423,55.0,5,1
121,844,55.0,6,1
121,601,45.0,7,1
121,741,24.0,8,0
121,818,17.0,9,0
121,213,12.0,10,0
121,731,10.0,11,1
121,343,8.0,12,0
121,581,7.0,13,0
121,384,6.0,14,0
121,728,6.0,15,0
121,590,4.0,16,0
121,520,2.0,17,0
121,442,1.0,18,0
121,530,0.0,19,0
121,15,0.0,20,0
122,735,92.0,1,6
122,838,83.0,2,1
122,581,82.0,3,2
122,15,58.0,4,2
122,818,55.0,5,1
122,316,55.0,6,1
122,213,45.0,7,1
122,530,29.0,8,0
122,442,17.0,9,0
122,590,13.0,10,0
122,343,12.0,11,1
122,844,12.0,12,0
122,522,8.0,13,0
122,384,6.0,14,0
122,741,6.0,15,0
122,520,6.0,16,0
122,728,4.0,17,0
122,601,1.0,18,0
122,198,1.0,19,0
122,686,0.0,20,0
123,686,93.0,1,6
123,838,91.0,2,1
123,384,82.0,3,2
123,520,65.0,4,2
123,15,58.0,5,2
123,583,55.0,6,1
123,442,51.0,7,1
123,735,33.0,8,0
123,818,17.0,9,0
123,728,17.0,10,0
123,601,13.0,11,0
123,198,12.0,12,1
123,530,10.0,13,0
123,522,6.0,14,0
123,590,6.0,15,0
123,343,6.0,16,0
123,213,4.0,17,0
123,741,3.0,18,0
123,581,1.0,19,0
123,316,1.0,20,0
124,735,10.0,1,1
124,316,6.0,2,0
124,838,4.0,3,0
124,305,3.0,4,0
124,601,2.0,5,0
124,639,1.0,6,0
124,373,0.0,7,0
124,786,0.0,8,0
125,198,14.0,1,1
125,316,12.0,2,0
125,735,10.0,3,1
125,520,4.0,4,0
125,818,3.0,5,0
125,133,3.0,6,0
125,455,2.0,7,0
125,844,2.0,8,0
125,583,1.0,9,0
125,786,1.0,10,0
125,581,0.0,11,0
125,639,0.0,12,0
125,213,0.0,13,0
125,686,0.0,14,0
125,601,0.0,15,0
125,305,0.0,16,0
125,373,0.0,17,0
126,735,24.0,1,2
126,198,16.0,2,1
126,384,14.0,3,0
126,520,6.0,4,0
126,316,4.0,5,0
126,639,4.0,6,0
126,305,3.0,7,0
126,786,2.0,8,0
126,583,2.0,9,0
126,844,2.0,10,0
126,601,1.0,11,0
126,838,0.0,12,0
126,373,0.0,13,0
126,818,0.0,14,0
126,15,0.0,15,0
126,133,0.0,16,0
126,455,0.0,17,0
126,728,0.0,18,0
127,735,34.0,1,3
127,686,20.0,2,1
127,198,17.0,3,0
127,316,8.0,4,0
127,520,6.0,5,0
127,384,5.0,6,0
127,844,4.0,7,0
127,133,3.0,8,0
127,15,2.0,9,0
127,818,2.0,10,0
127,601,2.0,11,0
127,375,1.0,12,0
127,305,0.0,13,0
127,838,0.0,14,0
127,728,0.0,15,0
127,786,0.0,16,0
127,639,0.0,17,0
127,581,0.0,18,0
127,213,0.0,19,0
127,583,0.0,20,0
128,735,44.0,1,4
128,316,23.0,2,0
128,384,20.0,3,1
128,818,9.0,4,0
128,133,8.0,5,0
128,581,6.0,6,0
128,844,5.0,7,0
128,455,4.0,8,0
128,639,3.0,9,0
128,15,3.0,10,0
128,198,2.0,11,0
128,520,2.0,12,0
128,728,1.0,13,0
128,305,0.0,14,0
128,375,0.0,15,0
128,583,0.0,16,0
128,213,0.0,17,0
128,838,0.0,18,0
128,786,0.0,19,0
128,686,0.0,20,0
129,735,54.0,1,5
129,686,27.0,2,0
129,316,23.0,3,1
129,198,12.0,4,0
129,213,10.0,5,0
129,384,8.0,6,0
129,520,5.0,7,0
129,639,4.0,8,0
129,455,3.0,9,0
129,844,3.0,10,0
129,581,2.0,11,0
129,601,2.0,12,0
129,15,2.0,13,0
129,373,1.0,14,0
129,305,0.0,15,0
129,818,0.0,16,0
129,583,0.0,17,0
129,728,0.0,18,0
129,133,0.0,19,0
129,838,0.0,20,0
130,384,60.0,1,5
130,735,27.0,2,1
130,198,27.0,3,0
130,15,20.0,4,1
130,213,12.0,5,0
130,581,8.0,6,0
130,686,5.0,7,0
130,818,4.0,8,0
130,305,4.0,9,0
130,786,3.0,10,0
130,601,3.0,11,0
130,375,3.0,12,0
130,639,2.0,13,0
130,133,2.0,14,0
130,728,2.0,15,0
130,520,0.0,16,0
130,316,0.0,17,0
130,844,0.0,18,0
130,838,0.0,19,0
130,373,0.0,20,0
130,583,0.0,21,0
131,735,70.0,1,6
131,384,27.0,2,1
131,686,27.0,3,0
131,838,26.0,4,1
131,213,16.0,5,0
131,15,8.0,6,0
131,198,7.0,7,0
131,728,6.0,8,0
131,133,5.0,9,0
131,583,4.0,10,0
131,601,3.0,11,0
131,818,3.0,12,0
131,581,2.0,13,0
131,373,2.0,14,0
131,520,2.0,15,0
131,316,0.0,16,0
131,455,0.0,17,0
131,305,0.0,18,0
131,639,0.0,19,0
131,786,0.0,20,0
131,375,0.0,21,0
131,844,0.0,22,0
132,686,76.0,1,6
132,735,30.0,2,1
132,838,27.0,3,0
132,198,26.0,4,1
132,520,26.0,5,1
132,133,11.0,6,0
132,818,10.0,7,0
132,15,6.0,8,0
132,728,5.0,9,0
132,786,4.0,10,0
132,375,4.0,11,0
132,844,3.0,12,0
132,581,2.0,13,0
132,455,2.0,14,0
132,601,2.0,15,0
132,583,0.0,16,0
132,639,0.0,17,0
132,373,0.0,18,0
132,305,0.0,19,0
132,316,0.0,20,0
132,384,0.0,21,0
132,213,0.0,22,0
133,735,86.0,1,7
133,686,32.0,2,1
133,316,31.0,3,0
133,844,30.0,4,1
133,728,26.0,5,1
133,818,11.0,6,0
133,213,10.0,7,0
133,198,6.0,8,0
133,133,6.0,9,0
133,384,4.0,10,0
133,786,4.0,11,0
133,520,3.0,12,0
133,583,3.0,13,0
133,838,2.0,14,0
133,15,2.0,15,0
133,375,2.0,16,0
133,305,2.0,17,0
133,581,0.0,18,0
133,639,0.0,19,0
133,601,0.0,20,0
133,455,0.0,21,0
134,735,96.0,1,8
134,838,34.0,2,0
134,384,32.0,3,1
134,316,32.0,4,1
134,198,30.0,5,1
134,520,17.0,6,0
134,818,11.0,7,0
134,601,6.0,8,0
134,786,6.0,9,0
134,373,4.0,10,0
134,455,4.0,11,0
134,305,3.0,12,0
134,15,3.0,13,0
134,133,2.0,14,0
134,639,2.0,15,0
134,844,2.0,16,0
134,728,2.0,17,0
134,583,0.0,18,0
134,686,0.0,19,0
134,581,0.0,20,0
134,375,0.0,21,0
134,213,0.0,22,0
135,735,106.0,1,9
135,316,40.0,2,0
135,198,36.0,3,1
135,686,35.0,4,1
135,384,32.0,5,1
135,818,17.0,6,0
135,133,11.0,7,0
135,583,7.0,8,0
135,639,6.0,9,0
135,213,4.0,10,0
135,838,4.0,11,0
135,305,3.0,12,0
135,375,3.0,13,0
135,728,2.0,14,0
135,15,2.0,15,0
135,844,2.0,16,0
135,520,2.0,17,0
135,455,0.0,18,0
135,601,0.0,19,0
135,581,0.0,20,0
135,786,0.0,21,0
136,686,112.0,1,9
136,735,45.0,2,2
136,198,40.0,3,1
136,838,40.0,4,0
136,384,34.0,5,1
136,213,20.0,6,0
136,133,11.0,7,0
136,15,7.0,8,0
136,818,7.0,9,0
136,583,4.0,10,0
136,316,4.0,11,0
136,728,3.0,12,0
136,786,3.0,13,0
136,455,2.0,14,0
136,639,2.0,15,0
136,601,2.0,16,0
136,100,2.0,17,0
136,520,0.0,18,0
136,305,0.0,19,0
136,844,0.0,20,0
137,735,122.0,1,10
137,686,51.0,2,2
137,316,44.0,3,0
137,384,42.0,4,1
137,198,37.0,5,1
137,305,20.0,6,0
137,639,11.0,7,0
137,844,7.0,8,0
137,455,7.0,9,0
137,818,4.0,10,0
137,583,4.0,11,0
137,728,4.0,12,0
137,213,3.0,13,0
137,786,2.0,14,0
137,133,2.0,15,0
137,838,2.0,16,0
137,15,2.0,17,0
137,100,0.0,18,0
137,520,0.0,19,0
137,601,0.0,20,0
138,686,128.0,1,10
138,735,61.0,2,3
138,305,44.0,3,0
138,15,42.0,4,1
138,520,37.0,5,1
138,728,20.0,6,0
138,384,13.0,7,0
138,213,8.0,8,0
138,844,7.0,9,0
138,818,7.0,10,0
138,639,7.0,11,0
138,583,4.0,12,0
138,373,3.0,13,0
138,316,3.0,14,0
138,838,2.0,15,0
138,601,2.0,16,0
138,133,2.0,17,0
138,786,0.0,18,0
138,455,0.0,19,0
138,198,0.0,20,0
139,686,134.0,1,10
139,735,71.0,2,4
139,384,47.0,3,0
139,316,42.0,4,1
139,15,41.0,5,1
139,844,20.0,6,0
139,213,13.0,7,0
139,520,9.0,8,0
139,818,8.0,9,0
139,305,7.0,10,0
139,583,7.0,11,0
139,728,4.0,12,0
139,581,4.0,13,0
139,639,3.0,14,0
139,455,2.0,15,0
139,198,2.0,16,0
139,838,2.0,17,0
139,373,0.0,18,0
139,601,0.0,19,0
139,786,0.0,20,0
140,735,144.0,1,11
140,686,77.0,2,4
140,838,50.0,3,0
140,316,42.0,4,1
140,583,41.0,5,1
140,520,24.0,6,0
140,818,14.0,7,0
140,639,9.0,8,0
140,305,8.0,9,0
140,601,7.0,10,0
140,198,7.0,11,0
140,786,4.0,12,0
140,213,4.0,13,0
140,15,3.0,14,0
140,844,2.0,15,0
140,373,2.0,16,0
140,728,2.0,17,0
140,384,2.0,18,0
140,133,0.0,19,0
140,455,0.0,20,0
141,735,10.0,1,1
141,384,6.0,2,0
141,686,4.0,3,0
141,818,3.0,4,0
141,581,2.0,5,0
141,838,1.0,6,0
141,728,0.0,7,0
141,161,0.0,8,0
141,70,0.0,9,0
141,590,0.0,10,0
141,305,0.0,11,0
141,741,0.0,12,0
141,213,0.0,13,0
142,735,20.0,1,2
142,686,10.0,2,0
142,384,10.0,3,0
142,581,5.0,4,0
142,198,3.0,5,0
142,503,2.0,6,0
142,590,1.0,7,0
142,15,1.0,8,0
142,70,0.0,9,0
142,161,0.0,10,0
142,520,0.0,11,0
142,342,0.0,12,0
142,741,0.0,13,0
142,191,0.0,14,0
142,213,0.0,15,0
142,844,0.0,16,0
142,818,0.0,17,0
142,375,0.0,18,0
142,316,0.0,19,0
143,384,26.0,1,2
143,735,20.0,2,1
143,818,10.0,3,0
143,728,7.0,4,0
143,15,5.0,5,0
143,213,3.0,6,0
143,844,2.0,7,0
143,70,2.0,8,0
143,191,1.0,9,0
143,520,1.0,10,0
143,581,1.0,11,0
143,838,0.0,12,0
143,198,0.0,13,0
143,342,0.0,14,0
143,305,0.0,15,0
143,316,0.0,16,0
143,590,0.0,17,0
143,161,0.0,18,0
143,741,0.0,19,0
143,375,0.0,20,0
144,198,26.0,1,2
144,384,26.0,2,1
144,686,14.0,3,0
144,503,12.0,4,1
144,15,7.0,5,0
144,581,6.0,6,0
144,818,4.0,7,0
144,728,4.0,8,0
144,70,3.0,9,0
144,375,1.0,10,0
144,161,1.0,11,0
144,520,0.0,12,0
144,191,0.0,13,0
144,316,0.0,14,0
144,305,0.0,15,0
144,213,0.0,16,0
144,844,0.0,17,0
144,342,0.0,18,0
144,735,0.0,19,0
144,838,0.0,20,0
144,590,0.0,21,0
145,735,36.0,1,3
145,316,28.0,2,1
145,844,14.0,3,0
145,15,12.0,4,1
145,384,8.0,5,0
145,818,7.0,6,0
145,728,6.0,7,0
145,838,6.0,8,0
145,503,4.0,9,0
145,70,4.0,10,0
145,161,3.0,11,0
145,590,1.0,12,0
145,741,1.0,13,0
145,213,0.0,14,0
145,520,0.0,15,0
145,191,0.0,16,0
145,686,0.0,17,0
145,305,0.0,18,0
145,198,0.0,19,0
145,375,0.0,20,0
145,786,0.0,21,0
145,581,0.0,22,0
146,384,42.0,1,3
146,735,38.0,2,2
146,686,18.0,3,0
146,838,12.0,4,1
146,728,8.0,5,0
146,590,7.0,6,0
146,305,6.0,7,0
146,844,6.0,8,0
146,818,5.0,9,0
146,70,4.0,10,0
146,161,4.0,11,0
146,520,4.0,12,0
146,786,1.0,13,0
146,316,1.0,14,0
146,741,0.0,15,0
146,191,0.0,16,0
146,375,0.0,17,0
146,15,0.0,18,0
146,198,0.0,19,0
146,213,0.0,20,0
146,503,0.0,21,0
146,581,0.0,22,0
147,735,52.0,1,4
147,686,40.0,2,2
147,305,24.0,3,0
147,844,12.0,4,1
147,384,8.0,5,0
147,70,7.0,6,0
147,520,7.0,7,0
147,590,6.0,8,0
147,375,6.0,9,0
147,838,5.0,10,0
147,198,4.0,11,0
147,191,4.0,12,0
147,741,4.0,13,0
147,581,1.0,14,0
147,213,1.0,15,0
147,15,1.0,16,0
147,161,0.0,17,0
147,786,0.0,18,0
147,503,0.0,19,0
147,728,0.0,20,0
147,316,0.0,21,0
147,818,0.0,22,0
148,198,58.0,1,4
148,735,40.0,2,2
148,503,24.0,3,0
148,838,22.0,4,2
148,70,8.0,5,0
148,786,8.0,6,0
148,282,7.0,7,0
148,161,7.0,8,0
148,191,7.0,9,0
148,590,6.0,10,0
148,15,6.0,11,0
148,384,5.0,12,0
148,728,4.0,13,0
148,844,3.0,14,0
148,375,1.0,15,0
148,316,1.0,16,0
148,686,1.0,17,0
148,520,0.0,18,0
148,741,0.0,19,0
148,818,0.0,20,0
148,305,0.0,21,0
148,213,0.0,22,0
149,735,68.0,1,5
149,316,44.0,2,2
149,384,26.0,3,0
149,198,25.0,4,2
149,686,12.0,5,0
149,503,9.0,6,0
149,305,8.0,7,0
149,786,7.0,8,0
149,844,7.0,9,0
149,838,7.0,10,0
149,213,6.0,11,0
149,161,5.0,12,0
149,520,4.0,13,0
149,741,3.0,14,0
149,70,1.0,15,0
149,590,1.0,16,0
149,818,1.0,17,0
149,581,0.0,18,0
149,15,0.0,19,0
149,375,0.0,20,0
149,728,0.0,21,0
149,191,0.0,22,0
150,735,78.0,1,6
150,198,47.0,2,2
150,686,31.0,3,2
150,384,30.0,4,0
150,15,12.0,5,0
150,818,9.0,6,0
150,838,9.0,7,0
150,581,9.0,8,0
150,728,7.0,9,0
150,161,7.0,10,0
150,213,6.0,11,0
150,70,5.0,12,0
150,590,4.0,13,0
150,786,3.0,14,0
150,191,1.0,15,0
150,520,1.0,16,0
150,741,1.0,17,0
150,305,0.0,18,0
150,316,0.0,19,0
150,375,0.0,20,0
150,844,0.0,21,0
150,503,0.0,22,0
151,503,84.0,1,6
151,735,47.0,2,2
151,686,34.0,3,0
151,316,31.0,4,2
151,838,19.0,5,1
151,818,15.0,6,0
151,581,10.0,7,0
151,844,9.0,8,0
151,305,9.0,9,0
151,590,7.0,10,0
151,70,6.0,11,0
151,786,5.0,12,0
151,213,4.0,13,0
151,375,3.0,14,0
151,520,1.0,15,0
151,741,1.0,16,0
151,198,1.0,17,0
151,161,0.0,18,0
151,384,0.0,19,0
151,15,0.0,20,0
151,728,0.0,21,0
151,191,0.0,22,0
152,198,84.0,1,6
152,686,47.0,2,2
152,844,41.0,3,3
152,213,40.0,4,0
152,520,19.0,5,1
152,70,15.0,6,0
152,728,11.0,7,0
152,375,10.0,8,0
152,590,9.0,9,0
152,741,9.0,10,0
152,15,6.0,11,0
152,384,5.0,12,0
152,191,4.0,13,0
152,316,4.0,14,0
152,735,4.0,15,0
152,161,2.0,16,0
152,838,1.0,17,0
152,305,1.0,18,0
152,503,0.0,19,0
152,282,0.0,20,0
152,818,0.0,21,0
152,786,0.0,22,0
153,735,94.0,1,7
153,686,51.0,2,2
153,384,46.0,3,0
153,198,44.0,4,3
153,503,21.0,5,1
153,818,15.0,6,0
153,838,11.0,7,0
153,316,11.0,8,0
153,844,9.0,9,0
153,70,9.0,10,0
153,786,6.0,11,0
153,590,5.0,12,0
153,213,4.0,13,0
153,581,4.0,14,0
153,191,4.0,15,0
153,728,2.0,16,0
153,15,1.0,17,0
153,741,1.0,18,0
153,520,0.0,19,0
153,375,0.0,20,0
153,161,0.0,21,0
153,305,0.0,22,0
154,735,104.0,1,8
154,384,57.0,2,2
154,213,48.0,3,0
154,503,44.0,4,3
154,686,24.0,5,1
154,70,15.0,6,0
154,198,11.0,7,0
154,844,11.0,8,0
154,581,9.0,9,0
154,590,9.0,10,0
154,728,8.0,11,0
154,375,6.0,12,0
154,191,5.0,13,0
154,15,5.0,14,0
154,520,4.0,15,0
154,316,2.0,16,0
154,786,1.0,17,0
154,818,1.0,18,0
154,838,0.0,19,0
154,305,0.0,20,0
154,161,0.0,21,0
154,741,0.0,22,0
155,316,107.0,1,8
155,686,57.0,2,2
155,198,54.0,3,0
155,735,48.0,4,3
155,786,25.0,5,1
155,844,24.0,6,1
155,838,12.0,7,0
155,70,11.0,8,0
155,728,9.0,9,0
155,213,9.0,10,0
155,818,8.0,11,0
155,186,6.0,12,0
155,741,5.0,13,0
155,375,5.0,14,0
155,373,4.0,15,0
155,581,3.0,16,0
155,590,2.0,17,0
155,503,1.0,18,0
155,305,0.0,19,0
155,384,0.0,20,0
155,520,0.0,21,0
155,15,0.0,22,0
156,503,113.0,1,8
156,735,61.0,2,2
156,384,54.0,3,0
156,15,48.0,4,3
156,305,34.0,5,2
156,818,25.0,6,1
156,70,12.0,7,0
156,213,12.0,8,0
156,520,12.0,9,0
156,581,9.0,10,0
156,728,8.0,11,0
156,786,6.0,12,0
156,375,6.0,13,0
156,186,5.0,14,0
156,686,5.0,15,0
156,844,3.0,16,0
156,590,2.0,17,0
156,316,1.0,18,0
156,373,0.0,19,0
156,198,0.0,20,0
156,741,0.0,21,0
156,838,0.0,22,0
157,735,123.0,1,9
157,316,65.0,2,2
157,384,56.0,3,0
157,503,49.0,4,3
157,686,37.0,5,2
157,198,31.0,6,1
157,520,12.0,7,0
157,15,12.0,8,0
157,818,12.0,9,0
157,844,9.0,10,0
157,741,8.0,11,0
157,581,6.0,12,0
157,728,6.0,13,0
157,375,5.0,14,0
157,590,5.0,15,0
157,373,3.0,16,0
157,213,2.0,17,0
157,786,1.0,18,0
157,186,0.0,19,0
157,305,0.0,20,0
157,838,0.0,21,0
157,70,0.0,22,0
158,735,10.0,1,1
158,686,6.0,2,0
158,198,4.0,3,0
158,844,3.0,4,0
158,213,2.0,5,0
158,282,1.0,6,0
158,482,0.0,7,0
158,423,0.0,8,0
158,818,0.0,9,0
159,735,20.0,1,2
159,213,8.0,2,0
159,581,6.0,3,0
159,15,6.0,4,0
159,198,4.0,5,0
159,520,3.0,6,0
159,590,3.0,7,0
159,786,1.0,8,0
159,282,1.0,9,0
159,342,0.0,10,0
159,384,0.0,11,0
159,173,0.0,12,0
159,423,0.0,13,0
159,503,0.0,14,0
159,686,0.0,15,0
160,735,30.0,1,3
160,503,9.0,2,0
160,384,8.0,3,0
160,686,6.0,4,0
160,844,6.0,5,0
160,639,5.0,6,0
160,305,4.0,7,0
160,116,4.0,8,0
160,482,3.0,9,0
160,173,1.0,10,0
160,213,1.0,11,0
160,282,1.0,12,0
160,342,0.0,13,0
160,590,0.0,14,0
160,15,0.0,15,0
160,786,0.0,16,0
160,198,0.0,17,0
160,70,0.0,18,0
160,818,0.0,19,0
160,520,0.0,20,0
160,423,0.0,21,0
161,384,34.0,1,3
161,503,14.0,2,1
161,735,12.0,3,0
161,198,9.0,4,0
161,520,9.0,5,0
161,15,8.0,6,0
161,213,5.0,7,0
161,639,4.0,8,0
161,482,4.0,9,0
161,70,3.0,10,0
161,116,1.0,11,0
161,173,1.0,12,0
161,305,0.0,13,0
161,423,0.0,14,0
161,342,0.0,15,0
161,844,0.0,16,0
161,581,0.0,17,0
161,818,0.0,18,0
161,282,0.0,19,0
161,686,0.0,20,0
161,786,0.0,21,0
161,590,0.0,22,0
162,503,36.0,1,3
162,384,22.0,2,1
162,686,20.0,3,1
162,198,13.0,4,0
162,735,12.0,5,0
162,581,8.0,6,0
162,639,5.0,7,0
162,282,5.0,8,0
162,213,4.0,9,0
162,482,3.0,10,0
162,305,1.0,11,0
162,15,1.0,12,0
162,173,0.0,13,0
162,423,0.0,14,0
162,342,0.0,15,0
162,818,0.0,16,0
162,520,0.0,17,0
162,590,0.0,18,0
162,844,0.0,19,0
162,70,0.0,20,0
162,786,0.0,21,0
162,116,0.0,22,0
163,735,46.0,1,4
163,503,28.0,2,1
163,384,24.0,3,1
163,686,16.0,4,0
163,213,12.0,5,0
163,786,10.0,6,0
163,116,5.0,7,0
163,342,5.0,8,0
163,70,4.0,9,0
163,520,3.0,10,0
163,173,1.0,11,0
163,482,1.0,12,0
163,282,1.0,13,0
163,423,0.0,14,0
163,844,0.0,15,0
163,305,0.0,16,0
163,590,0.0,17,0
163,198,0.0,18,0
163,639,0.0,19,0
163,581,0.0,20,0
163,15,0.0,21,0
164,384,46.0,1,4
164,686,34.0,2,2
164,213,29.0,3,1
164,305,22.0,4,0
164,639,14.0,5,0
164,503,12.0,6,0
164,844,5.0,7,0
164,818,5.0,8,0
164,173,4.0,9,0
164,581,3.0,10,0
164,590,3.0,11,0
164,735,3.0,12,0
164,282,1.0,13,0
164,198,1.0,14,0
164,15,0.0,15,0
164,116,0.0,16,0
164,70,0.0,17,0
164,342,0.0,18,0
164,423,0.0,19,0
164,482,0.0,20,0
164,520,0.0,21,0
164,786,0.0,22,0
165,735,56.0,1,5
165,686,34.0,2,2
165,213,32.0,3,1
165,503,28.0,4,0
165,590,18.0,5,0
165,15,12.0,6,0
165,384,5.0,7,0
165,282,5.0,8,0
165,482,5.0,9,0
165,116,3.0,10,0
165,520,3.0,11,0
165,342,3.0,12,0
165,305,2.0,13,0
165,198,1.0,14,0
165,844,1.0,15,0
165,423,0.0,16,0
165,786,0.0,17,0
165,639,0.0,18,0
165,70,0.0,19,0
165,818,0.0,20,0
165,581,0.0,21,0
165,173,0.0,22,0
166,384,56.0,1,5
166,503,44.0,2,3
166,686,38.0,3,1
166,844,32.0,4,0
166,198,18.0,5,0
166,15,14.0,6,0
166,581,8.0,7,0
166,520,6.0,8,0
166,213,5.0,9,0
166,639,3.0,10,0
166,116,3.0,11,0
166,818,3.0,12,0
166,305,2.0,13,0
166,70,1.0,14,0
166,423,1.0,15,0
166,735,0.0,16,0
166,786,0.0,17,0
166,482,0.0,18,0
166,342,0.0,19,0
166,590,0.0,20,0
166,173,0.0,21,0
166,282,0.0,22,0
167,503,56.0,1,5
167,384,50.0,2,3
167,686,48.0,3,2
167,844,36.0,4,0
167,520,18.0,5,0
167,639,14.0,6,0
167,173,11.0,7,0
167,423,6.0,8,0
167,116,5.0,9,0
167,482,5.0,10,0
167,161,4.0,11,0
167,342,3.0,12,0
167,282,2.0,13,0
167,198,1.0,14,0
167,818,1.0,15,0
167,70,0.0,16,0
167,786,0.0,17,0
167,590,0.0,18,0
167,581,0.0,19,0
167,735,0.0,20,0
167,15,0.0,21,0
167,213,0.0,22,0
168,686,56.0,1,5
168,503,54.0,2,3
168,384,54.0,3,2
168,520,46.0,4,1
168,639,18.0,5,0
168,786,14.0,6,0
168,198,11.0,7,0
168,844,8.0,8,0
168,15,6.0,9,0
168,305,6.0,10,0
168,342,5.0,11,0
168,818,3.0,12,0
168,581,2.0,13,0
168,590,2.0,14,0
168,282,1.0,15,0
168,423,0.0,16,0
168,482,0.0,17,0
168,116,0.0,18,0
168,70,0.0,19,0
168,173,0.0,20,0
168,735,0.0,21,0
168,213,0.0,22,0
169,503,64.0,1,3
169,735,62.0,2,5
169,384,58.0,3,3
169,686,49.0,4,1
169,198,18.0,5,0
169,581,16.0,6,0
169,15,11.0,7,0
169,305,8.0,8,0
169,520,6.0,9,0
169,639,6.0,10,0
169,482,6.0,11,0
169,844,3.0,12,0
169,590,2.0,13,0
169,282,2.0,14,0
169,423,1.0,15,0
169,786,0.0,16,0
169,342,0.0,17,0
169,173,0.0,18,0
169,116,0.0,19,0
169,213,0.0,20,0
169,818,0.0,21,0
169,70,0.0,22,0
170,503,74.0,1,4
170,735,68.0,2,5
170,198,61.0,3,3
170,384,49.0,4,1
170,520,20.0,5,0
170,581,18.0,6,0
170,844,11.0,7,0
170,173,10.0,8,0
170,639,7.0,9,0
170,305,6.0,10,0
170,116,6.0,11,0
170,282,3.0,12,0
170,482,2.0,13,0
170,423,2.0,14,0
170,590,1.0,15,0
170,786,0.0,16,0
170,342,0.0,17,0
170,686,0.0,18,0
170,70,0.0,19,0
170,818,0.0,20,0
170,213,0.0,21,0
170,15,0.0,22,0
171,735,80.0,1,4
171,503,78.0,2,6
171,198,61.0,3,3
171,590,49.0,4,1
171,482,24.0,5,0
171,282,18.0,6,0
171,639,11.0,7,0
171,116,10.0,8,0
171,423,7.0,9,0
171,342,6.0,10,0
171,213,6.0,11,0
171,70,5.0,12,0
171,818,3.0,13,0
171,844,2.0,14,0
171,520,2.0,15,0
171,173,2.0,16,0
171,686,0.0,17,0
171,384,0.0,18,0
171,15,0.0,19,0
171,581,0.0,20,0
171,786,0.0,21,0
171,305,0.0,22,0
172,735,88.0,1,7
172,686,80.0,2,4
172,581,63.0,3,3
172,844,55.0,4,1
172,384,24.0,5,0
172,282,18.0,6,0
172,305,14.0,7,0
172,116,11.0,8,0
172,818,10.0,9,0
172,482,6.0,10,0
172,173,6.0,11,0
172,423,5.0,12,0
172,70,3.0,13,0
172,342,3.0,14,0
172,198,2.0,15,0
172,786,2.0,16,0
172,213,0.0,17,0
172,590,0.0,18,0
172,503,0.0,19,0
172,639,0.0,20,0
172,520,0.0,21,0
172,15,0.0,22,0
173,735,98.0,1,8
173,503,86.0,2,4
173,384,67.0,3,3
173,686,58.0,4,1
173,520,24.0,5,0
173,844,18.0,6,0
173,173,15.0,7,0
173,305,12.0,8,0
173,282,11.0,9,0
173,639,6.0,10,0
173,116,6.0,11,0
173,786,5.0,12,0
173,15,3.0,13,0
173,213,3.0,14,0
173,342,2.0,15,0
173,423,2.0,16,0
173,198,0.0,17,0
173,818,0.0,18,0
173,482,0.0,19,0
173,581,0.0,20,0
173,70,0.0,21,0
173,590,0.0,22,0
174,735,108.0,1,9
174,384,89.0,2,4
174,686,73.0,3,3
174,503,62.0,4,1
174,844,24.0,5,0
174,305,18.0,6,0
174,482,17.0,7,0
174,639,12.0,8,0
174,213,11.0,9,0
174,590,6.0,10,0
174,70,6.0,11,0
174,15,5.0,12,0
174,342,4.0,13,0
174,173,3.0,14,0
174,282,2.0,15,0
174,198,2.0,16,0
174,423,0.0,17,0
174,520,0.0,18,0
174,581,0.0,19,0
174,786,0.0,20,0
174,818,0.0,21,0
174,116,0.0,22,0
175,305,10.0,1,1
175,581,6.0,2,0
175,198,4.0,3,0
175,213,3.0,4,0
175,686,2.0,5,0
175,786,1.0,6,0
175,58,0.0,7,0
175,735,0.0,8,0
176,503,12.0,1,1
176,735,10.0,2,1
176,581,10.0,3,0
176,198,7.0,4,0
176,305,6.0,5,0
176,728,3.0,6,0
176,482,2.0,7,0
176,58,1.0,8,0
176,423,1.0,9,0
176,786,0.0,10,0
176,844,0.0,11,0
176,569,0.0,12,0
177,735,16.0,1,1
177,384,12.0,2,1
177,686,10.0,3,1
177,380,10.0,4,0
177,213,7.0,5,0
177,70,6.0,6,0
177,639,6.0,7,0
177,160,5.0,8,0
177,423,3.0,9,0
177,173,1.0,10,0
177,569,1.0,11,0
177,116,1.0,12,0
177,728,0.0,13,0
177,305,0.0,14,0
177,581,0.0,15,0
177,58,0.0,16,0
177,198,0.0,17,0
177,503,0.0,18,0
177,786,0.0,19,0
178,735,26.0,1,2
178,305,18.0,2,1
178,503,14.0,3,1
178,581,13.0,4,0
178,213,7.0,5,0
178,482,7.0,6,0
178,15,6.0,7,0
178,569,6.0,8,0
178,686,3.0,9,0
178,198,1.0,10,0
178,70,1.0,11,0
178,116,1.0,12,0
178,728,1.0,13,0
178,384,0.0,14,0
178,639,0.0,15,0
178,58,0.0,16,0
178,844,0.0,17,0
178,173,0.0,18,0
178,786,0.0,19,0
178,423,0.0,20,0
179,503,30.0,1,2
179,384,24.0,2,2
179,735,21.0,3,1
179,305,13.0,4,0
179,198,12.0,5,0
179,15,9.0,6,0
179,380,7.0,7,0
179,639,6.0,8,0
179,213,3.0,9,0
179,482,1.0,10,0
179,786,1.0,11,0
179,58,1.0,12,0
179,160,1.0,13,0
179,844,1.0,14,0
179,116,0.0,15,0
179,173,0.0,16,0
179,581,0.0,17,0
179,70,0.0,18,0
179,569,0.0,19,0
179,728,0.0,20,0
180,503,34.0,1,3
180,213,30.0,2,2
180,305,25.0,3,1
180,198,13.0,4,0
180,173,13.0,5,0
180,116,12.0,6,0
180,384,12.0,7,0
180,423,6.0,8,0
180,728,3.0,9,0
180,160,2.0,10,0
180,581,1.0,11,0
180,569,1.0,12,0
180,58,1.0,13,0
180,844,1.0,14,0
180,735,1.0,15,0
180,786,1.0,16,0
180,380,0.0,17,0
180,686,0.0,18,0
180,282,0.0,19,0
180,70,0.0,20,0
180,15,0.0,21,0
181,581,40.0,1,3
181,503,32.0,2,2
181,686,26.0,3,1
181,198,23.0,4,1
181,735,15.0,5,0
181,305,13.0,6,0
181,15,12.0,7,0
181,728,10.0,8,0
181,282,3.0,9,0
181,160,2.0,10,0
181,786,1.0,11,0
181,213,1.0,12,0
181,380,1.0,13,0
181,569,1.0,14,0
181,844,1.0,15,0
181,482,1.0,16,0
181,423,0.0,17,0
181,70,0.0,18,0
181,384,0.0,19,0
181,116,0.0,20,0
181,173,0.0,21,0
181,58,0.0,22,0
182,384,40.0,1,3
182,305,32.0,2,2
182,198,32.0,3,1
182,581,26.0,4,1
182,380,22.0,5,1
182,116,19.0,6,0
182,213,13.0,7,0
182,686,10.0,8,0
182,15,5.0,9,0
182,482,2.0,10,0
182,569,2.0,11,0
182,173,1.0,12,0
182,728,1.0,13,0
182,70,1.0,14,0
182,423,1.0,15,0
182,58,1.0,16,0
182,282,0.0,17,0
182,503,0.0,18,0
182,844,0.0,19,0
182,160,0.0,20,0
182,786,0.0,21,0
182,735,0.0,22,0
183,305,44.0,1,3
183,384,42.0,2,2
183,503,32.0,3,2
183,581,29.0,4,1
183,482,28.0,5,1
183,116,19.0,6,0
183,15,13.0,7,0
183,380,10.0,8,0
183,639,5.0,9,0
183,728,3.0,10,0
183,423,3.0,11,0
183,213,2.0,12,0
183,160,1.0,13,0
183,173,1.0,14,0
183,282,1.0,15,0
183,686,1.0,16,0
183,70,0.0,17,0
183,786,0.0,18,0
183,569,0.0,19,0
183,844,0.0,20,0
183,58,0.0,21,0
183,198,0.0,22,0
184,305,52.0,1,3
184,639,44.0,2,3
184,581,33.0,3,1
184,198,32.0,4,2
184,384,30.0,5,1
184,728,22.0,6,0
184,482,13.0,7,0
184,70,10.0,8,0
184,423,6.0,9,0
184,160,5.0,10,0
184,173,3.0,11,0
184,786,3.0,12,0
184,503,2.0,13,0
184,569,2.0,14,0
184,282,1.0,15,0
184,58,1.0,16,0
184,380,1.0,17,0
184,15,0.0,18,0
184,213,0.0,19,0
184,686,0.0,20,0
184,844,0.0,21,0
184,116,0.0,22,0
185,503,56.0,1,3
185,384,54.0,2,4
185,305,36.0,3,1
185,581,36.0,4,1
185,686,32.0,5,2
185,380,22.0,6,0
185,482,13.0,7,0
185,15,12.0,8,0
185,198,6.0,9,0
185,728,6.0,10,0
185,173,3.0,11,0
185,639,3.0,12,0
185,282,2.0,13,0
185,160,2.0,14,0
185,786,1.0,15,0
185,70,1.0,16,0
185,423,1.0,17,0
185,844,0.0,18,0
185,213,0.0,19,0
185,58,0.0,20,0
185,116,0.0,21,0
185,569,0.0,22,0
186,384,60.0,1,4
186,503,59.0,2,3
186,581,46.0,3,2
186,305,40.0,4,1
186,198,32.0,5,2
186,380,24.0,6,0
186,639,13.0,7,0
186,569,12.0,8,0
186,70,7.0,9,0
186,686,6.0,10,0
186,213,3.0,11,0
186,15,3.0,12,0
186,728,2.0,13,0
186,482,2.0,14,0
186,844,1.0,15,0
186,423,1.0,16,0
186,786,1.0,17,0
186,160,0.0,18,0
186,282,0.0,19,0
186,173,0.0,20,0
186,116,0.0,21,0
186,58,0.0,22,0
187,581,60.0,1,4
187,198,60.0,2,3
187,639,50.0,3,2
187,686,48.0,4,2
187,384,32.0,5,2
187,305,30.0,6,0
187,569,15.0,7,0
187,844,13.0,8,0
187,70,10.0,9,0
187,380,7.0,10,0
187,728,3.0,11,0
187,173,3.0,12,0
187,58,2.0,13,0
187,786,2.0,14,0
187,503,1.0,15,0
187,15,1.0,16,0
187,282,1.0,17,0
187,160,0.0,18,0
187,482,0.0,19,0
187,116,0.0,20,0
187,213,0.0,21,0
187,423,0.0,22,0
188,173,62.0,1,4
188,15,60.0,2,3
188,686,50.0,3,2
188,198,48.0,4,2
188,503,33.0,5,0
188,423,32.0,6,2
188,305,19.0,7,0
188,282,13.0,8,0
188,728,12.0,9,1
188,844,10.0,10,0
188,160,7.0,11,0
188,786,7.0,12,0
188,213,3.0,13,0
188,639,3.0,14,0
188,58,2.0,15,0
188,384,1.0,16,0
188,70,1.0,17,0
188,581,1.0,18,0
188,569,0.0,19,0
188,380,0.0,20,0
188,482,0.0,21,0
188,116,0.0,22,0
189,305,70.0,1,4
189,735,66.0,2,4
189,503,51.0,3,2
189,173,48.0,4,2
189,686,38.0,5,2
189,581,33.0,6,0
189,70,21.0,7,0
189,482,15.0,8,1
189,423,13.0,9,0
189,569,10.0,10,0
189,213,7.0,11,0
189,844,7.0,12,0
189,116,3.0,13,0
189,786,3.0,14,0
189,160,2.0,15,0
189,384,1.0,16,0
189,198,1.0,17,0
189,58,1.0,18,0
189,282,0.0,19,0
189,728,0.0,20,0
189,380,0.0,21,0
189,15,0.0,22,0
190,503,76.0,1,5
190,735,74.0,2,4
190,305,54.0,3,2
190,581,48.0,4,2
190,198,44.0,5,2
190,70,35.0,6,0
190,173,21.0,7,0
190,686,15.0,8,1
190,844,13.0,9,0
190,482,10.0,10,0
190,116,7.0,11,0
190,282,7.0,12,0
190,786,3.0,13,0
190,213,3.0,14,0
190,58,2.0,15,0
190,160,2.0,16,0
190,384,1.0,17,0
190,423,1.0,18,0
190,380,0.0,19,0
190,728,0.0,20,0
190,15,0.0,21,0
190,569,0.0,22,0
191,503,10.0,1,1
191,384,6.0,2,0
191,581,4.0,3,0
191,305,3.0,4,0
191,844,2.0,5,0
191,173,1.0,6,0
191,482,0.0,7,0
191,380,0.0,8,0
191,728,0.0,9,0
192,503,20.0,1,2
192,384,12.0,2,0
192,735,6.0,3,0
192,482,4.0,4,0
192,581,3.0,5,0
192,213,3.0,6,0
192,844,2.0,7,0
192,305,1.0,8,0
192,70,1.0,9,0
192,60,0.0,10,0
192,173,0.0,11,0
192,380,0.0,12,0
192,728,0.0,13,0
193,735,26.0,1,2
193,503,14.0,2,1
193,305,13.0,3,0
193,482,7.0,4,0
193,70,6.0,5,0
193,384,6.0,6,0
193,213,2.0,7,0
193,380,2.0,8,0
193,581,1.0,9,0
193,686,1.0,10,0
193,15,0.0,11,0
193,58,0.0,12,0
193,119,0.0,13,0
193,719,0.0,14,0
193,728,0.0,15,0
193,331,0.0,16,0
193,844,0.0,17,0
193,173,0.0,18,0
194,384,26.0,1,2
194,735,23.0,2,1
194,305,20.0,3,1
194,844,11.0,4,0
194,581,8.0,5,0
194,70,6.0,6,0
194,198,5.0,7,0
194,331,3.0,8,0
194,639,1.0,9,0
194,380,1.0,10,0
194,728,0.0,11,0
194,719,0.0,12,0
194,58,0.0,13,0
194,15,0.0,14,0
194,119,0.0,15,0
194,116,0.0,16,0
194,503,0.0,17,0
194,213,0.0,18,0
194,482,0.0,19,0
194,173,0.0,20,0
194,60,0.0,21,0
195,503,36.0,1,3
195,384,29.0,2,1
195,735,24.0,3,1
195,482,11.0,4,0
195,686,9.0,5,0
195,844,8.0,6,0
195,173,6.0,7,0
195,581,3.0,8,0
195,15,2.0,9,0
195,70,1.0,10,0
195,198,1.0,11,0
195,60,0.0,12,0
195,58,0.0,13,0
195,119,0.0,14,0
195,331,0.0,15,0
195,728,0.0,16,0
195,380,0.0,17,0
195,305,0.0,18,0
195,213,0.0,19,0
195,639,0.0,20,0
195,116,0.0,21,0
196,503,46.0,1,4
196,213,29.0,2,1
196,305,24.0,3,1
196,639,15.0,4,0
196,844,9.0,5,0
196,116,8.0,6,0
196,173,8.0,7,0
196,380,7.0,8,0
196,119,3.0,9,0
196,735,3.0,10,0
196,58,2.0,11,0
196,70,1.0,12,0
196,15,1.0,13,0
196,728,0.0,14,0
196,198,0.0,15,0
196,482,0.0,16,0
196,60,0.0,17,0
196,384,0.0,18,0
196,686,0.0,19,0
196,581,0.0,20,0
196,331,0.0,21,0
196,719,0.0,22,0
197,735,46.0,1,4
197,213,34.0,2,2
197,305,29.0,3,1
197,482,19.0,4,0
197,686,13.0,5,0
197,60,12.0,6,0
197,119,8.0,7,0
197,719,8.0,8,0
197,116,4.0,9,0
197,844,3.0,10,0
197,331,3.0,11,0
197,380,1.0,12,0
197,728,1.0,13,0
197,581,1.0,14,0
197,384,0.0,15,0
197,173,0.0,16,0
197,639,0.0,17,0
197,503,0.0,18,0
197,198,0.0,19,0
197,70,0.0,20,0
197,15,0.0,21,0
197,58,0.0,22,0
198,735,50.0,1,4
198,305,44.0,2,3
198,503,30.0,3,1
198,844,25.0,4,0
198,482,14.0,5,0
198,384,13.0,6,0
198,70,11.0,7,0
198,173,8.0,8,0
198,213,4.0,9,0
198,686,3.0,10,0
198,728,3.0,11,0
198,590,1.0,12,0
198,639,1.0,13,0
198,116,1.0,14,0
198,581,0.0,15,0
198,198,0.0,16,0
198,119,0.0,17,0
198,58,0.0,18,0
198,15,0.0,19,0
198,331,0.0,20,0
198,380,0.0,21,0
198,719,0.0,22,0
199,735,56.0,1,4
199,503,54.0,2,4
199,305,30.0,3,1
199,482,29.0,4,0
199,213,17.0,5,0
199,198,15.0,6,0
199,844,11.0,7,0
199,119,8.0,8,0
199,58,4.0,9,0
199,70,3.0,10,0
199,116,3.0,11,0
199,728,1.0,12,0
199,686,1.0,13,0
199,590,1.0,14,0
199,384,1.0,15,0
199,15,0.0,16,0
199,719,0.0,17,0
199,331,0.0,18,0
199,173,0.0,19,0
199,639,0.0,20,0
199,581,0.0,21,0
199,380,0.0,22,0
200,503,66.0,1,5
200,384,58.0,2,4
200,735,36.0,3,1
200,305,32.0,4,0
200,198,17.0,5,0
200,844,15.0,6,0
200,380,12.0,7,0
200,173,8.0,8,0
200,482,4.0,9,0
200,15,3.0,10,0
200,119,3.0,11,0
200,719,3.0,12,0
200,590,1.0,13,0
200,331,1.0,14,0
200,213,1.0,15,0
200,70,0.0,16,0
200,581,0.0,17,0
200,686,0.0,18,0
200,116,0.0,19,0
200,639,0.0,20,0
200,728,0.0,21,0
200,58,0.0,22,0
201,503,76.0,1,6
201,384,60.0,2,4
201,844,42.0,3,1
201,380,32.0,4,0
201,735,17.0,5,0
201,198,16.0,6,0
201,213,15.0,7,0
201,305,8.0,8,0
201,581,4.0,9,0
201,70,4.0,10,0
201,482,3.0,11,0
201,15,3.0,12,0
201,58,3.0,13,0
201,639,1.0,14,0
201,728,1.0,15,0
201,331,1.0,16,0
201,173,0.0,17,0
201,119,0.0,18,0
201,686,0.0,19,0
201,590,0.0,20,0
201,116,0.0,21,0
202,735,77.0,1,6
202,384,70.0,2,5
202,844,48.0,3,1
202,380,32.0,4,0
202,581,20.0,5,0
202,503,17.0,6,0
202,70,15.0,7,0
202,213,10.0,8,0
202,198,6.0,9,0
202,173,4.0,10,0
202,116,4.0,11,0
202,728,3.0,12,0
202,590,3.0,13,0
202,58,1.0,14,0
202,119,1.0,15,0
202,482,1.0,16,0
202,686,0.0,17,0
202,15,0.0,18,0
202,639,0.0,19,0
202,305,0.0,20,0
202,331,0.0,21,0
203,380,77.0,1,6
203,198,70.0,2,5
203,70,48.0,3,1
203,581,32.0,4,0
203,116,20.0,5,0
203,15,17.0,6,0
203,384,16.0,7,1
203,119,15.0,8,0
203,213,13.0,9,0
203,735,10.0,10,0
203,305,7.0,11,0
203,331,4.0,12,0
203,844,3.0,13,0
203,58,3.0,14,0
203,590,1.0,15,0
203,503,1.0,16,0
203,482,1.0,17,0
203,173,0.0,18,0
203,686,0.0,19,0
203,728,0.0,20,0
203,639,0.0,21,0
203,719,0.0,22,0
204,735,80.0,1,6
204,305,80.0,2,6
204,198,48.0,3,1
204,503,38.0,4,0
204,70,20.0,5,0
204,380,17.0,6,1
204,581,17.0,7,0
204,213,15.0,8,0
204,58,14.0,9,0
204,686,13.0,10,0
204,331,9.0,11,0
204,719,4.0,12,0
204,15,3.0,13,0
204,590,3.0,14,0
204,844,1.0,15,0
204,639,1.0,16,0
204,482,1.0,17,0
204,384,0.0,18,0
204,728,0.0,19,0
204,119,0.0,20,0
204,173,0.0,21,0
204,116,0.0,22,0
205,503,90.0,1,7
205,735,86.0,2,6
205,384,52.0,3,1
205,305,41.0,4,0
205,581,20.0,5,0
205,213,17.0,6,1
205,482,17.0,7,0
205,844,16.0,8,0
205,380,15.0,9,0
205,70,14.0,10,0
205,686,9.0,11,0
205,728,4.0,12,0
205,590,3.0,13,0
205,639,3.0,14,0
205,119,1.0,15,0
205,58,1.0,16,0
205,331,1.0,17,0
205,198,0.0,18,0
205,173,0.0,19,0
205,719,0.0,20,0
205,15,0.0,21,0
205,116,0.0,22,0
206,503,100.0,1,8
206,305,86.0,2,6
206,384,56.0,3,1
206,380,47.0,4,0
206,581,21.0,5,0
206,844,20.0,6,1
206,70,17.0,7,0
206,213,17.0,8,0
206,482,16.0,9,0
206,173,14.0,10,0
206,728,9.0,11,0
206,15,4.0,12,0
206,119,3.0,13,0
206,735,3.0,14,0
206,58,1.0,15,0
206,331,1.0,16,0
206,686,1.0,17,0
206,590,0.0,18,0
206,639,0.0,19,0
206,198,0.0,20,0
206,116,0.0,21,0
206,719,0.0,22,0
207,384,10.0,1,1
207,735,6.0,2,0
207,503,4.0,3,0
207,251,3.0,4,0
207,728,2.0,5,0
207,171,1.0,6,0
207,119,0.0,7,0
207,581,0.0,8,0
207,15,0.0,9,0
207,116,0.0,10,0
208,844,10.0,1,1
208,251,10.0,2,1
208,728,9.0,3,0
208,503,8.0,4,0
208,735,7.0,5,0
208,70,6.0,6,0
208,173,1.0,7,0
208,213,1.0,8,0
208,581,0.0,9,0
208,384,0.0,10,0
208,171,0.0,11,0
208,15,0.0,12,0
208,639,0.0,13,0
208,119,0.0,14,0
208,590,0.0,15,0
208,305,0.0,16,0
208,380,0.0,17,0
208,805,0.0,18,0
208,198,0.0,19,0
209,844,20.0,1,2
209,305,10.0,2,1
209,198,10.0,3,0
209,173,9.0,4,0
209,503,8.0,5,0
209,251,6.0,6,0
209,70,6.0,7,0
209,639,4.0,8,0
209,15,3.0,9,0
209,60,1.0,10,0
209,171,1.0,11,0
209,116,0.0,12,0
209,119,0.0,13,0
209,590,0.0,14,0
209,805,0.0,15,0
209,380,0.0,16,0
209,213,0.0,17,0
209,686,0.0,18,0
209,728,0.0,19,0
209,581,0.0,20,0
209,735,0.0,21,0
210,581,20.0,1,2
210,735,14.0,2,0
210,305,10.0,3,1
210,213,10.0,4,1
210,70,10.0,5,0
210,503,10.0,6,0
210,171,10.0,7,0
210,728,6.0,8,0
210,639,4.0,9,0
210,590,3.0,10,0
210,805,3.0,11,0
210,116,3.0,12,0
210,844,1.0,13,0
210,384,0.0,14,0
210,686,0.0,15,0
210,173,0.0,16,0
210,198,0.0,17,0
210,119,0.0,18,0
210,380,0.0,19,0
210,251,0.0,20,0
210,60,0.0,21,0
211,735,24.0,1,1
211,686,20.0,2,2
211,305,14.0,3,0
211,728,10.0,4,1
211,639,10.0,5,1
211,213,10.0,6,0
211,60,10.0,7,0
211,590,9.0,8,0
211,251,6.0,9,0
211,805,4.0,10,0
211,581,4.0,11,0
211,119,3.0,12,0
211,171,3.0,13,0
211,70,2.0,14,0
211,844,1.0,15,0
211,198,0.0,16,0
211,173,0.0,17,0
211,15,0.0,18,0
211,384,0.0,19,0
211,503,0.0,20,0
211,380,0.0,21,0
211,116,0.0,22,0
212,844,30.0,1,3
212,728,27.0,2,1
212,70,15.0,3,0
212,735,14.0,4,0
212,173,11.0,5,1
212,384,10.0,6,1
212,503,10.0,7,0
212,581,10.0,8,0
212,213,7.0,9,0
212,251,6.0,10,0
212,590,5.0,11,0
212,305,4.0,12,0
212,60,4.0,13,0
212,846,2.0,14,0
212,15,1.0,15,0
212,116,0.0,16,0
212,198,0.0,17,0
212,686,0.0,18,0
212,639,0.0,19,0
212,119,0.0,20,0
212,380,0.0,21,0
212,805,0.0,22,0
213,735,37.0,1,2
213,70,30.0,2,3
213,213,15.0,3,0
213,581,14.0,4,0
213,173,13.0,5,1
213,119,13.0,6,0
213,384,11.0,7,1
213,116,10.0,8,0
213,380,10.0,9,0
213,846,8.0,10,0
213,728,7.0,11,0
213,639,6.0,12,0
213,590,4.0,13,0
213,482,2.0,14,0
213,686,1.0,15,0
213,15,1.0,16,0
213,198,0.0,17,0
213,805,0.0,18,0
213,844,0.0,19,0
213,503,0.0,20,0
213,305,0.0,21,0
213,60,0.0,22,0
214,735,47.0,1,3
214,581,33.0,2,3
214,305,19.0,3,1
214,844,18.0,4,0
214,70,15.0,5,0
214,198,15.0,6,0
214,384,11.0,7,1
214,173,10.0,8,0
214,213,10.0,9,0
214,15,8.0,10,0
214,805,7.0,11,0
214,380,6.0,12,0
214,639,5.0,13,0
214,482,2.0,14,0
214,116,1.0,15,0
214,745,1.0,16,0
214,686,0.0,17,0
214,60,0.0,18,0
214,503,0.0,19,0
214,590,0.0,20,0
214,119,0.0,21,0
214,191,0.0,22,0
215,844,47.0,1,3
215,70,43.0,2,4
215,482,21.0,3,0
215,384,19.0,4,1
215,198,18.0,5,0
215,380,15.0,6,0
215,213,14.0,7,1
215,15,10.0,8,0
215,745,10.0,9,0
215,191,8.0,10,0
215,119,7.0,11,0
215,503,7.0,12,0
215,60,6.0,13,0
215,590,4.0,14,0
215,305,2.0,15,0
215,639,1.0,16,0
215,173,1.0,17,0
215,735,1.0,18,0
215,686,0.0,19,0
215,116,0.0,20,0
215,581,0.0,21,0
215,805,0.0,22,0
216,251,53.0,1,3
216,735,43.0,2,4
216,503,22.0,3,0
216,15,20.0,4,1
216,198,19.0,5,1
216,70,18.0,6,0
216,119,15.0,7,0
216,380,14.0,8,1
216,745,14.0,9,0
216,590,9.0,10,0
216,213,8.0,11,0
216,686,7.0,12,0
216,639,6.0,13,0
216,844,4.0,14,0
216,60,3.0,15,0
216,805,2.0,16,0
216,173,1.0,17,0
216,116,1.0,18,0
216,384,1.0,19,0
216,581,0.0,20,0
216,305,0.0,21,0
216,191,0.0,22,0
217,844,56.0,1,3
217,380,53.0,2,5
217,173,22.0,3,0
217,735,20.0,4,1
217,198,19.0,5,1
217,119,18.0,6,0
217,15,15.0,7,0
217,251,14.0,8,1
217,305,14.0,9,0
217,805,11.0,10,0
217,70,11.0,11,0
217,191,8.0,12,0
217,639,7.0,13,0
217,384,6.0,14,0
217,590,4.0,15,0
217,116,3.0,16,0
217,213,2.0,17,0
217,581,2.0,18,0
217,686,1.0,19,0
217,503,0.0,20,0
217,846,0.0,21,0
217,60,0.0,22,0
218,735,66.0,1,4
218,213,55.0,2,5
218,581,23.0,3,1
218,173,22.0,4,0
218,844,21.0,5,1
218,251,18.0,6,0
218,116,15.0,7,0
218,70,14.0,8,1
218,846,14.0,9,0
218,305,14.0,10,0
218,639,14.0,11,0
218,60,11.0,12,0
218,380,7.0,13,0
218,805,6.0,14,0
218,15,4.0,15,0
218,503,3.0,16,0
218,590,2.0,17,0
218,198,2.0,18,0
218,384,1.0,19,0
218,191,0.0,20,0
218,686,0.0,21,0
218,119,0.0,22,0
219,384,67.0,1,4
219,70,57.0,2,5
219,581,28.0,3,0
219,213,27.0,4,1
219,844,24.0,5,2
219,735,21.0,6,1
219,251,18.0,7,0
219,305,17.0,8,0
219,503,15.0,9,0
219,15,14.0,10,0
219,119,14.0,11,0
219,846,11.0,12,0
219,686,7.0,13,0
219,191,6.0,14,0
219,380,4.0,15,0
219,198,3.0,16,0
219,173,2.0,17,0
219,639,2.0,18,0
219,60,1.0,19,0
219,590,0.0,20,0
219,805,0.0,21,0
219,116,0.0,22,0
220,844,68.0,1,4
220,384,67.0,2,6
220,581,31.0,3,1
220,213,30.0,4,2
220,198,28.0,5,0
220,735,21.0,6,1
220,380,20.0,7,0
220,173,18.0,8,0
220,846,15.0,9,0
220,251,14.0,10,0
220,805,14.0,11,0
220,590,13.0,12,0
220,116,7.0,13,0
220,686,6.0,14,0
220,15,4.0,15,0
220,60,3.0,16,0
220,119,2.0,17,0
220,639,2.0,18,0
220,305,1.0,19,0
220,70,0.0,20,0
220,503,0.0,21,0
220,191,0.0,22,0
221,844,77.0,1,7
221,70,68.0,2,4
221,581,35.0,3,1
221,251,34.0,4,0
221,116,30.0,5,2
221,728,24.0,6,1
221,173,20.0,7,0
221,380,18.0,8,0
221,846,16.0,9,0
221,639,14.0,10,0
221,590,14.0,11,0
221,503,13.0,12,0
221,686,7.0,13,0
221,384,6.0,14,0
221,60,4.0,15,0
221,305,3.0,16,0
221,119,2.0,17,0
221,735,2.0,18,0
221,191,2.0,19,0
221,805,1.0,20,0
221,213,0.0,21,0
221,198,0.0,22,0
222,735,78.0,1,5
222,581,77.0,2,7
222,305,41.0,3,1
222,503,36.0,4,0
222,70,30.0,5,2
222,173,24.0,6,1
222,213,22.0,7,0
222,251,20.0,8,0
222,198,17.0,9,0
222,384,16.0,10,0
222,380,15.0,11,0
222,116,13.0,12,0
222,590,7.0,13,0
222,844,6.0,14,0
222,191,4.0,15,0
222,639,3.0,16,0
222,728,2.0,17,0
222,119,2.0,18,0
222,805,2.0,19,0
222,686,1.0,20,0
222,60,0.0,21,0
222,846,0.0,22,0
223,503,81.0,1,7
223,384,42.0,2,1
223,844,36.0,3,2
223,251,36.0,4,0
223,305,27.0,5,1
223,581,27.0,6,1
223,728,24.0,7,0
223,173,20.0,8,0
223,60,16.0,9,0
223,119,15.0,10,0
223,213,13.0,11,0
223,639,7.0,12,0
223,70,6.0,13,0
223,745,4.0,14,0
223,191,3.0,15,0
223,590,2.0,16,0
223,805,2.0,17,0
223,735,2.0,18,0
223,380,1.0,19,0
223,198,0.0,20,0
223,686,0.0,21,0
223,116,0.0,22,0
224,380,10.0,1,1
224,844,6.0,2,0
224,305,4.0,3,0
224,251,3.0,4,0
224,503,2.0,5,0
224,639,1.0,6,0
224,728,0.0,7,0
224,581,0.0,8,0
224,719,0.0,9,0
224,116,0.0,10,0
224,805,0.0,11,0
225,380,20.0,1,2
225,70,6.0,2,0
225,735,6.0,3,0
225,503,5.0,4,0
225,639,4.0,5,0
225,728,4.0,6,0
225,305,3.0,7,0
225,116,3.0,8,0
225,805,1.0,9,0
225,151,0.0,10,0
225,160,0.0,11,0
225,543,0.0,12,0
225,686,0.0,13,0
225,581,0.0,14,0
225,384,0.0,15,0
225,173,0.0,16,0
226,380,30.0,1,3
226,844,12.0,2,0
226,70,10.0,3,0
226,686,6.0,4,0
226,305,5.0,5,0
226,590,4.0,6,0
226,384,3.0,7,0
226,728,3.0,8,0
226,173,3.0,9,0
226,110,1.0,10,0
226,251,1.0,11,0
226,735,0.0,12,0
226,151,0.0,13,0
226,639,0.0,14,0
226,543,0.0,15,0
226,191,0.0,16,0
226,581,0.0,17,0
226,116,0.0,18,0
226,805,0.0,19,0
226,719,0.0,20,0
226,160,0.0,21,0
227,844,33.0,1,3
227,735,22.0,2,1
227,384,10.0,3,0
227,380,10.0,4,0
227,686,6.0,5,0
227,543,5.0,6,0
227,173,5.0,7,0
227,503,4.0,8,0
227,251,3.0,9,0
227,116,3.0,10,0
227,719,1.0,11,0
227,151,1.0,12,0
227,213,1.0,13,0
227,639,0.0,14,0
227,805,0.0,15,0
227,581,0.0,16,0
227,590,0.0,17,0
227,728,0.0,18,0
227,305,0.0,19,0
227,70,0.0,20,0
227,110,0.0,21,0
227,160,0.0,22,0
228,380,43.0,1,4
228,735,22.0,2,1
228,251,16.0,3,0
228,305,11.0,4,0
228,686,9.0,5,0
228,70,7.0,6,0
228,116,7.0,7,0
228,503,5.0,8,0
228,151,4.0,9,0
228,160,3.0,10,0
228,844,1.0,11,0
228,728,1.0,12,0
228,805,1.0,13,0
228,384,0.0,14,0
228,719,0.0,15,0
228,590,0.0,16,0
228,543,0.0,17,0
228,581,0.0,18,0
228,213,0.0,19,0
228,173,0.0,20,0
228,639,0.0,21,0
228,110,0.0,22,0
229,728,43.0,1,4
229,384,22.0,2,1
229,173,16.0,3,0
229,581,11.0,4,1
229,639,11.0,5,0
229,503,10.0,6,0
229,305,9.0,7,0
229,844,7.0,8,0
229,70,7.0,9,0
229,160,6.0,10,0
229,380,5.0,11,0
229,543,4.0,12,0
229,251,3.0,13,0
229,116,1.0,14,0
229,719,1.0,15,0
229,805,0.0,16,0
229,735,0.0,17,0
229,686,0.0,18,0
229,151,0.0,19,0
229,213,0.0,20,0
229,590,0.0,21,0
229,110,0.0,22,0
230,735,43.0,1,4
230,70,26.0,2,1
230,844,26.0,3,1
230,581,17.0,4,0
230,503,11.0,5,1
230,116,10.0,6,0
230,590,9.0,7,0
230,686,8.0,8,0
230,251,7.0,9,0
230,173,7.0,10,0
230,543,6.0,11,0
230,639,5.0,12,0
230,380,4.0,13,0
230,805,1.0,14,0
230,305,1.0,15,0
230,728,1.0,16,0
230,213,0.0,17,0
230,384,0.0,18,0
230,719,0.0,19,0
230,151,0.0,20,0
230,160,0.0,21,0
230,110,0.0,22,0
231,380,53.0,1,5
231,844,32.0,2,1
231,70,26.0,3,1
231,384,21.0,4,0
231,503,13.0,5,0
231,543,11.0,6,1
231,173,10.0,7,0
231,213,9.0,8,0
231,151,7.0,9,0
231,160,7.0,10,0
231,251,6.0,11,0
231,735,5.0,12,0
231,728,4.0,13,0
231,639,2.0,14,0
231,116,1.0,15,0
231,686,1.0,16,0
231,110,0.0,17,0
231,581,0.0,18,0
231,590,0.0,19,0
231,719,0.0,20,0
231,805,0.0,21,0
231,305,0.0,22,0
232,380,63.0,1,6
232,844,38.0,2,1
232,70,26.0,3,1
232,251,25.0,4,0
232,503,14.0,5,0
232,384,12.0,6,0
232,728,11.0,7,1
232,543,10.0,8,0
232,686,9.0,9,0
232,639,7.0,10,0
232,719,6.0,11,0
232,151,5.0,12,0
232,173,4.0,13,0
232,581,2.0,14,0
232,805,1.0,15,0
232,160,1.0,16,0
232,116,0.0,17,0
232,590,0.0,18,0
232,305,0.0,19,0
232,213,0.0,20,0
232,110,0.0,21,0
232,735,0.0,22,0
233,844,63.0,1,6
233,251,48.0,2,2
233,503,26.0,3,1
233,686,25.0,4,0
233,384,16.0,5,0
233,543,16.0,6,0
233,639,16.0,7,0
233,581,11.0,8,1
233,173,10.0,9,0
233,590,9.0,10,0
233,213,6.0,11,0
233,70,5.0,12,0
233,728,4.0,13,0
233,116,3.0,14,0
233,380,1.0,15,0
233,151,1.0,16,0
233,719,0.0,17,0
233,805,0.0,18,0
233,305,0.0,19,0
233,735,0.0,20,0
233,110,0.0,21,0
233,160,0.0,22,0
234,380,73.0,1,7
234,70,52.0,2,2
234,844,31.0,3,0
234,735,29.0,4,1
234,384,18.0,5,0
234,686,16.0,6,0
234,728,16.0,7,0
234,581,11.0,8,1
234,639,11.0,9,0
234,543,9.0,10,0
234,719,6.0,11,0
234,151,5.0,12,0
234,251,4.0,13,0
234,305,3.0,14,0
234,173,1.0,15,0
234,116,1.0,16,0
234,805,0.0,17,0
234,503,0.0,18,0
234,590,0.0,19,0
234,141,0.0,20,0
235,844,79.0,1,7
235,380,62.0,2,3
235,70,35.0,3,0
235,503,29.0,4,1
235,728,19.0,5,0
235,686,18.0,6,0
235,805,16.0,7,0
235,719,13.0,8,1
235,735,12.0,9,0
235,141,9.0,10,0
235,251,6.0,11,0
235,581,5.0,12,0
235,173,4.0,13,0
235,305,3.0,14,0
235,151,1.0,15,0
235,384,1.0,16,0
235,590,0.0,17,0
235,543,0.0,18,0
235,116,0.0,19,0
235,639,0.0,20,0
236,735,81.0,1,7
236,844,68.0,2,3
236,503,39.0,3,2
236,70,38.0,4,0
236,380,23.0,5,0
236,251,18.0,6,0
236,639,17.0,7,0
236,805,13.0,8,1
236,719,12.0,9,0
236,151,9.0,10,0
236,384,6.0,11,0
236,543,5.0,12,0
236,305,4.0,13,0
236,686,3.0,14,0
236,116,1.0,15,0
236,590,1.0,16,0
236,581,0.0,17,0
236,173,0.0,18,0
236,728,0.0,19,0
236,141,0.0,20,0
237,735,81.0,1,7
237,70,68.0,2,3
237,503,49.0,3,3
237,543,44.0,4,0
237,686,27.0,5,0
237,116,18.0,6,0
237,844,17.0,7,0
237,590,14.0,8,0
237,173,13.0,9,1
237,805,9.0,10,0
237,719,6.0,11,0
237,305,6.0,12,0
237,151,5.0,13,0
237,639,4.0,14,0
237,581,2.0,15,0
237,380,1.0,16,0
237,141,0.0,17,0
237,251,0.0,18,0
237,728,0.0,19,0
237,384,0.0,20,0
238,844,87.0,1,7
238,380,78.0,2,4
238,735,53.0,3,3
238,70,47.0,4,0
238,305,27.0,5,0
238,251,18.0,6,0
238,581,18.0,7,0
238,173,14.0,8,0
238,543,13.0,9,1
238,728,11.0,10,0
238,639,6.0,11,0
238,805,6.0,12,0
238,384,5.0,13,0
238,719,4.0,14,0
238,141,2.0,15,0
238,151,1.0,16,0
238,503,0.0,17,0
238,590,0.0,18,0
238,116,0.0,19,0
238,686,0.0,20,0
239,380,97.0,1,8
239,735,78.0,2,4
239,503,59.0,3,3
239,251,47.0,4,0
239,543,31.0,5,0
239,581,21.0,6,0
239,728,18.0,7,0
239,384,14.0,8,0
239,686,13.0,9,1
239,173,11.0,10,0
239,590,8.0,11,0
239,151,7.0,12,0
239,719,5.0,13,0
239,305,4.0,14,0
239,805,2.0,15,0
239,844,1.0,16,0
239,639,0.0,17,0
239,116,0.0,18,0
239,70,0.0,19,0
239,141,0.0,20,0
240,735,10.0,1,1
240,384,6.0,2,0
240,251,4.0,3,0
240,503,3.0,4,0
240,70,2.0,5,0
240,807,1.0,6,0
240,639,0.0,7,0
240,763,0.0,8,0
240,110,0.0,9,0
240,116,0.0,10,0
241,380,14.0,1,1
241,70,10.0,2,1
241,735,8.0,3,0
241,173,6.0,4,0
241,581,5.0,5,0
241,251,3.0,6,0
241,728,3.0,7,0
241,805,2.0,8,0
241,468,1.0,9,0
241,116,0.0,10,0
241,127,0.0,11,0
241,639,0.0,12,0
241,763,0.0,13,0
241,586,0.0,14,0
241,846,0.0,15,0
241,72,0.0,16,0
242,380,20.0,1,2
242,70,14.0,2,1
242,251,14.0,3,0
242,384,9.0,4,0
242,503,9.0,5,0
242,581,5.0,6,0
242,173,3.0,7,0
242,305,3.0,8,0
242,728,1.0,9,0
242,182,0.0,10,0
242,763,0.0,11,0
242,586,0.0,12,0
242,846,0.0,13,0
242,160,0.0,14,0
242,116,0.0,15,0
242,127,0.0,16,0
242,353,0.0,17,0
242,683,0.0,18,0
242,468,0.0,19,0
242,686,0.0,20,0
242,805,0.0,21,0
243,735,24.0,1,2
243,173,23.0,2,2
243,251,14.0,3,0
243,380,13.0,4,0
243,305,9.0,5,0
243,728,9.0,6,0
243,686,5.0,7,0
243,581,3.0,8,0
243,543,2.0,9,0
243,639,1.0,10,0
243,846,1.0,11,0
243,590,0.0,12,0
243,353,0.0,13,0
243,586,0.0,14,0
243,468,0.0,15,0
243,805,0.0,16,0
243,384,0.0,17,0
243,503,0.0,18,0
243,72,0.0,19,0
243,683,0.0,20,0
243,127,0.0,21,0
243,70,0.0,22,0
243,160,0.0,23,0
243,182,0.0,24,0
243,116,0.0,25,0
244,735,34.0,1,3
244,380,29.0,2,2
244,251,17.0,3,0
244,173,14.0,4,0
244,807,12.0,5,0
244,581,9.0,6,0
244,586,5.0,7,0
244,244,4.0,8,0
244,846,3.0,9,0
244,116,2.0,10,0
244,160,1.0,11,0
244,728,0.0,12,0
244,639,0.0,13,0
244,686,0.0,14,0
244,683,0.0,15,0
244,70,0.0,16,0
244,543,0.0,17,0
244,72,0.0,18,0
244,805,0.0,19,0
244,110,0.0,20,0
244,305,0.0,21,0
244,384,0.0,22,0
244,127,0.0,23,0
244,503,0.0,24,0
244,590,0.0,25,0
244,468,0.0,26,0
245,70,36.0,1,3
245,686,29.0,2,2
245,305,24.0,3,1
245,728,17.0,4,0
245,735,12.0,5,0
245,846,9.0,6,0
245,639,6.0,7,0
245,160,6.0,8,0
245,72,5.0,9,0
245,543,4.0,10,0
245,251,4.0,11,0
245,586,3.0,12,0
245,127,1.0,13,0
245,380,0.0,14,0
245,807,0.0,15,0
245,805,0.0,16,0
245,683,0.0,17,0
245,581,0.0,18,0
245,116,0.0,19,0
245,244,0.0,20,0
245,110,0.0,21,0
245,384,0.0,22,0
245,173,0.0,23,0
245,503,0.0,24,0
246,735,46.0,1,4
246,380,35.0,2,2
246,384,26.0,3,1
246,543,17.0,4,0
246,70,13.0,5,0
246,686,12.0,6,0
246,503,7.0,7,0
246,728,6.0,8,0
246,305,5.0,9,0
246,581,4.0,10,0
246,807,4.0,11,0
246,251,3.0,12,0
246,160,3.0,13,0
246,846,1.0,14,0
246,639,0.0,15,0
246,127,0.0,16,0
246,110,0.0,17,0
246,244,0.0,18,0
246,683,0.0,19,0
246,586,0.0,20,0
246,173,0.0,21,0
246,72,0.0,22,0
246,805,0.0,23,0
246,116,0.0,24,0
247,173,46.0,1,4
247,70,35.0,2,2
247,384,32.0,3,1
247,728,22.0,4,1
247,807,17.0,5,0
247,581,17.0,6,0
247,586,7.0,7,0
247,639,7.0,8,0
247,244,6.0,9,0
247,160,5.0,10,0
247,686,5.0,11,0
247,683,5.0,12,0
247,127,3.0,13,0
247,735,1.0,14,0
247,380,0.0,15,0
247,827,0.0,16,0
247,805,0.0,17,0
247,110,0.0,18,0
247,503,0.0,19,0
247,251,0.0,20,0
247,543,0.0,21,0
247,72,0.0,22,0
247,116,0.0,23,0
247,305,0.0,24,0
248,735,56.0,1,5
248,384,35.0,2,2
248,251,32.0,3,1
248,173,25.0,4,1
248,244,23.0,5,0
248,763,21.0,6,0
248,805,7.0,7,0
248,110,7.0,8,0
248,305,6.0,9,0
248,503,5.0,10,0
248,581,5.0,11,0
248,160,5.0,12,0
248,141,3.0,13,0
248,127,2.0,14,0
248,686,1.0,15,0
248,807,1.0,16,0
248,728,0.0,17,0
248,70,0.0,18,0
248,586,0.0,19,0
248,72,0.0,20,0
248,116,0.0,21,0
248,380,0.0,22,0
248,639,0.0,23,0
248,827,0.0,24,0
249,380,56.0,1,5
249,384,45.0,2,3
249,251,32.0,3,1
249,173,29.0,4,0
249,581,28.0,5,1
249,728,25.0,6,0
249,686,8.0,7,0
249,160,7.0,8,0
249,151,7.0,9,0
249,244,6.0,10,0
249,735,5.0,11,0
249,110,5.0,12,0
249,305,3.0,13,0
249,543,2.0,14,0
249,639,1.0,15,0
249,807,1.0,16,0
249,805,0.0,17,0
249,827,0.0,18,0
249,70,0.0,19,0
249,116,0.0,20,0
249,72,0.0,21,0
249,127,0.0,22,0
249,141,0.0,23,0
249,503,0.0,24,0
250,735,66.0,1,6
250,380,51.0,2,3
250,543,32.0,3,1
250,581,29.0,4,0
250,807,28.0,5,1
250,686,25.0,6,0
250,173,10.0,7,0
250,639,8.0,8,0
250,728,8.0,9,0
250,151,7.0,10,0
250,244,7.0,11,0
250,72,6.0,12,0
250,116,5.0,13,0
250,127,2.0,14,0
250,805,1.0,15,0
250,141,1.0,16,0
250,160,0.0,17,0
250,251,0.0,18,0
250,305,0.0,19,0
250,827,0.0,20,0
250,110,0.0,21,0
250,384,0.0,22,0
250,70,0.0,23,0
250,503,0.0,24,0
251,173,66.0,1,6
251,503,51.0,2,3
251,581,38.0,3,2
251,807,32.0,4,1
251,639,29.0,5,0
251,244,25.0,6,0
251,827,14.0,7,0
251,72,11.0,8,0
251,116,10.0,9,0
251,805,8.0,10,0
251,70,8.0,11,0
251,686,7.0,12,0
251,305,6.0,13,0
251,251,3.0,14,0
251,160,2.0,15,0
251,735,1.0,16,0
251,380,1.0,17,0
251,728,0.0,18,0
251,384,0.0,19,0
251,543,0.0,20,0
251,141,0.0,21,0
251,151,0.0,22,0
251,110,0.0,23,0
251,127,0.0,24,0
252,384,72.0,1,6
252,735,55.0,2,3
252,380,39.0,3,1
252,251,38.0,4,2
252,70,34.0,5,1
252,581,28.0,6,0
252,173,15.0,7,0
252,543,11.0,8,0
252,807,10.0,9,0
252,305,8.0,10,0
252,686,8.0,11,0
252,244,7.0,12,0
252,639,6.0,13,0
252,160,3.0,14,0
252,72,2.0,15,0
252,116,1.0,16,0
252,127,1.0,17,0
252,110,0.0,18,0
252,503,0.0,19,0
252,795,0.0,20,0
252,728,0.0,21,0
252,151,0.0,22,0
252,805,0.0,23,0
252,827,0.0,24,0
253,735,82.0,1,7
253,70,55.0,2,3
253,384,43.0,3,1
253,686,40.0,4,2
253,173,40.0,5,1
253,305,28.0,6,0
253,543,15.0,7,0
253,503,11.0,8,0
253,151,11.0,9,0
253,639,10.0,10,0
253,160,8.0,11,0
253,827,7.0,12,0
253,116,7.0,13,0
253,288,3.0,14,0
253,795,2.0,15,0
253,380,1.0,16,0
253,110,1.0,17,0
253,244,0.0,18,0
253,251,0.0,19,0
253,127,0.0,20,0
253,581,0.0,21,0
253,728,0.0,22,0
253,807,0.0,23,0
253,72,0.0,24,0
254,735,92.0,1,8
254,384,59.0,2,3
254,380,49.0,3,1
254,251,42.0,4,1
254,70,41.0,5,2
254,173,31.0,6,0
254,581,15.0,7,0
254,728,11.0,8,0
254,807,11.0,9,0
254,60,10.0,10,0
254,305,8.0,11,0
254,639,7.0,12,0
254,151,7.0,13,0
254,805,3.0,14,0
254,160,2.0,15,0
254,127,1.0,16,0
254,116,1.0,17,0
254,686,0.0,18,0
254,846,0.0,19,0
254,72,0.0,20,0
254,110,0.0,21,0
254,763,0.0,22,0
254,244,0.0,23,0
254,683,0.0,24,0
255,735,102.0,1,9
255,503,59.0,2,3
255,173,49.0,3,1
255,305,45.0,4,2
255,728,42.0,5,1
255,639,31.0,6,0
255,807,17.0,7,0
255,581,15.0,8,0
255,160,11.0,9,0
255,353,10.0,10,0
255,151,10.0,11,0
255,72,10.0,12,0
255,380,7.0,13,0
255,384,3.0,14,0
255,116,3.0,15,0
255,70,1.0,16,0
255,110,1.0,17,0
255,251,0.0,18,0
255,686,0.0,19,0
255,805,0.0,20,0
255,683,0.0,21,0
255,127,0.0,22,0
255,846,0.0,23,0
255,763,0.0,24,0
256,380,102.0,1,9
256,728,69.0,2,4
256,846,49.0,3,1
256,807,45.0,4,2
256,639,42.0,5,1
256,151,31.0,6,0
256,116,17.0,7,0
256,683,16.0,8,0
256,805,15.0,9,0
256,173,13.0,10,0
256,305,11.0,11,0
256,581,10.0,12,0
256,251,7.0,13,0
256,543,5.0,14,0
256,735,5.0,15,0
256,70,3.0,16,0
256,127,1.0,17,0
256,686,1.0,18,0
256,384,0.0,19,0
256,72,0.0,20,0
256,353,0.0,21,0
256,110,0.0,22,0
256,160,0.0,23,0
256,503,0.0,24,0
257,735,10.0,1,1
257,380,6.0,2,0
257,70,4.0,3,0
257,686,3.0,4,0
257,805,2.0,5,0
257,353,1.0,6,0
257,173,0.0,7,0
257,586,0.0,8,0
257,696,0.0,9,0
257,151,0.0,10,0
257,728,0.0,11,0
257,720,0.0,12,0
257,354,0.0,13,0
257,543,0.0,14,0
257,305,0.0,15,0
257,590,0.0,16,0
257,368,0.0,17,0
257,807,0.0,18,0
257,257,0.0,19,0
257,581,0.0,20,0
257,503,0.0,21,0
257,274,0.0,22,0
257,846,0.0,23,0
257,251,0.0,24,0
257,524,0.0,25,0
257,683,0.0,26,0
257,132,0.0,27,0
257,621,0.0,28,0
258,735,20.0,1,2
258,251,7.0,2,0
258,686,6.0,3,0
258,257,6.0,4,0
258,581,4.0,5,0
258,696,3.0,6,0
258,173,2.0,7,0
258,151,2.0,8,0
258,728,1.0,9,0
258,368,1.0,10,0
258,132,0.0,11,0
258,846,0.0,12,0
258,353,0.0,13,0
258,274,0.0,14,0
258,543,0.0,15,0
258,586,0.0,16,0
258,590,0.0,17,0
258,380,0.0,18,0
258,763,0.0,19,0
258,805,0.0,20,0
258,503,0.0,21,0
258,524,0.0,22,0
258,720,0.0,23,0
258,354,0.0,24,0
258,171,0.0,25,0
258,807,0.0,26,0
258,683,0.0,27,0
258,621,0.0,28,0
259,735,30.0,1,3
259,171,7.0,2,0
259,503,7.0,3,0
259,353,6.0,4,0
259,805,6.0,5,0
259,380,4.0,6,0
259,581,4.0,7,0
259,543,4.0,8,0
259,807,4.0,9,0
259,173,3.0,10,0
259,728,2.0,11,0
259,368,1.0,12,0
259,257,0.0,13,0
259,150,0.0,14,0
259,274,0.0,15,0
259,846,0.0,16,0
259,586,0.0,17,0
259,720,0.0,18,0
259,683,0.0,19,0
259,524,0.0,20,0
259,251,0.0,21,0
259,354,0.0,22,0
259,696,0.0,23,0
259,225,0.0,24,0
259,151,0.0,25,0
259,132,0.0,26,0
259,686,0.0,27,0
259,621,0.0,28,0
260,735,40.0,1,4
260,543,10.0,2,0
260,251,7.0,3,0
260,150,7.0,4,0
260,70,6.0,5,0
260,274,6.0,6,0
260,225,6.0,7,0
260,524,4.0,8,0
260,728,4.0,9,0
260,696,4.0,10,0
260,151,3.0,11,0
260,173,3.0,12,0
260,621,2.0,13,0
260,683,1.0,14,0
260,257,1.0,15,0
260,720,0.0,16,0
260,807,0.0,17,0
260,805,0.0,18,0
260,368,0.0,19,0
260,686,0.0,20,0
260,503,0.0,21,0
260,380,0.0,22,0
260,846,0.0,23,0
260,586,0.0,24,0
260,581,0.0,25,0
260,353,0.0,26,0
261,380,46.0,1,4
261,735,17.0,2,1
261,807,10.0,3,0
261,70,9.0,4,0
261,586,7.0,5,0
261,305,6.0,6,0
261,728,6.0,7,0
261,368,4.0,8,0
261,569,4.0,9,0
261,720,4.0,10,0
261,543,4.0,11,0
261,225,3.0,12,0
261,503,3.0,13,0
261,173,2.0,14,0
261,686,2.0,15,0
261,257,1.0,16,0
261,384,1.0,17,0
261,683,1.0,18,0
261,251,0.0,19,0
261,846,0.0,20,0
261,581,0.0,21,0
261,696,0.0,22,0
261,805,0.0,23,0
261,274,0.0,24,0
261,621,0.0,25,0
261,524,0.0,26,0
261,110,0.0,27,0
262,735,56.0,1,5
262,380,23.0,2,1
262,70,13.0,3,0
262,251,13.0,4,0
262,384,7.0,5,0
262,225,6.0,6,0
262,686,6.0,7,0
262,173,4.0,8,0
262,586,4.0,9,0
262,807,4.0,10,0
262,274,4.0,11,0
262,728,3.0,12,0
262,368,3.0,13,0
262,720,2.0,14,0
262,569,2.0,15,0
262,257,2.0,16,0
262,503,1.0,17,0
262,524,1.0,18,0
262,846,1.0,19,0
262,683,1.0,20,0
262,696,0.0,21,0
262,805,0.0,22,0
262,305,0.0,23,0
262,150,0.0,24,0
262,581,0.0,25,0
262,543,0.0,26,0
262,621,0.0,27,0
263,735,66.0,1,6
263,380,29.0,2,1
263,251,17.0,3,0
263,581,13.0,4,0
263,586,7.0,5,0
263,150,6.0,6,0
263,173,6.0,7,0
263,257,5.0,8,0
263,584,4.0,9,0
263,807,4.0,10,0
263,696,4.0,11,0
263,805,4.0,12,0
263,503,4.0,13,0
263,182,4.0,14,0
263,70,3.0,15,0
263,686,2.0,16,0
263,368,1.0,17,0
263,524,1.0,18,0
263,543,1.0,19,0
263,846,1.0,20,0
263,728,0.0,21,0
263,720,0.0,22,0
263,590,0.0,23,0
263,305,0.0,24,0
263,274,0.0,25,0
263,569,0.0,26,0
263,621,0.0,27,0
263,683,0.0,28,0
264,380,66.0,1,6
264,70,39.0,2,2
264,503,19.0,3,0
264,686,17.0,4,0
264,384,10.0,5,0
264,805,8.0,6,0
264,581,6.0,7,0
264,590,6.0,8,0
264,257,5.0,9,0
264,586,5.0,10,0
264,173,4.0,11,0
264,728,4.0,12,0
264,368,4.0,13,0
264,524,4.0,14,0
264,720,4.0,15,0
264,584,3.0,16,0
264,735,1.0,17,0
264,274,1.0,18,0
264,251,1.0,19,0
264,807,1.0,20,0
264,696,0.0,21,0
264,150,0.0,22,0
264,846,0.0,23,0
264,569,0.0,24,0
264,543,0.0,25,0
264,305,0.0,26,0
264,683,0.0,27,0
264,621,0.0,28,0
265,251,66.0,1,6
265,728,39.0,2,2
265,368,27.0,3,1
265,257,19.0,4,0
265,846,10.0,5,0
265,696,8.0,6,0
265,524,6.0,7,0
265,380,6.0,8,0
265,584,6.0,9,0
265,720,6.0,10,0
265,735,5.0,11,0
265,543,5.0,12,0
265,384,4.0,13,0
265,590,4.0,14,0
265,805,4.0,15,0
265,70,4.0,16,0
265,807,4.0,17,0
265,503,4.0,18,0
265,581,2.0,19,0
265,305,2.0,20,0
265,686,1.0,21,0
265,173,1.0,22,0
265,150,1.0,23,0
265,586,0.0,24,0
265,569,0.0,25,0
265,274,0.0,26,0
265,683,0.0,27,0
265,621,0.0,28,0
266,735,76.0,1,7
266,380,45.0,2,2
266,590,27.0,3,1
266,543,19.0,4,0
266,807,10.0,5,0
266,728,9.0,6,0
266,274,8.0,7,0
266,696,7.0,8,0
266,524,6.0,9,0
266,368,6.0,10,0
266,720,6.0,11,0
266,251,5.0,12,0
266,569,5.0,13,0
266,257,4.0,14,0
266,384,4.0,15,0
266,70,4.0,16,0
266,586,4.0,17,0
266,581,4.0,18,0
266,173,4.0,19,0
266,150,2.0,20,0
266,846,2.0,21,0
266,595,1.0,22,0
266,584,1.0,23,0
266,805,1.0,24,0
266,305,0.0,25,0
266,686,0.0,26,0
266,683,0.0,27,0
266,621,0.0,28,0
267,380,76.0,1,7
267,503,55.0,2,3
267,590,27.0,3,1
267,384,19.0,4,0
267,807,14.0,5,0
267,846,10.0,6,0
267,728,9.0,7,0
267,586,8.0,8,0
267,274,8.0,9,0
267,368,7.0,10,0
267,584,7.0,11,0
267,173,6.0,12,0
267,305,6.0,13,0
267,735,5.0,14,0
267,257,5.0,15,0
267,720,4.0,16,0
267,150,4.0,17,0
267,543,4.0,18,0
267,686,4.0,19,0
267,805,3.0,20,0
267,328,2.0,21,0
267,251,1.0,22,0
267,595,1.0,23,0
267,581,1.0,24,0
267,696,0.0,25,0
267,70,0.0,26,0
267,683,0.0,27,0
267,621,0.0,28,0
268,380,76.0,1,7
268,251,65.0,2,4
268,503,33.0,3,1
268,686,19.0,4,0
268,543,18.0,5,0
268,384,13.0,6,0
268,368,11.0,7,0
268,696,8.0,8,0
268,225,8.0,9,0
268,728,8.0,10,0
268,720,7.0,11,0
268,805,6.0,12,0
268,257,6.0,13,0
268,305,5.0,14,0
268,807,5.0,15,0
268,586,4.0,16,0
268,274,4.0,17,0
268,581,4.0,18,0
268,150,4.0,19,0
268,584,3.0,20,0
268,327,2.0,21,0
268,70,1.0,22,0
268,173,1.0,23,0
268,590,1.0,24,0
268,569,0.0,25,0
268,846,0.0,26,0
268,683,0.0,27,0
268,621,0.0,28,0
269,380,76.0,1,7
269,384,75.0,2,5
269,503,33.0,3,1
269,686,22.0,4,0
269,590,19.0,5,0
269,543,16.0,6,0
269,305,14.0,7,0
269,257,12.0,8,0
269,846,10.0,9,0
269,368,8.0,10,0
269,173,7.0,11,0
269,586,6.0,12,0
269,274,6.0,13,0
269,327,5.0,14,0
269,584,5.0,15,0
269,328,4.0,16,0
269,728,4.0,17,0
269,807,4.0,18,0
269,225,4.0,19,0
269,150,3.0,20,0
269,70,2.0,21,0
269,720,1.0,22,0
269,581,1.0,23,0
269,696,1.0,24,0
269,805,0.0,25,0
269,251,0.0,26,0
269,683,0.0,27,0
269,621,0.0,28,0
270,735,86.0,1,8
270,380,81.0,2,5
270,503,35.0,3,1
270,305,26.0,4,0
270,251,19.0,5,0
270,581,16.0,6,0
270,805,14.0,7,0
270,173,12.0,8,0
270,728,10.0,9,0
270,70,8.0,10,0
270,846,7.0,11,0
270,686,6.0,12,0
270,807,6.0,13,0
270,274,6.0,14,0
270,586,5.0,15,0
270,569,4.0,16,0
270,257,4.0,17,0
270,368,4.0,18,0
270,468,4.0,19,0
270,182,4.0,20,0
270,720,3.0,21,0
270,150,2.0,22,0
270,696,1.0,23,0
270,590,1.0,24,0
270,659,0.0,25,0
270,543,0.0,26,0
270,683,0.0,27,0
270,621,0.0,28,0
271,380,92.0,1,8
271,735,91.0,2,6
271,70,35.0,3,1
271,182,26.0,4,0
271,305,23.0,5,0
271,581,16.0,6,0
271,503,14.0,7,0
271,257,12.0,8,0
271,696,10.0,9,0
271,639,8.0,10,0
271,728,7.0,11,0
271,720,7.0,12,0
271,569,6.0,13,0
271,807,6.0,14,0
271,686,6.0,15,0
271,543,5.0,16,0
271,846,4.0,17,0
271,251,4.0,18,0
271,772,4.0,19,0
271,586,4.0,20,0
271,274,3.0,21,0
271,173,3.0,22,0
271,805,2.0,23,0
271,72,1.0,24,0
271,225,1.0,25,0
271,659,0.0,26,0
271,683,0.0,27,0
271,621,0.0,28,0
272,182,92.0,1,8
272,251,91.0,2,6
272,543,41.0,3,1
272,686,26.0,4,0
272,728,24.0,5,0
272,70,19.0,6,0
272,581,16.0,7,0
272,257,14.0,8,0
272,586,13.0,9,1
272,225,10.0,10,0
272,772,9.0,11,0
272,503,8.0,12,0
272,274,7.0,13,0
272,807,6.0,14,0
272,795,6.0,15,0
272,639,6.0,16,0
272,720,5.0,17,0
272,569,4.0,18,0
272,380,4.0,19,0
272,735,4.0,20,0
272,468,4.0,21,0
272,805,3.0,22,0
272,659,2.0,23,0
272,846,1.0,24,0
272,305,1.0,25,0
272,173,0.0,26,0
272,683,0.0,27,0
272,621,0.0,28,0
273,822,10.0,1,1
273,354,6.0,2,0
273,807,4.0,3,0
273,257,3.0,4,0
273,225,2.0,5,0
273,251,1.0,6,0
273,88,0.0,7,0
274,354,16.0,1,1
274,380,10.0,2,1
274,735,6.0,3,0
274,173,6.0,4,0
274,807,4.0,5,0
274,569,3.0,6,0
274,595,3.0,7,0
274,70,2.0,8,0
274,88,1.0,9,0
274,696,1.0,10,0
274,274,0.0,11,0
274,160,0.0,12,0
274,353,0.0,13,0
274,225,0.0,14,0
274,150,0.0,15,0
274,822,0.0,16,0
275,354,26.0,1,2
275,380,14.0,2,1
275,822,12.0,3,0
275,173,6.0,4,0
275,713,6.0,5,0
275,335,4.0,6,0
275,257,3.0,7,0
275,569,2.0,8,0
275,696,2.0,9,0
275,686,1.0,10,0
275,274,1.0,11,0
275,88,1.0,12,0
275,732,0.0,13,0
275,150,0.0,14,0
275,70,0.0,15,0
275,763,0.0,16,0
275,595,0.0,17,0
275,735,0.0,18,0
275,807,0.0,19,0
276,822,26.0,1,2
276,735,24.0,2,2
276,543,12.0,3,0
276,225,10.0,4,0
276,595,6.0,5,0
276,335,6.0,6,0
276,160,5.0,7,0
276,173,4.0,8,0
276,763,3.0,9,0
276,569,2.0,10,0
276,353,2.0,11,0
276,354,2.0,12,0
276,70,1.0,13,0
276,257,1.0,14,0
276,854,0.0,15,0
276,88,0.0,16,0
276,805,0.0,17,0
276,380,0.0,18,0
276,696,0.0,19,0
276,150,0.0,20,0
276,686,0.0,21,0
277,822,34.0,1,3
277,354,32.0,2,2
277,735,14.0,3,0
277,713,12.0,4,0
277,854,6.0,5,0
277,251,6.0,6,0
277,807,5.0,7,0
277,257,5.0,8,0
277,696,4.0,9,0
277,763,3.0,10,0
277,732,2.0,11,0
277,686,2.0,12,0
277,88,2.0,13,0
277,569,2.0,14,0
277,225,1.0,15,0
277,160,0.0,16,0
277,353,0.0,17,0
277,150,0.0,18,0
277,380,0.0,19,0
277,70,0.0,20,0
277,335,0.0,21,0
277,595,0.0,22,0
277,543,0.0,23,0
278,354,42.0,1,3
278,380,37.0,2,3
278,70,18.0,3,0
278,822,14.0,4,0
278,257,6.0,5,0
278,543,6.0,6,0
278,569,5.0,7,0
278,854,5.0,8,0
278,686,5.0,9,0
278,150,5.0,10,0
278,335,4.0,11,0
278,595,2.0,12,0
278,353,2.0,13,0
278,251,2.0,14,0
278,173,2.0,15,0
278,713,1.0,16,0
278,696,0.0,17,0
278,763,0.0,18,0
278,88,0.0,19,0
278,735,0.0,20,0
278,805,0.0,21,0
278,274,0.0,22,0
278,225,0.0,23,0
278,732,0.0,24,0
278,807,0.0,25,0
279,822,47.0,1,4
279,735,42.0,2,3
279,380,22.0,3,0
279,251,20.0,4,0
279,543,7.0,5,0
279,353,6.0,6,0
279,225,6.0,7,0
279,696,5.0,8,0
279,257,5.0,9,0
279,173,5.0,10,0
279,569,5.0,11,0
279,732,4.0,12,0
279,763,2.0,13,0
279,854,2.0,14,0
279,160,2.0,15,0
279,88,1.0,16,0
279,805,1.0,17,0
279,354,0.0,18,0
279,713,0.0,19,0
279,150,0.0,20,0
279,335,0.0,21,0
279,70,0.0,22,0
279,807,0.0,23,0
279,686,0.0,24,0
279,595,0.0,25,0
279,274,0.0,26,0
280,822,57.0,1,5
280,380,45.0,2,3
280,735,28.0,3,0
280,354,24.0,4,0
280,543,9.0,5,0
280,854,6.0,6,0
280,686,6.0,7,0
280,257,5.0,8,0
280,595,5.0,9,0
280,713,5.0,10,0
280,732,5.0,11,0
280,763,4.0,12,0
280,88,3.0,13,0
280,251,2.0,14,0
280,150,2.0,15,0
280,696,1.0,16,0
280,70,1.0,17,0
280,160,0.0,18,0
280,353,0.0,19,0
280,225,0.0,20,0
280,807,0.0,21,0
280,173,0.0,22,0
280,335,0.0,23,0
280,805,0.0,24,0
280,569,0.0,25,0
280,274,0.0,26,0
281,822,67.0,1,6
281,735,47.0,2,3
281,713,30.0,3,0
281,173,28.0,4,0
281,354,9.0,5,0
281,88,9.0,6,0
281,807,9.0,7,0
281,225,6.0,8,0
281,70,5.0,9,0
281,686,5.0,10,0
281,595,5.0,11,0
281,257,4.0,12,0
281,805,3.0,13,0
281,543,2.0,14,0
281,150,2.0,15,0
281,380,1.0,16,0
281,569,1.0,17,0
281,732,1.0,18,0
281,160,0.0,19,0
281,586,0.0,20,0
281,353,0.0,21,0
281,251,0.0,22,0
281,763,0.0,23,0
281,854,0.0,24,0
281,696,0.0,25,0
281,274,0.0,26,0
282,822,77.0,1,7
282,735,50.0,2,3
282,807,36.0,3,0
282,354,28.0,4,0
282,713,11.0,5,0
282,251,10.0,6,0
282,70,9.0,7,0
282,543,9.0,8,0
282,353,6.0,9,0
282,173,5.0,10,0
282,257,5.0,11,0
282,595,4.0,12,0
282,732,3.0,13,0
282,586,2.0,14,0
282,380,2.0,15,0
282,274,1.0,16,0
282,88,1.0,17,0
282,686,1.0,18,0
282,805,0.0,19,0
282,225,0.0,20,0
282,569,0.0,21,0
282,763,0.0,22,0
282,854,0.0,23,0
282,160,0.0,24,0
282,150,0.0,25,0
282,696,0.0,26,0
283,380,77.0,1,7
283,713,50.0,2,3
283,251,38.0,3,1
283,88,36.0,4,0
283,543,17.0,5,0
283,353,11.0,6,0
283,807,10.0,7,0
283,595,10.0,8,0
283,732,9.0,9,0
283,805,5.0,10,0
283,150,5.0,11,0
283,822,4.0,12,0
283,586,4.0,13,0
283,696,3.0,14,0
283,569,2.0,15,0
283,763,2.0,16,0
283,274,2.0,17,0
283,173,1.0,18,0
283,160,0.0,19,0
283,735,0.0,20,0
283,257,0.0,21,0
283,70,0.0,22,0
283,225,0.0,23,0
283,354,0.0,24,0
283,854,0.0,25,0
283,686,0.0,26,0
284,380,81.0,1,7
284,735,53.0,2,3
284,822,48.0,3,2
284,354,42.0,4,0
284,173,18.0,5,0
284,713,11.0,6,0
284,543,11.0,7,0
284,854,10.0,8,0
284,225,10.0,9,0
284,251,5.0,10,0
284,807,5.0,11,0
284,595,4.0,12,0
284,160,4.0,13,0
284,274,3.0,14,0
284,805,2.0,15,0
284,696,2.0,16,0
284,88,2.0,17,0
284,353,1.0,18,0
284,150,0.0,19,0
284,257,0.0,20,0
284,586,0.0,21,0
284,763,0.0,22,0
284,686,0.0,23,0
284,70,0.0,24,0
284,732,0.0,25,0
284,569,0.0,26,0
285,380,81.0,1,7
285,70,58.0,2,3
285,854,53.0,3,3
285,353,42.0,4,0
285,713,20.0,5,0
285,696,11.0,6,0
285,586,11.0,7,0
285,257,10.0,8,0
285,595,10.0,9,0
285,160,10.0,10,0
285,151,7.0,11,0
285,822,5.0,12,0
285,150,5.0,13,0
285,805,5.0,14,0
285,274,4.0,15,0
285,735,2.0,16,0
285,807,2.0,17,0
285,251,1.0,18,0
285,173,1.0,19,0
285,543,0.0,20,0
285,354,0.0,21,0
285,763,0.0,22,0
285,88,0.0,23,0
285,225,0.0,24,0
285,686,0.0,25,0
285,780,0.0,26,0
286,735,87.0,1,7
286,822,62.0,2,3
286,380,53.0,3,3
286,70,52.0,4,1
286,353,20.0,5,0
286,543,13.0,6,0
286,225,12.0,7,0
286,586,11.0,8,0
286,257,10.0,9,0
286,595,10.0,10,0
286,696,7.0,11,0
286,150,7.0,12,0
286,686,5.0,13,0
286,160,5.0,14,0
286,88,4.0,15,0
286,713,2.0,16,0
286,151,2.0,17,0
286,173,1.0,18,0
286,807,1.0,19,0
286,274,0.0,20,0
286,251,0.0,21,0
286,503,0.0,22,0
286,763,0.0,23,0
286,354,0.0,24,0
286,805,0.0,25,0
286,206,0.0,26,0
287,354,93.0,1,7
287,822,65.0,2,3
287,503,63.0,3,4
287,380,52.0,4,1
287,686,20.0,5,0
287,305,13.0,6,0
287,807,12.0,7,0
287,225,11.0,8,0
287,543,10.0,9,0
287,586,10.0,10,0
287,173,7.0,11,0
287,13,7.0,12,0
287,151,5.0,13,0
287,88,5.0,14,0
287,713,4.0,15,0
287,251,4.0,16,0
287,763,2.0,17,0
287,584,2.0,18,0
287,805,2.0,19,0
287,353,1.0,20,0
287,696,1.0,21,0
287,735,1.0,22,0
287,70,0.0,23,0
287,150,0.0,24,0
288,354,99.0,1,7
288,822,73.0,2,5
288,380,69.0,3,3
288,70,52.0,4,1
288,251,20.0,5,0
288,543,16.0,6,0
288,763,13.0,7,0
288,713,12.0,8,0
288,807,11.0,9,0
288,88,10.0,10,0
288,686,7.0,11,0
288,696,7.0,12,0
288,150,5.0,13,0
288,13,5.0,14,0
288,353,4.0,15,0
288,225,4.0,16,0
288,584,2.0,17,0
288,503,2.0,18,0
288,735,2.0,19,0
288,805,1.0,20,0
288,305,1.0,21,0
288,173,1.0,22,0
288,586,0.0,23,0
288,151,0.0,24,0
289,182,10.0,1,1
289,713,6.0,2,0
289,354,4.0,3,0
289,735,3.0,4,0
289,251,2.0,5,0
289,173,1.0,6,0
289,696,0.0,7,0
289,763,0.0,8,0
289,503,0.0,9,0
289,274,0.0,10,0
289,297,0.0,11,0
289,805,0.0,12,0
289,575,0.0,13,0
290,182,20.0,1,2
290,713,12.0,2,0
290,735,7.0,3,0
290,251,5.0,4,0
290,150,4.0,5,0
290,503,2.0,6,0
290,173,1.0,7,0
290,225,1.0,8,0
290,696,0.0,9,0
290,732,0.0,10,0
290,683,0.0,11,0
290,805,0.0,12,0
290,274,0.0,13,0
290,543,0.0,14,0
290,288,0.0,15,0
290,360,0.0,16,0
290,586,0.0,17,0
291,182,30.0,1,3
291,713,18.0,2,0
291,735,11.0,3,0
291,70,5.0,4,0
291,519,4.0,5,0
291,274,3.0,6,0
291,846,2.0,7,0
291,225,2.0,8,0
291,805,1.0,9,0
291,503,1.0,10,0
291,288,1.0,11,0
291,353,0.0,12,0
291,257,0.0,13,0
291,71,0.0,14,0
291,696,0.0,15,0
291,173,0.0,16,0
291,732,0.0,17,0
291,297,0.0,18,0
291,543,0.0,19,0
291,586,0.0,20,0
292,182,40.0,1,4
292,735,18.0,2,0
292,70,17.0,3,0
292,251,8.0,4,0
292,274,7.0,5,0
292,586,4.0,6,0
292,763,3.0,7,0
292,353,2.0,8,0
292,354,2.0,9,0
292,519,1.0,10,0
292,257,1.0,11,0
292,621,1.0,12,0
292,225,0.0,13,0
292,288,0.0,14,0
292,503,0.0,15,0
292,696,0.0,16,0
292,683,0.0,17,0
292,71,0.0,18,0
292,846,0.0,19,0
292,297,0.0,20,0
292,360,0.0,21,0
292,713,0.0,22,0
292,173,0.0,23,0
292,732,0.0,24,0
293,182,50.0,1,5
293,713,24.0,2,0
293,354,17.0,3,0
293,543,8.0,4,0
293,274,8.0,5,0
293,586,7.0,6,0
293,297,5.0,7,0
293,71,3.0,8,0
293,696,2.0,9,0
293,763,2.0,10,0
293,225,2.0,11,0
293,353,1.0,12,0
293,621,1.0,13,0
293,150,0.0,14,0
293,805,0.0,15,0
293,70,0.0,16,0
293,251,0.0,17,0
293,683,0.0,18,0
293,732,0.0,19,0
293,266,0.0,20,0
293,846,0.0,21,0
293,288,0.0,22,0
293,735,0.0,23,0
293,519,0.0,24,0
293,257,0.0,25,0
293,173,0.0,26,0
294,354,56.0,1,5
294,182,28.0,2,0
294,713,20.0,3,0
294,735,18.0,4,1
294,543,8.0,5,0
294,683,7.0,6,0
294,274,5.0,7,0
294,257,5.0,8,0
294,225,2.0,9,0
294,696,2.0,10,0
294,763,2.0,11,0
294,732,1.0,12,0
294,519,1.0,13,0
294,251,1.0,14,0
294,503,0.0,15,0
294,70,0.0,16,0
294,297,0.0,17,0
294,173,0.0,18,0
294,127,0.0,19,0
294,150,0.0,20,0
294,288,0.0,21,0
294,266,0.0,22,0
294,71,0.0,23,0
294,353,0.0,24,0
294,846,0.0,25,0
294,586,0.0,26,0
295,251,56.0,1,5
295,735,28.0,2,0
295,70,26.0,3,0
295,353,18.0,4,1
295,150,18.0,5,1
295,696,11.0,6,0
295,274,5.0,7,0
295,586,5.0,8,0
295,225,4.0,9,0
295,732,3.0,10,0
295,846,2.0,11,0
295,71,2.0,12,0
295,257,1.0,13,0
295,621,1.0,14,0
295,805,1.0,15,0
295,543,1.0,16,0
295,713,0.0,17,0
295,354,0.0,18,0
295,266,0.0,19,0
295,503,0.0,20,0
295,173,0.0,21,0
295,519,0.0,22,0
295,182,0.0,23,0
295,297,0.0,24,0
295,683,0.0,25,0
295,288,0.0,26,0
296,182,66.0,1,6
296,713,34.0,2,0
296,543,26.0,3,0
296,503,18.0,4,1
296,696,18.0,5,1
296,173,11.0,6,0
296,274,9.0,7,0
296,846,5.0,8,0
296,225,4.0,9,0
296,586,4.0,10,0
296,71,3.0,11,0
296,70,3.0,12,0
296,150,2.0,13,0
296,805,2.0,14,0
296,732,2.0,15,0
296,519,1.0,16,0
296,353,0.0,17,0
296,266,0.0,18,0
296,763,0.0,19,0
296,735,0.0,20,0
296,251,0.0,21,0
296,288,0.0,22,0
296,354,0.0,23,0
296,683,0.0,24,0
296,297,0.0,25,0
296,360,0.0,26,0
297,182,76.0,1,7
297,713,40.0,2,0
297,543,29.0,3,0
297,735,20.0,4,1
297,251,18.0,5,1
297,503,13.0,6,0
297,274,11.0,7,0
297,696,5.0,8,0
297,519,5.0,9,0
297,732,4.0,10,0
297,71,3.0,11,0
297,763,3.0,12,0
297,225,2.0,13,0
297,288,2.0,14,0
297,586,2.0,15,0
297,380,1.0,16,0
297,846,0.0,17,0
297,354,0.0,18,0
297,150,0.0,19,0
297,70,0.0,20,0
297,266,0.0,21,0
297,297,0.0,22,0
297,683,0.0,23,0
297,173,0.0,24,0
297,353,0.0,25,0
297,805,0.0,26,0
297,569,0.0,27,0
297,621,0.0,28,0
298,182,86.0,1,8
298,354,40.0,2,0
298,735,33.0,3,0
298,543,24.0,4,1
298,70,20.0,5,1
298,696,16.0,6,0
298,732,13.0,7,0
298,713,5.0,8,0
298,274,5.0,9,0
298,225,4.0,10,0
298,586,4.0,11,0
298,846,3.0,12,0
298,621,2.0,13,0
298,683,2.0,14,0
298,297,2.0,15,0
298,353,1.0,16,0
298,288,0.0,17,0
298,150,0.0,18,0
298,173,0.0,19,0
298,519,0.0,20,0
298,503,0.0,21,0
298,251,0.0,22,0
298,71,0.0,23,0
298,805,0.0,24,0
298,763,0.0,25,0
298,569,0.0,26,0
298,266,0.0,27,0
298,575,0.0,28,0
299,354,92.0,1,8
299,182,40.0,2,0
299,251,34.0,3,2
299,503,33.0,4,0
299,543,24.0,5,1
299,519,18.0,6,0
299,274,13.0,7,0
299,150,8.0,8,0
299,621,5.0,9,0
299,297,4.0,10,0
299,380,4.0,11,0
299,735,3.0,12,0
299,713,3.0,13,0
299,586,2.0,14,0
299,805,2.0,15,0
299,70,1.0,16,0
299,683,0.0,17,0
299,763,0.0,18,0
299,71,0.0,19,0
299,353,0.0,20,0
299,266,0.0,21,0
299,575,0.0,22,0
299,732,0.0,23,0
299,696,0.0,24,0
299,288,0.0,25,0
299,173,0.0,26,0
299,846,0.0,27,0
299,225,0.0,28,0
300,735,98.0,1,8
300,182,44.0,2,0
300,713,43.0,3,1
300,543,36.0,4,2
300,354,24.0,5,1
300,503,21.0,6,0
300,225,13.0,7,0
300,150,9.0,8,0
300,763,5.0,9,0
300,575,4.0,10,0
300,353,4.0,11,0
300,206,3.0,12,0
300,173,3.0,13,0
300,297,2.0,14,0
300,266,2.0,15,0
300,846,1.0,16,0
300,805,0.0,17,0
300,683,0.0,18,0
300,732,0.0,19,0
300,519,0.0,20,0
300,288,0.0,21,0
300,274,0.0,22,0
300,70,0.0,23,0
300,71,0.0,24,0
300,251,0.0,25,0
300,586,0.0,26,0
300,257,0.0,27,0
300,127,0.0,28,0
300,837,0.0,29,0
300,696,0.0,30,0
301,354,98.0,1,8
301,543,47.0,2,1
301,735,46.0,3,3
301,251,46.0,4,0
301,713,27.0,5,1
301,150,27.0,6,0
301,274,13.0,7,0
301,586,9.0,8,0
301,805,5.0,9,0
301,353,5.0,10,0
301,225,4.0,11,0
301,297,3.0,12,0
301,182,3.0,13,0
301,732,2.0,14,0
301,696,2.0,15,0
301,288,1.0,16,0
301,71,0.0,17,0
301,173,0.0,18,0
301,206,0.0,19,0
301,70,0.0,20,0
301,519,0.0,21,0
301,846,0.0,22,0
301,683,0.0,23,0
301,503,0.0,24,0
301,763,0.0,25,0
301,575,0.0,26,0
301,257,0.0,27,0
301,266,0.0,28,0
302,182,108.0,1,9
302,251,50.0,2,3
302,354,47.0,3,1
302,543,46.0,4,0
302,503,33.0,5,1
302,274,30.0,6,0
302,735,13.0,7,0
302,732,11.0,8,0
302,150,6.0,9,0
302,763,5.0,10,0
302,206,4.0,11,0
302,257,3.0,12,0
302,266,3.0,13,0
302,846,2.0,14,0
302,225,2.0,15,0
302,353,1.0,16,0
302,696,0.0,17,0
302,805,0.0,18,0
302,713,0.0,19,0
302,586,0.0,20,0
302,519,0.0,21,0
302,71,0.0,22,0
302,683,0.0,23,0
302,297,0.0,24,0
302,70,0.0,25,0
302,173,0.0,26,0
303,713,108.0,1,9
303,251,56.0,2,1
303,543,50.0,3,3
303,150,47.0,4,1
303,70,39.0,5,1
303,257,34.0,6,0
303,266,15.0,7,0
303,763,11.0,8,0
303,225,8.0,9,0
303,586,6.0,10,0
303,805,4.0,11,0
303,171,3.0,12,0
303,206,3.0,13,0
303,846,2.0,14,0
303,274,2.0,15,0
303,182,1.0,16,0
303,503,1.0,17,0
303,683,0.0,18,0
303,696,0.0,19,0
303,785,0.0,20,0
303,297,0.0,21,0
303,173,0.0,22,0
303,735,0.0,23,0
303,71,0.0,24,0
303,732,0.0,25,0
303,354,0.0,26,0
304,251,108.0,1,9
304,735,56.0,2,1
304,543,53.0,3,1
304,70,50.0,4,3
304,732,49.0,5,2
304,266,38.0,6,0
304,503,18.0,7,0
304,763,11.0,8,0
304,257,8.0,9,0
304,846,6.0,10,0
304,171,4.0,11,0
304,785,3.0,12,0
304,173,3.0,13,0
304,225,2.0,14,0
304,206,2.0,15,0
304,683,2.0,16,0
304,713,1.0,17,0
304,805,1.0,18,0
304,150,1.0,19,0
304,182,0.0,20,0
304,354,0.0,21,0
304,297,0.0,22,0
304,696,0.0,23,0
304,274,0.0,24,0
304,586,0.0,25,0
304,71,0.0,26,0
305,354,10.0,1,1
305,822,6.0,2,0
305,314,4.0,3,0
305,266,3.0,4,0
305,851,2.0,5,0
305,763,1.0,6,0
305,171,0.0,7,0
305,288,0.0,8,0
305,586,0.0,9,0
305,683,0.0,10,0
305,543,0.0,11,0
305,70,0.0,12,0
305,503,0.0,13,0
305,713,0.0,14,0
305,127,0.0,15,0
305,274,0.0,16,0
305,519,0.0,17,0
305,732,0.0,18,0
305,251,0.0,19,0
305,182,0.0,20,0
305,297,0.0,21,0
305,807,0.0,22,0
305,272,0.0,23,0
305,846,0.0,24,0
305,225,0.0,25,0
305,368,0.0,26,0
305,362,0.0,27,0
305,367,0.0,28,0
305,696,0.0,29,0
305,650,0.0,30,0
305,150,0.0,31,0
305,143,0.0,32,0
305,71,0.0,33,0
305,575,0.0,34,0
306,354,20.0,1,2
306,713,9.0,2,0
306,251,6.0,3,0
306,822,6.0,4,0
306,314,4.0,5,0
306,70,3.0,6,0
306,127,2.0,7,0
306,846,1.0,8,0
306,503,1.0,9,0
306,732,0.0,10,0
306,272,0.0,11,0
306,543,0.0,12,0
306,683,0.0,13,0
306,182,0.0,14,0
306,696,0.0,15,0
306,586,0.0,16,0
306,807,0.0,17,0
306,368,0.0,18,0
306,225,0.0,19,0
306,150,0.0,20,0
306,266,0.0,21,0
306,519,0.0,22,0
306,851,0.0,23,0
306,297,0.0,24,0
306,288,0.0,25,0
306,763,0.0,26,0
306,362,0.0,27,0
306,367,0.0,28,0
306,274,0.0,29,0
306,650,0.0,30,0
306,71,0.0,31,0
306,575,0.0,32,0
306,171,0.0,33,0
306,143,0.0,34,0
307,354,30.0,1,3
307,251,10.0,2,0
307,225,9.0,3,0
307,586,6.0,4,0
307,503,6.0,5,0
307,650,4.0,6,0
307,732,3.0,7,0
307,807,3.0,8,0
307,575,2.0,9,0
307,696,2.0,10,0
307,543,1.0,11,0
307,297,1.0,12,0
307,127,1.0,13,0
307,266,0.0,14,0
307,150,0.0,15,0
307,683,0.0,16,0
307,519,0.0,17,0
307,368,0.0,18,0
307,713,0.0,19,0
307,851,0.0,20,0
307,846,0.0,21,0
307,70,0.0,22,0
307,763,0.0,23,0
307,314,0.0,24,0
307,182,0.0,25,0
307,822,0.0,26,0
307,288,0.0,27,0
307,335,0.0,28,0
307,362,0.0,29,0
307,274,0.0,30,0
307,272,0.0,31,0
307,71,0.0,32,0
307,171,0.0,33,0
307,143,0.0,34,0
308,354,40.0,1,4
308,182,11.0,2,0
308,70,10.0,3,0
308,127,6.0,4,0
308,822,6.0,5,0
308,272,6.0,6,0
308,732,5.0,7,0
308,683,4.0,8,0
308,368,3.0,9,0
308,696,3.0,10,0
308,225,3.0,11,0
308,586,2.0,12,0
308,503,2.0,13,0
308,846,1.0,14,0
308,297,1.0,15,0
308,266,1.0,16,0
308,713,0.0,17,0
308,807,0.0,18,0
308,274,0.0,19,0
308,851,0.0,20,0
308,763,0.0,21,0
308,150,0.0,22,0
308,519,0.0,23,0
308,288,0.0,24,0
308,251,0.0,25,0
308,314,0.0,26,0
308,650,0.0,27,0
308,335,0.0,28,0
308,362,0.0,29,0
308,543,0.0,30,0
308,171,0.0,31,0
308,575,0.0,32,0
308,143,0.0,33,0
308,71,0.0,34,0
309,314,40.0,1,4
309,266,16.0,2,1
309,713,11.0,3,0
309,150,10.0,4,0
309,683,10.0,5,0
309,182,9.0,6,0
309,586,7.0,7,0
309,696,5.0,8,0
309,272,4.0,9,0
309,851,3.0,10,0
309,297,3.0,11,0
309,225,3.0,12,0
309,367,2.0,13,0
309,519,2.0,14,0
309,70,2.0,15,0
309,368,1.0,16,0
309,822,1.0,17,0
309,732,1.0,18,0
309,354,0.0,19,0
309,503,0.0,20,0
309,543,0.0,21,0
309,846,0.0,22,0
309,127,0.0,23,0
309,251,0.0,24,0
309,763,0.0,25,0
309,274,0.0,26,0
309,335,0.0,27,0
309,288,0.0,28,0
309,807,0.0,29,0
309,173,0.0,30,0
309,71,0.0,31,0
309,171,0.0,32,0
309,575,0.0,33,0
309,143,0.0,34,0
310,713,44.0,1,4
310,182,20.0,2,1
310,354,16.0,3,1
310,150,13.0,4,0
310,127,11.0,5,0
310,368,10.0,6,0
310,846,9.0,7,0
310,732,6.0,8,0
310,503,5.0,9,0
310,173,5.0,10,0
310,266,4.0,11,0
310,851,3.0,12,0
310,807,2.0,13,0
310,683,2.0,14,0
310,763,2.0,15,0
310,314,1.0,16,0
310,70,1.0,17,0
310,225,1.0,18,0
310,274,1.0,19,0
310,543,0.0,20,0
310,519,0.0,21,0
310,822,0.0,22,0
310,297,0.0,23,0
310,71,0.0,24,0
310,251,0.0,25,0
310,586,0.0,26,0
310,696,0.0,27,0
310,288,0.0,28,0
310,367,0.0,29,0
310,335,0.0,30,0
310,171,0.0,31,0
310,575,0.0,32,0
310,143,0.0,33,0
310,272,0.0,34,0
311,182,48.0,1,4
311,822,23.0,2,1
311,354,22.0,3,1
311,70,17.0,4,0
311,713,16.0,5,1
311,150,10.0,6,0
311,297,9.0,7,0
311,314,8.0,8,0
311,586,7.0,9,0
311,173,5.0,10,0
311,696,4.0,11,0
311,732,3.0,12,0
311,127,2.0,13,0
311,266,2.0,14,0
311,71,2.0,15,0
311,368,1.0,16,0
311,225,1.0,17,0
311,807,1.0,18,0
311,763,1.0,19,0
311,274,0.0,20,0
311,543,0.0,21,0
311,851,0.0,22,0
311,846,0.0,23,0
311,519,0.0,24,0
311,251,0.0,25,0
311,683,0.0,26,0
311,503,0.0,27,0
311,335,0.0,28,0
311,288,0.0,29,0
311,367,0.0,30,0
311,272,0.0,31,0
311,171,0.0,32,0
311,575,0.0,33,0
311,143,0.0,34,0
312,182,51.0,1,4
312,251,33.0,2,2
312,822,22.0,3,1
312,354,21.0,4,0
312,314,18.0,5,1
312,683,16.0,6,0
312,266,9.0,7,0
312,851,8.0,8,0
312,586,7.0,9,0
312,272,5.0,10,0
312,846,4.0,11,0
312,503,3.0,12,0
312,225,3.0,13,0
312,173,2.0,14,0
312,807,2.0,15,0
312,150,1.0,16,0
312,70,1.0,17,0
312,763,1.0,18,0
312,732,1.0,19,0
312,543,0.0,20,0
312,274,0.0,21,0
312,297,0.0,22,0
312,127,0.0,23,0
312,368,0.0,24,0
312,519,0.0,25,0
312,713,0.0,26,0
312,696,0.0,27,0
312,367,0.0,28,0
312,335,0.0,29,0
312,288,0.0,30,0
312,71,0.0,31,0
312,171,0.0,32,0
312,575,0.0,33,0
312,143,0.0,34,0
313,182,51.0,1,4
313,713,43.0,2,3
313,70,28.0,3,1
313,251,21.0,4,0
313,150,19.0,5,0
313,683,18.0,6,1
313,354,12.0,7,0
313,127,9.0,8,0
313,732,9.0,9,0
313,272,5.0,10,0
313,543,4.0,11,0
313,807,4.0,12,0
313,266,3.0,13,0
313,822,2.0,14,0
313,519,2.0,15,0
313,225,1.0,16,0
313,314,1.0,17,0
313,851,1.0,18,0
313,696,1.0,19,0
313,297,0.0,20,0
313,503,0.0,21,0
313,763,0.0,22,0
313,846,0.0,23,0
313,586,0.0,24,0
313,368,0.0,25,0
313,171,0.0,26,0
313,274,0.0,27,0
313,684,0.0,28,0
313,288,0.0,29,0
313,575,0.0,30,0
313,71,0.0,31,0
313,362,0.0,32,0
313,335,0.0,33,0
313,143,0.0,34,0
314,354,61.0,1,5
314,182,49.0,2,3
314,713,32.0,3,1
314,251,22.0,4,0
314,70,21.0,5,0
314,519,18.0,6,1
314,150,14.0,7,0
314,127,9.0,8,0
314,683,9.0,9,0
314,696,5.0,10,0
314,297,4.0,11,0
314,266,4.0,12,0
314,846,3.0,13,0
314,503,2.0,14,0
314,851,2.0,15,0
314,171,1.0,16,0
314,732,1.0,17,0
314,586,1.0,18,0
314,807,1.0,19,0
314,543,1.0,20,0
314,225,0.0,21,0
314,314,0.0,22,0
314,368,0.0,23,0
314,763,0.0,24,0
314,272,0.0,25,0
314,822,0.0,26,0
314,71,0.0,27,0
314,274,0.0,28,0
314,575,0.0,29,0
314,684,0.0,30,0
314,288,0.0,31,0
314,362,0.0,32,0
314,335,0.0,33,0
314,143,0.0,34,0
315,354,71.0,1,6
315,251,49.0,2,3
315,314,34.0,3,1
315,127,28.0,4,0
315,713,22.0,5,1
315,807,21.0,6,0
315,173,14.0,7,0
315,272,9.0,8,0
315,543,9.0,9,0
315,71,8.0,10,0
315,732,4.0,11,0
315,586,4.0,12,0
315,150,3.0,13,0
315,266,2.0,14,0
315,225,2.0,15,0
315,70,1.0,16,0
315,846,1.0,17,0
315,503,1.0,18,0
315,696,1.0,19,0
315,182,1.0,20,0
315,368,1.0,21,0
315,519,0.0,22,0
315,851,0.0,23,0
315,822,0.0,24,0
315,297,0.0,25,0
315,735,0.0,26,0
315,763,0.0,27,0
315,171,0.0,28,0
315,362,0.0,29,0
315,575,0.0,30,0
315,274,0.0,31,0
315,288,0.0,32,0
315,143,0.0,33,0
315,335,0.0,34,0
316,182,77.0,1,6
316,354,59.0,2,4
316,822,34.0,3,1
316,251,31.0,4,0
316,735,25.0,5,0
316,314,23.0,6,1
316,150,14.0,7,0
316,519,9.0,8,0
316,846,9.0,9,0
316,272,8.0,10,0
316,696,4.0,11,0
316,807,4.0,12,0
316,543,3.0,13,0
316,503,2.0,14,0
316,297,2.0,15,0
316,171,2.0,16,0
316,71,1.0,17,0
316,225,1.0,18,0
316,266,1.0,19,0
316,70,1.0,20,0
316,713,1.0,21,0
316,851,1.0,22,0
316,368,0.0,23,0
316,586,0.0,24,0
316,127,0.0,25,0
316,732,0.0,26,0
316,274,0.0,27,0
316,684,0.0,28,0
316,575,0.0,29,0
316,763,0.0,30,0
316,335,0.0,31,0
316,288,0.0,32,0
316,362,0.0,33,0
316,143,0.0,34,0
317,713,83.0,1,6
317,354,59.0,2,4
317,70,44.0,3,2
317,586,31.0,4,0
317,314,25.0,5,1
317,735,25.0,6,0
317,297,18.0,7,0
317,150,9.0,8,0
317,846,9.0,9,0
317,127,8.0,10,0
317,696,6.0,11,0
317,543,4.0,12,0
317,851,4.0,13,0
317,503,3.0,14,0
317,274,2.0,15,0
317,732,2.0,16,0
317,519,1.0,17,0
317,266,1.0,18,0
317,182,1.0,19,0
317,763,1.0,20,0
317,822,1.0,21,0
317,251,1.0,22,0
317,272,0.0,23,0
317,225,0.0,24,0
317,807,0.0,25,0
317,173,0.0,26,0
317,368,0.0,27,0
317,288,0.0,28,0
317,171,0.0,29,0
317,575,0.0,30,0
317,335,0.0,31,0
317,71,0.0,32,0
317,362,0.0,33,0
317,143,0.0,34,0
318,182,85.0,1,6
318,822,69.0,2,5
318,713,48.0,3,2
318,70,31.0,4,0
318,354,31.0,5,0
318,735,25.0,6,1
318,297,21.0,7,0
318,225,9.0,8,0
318,569,9.0,9,0
318,543,8.0,10,0
318,314,6.0,11,0
318,288,4.0,12,0
318,586,4.0,13,0
318,846,4.0,14,0
318,272,2.0,15,0
318,266,2.0,16,0
318,851,1.0,17,0
318,807,1.0,18,0
318,696,1.0,19,0
318,251,1.0,20,0
318,274,1.0,21,0
318,150,1.0,22,0
318,503,0.0,23,0
318,519,0.0,24,0
318,368,0.0,25,0
318,732,0.0,26,0
318,763,0.0,27,0
318,171,0.0,28,0
318,684,0.0,29,0
318,575,0.0,30,0
318,362,0.0,31,0
318,335,0.0,32,0
318,71,0.0,33,0
319,251,91.0,1,6
319,354,69.0,2,5
319,713,52.0,3,2
319,822,41.0,4,1
319,543,34.0,5,0
319,266,25.0,6,1
319,314,21.0,7,0
319,297,10.0,8,0
319,732,9.0,9,0
319,362,8.0,10,0
319,288,6.0,11,0
319,696,4.0,12,0
319,586,4.0,13,0
319,735,4.0,14,0
319,173,2.0,15,0
319,851,2.0,16,0
319,763,2.0,17,0
319,846,1.0,18,0
319,182,1.0,19,0
319,569,1.0,20,0
319,503,1.0,21,0
319,150,1.0,22,0
319,225,1.0,23,0
319,272,0.0,24,0
319,353,0.0,25,0
319,70,0.0,26,0
319,274,0.0,27,0
319,171,0.0,28,0
319,575,0.0,29,0
319,368,0.0,30,0
319,807,0.0,31,0
319,508,0.0,32,0
320,354,96.0,1,7
320,182,72.0,2,5
320,251,53.0,3,2
320,314,43.0,4,1
320,713,34.0,5,0
320,846,26.5,6,1
320,272,21.0,7,0
320,150,10.0,8,0
320,569,9.0,9,0
320,266,8.0,10,0
320,173,6.0,11,0
320,225,4.0,12,0
320,274,4.0,13,0
320,297,4.0,14,0
320,362,2.0,15,0
320,127,2.0,16,0
320,807,2.0,17,0
320,696,1.0,18,0
320,503,1.0,19,0
320,353,1.0,20,0
320,586,1.0,21,0
320,735,1.0,22,0
320,70,1.0,23,0
320,171,0.5,24,0
320,732,0.0,25,0
320,851,0.0,26,0
320,763,0.0,27,0
320,543,0.0,28,0
320,575,0.0,29,0
320,683,0.0,30,0
320,288,0.0,31,0
320,508,0.0,32,0
321,354,9.0,1,1
321,70,6.0,2,0
321,732,4.0,3,0
321,314,3.0,4,0
321,266,2.0,5,0
321,851,1.0,6,0
321,586,0.0,7,0
321,368,0.0,8,0
321,713,0.0,9,0
321,274,0.0,10,0
321,711,0.0,11,0
321,736,0.0,12,0
321,127,0.0,13,0
321,297,0.0,14,0
321,164,0.0,15,0
321,763,0.0,16,0
321,182,0.0,17,0
321,251,0.0,18,0
321,209,0.0,19,0
321,71,0.0,20,0
321,150,0.0,21,0
321,822,0.0,22,0
321,519,0.0,23,0
321,88,0.0,24,0
321,171,0.0,25,0
321,747,0.0,26,0
321,595,0.0,27,0
321,367,0.0,28,0
321,846,0.0,29,0
321,225,0.0,30,0
321,288,0.0,31,0
321,327,0.0,32,0
321,770,0.0,33,0
321,447,0.0,34,0
322,822,13.0,1,1
322,251,9.0,2,1
322,354,6.0,3,0
322,182,6.0,4,0
322,732,6.0,5,0
322,314,4.0,6,0
322,70,3.0,7,0
322,851,2.0,8,0
322,586,1.0,9,0
322,711,0.0,10,0
322,171,0.0,11,0
322,595,0.0,12,0
322,713,0.0,13,0
322,846,0.0,14,0
322,362,0.0,15,0
322,747,0.0,16,0
322,266,0.0,17,0
322,164,0.0,18,0
322,327,0.0,19,0
322,88,0.0,20,0
322,763,0.0,21,0
322,274,0.0,22,0
322,209,0.0,23,0
322,368,0.0,24,0
322,71,0.0,25,0
322,150,0.0,26,0
322,367,0.0,27,0
322,225,0.0,28,0
322,519,0.0,29,0
322,297,0.0,30,0
322,288,0.0,31,0
322,127,0.0,32,0
322,683,0.0,33,0
322,770,0.0,34,0
322,447,0.0,35,0
323,713,13.0,1,1
323,251,12.0,2,1
323,711,12.0,3,0
323,822,9.0,4,1
323,314,7.0,5,0
323,70,6.0,6,0
323,88,6.0,7,0
323,747,4.0,8,0
323,595,3.0,9,0
323,171,2.0,10,0
323,164,1.0,11,0
323,225,0.0,12,0
323,368,0.0,13,0
323,71,0.0,14,0
323,182,0.0,15,0
323,209,0.0,16,0
323,266,0.0,17,0
323,150,0.0,18,0
323,297,0.0,19,0
323,732,0.0,20,0
323,763,0.0,21,0
323,354,0.0,22,0
323,272,0.0,23,0
323,519,0.0,24,0
323,851,0.0,25,0
323,127,0.0,26,0
323,586,0.0,27,0
323,362,0.0,28,0
323,274,0.0,29,0
323,720,0.0,30,0
323,683,0.0,31,0
323,770,0.0,32,0
323,538,0.0,33,0
323,288,0.0,34,0
323,327,0.0,35,0
324,354,22.0,1,2
324,70,16.0,2,0
324,251,13.0,3,0
324,732,12.0,4,1
324,362,9.0,5,1
324,368,9.0,6,0
324,209,6.0,7,0
324,88,4.0,8,0
324,182,3.0,9,0
324,164,2.0,10,0
324,225,2.0,11,0
324,595,1.0,12,0
324,713,1.0,13,0
324,150,0.0,14,0
324,851,0.0,15,0
324,822,0.0,16,0
324,711,0.0,17,0
324,720,0.0,18,0
324,519,0.0,19,0
324,171,0.0,20,0
324,763,0.0,21,0
324,586,0.0,22,0
324,747,0.0,23,0
324,266,0.0,24,0
324,272,0.0,25,0
324,314,0.0,26,0
324,274,0.0,27,0
324,71,0.0,28,0
324,297,0.0,29,0
324,127,0.0,30,0
324,288,0.0,31,0
324,327,0.0,32,0
324,770,0.0,33,0
324,683,0.0,34,0
324,538,0.0,35,0
325,354,31.0,1,3
325,314,19.0,2,0
325,182,14.0,3,1
325,251,13.0,4,0
325,822,12.0,5,0
325,88,9.0,6,1
325,266,9.0,7,0
325,362,7.0,8,0
325,368,4.0,9,0
325,519,2.0,10,0
325,851,2.0,11,0
325,763,1.0,12,0
325,71,1.0,13,0
325,747,1.0,14,0
325,209,0.0,15,0
325,150,0.0,16,0
325,225,0.0,17,0
325,713,0.0,18,0
325,595,0.0,19,0
325,70,0.0,20,0
325,711,0.0,21,0
325,732,0.0,22,0
325,171,0.0,23,0
325,272,0.0,24,0
325,274,0.0,25,0
325,586,0.0,26,0
325,127,0.0,27,0
325,297,0.0,28,0
325,164,0.0,29,0
325,720,0.0,30,0
325,288,0.0,31,0
325,327,0.0,32,0
325,683,0.0,33,0
325,770,0.0,34,0
325,538,0.0,35,0
326,822,31.0,1,3
326,182,23.0,2,2
326,251,23.0,3,0
326,711,13.0,4,0
326,732,13.0,5,0
326,314,13.0,6,0
326,70,11.0,7,0
326,747,9.0,8,1
326,713,7.0,9,0
326,88,2.0,10,0
326,266,2.0,11,0
326,586,1.0,12,0
326,150,1.0,13,0
326,164,1.0,14,0
326,209,0.0,15,0
326,171,0.0,16,0
326,274,0.0,17,0
326,595,0.0,18,0
326,71,0.0,19,0
326,354,0.0,20,0
326,225,0.0,21,0
326,368,0.0,22,0
326,763,0.0,23,0
326,851,0.0,24,0
326,720,0.0,25,0
326,272,0.0,26,0
326,127,0.0,27,0
326,519,0.0,28,0
326,297,0.0,29,0
326,362,0.0,30,0
326,327,0.0,31,0
326,288,0.0,32,0
326,683,0.0,33,0
326,770,0.0,34,0
326,538,0.0,35,0
327,822,35.0,1,3
327,519,32.0,2,3
327,354,25.0,3,0
327,314,16.0,4,0
327,251,13.0,5,0
327,713,13.0,6,0
327,763,11.0,7,0
327,368,10.0,8,1
327,595,7.0,9,0
327,274,6.0,10,0
327,88,2.0,11,0
327,747,2.0,12,0
327,266,1.0,13,0
327,171,1.0,14,0
327,720,1.0,15,0
327,711,0.0,16,0
327,327,0.0,17,0
327,182,0.0,18,0
327,150,0.0,19,0
327,851,0.0,20,0
327,297,0.0,21,0
327,586,0.0,22,0
327,70,0.0,23,0
327,362,0.0,24,0
327,732,0.0,25,0
327,272,0.0,26,0
327,164,0.0,27,0
327,288,0.0,28,0
327,209,0.0,29,0
327,225,0.0,30,0
327,71,0.0,31,0
327,127,0.0,32,0
327,770,0.0,33,0
327,683,0.0,34,0
327,538,0.0,35,0
328,822,41.0,1,4
328,732,39.0,2,3
328,354,25.0,3,0
328,368,18.0,4,0
328,314,17.0,5,0
328,763,13.0,6,0
328,362,13.0,7,0
328,70,10.0,8,1
328,266,7.0,9,0
328,171,6.0,10,0
328,272,4.0,11,0
328,164,2.0,12,0
328,595,2.0,13,0
328,251,1.0,14,0
328,182,1.0,15,0
328,519,1.0,16,0
328,747,0.0,17,0
328,88,0.0,18,0
328,288,0.0,19,0
328,274,0.0,20,0
328,713,0.0,21,0
328,851,0.0,22,0
328,711,0.0,23,0
328,150,0.0,24,0
328,586,0.0,25,0
328,297,0.0,26,0
328,71,0.0,27,0
328,720,0.0,28,0
328,225,0.0,29,0
328,209,0.0,30,0
328,127,0.0,31,0
328,327,0.0,32,0
328,770,0.0,33,0
328,683,0.0,34,0
328,538,0.0,35,0
329,354,48.0,1,4
329,711,44.0,2,4
329,251,29.0,3,0
329,822,18.0,4,0
329,713,18.0,5,0
329,732,13.0,6,0
329,519,13.0,7,0
329,88,13.0,8,0
329,362,12.0,9,1
329,171,6.0,10,0
329,70,4.0,11,0
329,225,2.0,12,0
329,368,2.0,13,0
329,763,1.0,14,0
329,851,1.0,15,0
329,314,1.0,16,0
329,586,0.0,17,0
329,209,0.0,18,0
329,182,0.0,19,0
329,297,0.0,20,0
329,720,0.0,21,0
329,274,0.0,22,0
329,747,0.0,23,0
329,266,0.0,24,0
329,272,0.0,25,0
329,595,0.0,26,0
329,71,0.0,27,0
329,164,0.0,28,0
329,327,0.0,29,0
329,150,0.0,30,0
329,288,0.0,31,0
329,127,0.0,32,0
329,683,0.0,33,0
329,770,0.0,34,0
329,538,0.0,35,0
330,732,54.0,1,4
330,354,44.0,2,4
330,314,29.0,3,0
330,713,27.0,4,1
330,88,22.0,5,0
330,368,15.0,6,1
330,747,13.0,7,0
330,297,13.0,8,0
330,362,13.0,9,0
330,272,6.0,10,0
330,171,5.0,11,0
330,274,3.0,12,0
330,288,2.0,13,0
330,595,2.0,14,0
330,164,1.0,15,0
330,251,1.0,16,0
330,182,0.0,17,0
330,711,0.0,18,0
330,519,0.0,19,0
330,763,0.0,20,0
330,822,0.0,21,0
330,70,0.0,22,0
330,266,0.0,23,0
330,586,0.0,24,0
330,150,0.0,25,0
330,851,0.0,26,0
330,327,0.0,27,0
330,720,0.0,28,0
330,225,0.0,29,0
330,209,0.0,30,0
330,71,0.0,31,0
330,683,0.0,32,0
330,127,0.0,33,0
330,770,0.0,34,0
330,538,0.0,35,0
331,354,63.0,1,5
331,822,50.0,2,4
331,251,33.0,3,0
331,711,27.0,4,1
331,314,24.0,5,0
331,297,16.0,6,0
331,519,15.0,7,1
331,70,13.0,8,0
331,368,13.0,9,0
331,362,6.0,10,0
331,88,5.0,11,0
331,747,3.0,12,0
331,274,2.0,13,0
331,171,2.0,14,0
331,586,1.0,15,0
331,71,1.0,16,0
331,266,1.0,17,0
331,720,0.0,18,0
331,150,0.0,19,0
331,732,0.0,20,0
331,182,0.0,21,0
331,713,0.0,22,0
331,272,0.0,23,0
331,851,0.0,24,0
331,763,0.0,25,0
331,164,0.0,26,0
331,595,0.0,27,0
331,288,0.0,28,0
331,327,0.0,29,0
331,683,0.0,30,0
331,127,0.0,31,0
331,770,0.0,32,0
331,538,0.0,33,0
332,354,72.0,1,6
332,822,56.0,2,4
332,251,37.0,3,0
332,182,27.0,4,1
332,713,24.0,5,0
332,851,17.0,6,1
332,314,16.0,7,0
332,711,16.0,8,0
332,362,13.0,9,0
332,150,6.0,10,0
332,171,5.0,11,0
332,274,3.0,12,0
332,595,2.0,13,0
332,327,2.0,14,0
332,519,2.0,15,0
332,763,1.0,16,0
332,71,1.0,17,0
332,297,0.0,18,0
332,266,0.0,19,0
332,732,0.0,20,0
332,88,0.0,21,0
332,272,0.0,22,0
332,747,0.0,23,0
332,368,0.0,24,0
332,586,0.0,25,0
332,70,0.0,26,0
332,288,0.0,27,0
332,164,0.0,28,0
332,720,0.0,29,0
332,683,0.0,30,0
332,127,0.0,31,0
332,770,0.0,32,0
332,538,0.0,33,0
333,182,78.0,1,6
333,354,60.0,2,4
333,822,40.0,3,0
333,251,27.0,4,1
333,314,26.0,5,0
333,711,25.0,6,1
333,713,17.0,7,1
333,70,17.0,8,0
333,274,13.0,9,0
333,171,6.0,10,0
333,586,5.0,11,0
333,297,3.0,12,0
333,362,2.0,13,0
333,763,2.0,14,0
333,272,2.0,15,0
333,595,1.0,16,0
333,720,1.0,17,0
333,519,0.0,18,0
333,732,0.0,19,0
333,368,0.0,20,0
333,266,0.0,21,0
333,747,0.0,22,0
333,88,0.0,23,0
333,327,0.0,24,0
333,150,0.0,25,0
333,851,0.0,26,0
333,71,0.0,27,0
333,164,0.0,28,0
333,288,0.0,29,0
333,683,0.0,30,0
333,127,0.0,31,0
333,770,0.0,32,0
333,538,0.0,33,0
334,822,78.0,1,6
334,182,69.0,2,5
334,711,40.0,3,0
334,732,31.0,4,1
334,713,30.0,5,1
334,763,26.0,6,0
334,171,21.0,7,0
334,297,19.0,8,1
334,327,13.0,9,0
334,274,6.0,10,0
334,88,5.0,11,0
334,519,3.0,12,0
334,251,2.0,13,0
334,354,2.0,14,0
334,314,2.0,15,0
334,150,2.0,16,0
334,71,1.0,17,0
334,586,0.0,18,0
334,595,0.0,19,0
334,368,0.0,20,0
334,851,0.0,21,0
334,288,0.0,22,0
334,266,0.0,23,0
334,70,0.0,24,0
334,272,0.0,25,0
334,747,0.0,26,0
334,720,0.0,27,0
334,164,0.0,28,0
334,736,0.0,29,0
334,683,0.0,30,0
334,127,0.0,31,0
334,770,0.0,32,0
334,538,0.0,33,0
335,314,78.0,1,6
335,127,69.0,2,5
335,763,40.0,3,0
335,713,35.0,4,1
335,732,32.0,5,1
335,851,31.0,6,1
335,171,22.0,7,1
335,586,21.0,8,0
335,362,13.0,9,0
335,595,6.0,10,0
335,88,6.0,11,0
335,173,6.0,12,0
335,274,5.0,13,0
335,182,3.0,14,0
335,272,3.0,15,0
335,368,2.0,16,0
335,846,2.0,17,0
335,519,1.0,18,0
335,150,0.0,19,0
335,297,0.0,20,0
335,720,0.0,21,0
335,251,0.0,22,0
335,354,0.0,23,0
335,822,0.0,24,0
335,266,0.0,25,0
335,70,0.0,26,0
335,71,0.0,27,0
335,288,0.0,28,0
335,327,0.0,29,0
335,683,0.0,30,0
336,314,78.0,1,6
336,182,71.0,2,5
336,822,43.0,3,2
336,251,43.0,4,0
336,732,37.0,5,1
336,713,34.0,6,1
336,127,23.0,7,1
336,70,21.0,8,0
336,586,13.0,9,0
336,171,6.0,10,0
336,595,6.0,11,0
336,266,6.0,12,0
336,71,5.0,13,0
336,272,3.0,14,0
336,354,3.0,15,0
336,288,2.0,16,0
336,173,2.0,17,0
336,851,1.0,18,0
336,519,0.0,19,0
336,88,0.0,20,0
336,297,0.0,21,0
336,150,0.0,22,0
336,368,0.0,23,0
336,846,0.0,24,0
336,720,0.0,25,0
336,763,0.0,26,0
336,274,0.0,27,0
336,327,0.0,28,0
336,362,0.0,29,0
336,683,0.0,30,0
337,741,25.0,1,1
337,133,18.0,2,0
337,554,15.0,3,0
337,606,12.0,4,0
337,168,10.0,5,0
337,735,8.0,6,0
337,520,6.0,7,0
337,601,4.0,8,0
337,662,2.0,9,0
337,686,1.0,10,0
337,493,0.0,11,0
337,246,0.0,12,0
337,564,0.0,13,0
337,843,0.0,14,0
337,121,0.0,15,0
337,820,0.0,16,0
337,15,0.0,17,0
337,786,0.0,18,0
337,413,0.0,19,0
337,29,0.0,20,0
337,618,0.0,21,0
337,319,0.0,22,0
337,118,0.0,23,0
337,746,0.0,24,0
338,520,37.0,1,1
338,493,33.0,2,0
338,133,31.0,3,1
338,741,23.0,4,0
338,168,20.0,5,0
338,554,18.0,6,0
338,662,12.0,7,0
338,686,9.0,8,0
338,601,8.0,9,0
338,735,6.0,10,0
338,564,5.0,11,0
338,786,0.0,12,0
338,121,0.0,13,0
338,746,0.0,14,0
338,29,0.0,15,0
338,118,0.0,16,0
338,606,0.0,17,0
338,246,0.0,18,0
338,618,0.0,19,0
338,413,0.0,20,0
338,820,0.0,21,0
338,843,0.0,22,0
338,319,0.0,23,0
338,15,0.0,24,0
339,606,39.0,1,0
339,601,37.0,2,1
339,168,37.0,3,1
339,493,35.0,4,1
339,246,35.0,5,0
339,554,31.0,6,0
339,133,30.0,7,0
339,520,24.0,8,0
339,564,10.0,9,0
339,843,9.0,10,0
339,820,8.0,11,0
339,686,5.0,12,0
339,741,2.0,13,0
339,118,1.0,14,0
339,746,0.0,15,0
339,413,0.0,16,0
339,15,0.0,17,0
339,121,0.0,18,0
339,618,0.0,19,0
339,662,0.0,20,0
339,735,0.0,21,0
339,319,0.0,22,0
339,29,0.0,23,0
339,786,0.0,24,0
340,520,60.0,1,2
340,554,50.0,2,0
340,168,49.0,3,1
340,741,49.0,4,0
340,493,45.0,5,1
340,606,41.0,6,0
340,618,40.0,7,0
340,601,28.0,8,0
340,133,10.0,9,0
340,735,10.0,10,0
340,246,8.0,11,0
340,686,6.0,12,0
340,564,5.0,13,0
340,121,2.0,14,0
340,843,1.0,15,0
340,413,0.0,16,0
340,746,0.0,17,0
340,15,0.0,18,0
340,118,0.0,19,0
340,786,0.0,20,0
340,820,0.0,21,0
340,319,0.0,22,0
340,662,0.0,23,0
340,29,0.0,24,0
341,601,70.0,1,2
341,741,67.0,2,1
341,606,60.0,3,1
341,735,53.0,4,1
341,520,50.0,5,0
341,133,49.0,6,0
341,246,49.0,7,0
341,493,44.0,8,0
341,686,22.0,9,0
341,564,16.0,10,0
341,618,8.0,11,0
341,319,7.0,12,0
341,168,6.0,13,0
341,554,3.0,14,0
341,662,1.0,15,0
341,843,0.0,16,0
341,15,0.0,17,0
341,29,0.0,18,0
341,118,0.0,19,0
341,820,0.0,20,0
341,746,0.0,21,0
341,786,0.0,22,0
341,413,0.0,23,0
341,121,0.0,24,0
342,601,78.0,1,2
342,606,78.0,2,1
342,493,75.0,3,1
342,133,70.0,4,2
342,554,61.0,5,0
342,741,59.0,6,0
342,168,59.0,7,0
342,246,56.0,8,0
342,662,22.0,9,0
342,820,20.0,10,0
342,564,10.0,11,0
342,735,7.0,12,0
342,618,6.0,13,0
342,746,3.0,14,0
342,15,1.0,15,0
342,121,1.0,16,0
342,413,0.0,17,0
342,686,0.0,18,0
342,319,0.0,19,0
342,118,0.0,20,0
342,29,0.0,21,0
342,786,0.0,22,0
342,520,0.0,23,0
342,843,0.0,24,0
343,554,93.0,1,2
343,520,88.0,2,2
343,601,84.0,3,1
343,735,79.0,4,1
343,168,78.0,5,1
343,493,67.0,6,0
343,133,67.0,7,0
343,741,66.0,8,0
343,246,34.0,9,0
343,319,22.0,10,0
343,786,10.0,11,0
343,564,7.0,12,0
343,662,6.0,13,0
343,686,3.0,14,0
343,618,1.0,15,0
343,820,1.0,16,0
343,843,1.0,17,0
343,29,0.0,18,0
343,118,0.0,19,0
343,746,0.0,20,0
343,413,0.0,21,0
343,606,0.0,22,0
343,121,0.0,23,0
343,15,0.0,24,0
344,554,109.0,1,2
344,520,106.0,2,2
344,741,103.0,3,2
344,606,94.0,4,1
344,601,90.0,5,1
344,168,74.0,6,0
344,493,73.0,7,0
344,820,67.0,8,0
344,662,34.0,9,0
344,246,23.0,10,0
344,735,12.0,11,0
344,564,7.0,12,0
344,843,6.0,13,0
344,686,5.0,14,0
344,133,3.0,15,0
344,121,1.0,16,0
344,618,1.0,17,0
344,746,0.0,18,0
344,118,0.0,19,0
344,29,0.0,20,0
344,15,0.0,21,0
344,786,0.0,22,0
344,413,0.0,23,0
344,319,0.0,24,0
345,606,127.0,1,2
345,554,121.0,2,2
345,520,115.0,3,2
345,686,103.0,4,2
345,493,98.0,5,1
345,246,83.0,6,0
345,319,75.0,7,0
345,741,67.0,8,0
345,820,34.0,9,0
345,168,31.0,10,0
345,133,19.0,11,0
345,786,12.0,12,0
345,564,7.0,13,0
345,618,7.0,14,0
345,735,6.0,15,0
345,662,3.0,16,0
345,118,1.0,17,0
345,746,0.0,18,0
345,29,0.0,19,0
345,413,0.0,20,0
345,15,0.0,21,0
345,843,0.0,22,0
345,121,0.0,23,0
345,601,0.0,24,0
346,601,145.0,1,2
346,554,133.0,2,2
346,168,128.0,3,3
346,520,121.0,4,2
346,686,98.0,5,1
346,319,90.0,6,0
346,606,83.0,7,0
346,246,67.0,8,0
346,735,36.0,9,0
346,843,35.0,10,0
346,662,29.0,11,0
346,820,15.0,12,0
346,618,12.0,13,0
346,741,7.0,14,0
346,133,6.0,15,0
346,15,3.0,16,0
346,121,2.0,17,0
346,29,0.0,18,0
346,746,0.0,19,0
346,382,0.0,20,0
346,564,0.0,21,0
346,786,0.0,22,0
346,493,0.0,23,0
346,118,0.0,24,0
347,741,157.0,1,2
347,133,143.0,2,2
347,606,136.0,3,3
347,554,136.0,4,2
347,520,123.0,5,2
347,601,94.0,6,0
347,493,89.0,7,0
347,168,85.0,8,0
347,735,38.0,9,0
347,618,35.0,10,0
347,319,29.0,11,0
347,686,15.0,12,0
347,843,12.0,13,0
347,786,7.0,14,0
347,564,7.0,15,0
347,662,3.0,16,0
347,246,2.0,17,0
347,29,0.0,18,0
347,413,0.0,19,0
347,121,0.0,20,0
347,118,0.0,21,0
347,382,0.0,22,0
347,15,0.0,23,0
347,820,0.0,24,0
348,601,161.0,1,4
348,741,157.0,2,2
348,606,151.0,3,2
348,133,147.0,4,2
348,618,141.0,5,2
348,843,97.0,6,0
348,786,94.0,7,0
348,520,89.0,8,0
348,319,38.0,9,0
348,686,35.0,10,0
348,735,30.0,11,0
348,820,17.0,12,0
348,662,17.0,13,0
348,121,12.0,14,0
348,15,10.0,15,0
348,29,7.0,16,0
348,413,6.0,17,0
348,118,3.0,18,0
348,382,0.0,19,0
348,554,0.0,20,0
348,493,0.0,21,0
348,168,0.0,22,0
348,246,0.0,23,0
348,564,0.0,24,0
349,554,182.0,1,3
349,601,179.0,2,4
349,493,151.0,3,2
349,133,147.0,4,2
349,246,141.0,5,2
349,168,109.0,6,0
349,735,104.0,7,0
349,319,102.0,8,0
349,618,45.0,9,0
349,662,44.0,10,0
349,786,30.0,11,0
349,820,21.0,12,0
349,564,19.0,13,0
349,843,13.0,14,0
349,606,10.0,15,0
349,121,7.0,16,0
349,118,6.0,17,0
349,29,3.0,18,0
349,15,0.0,19,0
349,382,0.0,20,0
349,741,0.0,21,0
349,520,0.0,22,0
349,413,0.0,23,0
349,686,0.0,24,0
350,741,187.0,1,4
350,520,182.0,2,3
350,133,166.0,3,3
350,606,165.0,4,2
350,168,163.0,5,2
350,601,124.0,6,0
350,843,112.0,7,0
350,493,108.0,8,0
350,735,46.0,9,0
350,686,45.0,10,0
350,820,31.0,11,0
350,662,21.0,12,0
350,618,19.0,13,0
350,786,16.0,14,0
350,564,13.0,15,0
350,246,7.0,16,0
350,29,6.0,17,0
350,121,3.0,18,0
350,382,0.0,19,0
350,118,0.0,20,0
350,15,0.0,21,0
350,413,0.0,22,0
350,554,0.0,23,0
350,319,0.0,24,0
351,741,202.0,1,4
351,606,191.0,2,4
351,601,182.0,3,3
351,520,181.0,4,2
351,168,177.0,5,2
351,686,128.0,6,0
351,493,122.0,7,0
351,133,114.0,8,0
351,246,47.0,9,0
351,843,46.0,10,0
351,618,39.0,11,0
351,564,21.0,12,0
351,735,19.0,13,0
351,820,17.0,14,0
351,118,13.0,15,0
351,121,7.0,16,0
351,29,6.0,17,0
351,818,3.0,18,0
351,554,0.0,19,0
351,307,0.0,20,0
351,319,0.0,21,0
351,413,0.0,22,0
351,15,0.0,23,0
351,662,0.0,24,0
352,606,220.0,1,4
352,601,206.0,2,4
352,741,206.0,3,3
352,520,192.0,4,3
352,554,189.0,5,2
352,735,128.0,6,0
352,319,122.0,7,0
352,818,114.0,8,0
352,686,54.0,9,0
352,820,47.0,10,0
352,564,41.0,11,0
352,121,27.0,12,0
352,15,19.0,13,0
352,29,17.0,14,0
352,413,13.0,15,0
352,382,8.0,16,0
352,168,6.0,17,0
352,246,4.0,18,0
352,493,3.0,19,0
352,843,0.0,20,0
352,133,0.0,21,0
352,618,0.0,22,0
352,662,0.0,23,0
352,118,0.0,24,0
353,741,231.0,1,5
353,554,220.0,2,4
353,133,210.0,3,3
353,735,206.0,4,3
353,493,189.0,5,2
353,662,143.0,6,0
353,686,124.0,7,0
353,319,122.0,8,0
353,818,66.0,9,0
353,843,47.0,10,0
353,564,47.0,11,0
353,520,31.0,12,0
353,121,21.0,13,0
353,413,19.0,14,0
353,382,18.0,15,0
353,246,8.0,16,0
353,606,6.0,17,0
353,618,6.0,18,0
353,29,3.0,19,0
353,820,0.0,20,0
353,118,0.0,21,0
353,15,0.0,22,0
353,601,0.0,23,0
353,168,0.0,24,0
354,606,246.0,1,5
354,601,238.0,2,4
354,741,231.0,3,4
354,554,222.0,4,3
354,520,199.0,5,2
354,168,143.0,6,0
354,735,130.0,7,0
354,843,126.0,8,0
354,493,72.0,9,0
354,319,47.0,10,0
354,564,47.0,11,0
354,246,32.0,12,0
354,820,22.0,13,0
354,686,21.0,14,0
354,133,19.0,15,0
354,618,8.0,16,0
354,818,6.0,17,0
354,121,6.0,18,0
354,15,3.0,19,0
354,29,0.0,20,0
354,413,0.0,21,0
354,307,0.0,22,0
354,118,0.0,23,0
354,662,0.0,24,0
355,606,256.0,1,5
355,554,252.0,2,5
355,520,242.0,3,4
355,168,240.0,4,3
355,493,214.0,5,2
355,618,144.0,6,0
355,741,142.0,7,0
355,601,136.0,8,0
355,564,72.0,9,0
355,133,47.0,10,0
355,818,47.0,11,0
355,686,32.0,12,0
355,246,27.0,13,0
355,319,22.0,14,0
355,820,21.0,15,0
355,843,8.0,16,0
355,121,6.0,17,0
355,118,6.0,18,0
355,413,5.0,19,0
355,307,0.0,20,0
355,15,0.0,21,0
355,29,0.0,22,0
355,735,0.0,23,0
355,662,0.0,24,0
356,182,9.0,1,1
356,822,6.0,2,0
356,297,4.0,3,0
356,173,3.0,4,0
356,88,2.0,5,0
356,711,1.0,6,0
356,774,0.0,7,0
356,851,0.0,8,0
356,71,0.0,9,0
356,274,0.0,10,0
356,354,0.0,11,0
356,595,0.0,12,0
356,150,0.0,13,0
356,817,0.0,14,0
356,713,0.0,15,0
356,25,0.0,16,0
356,736,0.0,17,0
356,543,0.0,18,0
356,519,0.0,19,0
356,314,0.0,20,0
356,171,0.0,21,0
356,266,0.0,22,0
356,732,0.0,23,0
356,586,0.0,24,0
356,251,0.0,25,0
356,393,0.0,26,0
356,327,0.0,27,0
356,224,0.0,28,0
356,209,0.0,29,0
356,127,0.0,30,0
356,362,0.0,31,0
356,563,0.0,32,0
356,676,0.0,33,0
356,792,0.0,34,0
356,73,0.0,35,0
356,763,0.0,36,0
356,367,0.0,37,0
357,354,12.0,1,0
357,822,9.0,2,1
357,711,9.0,3,1
357,732,5.0,4,0
357,88,4.0,5,0
357,774,4.0,6,0
357,362,3.0,7,0
357,288,3.0,8,0
357,25,1.0,9,0
357,150,0.0,10,0
357,173,0.0,11,0
357,171,0.0,12,0
357,543,0.0,13,0
357,851,0.0,14,0
357,393,0.0,15,0
357,297,0.0,16,0
357,314,0.0,17,0
357,182,0.0,18,0
357,713,0.0,19,0
357,266,0.0,20,0
357,586,0.0,21,0
357,71,0.0,22,0
357,251,0.0,23,0
357,519,0.0,24,0
357,595,0.0,25,0
357,327,0.0,26,0
357,274,0.0,27,0
357,224,0.0,28,0
357,817,0.0,29,0
357,127,0.0,30,0
357,683,0.0,31,0
357,209,0.0,32,0
357,563,0.0,33,0
357,367,0.0,34,0
357,73,0.0,35,0
357,792,0.0,36,0
357,763,0.0,37,0
357,736,0.0,38,0
357,676,0.0,39,0
358,354,18.0,1,2
358,822,18.0,2,0
358,266,9.0,3,1
358,362,5.0,4,0
358,274,4.0,5,0
358,543,4.0,6,0
358,25,4.0,7,0
358,711,3.0,8,0
358,774,3.0,9,0
358,732,3.0,10,0
358,519,2.0,11,0
358,224,1.0,12,0
358,150,1.0,13,0
358,173,0.0,14,0
358,713,0.0,15,0
358,393,0.0,16,0
358,288,0.0,17,0
358,127,0.0,18,0
358,595,0.0,19,0
358,297,0.0,20,0
358,314,0.0,21,0
358,182,0.0,22,0
358,792,0.0,23,0
358,71,0.0,24,0
358,586,0.0,25,0
358,88,0.0,26,0
358,817,0.0,27,0
358,327,0.0,28,0
358,851,0.0,29,0
358,563,0.0,30,0
358,367,0.0,31,0
358,171,0.0,32,0
358,736,0.0,33,0
358,683,0.0,34,0
358,209,0.0,35,0
358,676,0.0,36,0
358,763,0.0,37,0
358,73,0.0,38,0
359,354,27.0,1,3
359,713,20.0,2,0
359,274,9.0,3,1
359,711,8.0,4,0
359,822,6.0,5,0
359,288,6.0,6,0
359,25,4.0,7,0
359,71,4.0,8,0
359,543,4.0,9,0
359,266,3.0,10,0
359,314,3.0,11,0
359,817,3.0,12,0
359,362,1.0,13,0
359,224,1.0,14,0
359,173,1.0,15,0
359,586,0.0,16,0
359,182,0.0,17,0
359,88,0.0,18,0
359,851,0.0,19,0
359,595,0.0,20,0
359,150,0.0,21,0
359,251,0.0,22,0
359,367,0.0,23,0
359,732,0.0,24,0
359,774,0.0,25,0
359,519,0.0,26,0
359,393,0.0,27,0
359,297,0.0,28,0
359,327,0.0,29,0
359,127,0.0,30,0
359,683,0.0,31,0
359,209,0.0,32,0
359,171,0.0,33,0
359,676,0.0,34,0
359,736,0.0,35,0
359,763,0.0,36,0
359,563,0.0,37,0
359,73,0.0,38,0
359,792,0.0,39,0
360,822,29.0,1,1
360,713,27.0,2,3
360,25,12.0,3,0
360,817,9.0,4,1
360,173,8.0,5,0
360,732,6.0,6,0
360,288,5.0,7,0
360,150,4.0,8,0
360,774,4.0,9,0
360,251,4.0,10,0
360,362,4.0,11,0
360,314,4.0,12,0
360,367,3.0,13,0
360,393,3.0,14,0
360,354,1.0,15,0
360,543,1.0,16,0
360,266,1.0,17,0
360,182,0.0,18,0
360,586,0.0,19,0
360,851,0.0,20,0
360,519,0.0,21,0
360,297,0.0,22,0
360,274,0.0,23,0
360,711,0.0,24,0
360,88,0.0,25,0
360,595,0.0,26,0
360,71,0.0,27,0
360,127,0.0,28,0
360,224,0.0,29,0
360,327,0.0,30,0
360,563,0.0,31,0
360,792,0.0,32,0
360,209,0.0,33,0
360,171,0.0,34,0
360,73,0.0,35,0
360,676,0.0,36,0
360,763,0.0,37,0
360,736,0.0,38,0
360,683,0.0,39,0
361,732,29.0,1,1
361,713,27.0,2,3
361,150,18.0,3,0
361,314,13.0,4,1
361,224,9.0,5,1
361,362,8.0,6,0
361,354,6.0,7,0
361,817,5.0,8,0
361,127,4.0,9,0
361,88,4.0,10,0
361,774,4.0,11,0
361,171,4.0,12,0
361,519,4.0,13,0
361,595,4.0,14,0
361,367,3.0,15,0
361,393,3.0,16,0
361,297,2.0,17,0
361,251,1.0,18,0
361,288,1.0,19,0
361,25,1.0,20,0
361,822,0.0,21,0
361,182,0.0,22,0
361,266,0.0,23,0
361,586,0.0,24,0
361,711,0.0,25,0
361,274,0.0,26,0
361,851,0.0,27,0
361,327,0.0,28,0
361,173,0.0,29,0
361,71,0.0,30,0
361,543,0.0,31,0
361,683,0.0,32,0
361,209,0.0,33,0
361,563,0.0,34,0
361,736,0.0,35,0
361,73,0.0,36,0
361,676,0.0,37,0
361,763,0.0,38,0
361,792,0.0,39,0
362,822,38.0,1,2
362,182,27.0,2,3
362,713,22.0,3,0
362,70,15.0,4,1
362,367,13.0,5,1
362,71,8.0,6,0
362,25,6.0,7,0
362,314,5.0,8,0
362,272,4.0,9,0
362,774,4.0,10,0
362,368,4.0,11,0
362,747,4.0,12,0
362,683,4.0,13,0
362,297,4.0,14,0
362,266,3.0,15,0
362,732,3.0,16,0
362,851,3.0,17,0
362,519,2.0,18,0
362,711,2.0,19,0
362,586,1.0,20,0
362,595,1.0,21,0
362,288,1.0,22,0
362,251,1.0,23,0
362,362,0.0,24,0
362,224,0.0,25,0
362,354,0.0,26,0
362,150,0.0,27,0
362,393,0.0,28,0
362,817,0.0,29,0
362,127,0.0,30,0
362,171,0.0,31,0
362,543,0.0,32,0
362,676,0.0,33,0
362,736,0.0,34,0
362,563,0.0,35,0
362,792,0.0,36,0
362,763,0.0,37,0
362,209,0.0,38,0
362,73,0.0,39,0
363,822,47.0,1,3
363,182,27.0,2,3
363,711,22.0,3,0
363,314,21.0,4,1
363,586,13.0,5,1
363,393,12.0,6,0
363,71,6.0,7,0
363,851,6.0,8,0
363,88,5.0,9,0
363,732,4.0,10,0
363,272,4.0,11,0
363,683,4.0,12,0
363,297,4.0,13,0
363,543,4.0,14,0
363,251,4.0,15,0
363,368,3.0,16,0
363,595,3.0,17,0
363,774,2.0,18,0
363,266,2.0,19,0
363,70,2.0,20,0
363,171,1.0,21,0
363,713,1.0,22,0
363,519,1.0,23,0
363,150,1.0,24,0
363,354,1.0,25,0
363,127,0.0,26,0
363,224,0.0,27,0
363,25,0.0,28,0
363,288,0.0,29,0
363,817,0.0,30,0
363,367,0.0,31,0
363,362,0.0,32,0
363,209,0.0,33,0
363,563,0.0,34,0
363,327,0.0,35,0
363,736,0.0,36,0
363,792,0.0,37,0
363,763,0.0,38,0
363,676,0.0,39,0
364,354,53.0,1,3
364,822,36.0,2,4
364,182,25.0,3,1
364,713,25.0,4,0
364,314,13.0,5,1
364,88,12.0,6,0
364,150,8.0,7,0
364,543,6.0,8,0
364,586,5.0,9,0
364,70,5.0,10,0
364,224,4.0,11,0
364,25,4.0,12,0
364,266,4.0,13,0
364,851,4.0,14,0
364,519,4.0,15,0
364,297,3.0,16,0
364,272,3.0,17,0
364,595,2.0,18,0
364,774,2.0,19,0
364,251,2.0,20,0
364,367,1.0,21,0
364,711,1.0,22,0
364,732,1.0,23,0
364,362,1.0,24,0
364,274,1.0,25,0
364,71,0.0,26,0
364,393,0.0,27,0
364,683,0.0,28,0
364,817,0.0,29,0
364,676,0.0,30,0
364,327,0.0,31,0
364,171,0.0,32,0
364,288,0.0,33,0
364,563,0.0,34,0
364,127,0.0,35,0
364,792,0.0,36,0
364,209,0.0,37,0
364,763,0.0,38,0
365,182,56.0,1,3
365,354,42.0,2,4
365,732,34.0,3,2
365,822,25.0,4,0
365,25,17.0,5,1
365,314,12.0,6,0
365,362,9.0,7,0
365,272,6.0,8,0
365,70,6.0,9,0
365,88,5.0,10,0
365,266,5.0,11,0
365,543,4.0,12,0
365,774,4.0,13,0
365,393,4.0,14,0
365,251,4.0,15,0
365,713,3.0,16,0
365,367,3.0,17,0
365,711,2.0,18,0
365,683,2.0,19,0
365,851,2.0,20,0
365,297,1.0,21,0
365,519,1.0,22,0
365,274,1.0,23,0
365,563,1.0,24,0
365,586,1.0,25,0
365,150,0.0,26,0
365,224,0.0,27,0
365,71,0.0,28,0
365,817,0.0,29,0
365,676,0.0,30,0
365,171,0.0,31,0
365,595,0.0,32,0
365,327,0.0,33,0
365,736,0.0,34,0
365,288,0.0,35,0
365,127,0.0,36,0
365,209,0.0,37,0
365,763,0.0,38,0
365,792,0.0,39,0
366,354,62.0,1,3
366,822,51.0,2,5
366,182,38.0,3,2
366,732,25.0,4,0
366,711,20.0,5,1
366,88,14.0,6,0
366,297,9.0,7,0
366,367,6.0,8,0
366,586,6.0,9,0
366,272,6.0,10,0
366,150,5.0,11,0
366,519,4.0,12,0
366,71,4.0,13,0
366,774,4.0,14,0
366,393,4.0,15,0
366,595,3.0,16,0
366,25,3.0,17,0
366,683,2.0,18,0
366,713,2.0,19,0
366,274,2.0,20,0
366,362,1.0,21,0
366,543,1.0,22,0
366,251,1.0,23,0
366,266,1.0,24,0
366,224,1.0,25,0
366,173,0.0,26,0
366,851,0.0,27,0
366,314,0.0,28,0
366,817,0.0,29,0
366,792,0.0,30,0
366,171,0.0,31,0
366,563,0.0,32,0
366,127,0.0,33,0
366,288,0.0,34,0
366,736,0.0,35,0
366,763,0.0,36,0
366,327,0.0,37,0
366,209,0.0,38,0
366,276,0.0,39,0
367,822,71.0,1,4
367,251,51.0,2,5
367,732,38.0,3,2
367,713,28.0,4,0
367,70,24.0,5,1
367,543,14.0,6,0
367,586,9.0,7,0
367,393,6.0,8,0
367,224,6.0,9,0
367,851,6.0,10,0
367,362,6.0,11,0
367,150,5.0,12,0
367,354,5.0,13,0
367,182,4.0,14,0
367,683,4.0,15,0
367,711,4.0,16,0
367,519,4.0,17,0
367,71,3.0,18,0
367,314,2.0,19,0
367,774,2.0,20,0
367,88,2.0,21,0
367,171,2.0,22,0
367,274,1.0,23,0
367,297,1.0,24,0
367,595,1.0,25,0
367,272,1.0,26,0
367,266,0.0,27,0
367,25,0.0,28,0
367,817,0.0,29,0
367,792,0.0,30,0
367,367,0.0,31,0
367,288,0.0,32,0
367,127,0.0,33,0
367,563,0.0,34,0
367,736,0.0,35,0
367,763,0.0,36,0
367,317,0.0,37,0
367,327,0.0,38,0
367,276,0.0,39,0
368,251,75.0,1,4
368,822,51.0,2,5
368,367,38.0,3,2
368,711,28.0,4,0
368,586,24.0,5,1
368,774,17.0,6,0
368,851,15.0,7,1
368,543,9.0,8,0
368,595,6.0,9,0
368,297,6.0,10,0
368,274,6.0,11,0
368,393,6.0,12,0
368,224,5.0,13,0
368,266,5.0,14,0
368,713,4.0,15,0
368,732,4.0,16,0
368,354,4.0,17,0
368,182,4.0,18,0
368,88,4.0,19,0
368,314,3.0,20,0
368,362,2.0,21,0
368,272,2.0,22,0
368,519,2.0,23,0
368,25,1.0,24,0
368,150,1.0,25,0
368,127,1.0,26,0
368,173,0.0,27,0
368,71,0.0,28,0
368,792,0.0,29,0
368,817,0.0,30,0
368,327,0.0,31,0
368,225,0.0,32,0
368,563,0.0,33,0
368,317,0.0,34,0
368,288,0.0,35,0
368,171,0.0,36,0
368,763,0.0,37,0
368,736,0.0,38,0
368,276,0.0,39,0
369,354,76.0,1,4
369,251,60.0,2,6
369,822,38.0,3,2
369,70,30.0,4,0
369,713,24.0,5,1
369,595,21.0,6,1
369,150,17.0,7,0
369,314,9.0,8,0
369,88,8.0,9,0
369,774,6.0,10,0
369,25,6.0,11,0
369,272,6.0,12,0
369,362,6.0,13,0
369,543,5.0,14,0
369,297,4.0,15,0
369,393,4.0,16,0
369,732,4.0,17,0
369,71,4.0,18,0
369,586,4.0,19,0
369,519,3.0,20,0
369,225,2.0,21,0
369,563,2.0,22,0
369,711,2.0,23,0
369,266,1.0,24,0
369,171,1.0,25,0
369,851,1.0,26,0
369,224,1.0,27,0
369,792,0.0,28,0
369,209,0.0,29,0
369,288,0.0,30,0
369,367,0.0,31,0
369,127,0.0,32,0
369,274,0.0,33,0
369,763,0.0,34,0
369,327,0.0,35,0
369,736,0.0,36,0
369,317,0.0,37,0
369,276,0.0,38,0
370,711,76.0,1,4
370,713,60.0,2,6
370,732,38.0,3,2
370,314,36.0,4,0
370,543,28.0,5,1
370,88,26.0,6,1
370,297,21.0,7,1
370,25,12.0,8,0
370,362,8.0,9,0
370,150,7.0,10,0
370,354,6.0,11,0
370,822,6.0,12,0
370,266,6.0,13,0
370,182,5.0,14,0
370,851,4.0,15,0
370,70,4.0,16,0
370,595,4.0,17,0
370,251,4.0,18,0
370,272,4.0,19,0
370,71,4.0,20,0
370,519,3.0,21,0
370,171,2.0,22,0
370,774,2.0,23,0
370,736,1.0,24,0
370,393,1.0,25,0
370,164,1.0,26,0
370,224,1.0,27,0
370,274,0.0,28,0
370,792,0.0,29,0
370,683,0.0,30,0
370,563,0.0,31,0
370,127,0.0,32,0
370,367,0.0,33,0
370,763,0.0,34,0
370,317,0.0,35,0
370,225,0.0,36,0
370,288,0.0,37,0
370,327,0.0,38,0
370,276,0.0,39,0
371,732,76.0,1,4
371,711,60.0,2,6
371,713,40.0,3,0
371,851,38.0,4,2
371,272,37.0,5,2
371,586,32.0,6,1
371,297,21.0,7,1
371,266,12.0,8,0
371,25,8.0,9,0
371,225,7.0,10,0
371,71,6.0,11,0
371,314,6.0,12,0
371,563,6.0,13,0
371,182,5.0,14,0
371,354,5.0,15,0
371,362,4.0,16,0
371,519,4.0,17,0
371,150,4.0,18,0
371,543,4.0,19,0
371,88,4.0,20,0
371,595,3.0,21,0
371,251,3.0,22,0
371,70,2.0,23,0
371,224,2.0,24,0
371,822,2.0,25,0
371,171,1.0,26,0
371,774,1.0,27,0
371,393,1.0,28,0
371,683,1.0,29,0
371,792,0.0,30,0
371,367,0.0,31,0
371,274,0.0,32,0
371,736,0.0,33,0
371,127,0.0,34,0
371,317,0.0,35,0
371,763,0.0,36,0
371,327,0.0,37,0
371,288,0.0,38,0
371,276,0.0,39,0
372,822,9.0,1,1
372,251,6.0,2,0
372,314,4.0,3,0
372,88,3.0,4,0
372,274,2.0,5,0
372,851,1.0,6,0
372,732,0.0,7,0
372,25,0.0,8,0
372,367,0.0,9,0
372,150,0.0,10,0
372,774,0.0,11,0
372,393,0.0,12,0
372,595,0.0,13,0
372,288,0.0,14,0
372,196,0.0,15,0
372,327,0.0,16,0
372,354,0.0,17,0
372,224,0.0,18,0
372,266,0.0,19,0
372,182,0.0,20,0
372,711,0.0,21,0
372,713,0.0,22,0
372,519,0.0,23,0
372,680,0.0,24,0
372,297,0.0,25,0
372,317,0.0,26,0
372,650,0.0,27,0
372,563,0.0,28,0
372,171,0.0,29,0
372,736,0.0,30,0
373,354,15.0,1,1
373,822,9.0,2,1
373,314,8.0,3,0
373,732,8.0,4,0
373,251,3.0,5,0
373,711,3.0,6,0
373,25,2.0,7,0
373,851,1.0,8,0
373,88,1.0,9,0
373,196,0.0,10,0
373,393,0.0,11,0
373,327,0.0,12,0
373,713,0.0,13,0
373,774,0.0,14,0
373,297,0.0,15,0
373,680,0.0,16,0
373,595,0.0,17,0
373,274,0.0,18,0
373,266,0.0,19,0
373,650,0.0,20,0
373,182,0.0,21,0
373,288,0.0,22,0
373,362,0.0,23,0
373,563,0.0,24,0
373,519,0.0,25,0
373,150,0.0,26,0
373,171,0.0,27,0
373,317,0.0,28,0
373,367,0.0,29,0
373,224,0.0,30,0
374,822,24.0,1,2
374,251,14.0,2,0
374,274,9.0,3,1
374,88,8.0,4,0
374,774,6.0,5,0
374,713,6.0,6,0
374,327,3.0,7,0
374,732,2.0,8,0
374,171,1.0,9,0
374,519,1.0,10,0
374,354,1.0,11,0
374,595,0.0,12,0
374,297,0.0,13,0
374,563,0.0,14,0
374,711,0.0,15,0
374,393,0.0,16,0
374,182,0.0,17,0
374,150,0.0,18,0
374,224,0.0,19,0
374,317,0.0,20,0
374,25,0.0,21,0
374,367,0.0,22,0
374,288,0.0,23,0
374,314,0.0,24,0
374,362,0.0,25,0
374,196,0.0,26,0
374,851,0.0,27,0
374,736,0.0,28,0
374,680,0.0,29,0
374,650,0.0,30,0
374,266,0.0,31,0
375,822,33.0,1,3
375,354,18.0,2,0
375,251,15.0,3,1
375,274,9.0,4,0
375,88,8.0,5,0
375,25,8.0,6,0
375,711,3.0,7,0
375,732,2.0,8,0
375,327,1.0,9,0
375,367,1.0,10,0
375,393,1.0,11,0
375,196,1.0,12,0
375,317,0.0,13,0
375,288,0.0,14,0
375,563,0.0,15,0
375,519,0.0,16,0
375,314,0.0,17,0
375,150,0.0,18,0
375,851,0.0,19,0
375,182,0.0,20,0
375,736,0.0,21,0
375,713,0.0,22,0
375,224,0.0,23,0
375,362,0.0,24,0
375,297,0.0,25,0
375,595,0.0,26,0
375,680,0.0,27,0
375,774,0.0,28,0
375,171,0.0,29,0
375,650,0.0,30,0
375,266,0.0,31,0
376,354,39.0,1,3
376,822,24.0,2,2
376,732,18.0,3,0
376,314,11.0,4,0
376,519,9.0,5,0
376,774,8.0,6,0
376,88,7.0,7,0
376,288,3.0,8,0
376,150,2.0,9,0
376,595,1.0,10,0
376,851,1.0,11,0
376,266,1.0,12,0
376,393,1.0,13,0
376,563,0.0,14,0
376,297,0.0,15,0
376,196,0.0,16,0
376,224,0.0,17,0
376,274,0.0,18,0
376,713,0.0,19,0
376,25,0.0,20,0
376,182,0.0,21,0
376,367,0.0,22,0
376,251,0.0,23,0
376,711,0.0,24,0
376,317,0.0,25,0
376,650,0.0,26,0
376,680,0.0,27,0
376,171,0.0,28,0
376,327,0.0,29,0
376,736,0.0,30,0
376,362,0.0,31,0
377,354,45.0,1,3
377,822,33.0,2,3
377,732,18.0,3,0
377,150,11.0,4,0
377,774,11.0,5,0
377,586,9.0,6,0
377,327,8.0,7,0
377,362,5.0,8,0
377,650,3.0,9,0
377,393,2.0,10,0
377,595,1.0,11,0
377,266,1.0,12,0
377,274,1.0,13,0
377,224,1.0,14,0
377,297,1.0,15,0
377,713,0.0,16,0
377,314,0.0,17,0
377,317,0.0,18,0
377,88,0.0,19,0
377,182,0.0,20,0
377,196,0.0,21,0
377,711,0.0,22,0
377,25,0.0,23,0
377,171,0.0,24,0
377,251,0.0,25,0
377,367,0.0,26,0
377,519,0.0,27,0
377,851,0.0,28,0
377,736,0.0,29,0
377,563,0.0,30,0
377,288,0.0,31,0
378,822,54.0,1,4
378,354,39.0,2,3
378,274,21.0,3,0
378,251,13.0,4,0
378,314,13.0,5,0
378,711,11.0,6,0
378,851,8.0,7,0
378,297,5.0,8,0
378,519,3.0,9,0
378,150,2.0,10,0
378,25,2.0,11,0
378,362,1.0,12,0
378,327,1.0,13,0
378,266,1.0,14,0
378,586,1.0,15,0
378,393,0.0,16,0
378,317,0.0,17,0
378,171,0.0,18,0
378,736,0.0,19,0
378,182,0.0,20,0
378,595,0.0,21,0
378,774,0.0,22,0
378,713,0.0,23,0
378,732,0.0,24,0
378,196,0.0,25,0
378,88,0.0,26,0
378,224,0.0,27,0
378,650,0.0,28,0
378,367,0.0,29,0
378,288,0.0,30,0
378,563,0.0,31,0
379,354,54.0,1,4
379,182,48.0,2,4
379,711,21.0,3,0
379,297,15.0,4,0
379,314,13.0,5,0
379,88,11.0,6,0
379,25,9.0,7,0
379,713,6.0,8,0
379,251,6.0,9,0
379,851,5.0,10,0
379,362,3.0,11,0
379,266,3.0,12,0
379,327,2.0,13,0
379,595,1.0,14,0
379,586,1.0,15,0
379,650,1.0,16,0
379,274,1.0,17,0
379,224,0.0,18,0
379,171,0.0,19,0
379,732,0.0,20,0
379,519,0.0,21,0
379,822,0.0,22,0
379,774,0.0,23,0
379,150,0.0,24,0
379,196,0.0,25,0
379,393,0.0,26,0
379,317,0.0,27,0
379,563,0.0,28,0
379,367,0.0,29,0
379,736,0.0,30,0
379,288,0.0,31,0
380,354,60.0,1,4
380,822,57.0,2,5
380,251,25.0,3,0
380,274,16.0,4,0
380,519,15.0,5,0
380,732,12.0,6,0
380,88,9.0,7,0
380,297,6.0,8,0
380,851,6.0,9,0
380,25,5.0,10,0
380,774,4.0,11,0
380,736,3.0,12,0
380,150,3.0,13,0
380,563,1.0,14,0
380,362,1.0,15,0
380,317,1.0,16,0
380,224,1.0,17,0
380,711,0.0,18,0
380,327,0.0,19,0
380,196,0.0,20,0
380,713,0.0,21,0
380,171,0.0,22,0
380,182,0.0,23,0
380,266,0.0,24,0
380,595,0.0,25,0
380,314,0.0,26,0
380,393,0.0,27,0
380,367,0.0,28,0
380,650,0.0,29,0
380,586,0.0,30,0
380,288,0.0,31,0
381,354,66.0,1,6
381,822,66.0,2,4
381,732,28.0,3,0
381,251,16.0,4,0
381,297,16.0,5,0
381,713,15.0,6,0
381,851,9.0,7,0
381,314,6.0,8,0
381,327,6.0,9,0
381,393,5.0,10,0
381,266,5.0,11,0
381,595,4.0,12,0
381,288,3.0,13,0
381,88,2.0,14,0
381,182,1.0,15,0
381,25,1.0,16,0
381,274,1.0,17,0
381,224,0.0,18,0
381,150,0.0,19,0
381,711,0.0,20,0
381,362,0.0,21,0
381,367,0.0,22,0
381,586,0.0,23,0
381,196,0.0,24,0
381,519,0.0,25,0
381,774,0.0,26,0
381,317,0.0,27,0
381,736,0.0,28,0
381,650,0.0,29,0
381,563,0.0,30,0
381,171,0.0,31,0
382,354,75.0,1,7
382,822,72.0,2,4
382,519,28.0,3,0
382,314,18.0,4,0
382,88,16.0,5,0
382,25,16.0,6,0
382,543,11.0,7,0
382,362,8.0,8,0
382,595,6.0,9,0
382,196,6.0,10,0
382,367,5.0,11,0
382,774,5.0,12,0
382,736,3.0,13,0
382,732,2.0,14,0
382,711,2.0,15,0
382,288,1.0,16,0
382,274,1.0,17,0
382,713,0.0,18,0
382,297,0.0,19,0
382,563,0.0,20,0
382,851,0.0,21,0
382,171,0.0,22,0
382,251,0.0,23,0
382,327,0.0,24,0
382,150,0.0,25,0
382,224,0.0,26,0
382,393,0.0,27,0
382,586,0.0,28,0
382,266,0.0,29,0
382,650,0.0,30,0
382,317,0.0,31,0
383,251,75.0,1,7
383,274,72.0,2,4
383,25,37.0,3,1
383,88,22.0,4,0
383,519,18.0,5,0
383,732,17.0,6,0
383,713,14.0,7,0
383,297,10.0,8,0
383,711,6.0,9,0
383,354,6.0,10,0
383,630,6.0,11,0
383,650,5.0,12,0
383,224,5.0,13,0
383,822,3.0,14,0
383,595,2.0,15,0
383,196,1.0,16,0
383,736,1.0,17,0
383,150,0.0,18,0
383,563,0.0,19,0
383,362,0.0,20,0
383,327,0.0,21,0
383,586,0.0,22,0
383,851,0.0,23,0
383,393,0.0,24,0
383,314,0.0,25,0
383,171,0.0,26,0
383,774,0.0,27,0
383,367,0.0,28,0
383,288,0.0,29,0
383,266,0.0,30,0
383,317,0.0,31,0
384,822,81.0,1,5
384,519,76.0,2,7
384,732,37.0,3,1
384,88,24.0,4,0
384,274,21.0,5,0
384,354,18.0,6,0
384,362,17.0,7,0
384,393,16.0,8,0
384,196,6.0,9,0
384,224,6.0,10,0
384,288,6.0,11,0
384,171,5.0,12,0
384,297,5.0,13,0
384,182,3.0,14,0
384,774,2.0,15,0
384,711,1.0,16,0
384,251,1.0,17,0
384,314,0.0,18,0
384,713,0.0,19,0
384,586,0.0,20,0
384,327,0.0,21,0
384,851,0.0,22,0
384,150,0.0,23,0
384,25,0.0,24,0
384,595,0.0,25,0
384,367,0.0,26,0
384,650,0.0,27,0
384,563,0.0,28,0
384,266,0.0,29,0
384,736,0.0,30,0
384,317,0.0,31,0
385,822,84.0,1,6
385,182,79.0,2,7
385,711,38.0,3,1
385,354,24.0,4,0
385,713,21.0,5,0
385,251,18.0,6,0
385,297,17.0,7,0
385,314,16.0,8,0
385,732,12.0,9,0
385,362,10.0,10,0
385,327,6.0,11,0
385,393,5.0,12,0
385,266,5.0,13,0
385,595,4.0,14,0
385,367,3.0,15,0
385,25,1.0,16,0
385,519,1.0,17,0
385,88,0.0,18,0
385,150,0.0,19,0
385,196,0.0,20,0
385,274,0.0,21,0
385,586,0.0,22,0
385,851,0.0,23,0
385,171,0.0,24,0
385,774,0.0,25,0
385,224,0.0,26,0
385,736,0.0,27,0
385,317,0.0,28,0
385,650,0.0,29,0
385,563,0.0,30,0
385,288,0.0,31,0
386,354,87.0,1,8
386,822,84.0,2,6
386,732,41.0,3,1
386,251,25.0,4,0
386,711,24.0,5,0
386,713,18.0,6,0
386,851,17.0,7,0
386,196,16.0,8,0
386,595,12.0,9,0
386,297,12.0,10,0
386,274,6.0,11,0
386,774,5.0,12,0
386,586,5.0,13,0
386,650,5.0,14,0
386,393,3.0,15,0
386,763,1.0,16,0
386,224,1.0,17,0
386,150,0.0,18,0
386,25,0.0,19,0
386,171,0.0,20,0
386,314,0.0,21,0
386,182,0.0,22,0
386,362,0.0,23,0
386,519,0.0,24,0
386,88,0.0,25,0
386,736,0.0,26,0
386,367,0.0,27,0
386,317,0.0,28,0
386,563,0.0,29,0
386,266,0.0,30,0
386,288,0.0,31,0
387,822,90.0,1,8
387,354,87.0,2,7
387,314,41.0,3,1
387,713,27.0,4,0
387,732,24.0,5,0
387,519,22.0,6,0
387,586,17.0,7,0
387,150,17.0,8,0
387,367,12.0,9,0
387,595,12.0,10,0
387,196,8.0,11,0
387,563,6.0,12,0
387,182,5.0,13,0
387,711,5.0,14,0
387,266,3.0,15,0
387,88,1.0,16,0
387,25,1.0,17,0
387,297,0.0,18,0
387,851,0.0,19,0
387,393,0.0,20,0
387,362,0.0,21,0
387,251,0.0,22,0
387,224,0.0,23,0
387,774,0.0,24,0
387,317,0.0,25,0
387,274,0.0,26,0
387,288,0.0,27,0
387,650,0.0,28,0
387,792,0.0,29,0
387,736,0.0,30,0
387,171,0.0,31,0
388,822,9.0,1,1
388,314,6.0,2,0
388,367,4.0,3,0
388,251,3.0,4,0
388,732,2.0,5,0
388,182,1.0,6,0
388,851,0.0,7,0
388,274,0.0,8,0
388,817,0.0,9,0
388,774,0.0,10,0
388,196,0.0,11,0
388,582,0.0,12,0
388,25,0.0,13,0
388,354,0.0,14,0
388,713,0.0,15,0
388,150,0.0,16,0
388,88,0.0,17,0
388,362,0.0,18,0
388,711,0.0,19,0
388,543,0.0,20,0
388,796,0.0,21,0
388,680,0.0,22,0
389,182,10.0,1,1
389,354,9.0,2,1
389,274,7.0,3,0
389,367,6.0,4,0
389,543,6.0,5,0
389,851,4.0,6,0
389,817,3.0,7,0
389,196,2.0,8,0
389,713,2.0,9,0
389,595,1.0,10,0
389,88,0.0,11,0
389,362,0.0,12,0
389,582,0.0,13,0
389,796,0.0,14,0
389,732,0.0,15,0
389,25,0.0,16,0
389,774,0.0,17,0
389,150,0.0,18,0
389,680,0.0,19,0
389,288,0.0,20,0
389,711,0.0,21,0
389,519,0.0,22,0
389,251,0.0,23,0
389,822,0.0,24,0
389,563,0.0,25,0
389,314,0.0,26,0
389,224,0.0,27,0
390,822,18.0,1,2
390,367,13.0,2,0
390,150,10.0,3,1
390,25,6.0,4,0
390,851,6.0,5,0
390,224,4.0,6,0
390,563,4.0,7,0
390,595,3.0,8,0
390,196,3.0,9,0
390,582,3.0,10,0
390,796,2.0,11,0
390,543,2.0,12,0
390,732,1.0,13,0
390,182,0.0,14,0
390,354,0.0,15,0
390,519,0.0,16,0
390,314,0.0,17,0
390,362,0.0,18,0
390,274,0.0,19,0
390,817,0.0,20,0
390,88,0.0,21,0
390,713,0.0,22,0
390,251,0.0,23,0
390,711,0.0,24,0
390,680,0.0,25,0
390,774,0.0,26,0
391,354,18.0,1,2
391,314,15.0,2,1
391,274,13.0,3,0
391,251,12.0,4,0
391,774,10.0,5,1
391,519,8.0,6,0
391,543,6.0,7,0
391,796,4.0,8,0
391,822,3.0,9,0
391,851,3.0,10,0
391,224,2.0,11,0
391,563,2.0,12,0
391,582,2.0,13,0
391,25,1.0,14,0
391,88,1.0,15,0
391,367,0.0,16,0
391,595,0.0,17,0
391,713,0.0,18,0
391,362,0.0,19,0
391,150,0.0,20,0
391,182,0.0,21,0
391,711,0.0,22,0
391,196,0.0,23,0
391,732,0.0,24,0
391,680,0.0,25,0
391,817,0.0,26,0
392,354,24.0,1,2
392,314,22.0,2,2
392,822,18.0,3,0
392,251,13.0,4,0
392,182,12.0,5,1
392,25,9.0,6,0
392,367,8.0,7,0
392,817,4.0,8,0
392,713,4.0,9,0
392,224,3.0,10,0
392,774,2.0,11,0
392,582,2.0,12,0
392,732,2.0,13,0
392,563,1.0,14,0
392,196,1.0,15,0
392,595,0.0,16,0
392,274,0.0,17,0
392,711,0.0,18,0
392,543,0.0,19,0
392,88,0.0,20,0
392,519,0.0,21,0
392,796,0.0,22,0
392,362,0.0,23,0
392,150,0.0,24,0
392,680,0.0,25,0
392,851,0.0,26,0
393,182,27.0,1,2
393,314,26.0,2,2
393,822,24.0,3,0
393,354,21.0,4,2
393,796,13.0,5,0
393,196,9.0,6,0
393,774,8.0,7,0
393,367,4.0,8,0
393,582,4.0,9,0
393,251,3.0,10,0
393,851,2.0,11,0
393,274,2.0,12,0
393,88,2.0,13,0
393,595,2.0,14,0
393,519,1.0,15,0
393,680,1.0,16,0
393,224,1.0,17,0
393,732,0.0,18,0
393,817,0.0,19,0
393,563,0.0,20,0
393,711,0.0,21,0
393,713,0.0,22,0
393,543,0.0,23,0
393,362,0.0,24,0
393,150,0.0,25,0
393,25,0.0,26,0
394,182,31.0,1,2
394,314,30.0,2,3
394,354,30.0,3,0
394,851,26.0,4,2
394,88,13.0,5,0
394,796,9.0,6,0
394,732,8.0,7,0
394,774,6.0,8,0
394,582,4.0,9,0
394,196,4.0,10,0
394,543,3.0,11,0
394,822,2.0,12,0
394,274,2.0,13,0
394,25,2.0,14,0
394,680,2.0,15,0
394,362,1.0,16,0
394,817,1.0,17,0
394,713,1.0,18,0
394,367,0.0,19,0
394,711,0.0,20,0
394,150,0.0,21,0
394,251,0.0,22,0
394,595,0.0,23,0
394,224,0.0,24,0
394,519,0.0,25,0
394,563,0.0,26,0
395,314,39.0,1,1
395,367,35.0,2,2
395,354,30.0,3,3
395,196,26.0,4,2
395,774,19.0,5,0
395,595,9.0,6,0
395,822,8.0,7,0
395,543,6.0,8,0
395,563,4.0,9,0
395,680,4.0,10,0
395,732,4.0,11,0
395,182,4.0,12,0
395,711,3.0,13,0
395,88,2.0,14,0
395,817,2.0,15,0
395,251,2.0,16,0
395,796,1.0,17,0
395,362,1.0,18,0
395,150,1.0,19,0
395,274,0.0,20,0
395,582,0.0,21,0
395,25,0.0,22,0
395,851,0.0,23,0
395,519,0.0,24,0
395,224,0.0,25,0
395,713,0.0,26,0
396,314,48.0,1,2
396,354,41.0,2,2
396,822,30.0,3,3
396,732,30.0,4,2
396,713,19.0,5,0
396,88,9.0,6,0
396,774,8.0,7,0
396,25,6.0,8,0
396,196,5.0,9,0
396,519,4.0,10,0
396,711,4.0,11,0
396,563,4.0,12,0
396,582,4.0,13,0
396,182,3.0,14,0
396,362,3.0,15,0
396,224,2.0,16,0
396,595,2.0,17,0
396,543,1.0,18,0
396,274,1.0,19,0
396,150,1.0,20,0
396,367,0.0,21,0
396,796,0.0,22,0
396,680,0.0,23,0
396,251,0.0,24,0
396,817,0.0,25,0
396,851,0.0,26,0
397,182,54.0,1,2
397,314,43.0,2,2
397,796,39.0,3,4
397,732,31.0,4,2
397,354,19.0,5,0
397,822,9.0,6,0
397,367,8.0,7,0
397,563,8.0,8,0
397,817,7.0,9,0
397,224,6.0,10,0
397,519,4.0,11,0
397,595,4.0,12,0
397,851,4.0,13,0
397,774,4.0,14,0
397,543,3.0,15,0
397,582,2.0,16,0
397,713,2.0,17,0
397,274,1.0,18,0
397,150,1.0,19,0
397,88,1.0,20,0
397,25,0.0,21,0
397,251,0.0,22,0
397,680,0.0,23,0
397,711,0.0,24,0
397,362,0.0,25,0
397,196,0.0,26,0
398,314,63.0,1,3
398,354,49.0,2,2
398,182,43.0,3,4
398,251,31.0,4,2
398,732,20.0,5,0
398,367,12.0,6,0
398,796,10.0,7,0
398,563,8.0,8,0
398,817,7.0,9,0
398,224,6.0,10,0
398,851,4.0,11,0
398,196,4.0,12,0
398,519,4.0,13,0
398,774,4.0,14,0
398,822,3.0,15,0
398,711,2.0,16,0
398,543,2.0,17,0
398,595,1.0,18,0
398,680,1.0,19,0
398,25,1.0,20,0
398,542,0.0,21,0
398,362,0.0,22,0
398,274,0.0,23,0
398,88,0.0,24,0
398,150,0.0,25,0
398,713,0.0,26,0
398,171,0.0,27,0
398,582,0.0,28,0
399,822,67.0,1,3
399,251,49.0,2,2
399,314,43.0,3,4
399,796,40.0,4,3
399,367,22.0,5,0
399,25,18.0,6,0
399,354,10.0,7,0
399,851,10.0,8,0
399,519,8.0,9,0
399,774,6.0,10,0
399,711,5.0,11,0
399,196,4.0,12,0
399,88,4.0,13,0
399,732,4.0,14,0
399,150,3.0,15,0
399,274,2.0,16,0
399,543,2.0,17,0
399,542,1.0,18,0
399,595,1.0,19,0
399,224,1.0,20,0
399,362,0.0,21,0
399,563,0.0,22,0
399,680,0.0,23,0
399,182,0.0,24,0
399,713,0.0,25,0
399,817,0.0,26,0
400,182,70.0,1,3
400,822,52.0,2,5
400,367,51.0,3,2
400,314,46.0,4,3
400,354,26.0,5,0
400,595,18.0,6,0
400,196,10.0,7,0
400,25,10.0,8,0
400,851,8.0,9,0
400,88,6.0,10,0
400,543,5.0,11,0
400,519,4.0,12,0
400,713,4.0,13,0
400,680,4.0,14,0
400,274,3.0,15,0
400,732,2.0,16,0
400,251,2.0,17,0
400,774,2.0,18,0
400,224,1.0,19,0
400,817,1.0,20,0
400,711,0.0,21,0
400,796,0.0,22,0
400,150,0.0,23,0
400,563,0.0,24,0
400,582,0.0,25,0
400,171,0.0,26,0
400,362,0.0,27,0
401,182,73.0,1,3
401,314,61.0,2,6
401,713,51.0,3,2
401,25,46.0,4,3
401,796,26.0,5,0
401,595,18.0,6,0
401,774,12.0,7,0
401,196,10.0,8,0
401,327,8.0,9,0
401,354,8.0,10,0
401,519,6.0,11,0
401,362,6.0,12,0
401,563,4.0,13,0
401,680,4.0,14,0
401,224,4.0,15,0
401,88,3.0,16,0
401,150,3.0,17,0
401,251,2.0,18,0
401,732,1.0,19,0
401,711,1.0,20,0
401,274,0.0,21,0
401,543,0.0,22,0
401,367,0.0,23,0
401,851,0.0,24,0
401,817,0.0,25,0
401,822,0.0,26,0
402,251,73.0,1,3
402,354,61.0,2,6
402,367,57.0,3,2
402,274,46.0,4,3
402,732,30.0,5,0
402,851,27.0,6,1
402,822,12.0,7,0
402,774,12.0,8,0
402,25,11.0,9,0
402,88,8.0,10,0
402,713,7.0,11,0
402,196,6.0,12,0
402,563,4.0,13,0
402,327,4.0,14,0
402,314,4.0,15,0
402,224,3.0,16,0
402,362,3.0,17,0
402,127,2.0,18,0
402,711,1.0,19,0
402,543,1.0,20,0
402,150,0.0,21,0
402,796,0.0,22,0
402,817,0.0,23,0
402,519,0.0,24,0
402,680,0.0,25,0
402,595,0.0,26,0
402,182,0.0,27,0
403,251,73.0,1,3
403,274,61.0,2,6
403,732,57.0,3,2
403,774,46.0,4,3
403,327,36.0,5,2
403,127,30.0,6,0
403,817,17.0,7,0
403,150,16.0,8,0
403,713,12.0,9,0
403,354,8.0,10,0
403,314,7.0,11,0
403,519,7.0,12,0
403,822,6.0,13,0
403,25,4.0,14,0
403,367,4.0,15,0
403,796,3.0,16,0
403,680,3.0,17,0
403,595,2.0,18,0
403,224,1.0,19,0
403,266,1.0,20,0
403,563,1.0,21,0
403,851,0.0,22,0
403,88,0.0,23,0
403,543,0.0,24,0
403,196,0.0,25,0
403,711,0.0,26,0
403,362,0.0,27,0
404,314,9.0,1,1
404,354,6.0,2,0
404,87,4.0,3,0
404,224,3.0,4,0
404,543,2.0,5,0
404,251,1.0,6,0
404,196,0.0,7,0
404,374,0.0,8,0
404,128,0.0,9,0
404,796,0.0,10,0
404,732,0.0,11,0
404,274,0.0,12,0
404,822,0.0,13,0
404,817,0.0,14,0
404,367,0.0,15,0
404,501,0.0,16,0
404,713,0.0,17,0
404,774,0.0,18,0
404,242,0.0,19,0
404,711,0.0,20,0
404,150,0.0,21,0
404,563,0.0,22,0
404,679,0.0,23,0
404,338,0.0,24,0
404,182,0.0,25,0
405,354,15.0,1,1
405,182,9.0,2,1
405,822,6.0,3,0
405,679,4.0,4,0
405,796,4.0,5,0
405,251,3.0,6,0
405,732,3.0,7,0
405,501,2.0,8,0
405,128,2.0,9,0
405,543,2.0,10,0
405,87,0.0,11,0
405,242,0.0,12,0
405,314,0.0,13,0
405,374,0.0,14,0
405,224,0.0,15,0
405,274,0.0,16,0
405,196,0.0,17,0
405,817,0.0,18,0
405,367,0.0,19,0
405,563,0.0,20,0
405,713,0.0,21,0
405,150,0.0,22,0
405,774,0.0,23,0
405,338,0.0,24,0
405,711,0.0,25,0
406,822,15.0,1,1
406,314,15.0,2,1
406,251,13.0,3,1
406,367,6.0,4,0
406,679,6.0,5,0
406,713,5.0,6,0
406,732,4.0,7,0
406,543,3.0,8,0
406,242,3.0,9,0
406,274,2.0,10,0
406,563,2.0,11,0
406,224,1.0,12,0
406,196,0.0,13,0
406,796,0.0,14,0
406,774,0.0,15,0
406,817,0.0,16,0
406,338,0.0,17,0
406,150,0.0,18,0
406,374,0.0,19,0
406,87,0.0,20,0
406,354,0.0,21,0
406,182,0.0,22,0
406,128,0.0,23,0
406,784,0.0,24,0
406,501,0.0,25,0
406,711,0.0,26,0
407,822,22.0,1,2
407,679,19.0,2,1
407,354,15.0,3,1
407,182,11.0,4,0
407,224,9.0,5,0
407,87,6.0,6,0
407,314,5.0,7,0
407,732,5.0,8,0
407,242,3.0,9,0
407,367,2.0,10,0
407,196,2.0,11,0
407,774,1.0,12,0
407,543,0.0,13,0
407,501,0.0,14,0
407,251,0.0,15,0
407,713,0.0,16,0
407,274,0.0,17,0
407,374,0.0,18,0
407,796,0.0,19,0
407,338,0.0,20,0
407,563,0.0,21,0
407,128,0.0,22,0
407,784,0.0,23,0
407,817,0.0,24,0
407,150,0.0,25,0
408,182,25.0,1,1
408,354,23.0,2,2
408,367,18.0,3,1
408,274,15.0,4,1
408,87,11.0,5,0
408,822,7.0,6,0
408,796,7.0,7,0
408,713,6.0,8,0
408,242,5.0,9,0
408,251,3.0,10,0
408,338,2.0,11,0
408,196,2.0,12,0
408,774,1.0,13,0
408,150,0.0,14,0
408,784,0.0,15,0
408,543,0.0,16,0
408,711,0.0,17,0
408,224,0.0,18,0
408,314,0.0,19,0
408,732,0.0,20,0
408,128,0.0,21,0
408,679,0.0,22,0
408,563,0.0,23,0
408,817,0.0,24,0
408,501,0.0,25,0
409,182,29.0,1,2
409,822,27.0,2,2
409,314,27.0,3,1
409,679,19.0,4,1
409,354,14.0,5,0
409,224,7.0,6,0
409,87,7.0,7,0
409,274,6.0,8,0
409,543,6.0,9,0
409,338,3.0,10,0
409,196,2.0,11,0
409,784,2.0,12,0
409,713,1.0,13,0
409,563,0.0,14,0
409,150,0.0,15,0
409,732,0.0,16,0
409,251,0.0,17,0
409,367,0.0,18,0
409,128,0.0,19,0
409,774,0.0,20,0
409,88,0.0,21,0
409,711,0.0,22,0
409,796,0.0,23,0
409,817,0.0,24,0
409,501,0.0,25,0
410,354,36.0,1,2
410,87,33.0,2,2
410,822,29.0,3,2
410,274,19.0,4,1
410,182,14.0,5,0
410,713,13.0,6,0
410,128,7.0,7,0
410,774,6.0,8,0
410,196,6.0,9,0
410,88,6.0,10,0
410,817,2.0,11,0
410,224,2.0,12,0
410,732,2.0,13,0
410,150,0.0,14,0
410,314,0.0,15,0
410,367,0.0,16,0
410,796,0.0,17,0
410,25,0.0,18,0
410,338,0.0,19,0
410,701,0.0,20,0
410,543,0.0,21,0
410,563,0.0,22,0
410,679,0.0,23,0
410,251,0.0,24,0
410,711,0.0,25,0
410,784,0.0,26,0
411,182,39.0,1,2
411,822,38.0,2,3
411,314,36.0,3,2
411,679,23.0,4,1
411,224,17.0,5,0
411,87,14.0,6,0
411,713,8.0,7,0
411,274,7.0,8,0
411,88,6.0,9,0
411,543,6.0,10,0
411,817,2.0,11,0
411,732,2.0,12,0
411,501,2.0,13,0
411,128,0.0,14,0
411,774,0.0,15,0
411,196,0.0,16,0
411,784,0.0,17,0
411,701,0.0,18,0
411,251,0.0,19,0
411,796,0.0,20,0
411,367,0.0,21,0
411,354,0.0,22,0
411,563,0.0,23,0
411,711,0.0,24,0
411,150,0.0,25,0
411,338,0.0,26,0
412,182,47.0,1,4
412,314,43.0,2,2
412,822,36.0,3,2
412,224,29.0,4,1
412,543,17.0,5,0
412,196,14.0,6,0
412,128,11.0,7,0
412,88,7.0,8,0
412,774,6.0,9,0
412,732,6.0,10,0
412,501,4.0,11,0
412,274,2.0,12,0
412,711,2.0,13,0
412,796,1.0,14,0
412,713,0.0,15,0
412,354,0.0,16,0
412,784,0.0,17,0
412,150,0.0,18,0
412,251,0.0,19,0
412,338,0.0,20,0
412,367,0.0,21,0
412,679,0.0,22,0
412,87,0.0,23,0
412,817,0.0,24,0
412,563,0.0,25,0
412,701,0.0,26,0
413,314,51.0,1,4
413,354,44.0,2,2
413,182,42.0,3,2
413,224,38.0,4,2
413,679,19.0,5,0
413,822,14.0,6,0
413,88,14.0,7,0
413,501,7.0,8,0
413,338,6.0,9,0
413,251,6.0,10,0
413,367,4.0,11,0
413,701,2.0,12,0
413,817,2.0,13,0
413,784,1.0,14,0
413,774,0.0,15,0
413,543,0.0,16,0
413,713,0.0,17,0
413,150,0.0,18,0
413,711,0.0,19,0
413,128,0.0,20,0
413,732,0.0,21,0
413,595,0.0,22,0
413,563,0.0,23,0
413,196,0.0,24,0
413,274,0.0,25,0
413,796,0.0,26,0
414,314,55.0,1,4
414,354,48.0,2,2
414,182,47.0,3,3
414,367,44.0,4,2
414,128,19.0,5,0
414,543,14.0,6,0
414,501,14.0,7,0
414,196,10.0,8,0
414,595,6.0,9,0
414,774,6.0,10,0
414,224,5.0,11,0
414,338,2.0,12,0
414,251,2.0,13,0
414,732,2.0,14,0
414,679,1.0,15,0
414,796,0.0,16,0
414,711,0.0,17,0
414,274,0.0,18,0
414,88,0.0,19,0
414,822,0.0,20,0
414,563,0.0,21,0
414,817,0.0,22,0
414,713,0.0,23,0
414,150,0.0,24,0
414,784,0.0,25,0
414,701,0.0,26,0
415,822,55.0,1,4
415,274,53.0,2,3
415,367,48.0,3,2
415,338,47.0,4,3
415,501,19.0,5,0
415,817,14.0,6,0
415,251,14.0,7,0
415,784,14.0,8,0
415,679,12.0,9,0
415,224,6.0,10,0
415,563,5.0,11,0
415,182,3.0,12,0
415,314,2.0,13,0
415,732,2.0,14,0
415,796,2.0,15,0
415,595,2.0,16,0
415,711,1.0,17,0
415,150,1.0,18,0
415,354,0.0,19,0
415,543,0.0,20,0
415,196,0.0,21,0
415,128,0.0,22,0
415,774,0.0,23,0
415,701,0.0,24,0
415,713,0.0,25,0
415,88,0.0,26,0
416,314,61.0,1,4
416,182,56.0,2,4
416,367,53.0,3,3
416,679,48.0,4,2
416,251,22.0,5,0
416,338,18.0,6,0
416,732,14.0,7,0
416,817,14.0,8,0
416,196,12.0,9,0
416,543,8.0,10,0
416,362,5.0,11,0
416,796,4.0,12,0
416,274,2.0,13,0
416,150,2.0,14,0
416,519,2.0,15,0
416,224,2.0,16,0
416,774,1.0,17,0
416,822,1.0,18,0
416,595,0.0,19,0
416,128,0.0,20,0
416,88,0.0,21,0
416,711,0.0,22,0
416,563,0.0,23,0
416,501,0.0,24,0
416,713,0.0,25,0
416,784,0.0,26,0
416,354,0.0,27,0
417,182,70.0,1,5
417,822,60.0,2,4
417,314,59.0,3,3
417,354,51.0,4,2
417,274,22.0,5,0
417,367,19.0,6,0
417,224,14.0,7,0
417,796,14.0,8,0
417,128,14.0,9,0
417,732,8.0,10,0
417,817,5.0,11,0
417,774,4.0,12,0
417,701,2.0,13,0
417,713,2.0,14,0
417,501,2.0,15,0
417,711,2.0,16,0
417,251,1.0,17,0
417,150,1.0,18,0
417,679,0.0,19,0
417,88,0.0,20,0
417,595,0.0,21,0
417,196,0.0,22,0
417,543,0.0,23,0
417,338,0.0,24,0
417,784,0.0,25,0
417,563,0.0,26,0
417,519,0.0,27,0
418,251,70.0,1,5
418,822,64.0,2,3
418,354,63.0,3,4
418,314,55.0,4,2
418,182,22.0,5,0
418,595,19.0,6,0
418,732,17.0,7,1
418,150,14.0,8,0
418,817,14.0,9,0
418,774,14.0,10,0
418,543,5.0,11,0
418,367,4.0,12,0
418,713,2.0,13,0
418,711,2.0,14,0
418,224,2.0,15,0
418,701,2.0,16,0
418,128,1.0,17,0
418,88,1.0,18,0
418,338,1.0,19,0
418,679,0.0,20,0
418,274,0.0,21,0
418,563,0.0,22,0
418,196,0.0,23,0
418,796,0.0,24,0
418,501,0.0,25,0
419,822,72.0,1,4
419,314,70.0,2,5
419,367,69.0,3,4
419,543,55.0,4,2
419,196,23.0,5,0
419,128,22.0,6,0
419,224,17.0,7,1
419,595,14.0,8,0
419,774,14.0,9,0
419,796,14.0,10,0
419,501,8.0,11,0
419,182,4.0,12,0
419,713,3.0,13,0
419,679,3.0,14,0
419,701,2.0,15,0
419,88,2.0,16,0
419,817,2.0,17,0
419,732,1.0,18,0
419,354,1.0,19,0
419,150,0.0,20,0
419,251,0.0,21,0
419,784,0.0,22,0
419,338,0.0,23,0
419,711,0.0,24,0
419,563,0.0,25,0
419,274,0.0,26,0
420,822,9.0,1,1
420,274,6.0,2,0
420,374,4.0,3,0
420,224,3.0,4,0
420,501,2.0,5,0
420,87,1.0,6,0
420,367,0.0,7,0
420,543,0.0,8,0
420,595,0.0,9,0
420,88,0.0,10,0
420,732,0.0,11,0
420,563,0.0,12,0
420,270,0.0,13,0
420,251,0.0,14,0
420,354,0.0,15,0
420,25,0.0,16,0
420,586,0.0,17,0
420,98,0.0,18,0
420,150,0.0,19,0
420,713,0.0,20,0
420,679,0.0,21,0
420,407,0.0,22,0
420,182,0.0,23,0
420,631,0.0,24,0
420,314,0.0,25,0
421,354,12.0,1,0
421,274,9.0,2,1
421,501,9.0,3,1
421,374,7.0,4,0
421,182,6.0,5,0
421,193,3.0,6,0
421,88,2.0,7,0
421,367,1.0,8,0
421,563,1.0,9,0
421,270,0.0,10,0
421,98,0.0,11,0
421,25,0.0,12,0
421,822,0.0,13,0
421,150,0.0,14,0
421,314,0.0,15,0
421,732,0.0,16,0
421,543,0.0,17,0
421,631,0.0,18,0
421,679,0.0,19,0
421,87,0.0,20,0
421,251,0.0,21,0
421,586,0.0,22,0
421,713,0.0,23,0
421,595,0.0,24,0
421,407,0.0,25,0
421,774,0.0,26,0
422,374,16.0,1,1
422,732,12.0,2,0
422,501,10.0,3,0
422,98,9.0,4,1
422,182,9.0,5,1
422,367,6.0,6,0
422,354,4.0,7,0
422,314,3.0,8,0
422,543,3.0,9,0
422,88,1.0,10,0
422,822,1.0,11,0
422,25,1.0,12,0
422,563,0.0,13,0
422,274,0.0,14,0
422,270,0.0,15,0
422,595,0.0,16,0
422,679,0.0,17,0
422,87,0.0,18,0
422,586,0.0,19,0
422,150,0.0,20,0
422,631,0.0,21,0
422,407,0.0,22,0
422,193,0.0,23,0
422,251,0.0,24,0
422,713,0.0,25,0
422,774,0.0,26,0
423,822,20.0,1,1
423,274,18.0,2,2
423,374,18.0,3,0
423,150,10.0,4,0
423,88,9.0,5,1
423,87,6.0,6,0
423,182,4.0,7,0
423,679,3.0,8,0
423,732,3.0,9,0
423,543,3.0,10,0
423,774,2.0,11,0
423,98,2.0,12,0
423,713,1.0,13,0
423,314,1.0,14,0
423,796,0.0,15,0
423,354,0.0,16,0
423,25,0.0,17,0
423,367,0.0,18,0
423,251,0.0,19,0
423,501,0.0,20,0
423,563,0.0,21,0
423,193,0.0,22,0
423,595,0.0,23,0
423,270,0.0,24,0
423,407,0.0,25,0
424,274,27.0,1,1
424,367,22.0,2,2
424,822,22.0,3,1
424,679,10.0,4,0
424,374,9.0,5,1
424,182,7.0,6,0
424,501,6.0,7,0
424,87,5.0,8,0
424,732,3.0,9,0
424,713,3.0,10,0
424,193,3.0,11,0
424,543,3.0,12,0
424,251,2.0,13,0
424,150,2.0,14,0
424,242,1.0,15,0
424,354,0.0,16,0
424,25,0.0,17,0
424,586,0.0,18,0
424,98,0.0,19,0
424,563,0.0,20,0
424,595,0.0,21,0
424,88,0.0,22,0
424,270,0.0,23,0
424,796,0.0,24,0
424,314,0.0,25,0
425,679,31.0,1,1
425,367,24.0,2,1
425,274,22.0,3,2
425,193,13.0,4,0
425,374,12.0,5,1
425,314,10.0,6,0
425,732,9.0,7,1
425,242,6.0,8,0
425,25,5.0,9,0
425,150,4.0,10,0
425,251,3.0,11,0
425,87,3.0,12,0
425,354,3.0,13,0
425,543,2.0,14,0
425,595,2.0,15,0
425,182,1.0,16,0
425,822,0.0,17,0
425,713,0.0,18,0
425,88,0.0,19,0
425,501,0.0,20,0
425,586,0.0,21,0
425,98,0.0,22,0
425,796,0.0,23,0
425,270,0.0,24,0
425,563,0.0,25,0
426,314,31.0,1,1
426,679,26.0,2,2
426,822,26.0,3,1
426,367,18.0,4,1
426,374,16.0,5,0
426,501,11.0,6,0
426,88,10.0,7,1
426,242,9.0,8,1
426,732,6.0,9,0
426,25,5.0,10,0
426,713,4.0,11,0
426,270,3.0,12,0
426,193,3.0,13,0
426,796,3.0,14,0
426,563,2.0,15,0
426,543,2.0,16,0
426,98,0.0,17,0
426,354,0.0,18,0
426,251,0.0,19,0
426,586,0.0,20,0
426,595,0.0,21,0
426,774,0.0,22,0
426,274,0.0,23,0
426,150,0.0,24,0
426,87,0.0,25,0
426,182,0.0,26,0
427,822,37.0,1,1
427,274,35.0,2,3
427,87,26.0,3,1
427,314,18.0,4,1
427,88,16.0,5,0
427,242,13.0,6,1
427,543,11.0,7,0
427,251,9.0,8,1
427,713,6.0,9,0
427,354,6.0,10,0
427,193,5.0,11,0
427,98,4.0,12,0
427,732,4.0,13,0
427,150,3.0,14,0
427,586,3.0,15,0
427,374,3.0,16,0
427,270,1.0,17,0
427,679,0.0,18,0
427,182,0.0,19,0
427,25,0.0,20,0
427,774,0.0,21,0
427,796,0.0,22,0
427,367,0.0,23,0
427,501,0.0,24,0
427,595,0.0,25,0
427,563,0.0,26,0
428,274,46.0,1,2
428,822,41.0,2,3
428,87,26.0,3,1
428,732,18.0,4,1
428,98,16.0,5,0
428,182,13.0,6,1
428,251,11.0,7,0
428,193,10.0,8,0
428,367,9.0,9,1
428,543,9.0,10,0
428,586,6.0,11,0
428,679,5.0,12,0
428,25,4.0,13,0
428,374,4.0,14,0
428,784,3.0,15,0
428,796,3.0,16,0
428,354,1.0,17,0
428,88,0.0,18,0
428,314,0.0,19,0
428,501,0.0,20,0
428,242,0.0,21,0
428,270,0.0,22,0
428,713,0.0,23,0
428,407,0.0,24,0
428,595,0.0,25,0
428,774,0.0,26,0
428,150,0.0,27,0
429,822,50.0,1,4
429,354,50.0,2,2
429,274,28.0,3,1
429,367,19.0,4,0
429,374,18.0,5,1
429,242,15.0,6,1
429,193,13.0,7,1
429,732,11.0,8,0
429,784,10.0,9,0
429,501,9.0,10,0
429,87,6.0,11,0
429,586,5.0,12,0
429,98,4.0,13,0
429,251,4.0,14,0
429,796,3.0,15,0
429,88,3.0,16,0
429,6,2.0,17,0
429,314,0.0,18,0
429,182,0.0,19,0
429,713,0.0,20,0
429,774,0.0,21,0
429,595,0.0,22,0
429,150,0.0,23,0
429,25,0.0,24,0
429,679,0.0,25,0
429,563,0.0,26,0
429,543,0.0,27,0
430,98,56.0,1,4
430,822,53.0,2,2
430,354,30.0,3,1
430,274,19.0,4,1
430,374,19.0,5,0
430,182,18.0,6,1
430,543,14.0,7,1
430,314,13.0,8,1
430,251,11.0,9,0
430,242,10.0,10,0
430,784,9.0,11,0
430,732,7.0,12,0
430,595,4.0,13,0
430,193,4.0,14,0
430,88,3.0,15,0
430,150,3.0,16,0
430,501,2.0,17,0
430,679,0.0,18,0
430,796,0.0,19,0
430,87,0.0,20,0
430,774,0.0,21,0
430,563,0.0,22,0
430,367,0.0,23,0
430,586,0.0,24,0
430,25,0.0,25,0
430,713,0.0,26,0
431,822,65.0,1,5
431,314,53.0,2,2
431,354,31.0,3,1
431,242,23.0,4,1
431,367,21.0,5,0
431,374,19.0,6,1
431,501,18.0,7,1
431,543,14.0,8,1
431,732,11.0,9,0
431,196,10.0,10,0
431,182,9.0,11,0
431,796,7.0,12,0
431,274,5.0,13,0
431,679,4.0,14,0
431,87,4.0,15,0
431,98,3.0,16,0
431,713,3.0,17,0
431,784,0.0,18,0
431,595,0.0,19,0
431,251,0.0,20,0
431,88,0.0,21,0
431,338,0.0,22,0
431,25,0.0,23,0
431,6,0.0,24,0
431,586,0.0,25,0
431,563,0.0,26,0
432,354,69.0,1,5
432,182,53.0,2,2
432,822,32.0,3,2
432,679,31.0,4,1
432,314,21.0,5,1
432,88,21.0,6,1
432,251,21.0,7,0
432,242,14.0,8,1
432,196,13.0,9,0
432,732,11.0,10,0
432,87,10.0,11,0
432,586,9.0,12,0
432,543,5.0,13,0
432,784,5.0,14,0
432,713,4.0,15,0
432,25,3.0,16,0
432,501,3.0,17,0
432,796,0.0,18,0
432,374,0.0,19,0
432,817,0.0,20,0
432,595,0.0,21,0
432,367,0.0,22,0
432,563,0.0,23,0
432,274,0.0,24,0
433,182,72.0,1,5
433,354,53.0,2,2
433,679,38.0,3,2
433,822,33.0,4,1
433,374,25.0,5,1
433,732,22.0,6,1
433,54,21.0,7,1
433,196,21.0,8,0
433,713,14.0,9,1
433,251,11.0,10,0
433,25,10.0,11,0
433,501,10.0,12,0
433,242,5.0,13,0
433,367,5.0,14,0
433,87,4.0,15,0
433,817,3.0,16,0
433,519,3.0,17,0
433,543,0.0,18,0
433,796,0.0,19,0
433,595,0.0,20,0
433,563,0.0,21,0
433,338,0.0,22,0
433,274,0.0,23,0
433,314,0.0,24,0
433,88,0.0,25,0
433,586,0.0,26,0
434,182,73.0,1,5
434,679,53.0,2,2
434,822,38.0,3,2
434,367,33.0,4,1
434,251,31.0,5,2
434,732,31.0,6,1
434,543,24.0,7,0
434,374,21.0,8,1
434,586,14.0,9,1
434,98,11.0,10,0
434,196,11.0,11,0
434,354,10.0,12,0
434,274,5.0,13,0
434,314,5.0,14,0
434,563,4.0,15,0
434,796,3.0,16,0
434,242,3.0,17,0
434,784,2.0,18,0
434,713,0.0,19,0
434,25,0.0,20,0
434,338,0.0,21,0
435,679,73.0,1,5
435,87,53.0,2,2
435,196,40.0,3,2
435,519,38.0,4,2
435,367,33.0,5,1
435,251,31.0,6,2
435,784,26.0,7,0
435,586,21.0,8,1
435,354,16.0,9,0
435,274,14.0,10,1
435,98,11.0,11,0
435,88,11.0,12,0
435,543,5.0,13,0
435,242,5.0,14,0
435,713,4.0,15,0
435,796,4.0,16,0
435,732,3.0,17,0
435,563,3.0,18,0
435,822,3.0,19,0
435,501,3.0,20,0
435,338,0.0,21,0
435,374,0.0,22,0
435,314,0.0,23,0
435,25,0.0,24,0
435,182,0.0,25,0
436,822,9.0,1,1
436,679,6.0,2,0
436,374,4.0,3,0
436,25,3.0,4,0
436,501,2.0,5,0
436,732,1.0,6,0
436,242,0.0,7,0
436,774,0.0,8,0
436,543,0.0,9,0
436,88,0.0,10,0
436,150,0.0,11,0
436,713,0.0,12,0
436,98,0.0,13,0
436,182,0.0,14,0
436,314,0.0,15,0
436,796,0.0,16,0
436,224,0.0,17,0
436,563,0.0,18,0
436,407,0.0,19,0
436,595,0.0,20,0
436,234,0.0,21,0
436,87,0.0,22,0
436,274,0.0,23,0
436,631,0.0,24,0
437,98,15.0,1,1
437,822,9.0,2,1
437,88,6.0,3,0
437,713,4.0,4,0
437,150,4.0,5,0
437,354,3.0,6,0
437,374,3.0,7,0
437,631,2.0,8,0
437,242,2.0,9,0
437,407,1.0,10,0
437,274,1.0,11,0
437,732,0.0,12,0
437,543,0.0,13,0
437,501,0.0,14,0
437,193,0.0,15,0
437,87,0.0,16,0
437,270,0.0,17,0
437,679,0.0,18,0
437,182,0.0,19,0
437,224,0.0,20,0
437,314,0.0,21,0
437,234,0.0,22,0
437,595,0.0,23,0
437,774,0.0,24,0
437,796,0.0,25,0
437,25,0.0,26,0
437,563,0.0,27,0
438,274,15.0,1,1
438,88,10.0,2,0
438,224,9.0,3,1
438,679,9.0,4,1
438,374,9.0,5,0
438,354,6.0,6,0
438,501,4.0,7,0
438,242,3.0,8,0
438,314,3.0,9,0
438,774,2.0,10,0
438,193,2.0,11,0
438,631,2.0,12,0
438,543,1.0,13,0
438,150,0.0,14,0
438,796,0.0,15,0
438,270,0.0,16,0
438,98,0.0,17,0
438,25,0.0,18,0
438,87,0.0,19,0
438,407,0.0,20,0
438,732,0.0,21,0
438,563,0.0,22,0
438,182,0.0,23,0
438,822,0.0,24,0
438,713,0.0,25,0
438,234,0.0,26,0
438,595,0.0,27,0
439,822,24.0,1,2
439,224,13.0,2,0
439,374,10.0,3,0
439,88,10.0,4,0
439,732,9.0,5,1
439,150,9.0,6,1
439,25,9.0,7,0
439,631,3.0,8,0
439,774,3.0,9,0
439,193,3.0,10,0
439,543,3.0,11,0
439,595,2.0,12,0
439,234,2.0,13,0
439,314,0.0,14,0
439,796,0.0,15,0
439,406,0.0,16,0
439,242,0.0,17,0
439,270,0.0,18,0
439,274,0.0,19,0
439,98,0.0,20,0
439,87,0.0,21,0
439,713,0.0,22,0
439,182,0.0,23,0
439,679,0.0,24,0
439,501,0.0,25,0
439,407,0.0,26,0
439,563,0.0,27,0
439,354,0.0,28,0
440,98,24.0,1,2
440,501,18.0,2,2
440,182,13.0,3,0
440,224,13.0,4,0
440,374,12.0,5,0
440,679,10.0,6,0
440,822,9.0,7,1
440,87,8.0,8,0
440,796,4.0,9,0
440,150,3.0,10,0
440,732,3.0,11,0
440,563,3.0,12,0
440,774,3.0,13,0
440,543,2.0,14,0
440,631,0.0,15,0
440,88,0.0,16,0
440,242,0.0,17,0
440,25,0.0,18,0
440,354,0.0,19,0
440,274,0.0,20,0
440,234,0.0,21,0
440,713,0.0,22,0
440,314,0.0,23,0
440,193,0.0,24,0
440,270,0.0,25,0
440,595,0.0,26,0
441,822,28.5,1,3
441,354,18.0,2,2
441,224,15.0,3,0
441,679,13.0,4,0
441,374,13.0,5,0
441,274,11.5,6,0
441,563,9.5,7,1
441,87,8.0,8,0
441,193,5.0,9,0
441,713,4.0,10,0
441,98,3.0,11,0
441,270,3.0,12,0
441,182,3.0,13,0
441,314,3.0,14,0
441,407,0.0,15,0
441,205,0.0,16,0
441,234,0.0,17,0
441,88,0.0,18,0
441,501,0.0,19,0
441,150,0.0,20,0
441,242,0.0,21,0
441,543,0.0,22,0
441,25,0.0,23,0
441,732,0.0,24,0
441,774,0.0,25,0
441,631,0.0,26,0
441,595,0.0,27,0
442,314,32.5,1,3
442,98,24.0,2,2
442,822,17.0,3,0
442,374,16.0,4,0
442,224,13.0,5,0
442,182,11.5,6,0
442,354,9.5,7,1
442,270,9.0,8,1
442,234,8.0,9,0
442,595,5.0,10,0
442,25,5.0,11,0
442,543,3.0,12,0
442,242,3.0,13,0
442,88,3.0,14,0
442,784,3.0,15,0
442,193,0.0,16,0
442,150,0.0,17,0
442,205,0.0,18,0
442,732,0.0,19,0
442,713,0.0,20,0
442,679,0.0,21,0
442,87,0.0,22,0
442,841,0.0,23,0
442,563,0.0,24,0
442,274,0.0,25,0
442,407,0.0,26,0
443,314,35.5,1,3
443,374,24.0,2,2
443,796,22.0,3,0
443,822,18.0,4,2
443,87,17.0,5,0
443,543,13.0,6,0
443,274,11.5,7,0
443,679,9.5,8,1
443,88,8.0,9,0
443,193,5.0,10,0
443,501,5.0,11,0
443,595,4.0,12,0
443,98,3.0,13,0
443,182,3.0,14,0
443,732,3.0,15,0
443,150,3.0,16,0
443,234,2.0,17,0
443,25,0.0,18,0
443,354,0.0,19,0
443,713,0.0,20,0
443,407,0.0,21,0
443,563,0.0,22,0
443,224,0.0,23,0
443,774,0.0,24,0
443,270,0.0,25,0
443,242,0.0,26,0
443,784,0.0,27,0
444,679,35.5,1,3
444,224,26.0,2,0
444,374,24.0,3,2
444,87,23.0,4,0
444,563,20.5,5,1
444,182,18.0,6,2
444,205,13.0,7,0
444,270,9.5,8,1
444,98,8.0,9,0
444,822,6.0,10,0
444,732,5.0,11,0
444,274,5.0,12,0
444,242,4.0,13,0
444,354,3.0,14,0
444,774,3.0,15,0
444,314,3.0,16,0
444,501,3.0,17,0
444,234,2.0,18,0
444,150,0.0,19,0
444,784,0.0,20,0
444,713,0.0,21,0
444,88,0.0,22,0
444,193,0.0,23,0
444,25,0.0,24,0
444,407,0.0,25,0
444,543,0.0,26,0
445,98,35.5,1,3
445,88,33.0,2,3
445,354,29.0,3,0
445,374,24.0,4,0
445,274,20.5,5,1
445,224,19.0,6,0
445,314,18.0,7,2
445,501,11.5,8,1
445,563,9.0,9,0
445,150,8.0,10,0
445,242,6.0,11,0
445,713,5.0,12,0
445,193,4.0,13,0
445,784,3.0,14,0
445,407,3.0,15,0
445,822,3.0,16,0
445,182,3.0,17,0
445,732,2.0,18,0
445,87,0.0,19,0
445,774,0.0,20,0
445,796,0.0,21,0
445,270,0.0,22,0
445,679,0.0,23,0
445,367,0.0,24,0
445,25,0.0,25,0
445,595,0.0,26,0
445,406,0.0,27,0
445,234,0.0,28,0
446,822,44.5,1,4
446,98,39.0,2,3
446,88,29.0,3,0
446,182,25.0,4,0
446,501,23.0,5,0
446,224,20.5,6,1
446,150,18.0,7,2
446,407,11.5,8,1
446,784,10.0,9,0
446,367,9.0,10,0
446,270,9.0,11,0
446,25,5.0,12,0
446,796,4.0,13,0
446,314,3.0,14,0
446,713,3.0,15,0
446,563,3.0,16,0
446,406,3.0,17,0
446,274,2.0,18,0
446,774,0.0,19,0
446,679,0.0,20,0
446,87,0.0,21,0
446,732,0.0,22,0
446,374,0.0,23,0
446,595,0.0,24,0
446,354,0.0,25,0
446,242,0.0,26,0
446,841,0.0,27,0
447,98,48.0,1,4
447,314,44.5,2,4
447,274,29.0,3,0
447,796,25.0,4,0
447,732,24.0,5,2
447,242,23.0,6,0
447,224,20.5,7,1
447,407,15.5,8,1
447,774,10.0,9,0
447,713,9.0,10,0
447,595,9.0,11,0
447,251,7.0,12,0
447,501,5.0,13,0
447,354,5.0,14,0
447,182,3.0,15,0
447,822,3.0,16,0
447,374,3.0,17,0
447,784,2.0,18,0
447,25,1.0,19,0
447,88,0.0,20,0
447,150,0.0,21,0
447,679,0.0,22,0
447,87,0.0,23,0
447,406,0.0,24,0
447,563,0.0,25,0
447,193,0.0,26,0
447,367,0.0,27,0
448,822,54.0,1,4
448,98,53.5,2,5
448,182,32.0,3,0
448,374,25.0,4,0
448,796,24.0,5,2
448,501,23.0,6,0
448,407,20.5,7,1
448,679,15.5,8,1
448,774,13.0,9,0
448,595,11.0,10,0
448,224,9.0,11,0
448,406,9.0,12,0
448,25,5.0,13,0
448,193,5.0,14,0
448,367,3.0,15,0
448,732,3.0,16,0
448,784,3.0,17,0
448,713,2.0,18,0
448,150,1.0,19,0
448,87,0.0,20,0
448,88,0.0,21,0
448,270,0.0,22,0
448,354,0.0,23,0
448,242,0.0,24,0
448,314,0.0,25,0
448,563,0.0,26,0
448,274,0.0,27,0
449,98,63.0,1,5
449,274,53.5,2,5
449,713,32.0,3,0
449,367,25.0,4,0
449,406,24.0,5,2
449,251,23.0,6,0
449,563,21.5,7,1
449,784,20.5,8,1
449,25,13.0,9,0
449,732,11.0,10,0
449,501,9.0,11,0
449,796,9.0,12,0
449,242,7.0,13,0
449,88,5.0,14,0
449,774,5.0,15,0
449,314,3.0,16,0
449,374,3.0,17,0
449,182,3.0,18,0
449,87,2.0,19,0
449,679,1.0,20,0
449,150,0.0,21,0
449,407,0.0,22,0
449,595,0.0,23,0
449,224,0.0,24,0
449,822,0.0,25,0
449,270,0.0,26,0
449,586,0.0,27,0
450,822,66.0,1,5
450,274,62.5,2,6
450,314,32.0,3,0
450,98,28.0,4,2
450,224,27.5,5,1
450,713,27.0,6,0
450,150,23.0,7,0
450,631,20.5,8,1
450,732,13.0,9,0
450,407,11.0,10,0
450,88,9.0,11,0
450,406,9.0,12,0
450,796,8.0,13,0
450,182,5.0,14,0
450,501,5.0,15,0
450,25,3.0,16,0
450,595,3.0,17,0
450,774,3.0,18,0
450,87,2.0,19,0
450,374,1.0,20,0
450,367,0.0,21,0
450,679,0.0,22,0
450,354,0.0,23,0
450,242,0.0,24,0
450,251,0.0,25,0
450,563,0.0,26,0
451,822,72.0,1,5
451,98,71.5,2,7
451,354,34.0,3,0
451,274,30.5,4,1
451,374,29.0,5,2
451,314,27.0,6,0
451,501,23.0,7,0
451,713,20.5,8,1
451,224,13.0,9,0
451,270,13.0,10,0
451,367,11.0,11,0
451,150,9.0,12,0
451,251,8.0,13,0
451,87,5.0,14,0
451,631,5.0,15,0
451,406,3.0,16,0
451,25,3.0,17,0
451,563,3.0,18,0
451,182,2.0,19,0
451,88,1.0,20,0
451,196,0.0,21,0
451,679,0.0,22,0
451,407,0.0,23,0
451,732,0.0,24,0
451,774,0.0,25,0
451,242,0.0,26,0
451,595,0.0,27,0
452,314,9.0,1,1
452,98,4.0,2,0
452,87,3.0,3,0
452,501,2.0,4,0
452,242,1.0,5,0
452,822,0.0,6,0
452,88,0.0,7,0
452,815,0.0,8,0
452,224,0.0,9,0
452,836,0.0,10,0
452,182,0.0,11,0
452,234,0.0,12,0
452,243,0.0,13,0
452,270,0.0,14,0
452,679,0.0,15,0
452,374,0.0,16,0
452,717,0.0,17,0
452,25,0.0,18,0
452,54,0.0,19,0
452,418,0.0,20,0
452,631,0.0,21,0
452,512,0.0,22,0
452,713,0.0,23,0
452,205,0.0,24,0
452,538,0.0,25,0
452,274,0.0,26,0
453,54,10.0,1,0
453,98,9.0,2,1
453,224,9.0,3,1
453,87,6.0,4,0
453,242,4.0,5,0
453,234,3.0,6,0
453,418,2.0,7,0
453,836,1.0,8,0
453,274,0.0,9,0
453,713,0.0,10,0
453,822,0.0,11,0
453,182,0.0,12,0
453,25,0.0,13,0
453,338,0.0,14,0
453,314,0.0,15,0
453,150,0.0,16,0
453,374,0.0,17,0
453,717,0.0,18,0
453,512,0.0,19,0
453,538,0.0,20,0
453,631,0.0,21,0
453,501,0.0,22,0
453,679,0.0,23,0
453,243,0.0,24,0
453,88,0.0,25,0
453,270,0.0,26,0
453,205,0.0,27,0
453,563,0.0,28,0
454,822,15.0,1,1
454,314,10.0,2,0
454,25,9.0,3,1
454,501,9.0,4,1
454,679,7.0,5,0
454,87,5.0,6,0
454,224,4.0,7,0
454,274,4.0,8,0
454,512,3.0,9,0
454,242,2.0,10,0
454,234,1.0,11,0
454,150,0.0,12,0
454,538,0.0,13,0
454,418,0.0,14,0
454,205,0.0,15,0
454,270,0.0,16,0
454,98,0.0,17,0
454,631,0.0,18,0
454,815,0.0,19,0
454,717,0.0,20,0
454,836,0.0,21,0
454,374,0.0,22,0
454,713,0.0,23,0
454,88,0.0,24,0
454,182,0.0,25,0
454,54,0.0,26,0
454,243,0.0,27,0
454,563,0.0,28,0
454,630,0.0,29,0
455,501,15.0,1,1
455,822,15.0,2,1
455,224,14.0,3,1
455,679,11.0,4,1
455,54,10.0,5,0
455,242,8.0,6,0
455,87,7.0,7,0
455,815,5.0,8,0
455,418,4.0,9,0
455,631,4.0,10,0
455,270,1.0,11,0
455,182,0.0,12,0
455,713,0.0,13,0
455,150,0.0,14,0
455,374,0.0,15,0
455,314,0.0,16,0
455,512,0.0,17,0
455,836,0.0,18,0
455,88,0.0,19,0
455,205,0.0,20,0
455,538,0.0,21,0
455,98,0.0,22,0
455,234,0.0,23,0
455,274,0.0,24,0
455,717,0.0,25,0
455,25,0.0,26,0
455,243,0.0,27,0
455,563,0.0,28,0
456,679,21.0,1,1
456,314,19.0,2,1
456,822,17.0,3,1
456,501,14.0,4,1
456,836,11.0,5,1
456,631,10.0,6,0
456,815,8.0,7,0
456,713,7.0,8,0
456,87,4.0,9,0
456,242,4.0,10,0
456,88,2.0,11,0
456,374,1.0,12,0
456,512,1.0,13,0
456,25,0.0,14,0
456,150,0.0,15,0
456,224,0.0,16,0
456,418,0.0,17,0
456,270,0.0,18,0
456,274,0.0,19,0
456,182,0.0,20,0
456,538,0.0,21,0
456,98,0.0,22,0
456,54,0.0,23,0
456,205,0.0,24,0
456,243,0.0,25,0
456,563,0.0,26,0
456,234,0.0,27,0
456,717,0.0,28,0
457,822,28.0,1,2
457,501,24.0,2,1
457,25,23.0,3,1
457,314,16.0,4,1
457,679,11.0,5,1
457,87,10.0,6,0
457,88,8.0,7,0
457,538,8.0,8,0
457,374,8.0,9,0
457,234,4.0,10,0
457,242,2.0,11,0
457,836,1.0,12,0
457,418,1.0,13,0
457,274,0.0,14,0
457,98,0.0,15,0
457,182,0.0,16,0
457,150,0.0,17,0
457,717,0.0,18,0
457,224,0.0,19,0
457,205,0.0,20,0
457,270,0.0,21,0
457,54,0.0,22,0
457,512,0.0,23,0
457,732,0.0,24,0
457,631,0.0,25,0
457,713,0.0,26,0
457,563,0.0,27,0
457,243,0.0,28,0
458,274,28.0,1,2
458,679,27.0,2,1
458,54,23.0,3,1
458,314,22.0,4,1
458,87,15.0,5,1
458,182,10.0,6,0
458,732,10.0,7,0
458,822,9.0,8,1
458,538,8.0,9,0
458,418,8.0,10,0
458,242,4.0,11,0
458,631,2.0,12,0
458,98,1.0,13,0
458,717,1.0,14,0
458,234,1.0,15,0
458,150,0.0,16,0
458,224,0.0,17,0
458,836,0.0,18,0
458,512,0.0,19,0
458,270,0.0,20,0
458,88,0.0,21,0
458,713,0.0,22,0
458,374,0.0,23,0
458,25,0.0,24,0
458,563,0.0,25,0
458,501,0.0,26,0
458,205,0.0,27,0
459,224,30.0,1,2
459,25,27.0,2,1
459,501,27.0,3,1
459,679,25.0,4,1
459,822,17.0,5,1
459,54,16.0,6,1
459,732,14.0,7,0
459,274,10.0,8,0
459,270,10.0,9,0
459,631,9.0,10,1
459,836,4.0,11,0
459,713,2.0,12,0
459,88,1.0,13,0
459,538,1.0,14,0
459,182,1.0,15,0
459,150,0.0,16,0
459,87,0.0,17,0
459,418,0.0,18,0
459,717,0.0,19,0
459,205,0.0,20,0
459,234,0.0,21,0
459,314,0.0,22,0
459,98,0.0,23,0
459,374,0.0,24,0
459,242,0.0,25,0
459,512,0.0,26,0
459,80,0.0,27,0
459,563,0.0,28,0
460,822,39.0,1,3
460,314,33.0,2,1
460,501,31.0,3,1
460,182,25.0,4,1
460,224,19.0,5,1
460,98,16.0,6,1
460,631,14.0,7,0
460,150,11.0,8,0
460,54,10.0,9,0
460,512,9.0,10,1
460,679,4.0,11,0
460,87,4.0,12,0
460,274,2.0,13,0
460,836,1.0,14,0
460,732,1.0,15,0
460,717,0.0,16,0
460,242,0.0,17,0
460,270,0.0,18,0
460,418,0.0,19,0
460,563,0.0,20,0
460,88,0.0,21,0
460,713,0.0,22,0
460,367,0.0,23,0
460,25,0.0,24,0
460,538,0.0,25,0
460,374,0.0,26,0
460,234,0.0,27,0
460,205,0.0,28,0
460,6,0.0,29,0
461,224,42.0,1,3
461,150,33.0,2,1
461,713,31.0,3,1
461,822,28.0,4,2
461,54,25.0,5,1
461,87,18.0,6,1
461,242,14.0,7,0
461,512,11.0,8,0
461,732,11.0,9,0
461,679,9.0,10,1
461,234,6.0,11,0
461,836,4.0,12,0
461,314,4.0,13,0
461,98,4.0,14,0
461,25,2.0,15,0
461,563,1.0,16,0
461,418,1.0,17,0
461,631,0.0,18,0
461,538,0.0,19,0
461,88,0.0,20,0
461,367,0.0,21,0
461,501,0.0,22,0
461,374,0.0,23,0
461,274,0.0,24,0
461,182,0.0,25,0
461,717,0.0,26,0
461,6,0.0,27,0
461,205,0.0,28,0
461,270,0.0,29,0
462,822,51.0,1,4
462,224,37.0,2,1
462,314,34.0,3,2
462,25,31.0,4,1
462,182,25.0,5,1
462,98,18.0,6,1
462,512,17.0,7,0
462,679,12.0,8,0
462,54,11.0,9,0
462,205,9.0,10,1
462,563,6.0,11,0
462,367,6.0,12,0
462,732,4.0,13,0
462,270,4.0,14,0
462,150,2.0,15,0
462,501,1.0,16,0
462,713,1.0,17,0
462,717,0.0,18,0
462,87,0.0,19,0
462,631,0.0,20,0
462,274,0.0,21,0
462,88,0.0,22,0
462,538,0.0,23,0
462,374,0.0,24,0
462,242,0.0,25,0
462,836,0.0,26,0
462,418,0.0,27,0
462,234,0.0,28,0
462,6,0.0,29,0
463,224,51.0,1,4
463,501,43.0,2,3
463,54,37.0,3,1
463,88,37.0,4,1
463,631,25.0,5,1
463,274,22.0,6,1
463,367,17.0,7,0
463,242,12.0,8,0
463,713,11.0,9,0
463,418,10.0,10,1
463,205,6.0,11,0
463,717,6.0,12,0
463,538,4.0,13,0
463,732,4.0,14,0
463,679,3.0,15,0
463,270,3.0,16,0
463,314,2.0,17,0
463,822,1.0,18,0
463,25,0.0,19,0
463,87,0.0,20,0
463,182,0.0,21,0
463,98,0.0,22,0
463,836,0.0,23,0
463,374,0.0,24,0
463,150,0.0,25,0
463,512,0.0,26,0
463,563,0.0,27,0
463,234,0.0,28,0
463,6,0.0,29,0
464,314,51.0,1,4
464,224,49.0,2,3
464,25,46.0,3,2
464,501,40.0,4,1
464,374,25.0,5,1
464,88,22.0,6,1
464,538,21.0,7,0
464,182,12.0,8,0
464,512,11.0,9,0
464,242,10.0,10,1
464,679,6.0,11,0
464,234,6.0,12,0
464,717,4.0,13,0
464,205,4.0,14,0
464,836,4.0,15,0
464,732,3.0,16,0
464,270,2.0,17,0
464,274,2.0,18,0
464,822,1.0,19,0
464,98,0.0,20,0
464,54,0.0,21,0
464,563,0.0,22,0
464,631,0.0,23,0
464,367,0.0,24,0
464,713,0.0,25,0
464,150,0.0,26,0
464,418,0.0,27,0
464,87,0.0,28,0
464,6,0.0,29,0
465,314,57.0,1,4
465,822,55.0,2,3
465,182,49.0,3,3
465,150,40.0,4,1
465,88,25.0,5,1
465,538,22.0,6,1
465,713,21.0,7,0
465,270,12.0,8,0
465,224,11.0,9,0
465,25,10.0,10,1
465,732,10.0,11,0
465,717,9.0,12,0
465,774,6.0,13,0
465,367,4.0,14,0
465,418,4.0,15,0
465,501,3.0,16,0
465,274,2.0,17,0
465,563,2.0,18,0
465,242,1.0,19,0
465,679,1.0,20,0
465,631,0.0,21,0
465,54,0.0,22,0
465,836,0.0,23,0
465,98,0.0,24,0
465,374,0.0,25,0
465,512,0.0,26,0
465,6,0.0,27,0
465,205,0.0,28,0
465,87,0.0,29,0
466,713,59.0,1,3
466,150,57.0,2,4
466,314,49.0,3,3
466,88,40.0,4,1
466,679,27.0,5,1
466,25,22.0,6,1
466,836,22.0,7,0
466,242,15.0,8,0
466,732,13.0,9,1
466,512,12.0,10,0
466,98,11.0,11,0
466,6,10.0,12,1
466,182,10.0,13,0
466,418,9.0,14,0
466,274,4.0,15,0
466,501,3.0,16,0
466,538,2.0,17,0
466,822,2.0,18,0
466,205,1.0,19,0
466,374,1.0,20,0
466,54,0.0,21,0
466,224,0.0,22,0
466,631,0.0,23,0
466,270,0.0,24,0
466,87,0.0,25,0
466,563,0.0,26,0
467,822,9.0,1,1
467,348,6.0,2,0
467,224,4.0,3,0
467,98,3.0,4,0
467,679,2.0,5,0
467,54,1.0,6,0
467,274,0.0,7,0
467,374,0.0,8,0
467,243,0.0,9,0
467,270,0.0,10,0
467,538,0.0,11,0
467,16,0.0,12,0
467,150,0.0,13,0
467,41,0.0,14,0
467,418,0.0,15,0
467,429,0.0,16,0
467,815,0.0,17,0
467,422,0.0,18,0
467,87,0.0,19,0
467,88,0.0,20,0
467,713,0.0,21,0
467,25,0.0,22,0
467,283,0.0,23,0
467,314,0.0,24,0
467,182,0.0,25,0
467,512,0.0,26,0
467,631,0.0,27,0
467,715,0.0,28,0
467,185,0.0,29,0
467,717,0.0,30,0
467,796,0.0,31,0
468,822,18.0,1,2
468,54,7.0,2,0
468,182,6.0,3,0
468,274,4.0,4,0
468,270,4.0,5,0
468,422,3.0,6,0
468,429,3.0,7,0
468,16,2.0,8,0
468,512,2.0,9,0
468,631,1.0,10,0
468,314,0.0,11,0
468,679,0.0,12,0
468,243,0.0,13,0
468,815,0.0,14,0
468,713,0.0,15,0
468,283,0.0,16,0
468,98,0.0,17,0
468,224,0.0,18,0
468,348,0.0,19,0
468,374,0.0,20,0
468,25,0.0,21,0
468,538,0.0,22,0
468,87,0.0,23,0
468,150,0.0,24,0
468,41,0.0,25,0
468,418,0.0,26,0
468,796,0.0,27,0
468,185,0.0,28,0
468,88,0.0,29,0
468,717,0.0,30,0
468,715,0.0,31,0
469,98,18.0,1,2
469,679,12.0,2,1
469,713,8.0,3,0
469,274,8.0,4,0
469,374,6.0,5,0
469,54,6.0,6,0
469,182,4.0,7,0
469,16,4.0,8,0
469,418,4.0,9,0
469,429,2.0,10,0
469,283,2.0,11,0
469,25,1.0,12,0
469,150,0.0,13,0
469,185,0.0,14,0
469,717,0.0,15,0
469,87,0.0,16,0
469,512,0.0,17,0
469,314,0.0,18,0
469,41,0.0,19,0
469,188,0.0,20,0
469,822,0.0,21,0
469,422,0.0,22,0
469,224,0.0,23,0
469,538,0.0,24,0
469,243,0.0,25,0
469,270,0.0,26,0
469,796,0.0,27,0
469,715,0.0,28,0
469,815,0.0,29,0
469,631,0.0,30,0
469,88,0.0,31,0
470,422,18.0,1,2
470,283,12.0,2,1
470,274,10.0,3,1
470,512,10.0,4,0
470,243,8.0,5,0
470,270,8.0,6,0
470,796,6.0,7,0
470,224,6.0,8,0
470,538,4.0,9,0
470,715,4.0,10,0
470,822,4.0,11,0
470,150,3.0,12,0
470,185,2.0,13,0
470,88,2.0,14,0
471,54,18.0,1,2
471,679,17.0,2,1
471,25,14.0,3,0
471,374,12.0,4,1
471,314,10.0,5,1
471,815,10.0,6,0
471,242,6.0,7,0
471,418,6.0,8,0
471,87,5.0,9,0
471,98,4.0,10,0
471,41,4.0,11,0
471,16,4.0,12,0
471,822,4.0,13,0
471,713,3.0,14,0
471,631,2.0,15,0
471,512,2.0,16,0
471,150,2.0,17,0
471,185,1.0,18,0
471,274,0.0,19,0
471,88,0.0,20,0
471,796,0.0,21,0
471,182,0.0,22,0
471,224,0.0,23,0
471,270,0.0,24,0
471,538,0.0,25,0
471,243,0.0,26,0
471,422,0.0,27,0
471,283,0.0,28,0
471,717,0.0,29,0
471,785,0.0,30,0
471,715,0.0,31,0
471,114,0.0,32,0
472,713,18.0,1,2
472,422,17.0,2,1
472,150,16.0,3,1
472,182,14.0,4,0
472,374,13.0,5,1
472,41,12.0,6,1
472,822,10.0,7,0
472,185,7.0,8,0
472,242,7.0,9,0
472,274,6.0,10,0
472,679,6.0,11,0
472,98,4.0,12,0
472,314,4.0,13,0
472,54,4.0,14,0
472,270,3.0,15,0
472,87,2.0,16,0
472,25,2.0,17,0
472,243,2.0,18,0
472,224,1.0,19,0
472,538,1.0,20,0
472,631,0.0,21,0
472,785,0.0,22,0
472,16,0.0,23,0
472,88,0.0,24,0
472,512,0.0,25,0
472,717,0.0,26,0
472,796,0.0,27,0
472,715,0.0,28,0
472,418,0.0,29,0
472,815,0.0,30,0
472,114,0.0,31,0
473,54,26.0,1,2
473,25,20.0,2,1
473,422,18.0,3,2
473,679,17.0,4,0
473,41,13.0,5,1
473,87,12.0,6,1
473,16,10.0,7,0
473,242,10.0,8,0
473,185,7.0,9,0
473,224,7.0,10,0
473,815,6.0,11,0
473,822,6.0,12,0
473,182,4.0,13,0
473,98,4.0,14,0
473,274,3.0,15,0
473,538,3.0,16,0
473,374,2.0,17,0
473,243,2.0,18,0
473,717,2.0,19,0
473,713,1.0,20,0
473,150,1.0,21,0
473,512,0.0,22,0
473,270,0.0,23,0
473,418,0.0,24,0
473,631,0.0,25,0
473,715,0.0,26,0
473,114,0.0,27,0
473,314,0.0,28,0
473,785,0.0,29,0
474,314,30.0,1,2
474,713,20.0,2,1
474,54,19.0,3,1
474,374,18.0,4,2
474,242,17.0,5,0
474,150,12.0,6,1
474,41,11.0,7,1
474,631,10.0,8,0
474,422,10.0,9,0
474,25,10.0,10,0
474,16,7.0,11,0
474,185,6.0,12,0
474,679,6.0,13,0
474,418,5.0,14,0
474,274,4.0,15,0
474,822,3.0,16,0
474,224,3.0,17,0
474,243,2.0,18,0
474,98,2.0,19,0
474,87,2.0,20,0
474,717,1.0,21,0
474,538,1.0,22,0
474,182,0.0,23,0
474,512,0.0,24,0
474,715,0.0,25,0
474,729,0.0,26,0
474,270,0.0,27,0
474,114,0.0,28,0
474,815,0.0,29,0
475,422,30.0,1,2
475,314,29.0,2,2
475,679,21.0,3,0
475,98,19.0,4,1
475,41,18.0,5,2
475,631,17.0,6,1
475,274,15.0,7,1
475,501,10.0,8,0
475,54,10.0,9,0
475,242,10.0,10,0
475,538,7.0,11,0
475,270,6.0,12,0
475,243,6.0,13,0
475,512,5.0,14,0
475,713,5.0,15,0
475,16,4.0,16,0
475,785,3.0,17,0
475,374,2.0,18,0
475,150,2.0,19,0
475,822,2.0,20,0
475,224,1.0,21,0
475,185,1.0,22,0
475,418,1.0,23,0
475,815,0.0,24,0
475,88,0.0,25,0
475,87,0.0,26,0
475,717,0.0,27,0
475,796,0.0,28,0
475,25,0.0,29,0
475,127,0.0,30,0
475,114,0.0,31,0
476,98,35.0,1,2
476,422,30.0,2,2
476,501,24.0,3,2
476,374,21.0,4,0
476,41,19.0,5,2
476,822,19.0,6,1
476,538,17.0,7,1
476,185,13.0,8,0
476,631,10.0,9,0
476,16,10.0,10,0
476,150,7.0,11,0
476,25,7.0,12,0
476,242,6.0,13,0
476,679,6.0,14,0
476,274,5.0,15,0
476,87,4.0,16,0
476,88,4.0,17,0
476,182,3.0,18,0
476,314,2.0,19,0
476,717,2.0,20,0
476,512,2.0,21,0
476,815,1.0,22,0
476,54,1.0,23,0
476,713,1.0,24,0
476,224,0.0,25,0
476,796,0.0,26,0
476,270,0.0,27,0
476,785,0.0,28,0
476,243,0.0,29,0
476,418,0.0,30,0
477,224,39.0,1,2
477,822,30.0,2,2
477,422,25.0,3,2
477,501,24.0,4,2
477,679,23.0,5,0
477,274,19.0,6,1
477,41,17.0,7,1
477,98,13.0,8,1
477,538,13.0,9,0
477,185,11.0,10,0
477,270,10.0,11,0
477,729,7.0,12,0
477,242,7.0,13,0
477,87,7.0,14,0
477,88,6.0,15,0
477,25,6.0,16,0
477,150,5.0,17,0
477,314,3.0,18,0
477,374,2.0,19,0
477,54,2.0,20,0
477,16,2.0,21,0
477,631,1.0,22,0
477,713,1.0,23,0
477,243,1.0,24,0
477,512,0.0,25,0
477,796,0.0,26,0
477,785,0.0,27,0
477,717,0.0,28,0
477,418,0.0,29,0
478,501,39.0,1,2
478,224,30.0,2,2
478,679,27.0,3,0
478,274,25.0,4,2
478,538,24.0,5,2
478,242,19.0,6,1
478,185,19.0,7,1
478,717,17.0,8,1
478,182,16.0,9,1
478,88,14.0,10,0
478,815,13.0,11,0
478,54,10.0,12,0
478,87,7.0,13,0
478,41,7.0,14,0
478,418,6.0,15,0
478,374,6.0,16,0
478,314,5.0,17,0
478,243,3.0,18,0
478,822,3.0,19,0
478,713,2.0,20,0
478,150,2.0,21,0
478,25,2.0,22,0
478,631,1.0,23,0
478,512,1.0,24,0
478,270,1.0,25,0
478,422,0.0,26,0
478,443,0.0,27,0
478,804,0.0,28,0
478,796,0.0,29,0
479,374,39.0,1,2
479,679,33.0,2,0
479,87,30.0,3,2
479,501,26.0,4,2
479,98,25.0,5,2
479,631,22.0,6,1
479,815,19.0,7,1
479,822,19.0,8,1
479,54,19.0,9,1
479,185,17.0,10,1
479,314,14.0,11,0
479,443,10.0,12,0
479,242,7.0,13,0
479,713,7.0,14,0
479,25,6.0,15,0
479,182,6.0,16,0
479,224,5.0,17,0
479,270,5.0,18,0
479,88,3.0,19,0
479,796,3.0,20,0
479,717,2.0,21,0
479,274,2.0,22,0
479,804,2.0,23,0
479,41,2.0,24,0
479,150,1.0,25,0
479,538,0.0,26,0
479,418,0.0,27,0
479,512,0.0,28,0
479,243,0.0,29,0
480,679,42.0,1,1
480,822,39.0,2,2
480,98,31.0,3,2
480,314,30.0,4,2
480,713,30.0,5,2
480,374,23.0,6,1
480,274,21.0,7,1
480,182,20.0,8,1
480,41,19.0,9,1
480,150,19.0,10,1
480,185,14.0,11,0
480,538,10.0,12,0
480,54,7.0,13,0
480,243,7.0,14,0
480,242,6.0,15,0
480,224,6.0,16,0
480,25,5.0,17,0
480,270,5.0,18,0
480,512,3.0,19,0
480,87,3.0,20,0
480,796,2.0,21,0
480,418,2.0,22,0
480,804,2.0,23,0
480,88,2.0,24,0
480,717,1.0,25,0
480,501,0.0,26,0
480,815,0.0,27,0
480,443,0.0,28,0
480,631,0.0,29,0
481,224,42.0,1,1
481,501,39.0,2,2
481,188,33.0,3,2
481,54,31.0,4,2
481,274,30.0,5,2
481,25,28.0,6,2
481,182,25.0,7,1
481,679,23.0,8,1
481,243,21.0,9,1
481,150,20.0,10,1
481,815,16.0,11,0
481,631,11.0,12,0
481,717,7.0,13,0
481,374,7.0,14,0
481,538,6.0,15,0
481,242,6.0,16,0
481,822,5.0,17,0
481,98,5.0,18,0
481,512,4.0,19,0
481,314,3.0,20,0
481,713,3.0,21,0
481,87,2.0,22,0
481,796,2.0,23,0
481,41,2.0,24,0
481,88,2.0,25,0
481,185,1.0,26,0
481,804,0.0,27,0
481,270,0.0,28,0
481,418,0.0,29,0
481,443,0.0,30,0
482,274,44.0,1,1
482,54,39.0,2,2
482,25,39.0,3,2
482,822,34.0,4,2
482,679,30.0,5,2
482,41,28.0,6,2
482,242,25.0,7,1
482,185,25.0,8,1
482,150,23.0,9,1
482,538,21.0,10,1
482,631,20.0,11,1
482,804,15.0,12,0
482,418,8.0,13,0
482,270,7.0,14,0
482,98,6.0,15,0
482,443,6.0,16,0
482,88,5.0,17,0
482,374,5.0,18,0
482,188,4.0,19,0
482,314,3.0,20,0
482,224,3.0,21,0
482,713,2.0,22,0
482,182,2.0,23,0
482,87,2.0,24,0
482,501,2.0,25,0
482,717,1.0,26,0
482,512,0.0,27,0
482,796,0.0,28,0
482,243,0.0,29,0
482,815,0.0,30,0
483,338,9.0,1,1
483,348,6.0,2,0
483,314,4.0,3,0
483,188,3.0,4,0
483,25,2.0,5,0
483,501,1.0,6,0
483,815,0.0,7,0
483,224,0.0,8,0
483,242,0.0,9,0
483,422,0.0,10,0
483,512,0.0,11,0
483,791,0.0,12,0
483,538,0.0,13,0
483,87,0.0,14,0
483,679,0.0,15,0
483,785,0.0,16,0
483,713,0.0,17,0
483,737,0.0,18,0
483,182,0.0,19,0
483,283,0.0,20,0
483,54,0.0,21,0
483,374,0.0,22,0
483,822,0.0,23,0
483,150,0.0,24,0
483,174,0.0,25,0
483,41,0.0,26,0
483,301,0.0,27,0
483,313,0.0,28,0
483,243,0.0,29,0
484,348,15.0,1,1
484,338,15.0,2,1
484,713,4.0,3,0
484,242,4.0,4,0
484,374,3.0,5,0
484,87,3.0,6,0
484,512,2.0,7,0
484,54,2.0,8,0
484,679,1.0,9,0
484,501,1.0,10,0
484,182,0.0,11,0
484,314,0.0,12,0
484,381,0.0,13,0
484,25,0.0,14,0
484,538,0.0,15,0
484,283,0.0,16,0
484,791,0.0,17,0
484,822,0.0,18,0
484,313,0.0,19,0
484,422,0.0,20,0
484,150,0.0,21,0
484,224,0.0,22,0
484,188,0.0,23,0
484,815,0.0,24,0
484,785,0.0,25,0
484,737,0.0,26,0
484,301,0.0,27,0
484,243,0.0,28,0
484,41,0.0,29,0
484,43,0.0,30,0
485,314,21.0,1,1
485,348,18.0,2,1
485,822,13.0,3,1
485,338,4.0,4,0
485,224,4.0,5,0
485,374,3.0,6,0
485,713,3.0,7,0
485,188,3.0,8,0
485,313,2.0,9,0
485,538,2.0,10,0
485,150,1.0,11,0
485,785,1.0,12,0
485,381,0.0,13,0
485,283,0.0,14,0
485,501,0.0,15,0
485,54,0.0,16,0
485,791,0.0,17,0
485,815,0.0,18,0
485,87,0.0,19,0
485,242,0.0,20,0
485,679,0.0,21,0
485,182,0.0,22,0
485,422,0.0,23,0
485,25,0.0,24,0
485,301,0.0,25,0
485,737,0.0,26,0
485,41,0.0,27,0
485,262,0.0,28,0
485,243,0.0,29,0
486,314,25.0,1,1
486,713,22.0,2,2
486,348,18.0,3,1
486,791,10.0,4,0
486,422,4.0,5,0
486,150,3.0,6,0
486,283,3.0,7,0
486,224,3.0,8,0
486,242,3.0,9,0
486,54,2.0,10,0
486,501,2.0,11,0
486,338,2.0,12,0
486,429,1.0,13,0
486,262,1.0,14,0
486,243,1.0,15,0
486,274,0.0,16,0
486,737,0.0,17,0
486,538,0.0,18,0
486,25,0.0,19,0
486,188,0.0,20,0
486,679,0.0,21,0
486,87,0.0,22,0
486,822,0.0,23,0
486,301,0.0,24,0
486,313,0.0,25,0
486,41,0.0,26,0
486,785,0.0,27,0
486,815,0.0,28,0
486,88,0.0,29,0
486,185,0.0,30,0
486,374,0.0,31,0
486,182,0.0,32,0
487,348,34.0,1,2
487,87,22.0,2,2
487,182,18.0,3,1
487,283,10.0,4,0
487,374,7.0,5,0
487,25,5.0,6,0
487,54,4.0,7,0
487,422,4.0,8,0
487,538,3.0,9,0
487,188,3.0,10,0
487,242,3.0,11,0
487,274,3.0,12,0
487,563,3.0,13,0
487,791,2.0,14,0
487,262,2.0,15,0
487,815,1.0,16,0
487,737,1.0,17,0
487,338,0.0,18,0
487,150,0.0,19,0
487,314,0.0,20,0
487,679,0.0,21,0
487,822,0.0,22,0
487,713,0.0,23,0
487,313,0.0,24,0
487,41,0.0,25,0
487,224,0.0,26,0
487,243,0.0,27,0
487,429,0.0,28,0
487,501,0.0,29,0
487,88,0.0,30,0
487,185,0.0,31,0
488,283,34.0,1,2
488,338,24.0,2,1
488,87,22.0,3,2
488,422,12.0,4,1
488,25,11.0,5,0
488,242,10.0,6,0
488,501,5.0,7,0
488,314,5.0,8,0
488,54,5.0,9,0
488,274,4.0,10,0
488,538,4.0,11,0
488,822,4.0,12,0
488,348,3.0,13,0
488,374,3.0,14,0
488,224,2.0,15,0
488,713,1.0,16,0
488,182,1.0,17,0
488,313,0.0,18,0
488,150,0.0,19,0
488,188,0.0,20,0
488,679,0.0,21,0
488,262,0.0,22,0
488,791,0.0,23,0
488,815,0.0,24,0
488,563,0.0,25,0
488,737,0.0,26,0
488,429,0.0,27,0
488,41,0.0,28,0
488,243,0.0,29,0
488,185,0.0,30,0
488,88,0.0,31,0
489,283,37.0,1,2
489,87,24.0,2,1
489,54,22.0,3,2
489,348,21.0,4,2
489,374,17.0,5,0
489,182,10.0,6,0
489,338,7.0,7,0
489,188,5.0,8,0
489,224,5.0,9,0
489,538,5.0,10,0
489,815,4.0,11,0
489,679,4.0,12,0
489,501,4.0,13,0
489,243,3.0,14,0
489,422,3.0,15,0
489,41,2.0,16,0
489,25,1.0,17,0
489,262,1.0,18,0
489,791,0.0,19,0
489,313,0.0,20,0
489,314,0.0,21,0
489,822,0.0,22,0
489,713,0.0,23,0
489,150,0.0,24,0
489,274,0.0,25,0
489,737,0.0,26,0
489,429,0.0,27,0
489,185,0.0,28,0
489,88,0.0,29,0
489,189,0.0,30,0
490,822,37.0,1,2
490,54,26.0,2,2
490,314,24.0,3,1
490,224,21.0,4,2
490,422,17.0,5,0
490,374,13.0,6,1
490,182,10.0,7,0
490,188,10.0,8,0
490,791,8.0,9,0
490,348,7.0,10,0
490,150,5.0,11,0
490,242,5.0,12,0
490,25,5.0,13,0
490,713,4.0,14,0
490,538,3.0,15,0
490,274,3.0,16,0
490,338,1.0,17,0
490,87,1.0,18,0
490,41,0.0,19,0
490,283,0.0,20,0
490,501,0.0,21,0
490,679,0.0,22,0
490,243,0.0,23,0
490,815,0.0,24,0
490,313,0.0,25,0
490,185,0.0,26,0
490,429,0.0,27,0
490,737,0.0,28,0
490,88,0.0,29,0
491,54,43.0,1,2
491,348,26.0,2,2
491,87,24.0,3,1
491,25,21.0,4,2
491,791,21.0,5,0
491,429,19.0,6,1
491,41,13.0,7,1
491,512,10.0,8,0
491,224,8.0,9,0
491,713,8.0,10,0
491,242,7.0,11,0
491,188,5.0,12,0
491,679,5.0,13,0
491,374,5.0,14,0
491,822,4.0,15,0
491,501,3.0,16,0
491,422,1.0,17,0
491,314,1.0,18,0
491,538,1.0,19,0
491,283,0.0,20,0
491,338,0.0,21,0
491,150,0.0,22,0
491,274,0.0,23,0
491,313,0.0,24,0
491,815,0.0,25,0
491,185,0.0,26,0
491,182,0.0,27,0
491,243,0.0,28,0
491,88,0.0,29,0
491,737,0.0,30,0
492,314,43.0,1,2
492,822,35.0,2,3
492,87,25.0,3,0
492,791,24.0,4,1
492,25,21.0,5,2
492,54,20.0,6,1
492,374,19.0,7,1
492,512,10.0,8,0
492,188,10.0,9,0
492,283,8.0,10,0
492,338,8.0,11,0
492,313,7.0,12,0
492,224,5.0,13,0
492,242,5.0,14,0
492,538,4.0,15,0
492,243,3.0,16,0
492,429,1.0,17,0
492,348,1.0,18,0
492,713,1.0,19,0
492,501,0.0,20,0
492,41,0.0,21,0
492,182,0.0,22,0
492,150,0.0,23,0
492,422,0.0,24,0
492,679,0.0,25,0
492,185,0.0,26,0
492,737,0.0,27,0
492,88,0.0,28,0
492,274,0.0,29,0
492,815,0.0,30,0
493,87,45.0,1,2
493,224,39.0,2,3
493,314,34.0,3,1
493,338,27.0,4,1
493,348,21.0,5,2
493,54,21.0,6,1
493,374,19.0,7,1
493,150,11.0,8,0
493,422,10.0,9,0
493,512,10.0,10,0
493,41,8.0,11,0
493,188,8.0,12,0
493,429,7.0,13,0
493,713,5.0,14,0
493,243,4.0,15,0
493,274,3.0,16,0
493,538,1.0,17,0
493,791,1.0,18,0
493,313,1.0,19,0
493,822,0.0,20,0
493,501,0.0,21,0
493,182,0.0,22,0
493,283,0.0,23,0
493,242,0.0,24,0
493,25,0.0,25,0
493,88,0.0,26,0
493,185,0.0,27,0
493,737,0.0,28,0
494,822,45.0,1,3
494,314,45.0,2,2
494,338,34.0,3,1
494,791,31.0,4,1
494,374,28.0,5,2
494,243,21.0,6,2
494,313,21.0,7,1
494,242,11.0,8,0
494,274,11.0,9,0
494,429,10.0,10,0
494,188,10.0,11,0
494,54,10.0,12,0
494,25,7.0,13,0
494,512,5.0,14,0
494,224,4.0,15,0
494,538,3.0,16,0
494,87,1.0,17,0
494,348,1.0,18,0
494,713,1.0,19,0
494,41,1.0,20,0
494,422,0.0,21,0
494,182,0.0,22,0
494,501,0.0,23,0
494,283,0.0,24,0
494,150,0.0,25,0
494,185,0.0,26,0
494,679,0.0,27,0
494,815,0.0,28,0
494,737,0.0,29,0
494,88,0.0,30,0
495,822,49.0,1,2
495,338,46.0,2,3
495,348,37.0,3,3
495,374,37.0,4,1
495,422,34.0,5,1
495,314,21.0,6,2
495,150,21.0,7,1
495,538,13.0,8,0
495,512,11.0,9,0
495,185,11.0,10,0
495,188,10.0,11,0
495,41,10.0,12,0
495,501,9.0,13,0
495,182,5.0,14,0
495,54,4.0,15,0
495,713,3.0,16,0
495,274,1.0,17,0
495,243,1.0,18,0
495,224,1.0,19,0
495,87,1.0,20,0
495,25,0.0,21,0
495,429,0.0,22,0
495,283,0.0,23,0
495,791,0.0,24,0
495,242,0.0,25,0
495,737,0.0,26,0
495,88,0.0,27,0
495,313,0.0,28,0
495,679,0.0,29,0
495,815,0.0,30,0
496,87,49.0,1,2
496,54,48.0,2,3
496,283,43.0,3,2
496,538,37.0,4,3
496,314,37.0,5,1
496,374,27.0,6,1
496,188,25.0,7,2
496,41,14.0,8,0
496,242,11.0,9,0
496,348,11.0,10,0
496,274,10.0,11,0
496,25,10.0,12,0
496,150,9.0,13,0
496,822,5.0,14,0
496,182,4.0,15,0
496,429,3.0,16,0
496,791,3.0,17,0
496,512,1.0,18,0
496,338,1.0,19,0
496,422,1.0,20,0
496,243,1.0,21,0
496,501,0.0,22,0
496,713,0.0,23,0
496,224,0.0,24,0
496,679,0.0,25,0
496,815,0.0,26,0
496,185,0.0,27,0
496,80,0.0,28,0
496,88,0.0,29,0
496,737,0.0,30,0
497,338,50.0,1,3
497,822,49.0,2,2
497,538,46.0,3,2
497,182,44.0,4,2
497,314,43.0,5,3
497,87,27.0,6,1
497,54,25.0,7,2
497,348,14.0,8,0
497,422,11.0,9,0
497,679,11.0,10,0
497,713,10.0,11,0
497,150,10.0,12,0
497,274,9.0,13,0
497,243,8.0,14,0
497,88,7.0,15,0
497,188,4.0,16,0
497,283,3.0,17,0
497,791,1.0,18,0
497,242,1.0,19,0
497,25,1.0,20,0
497,224,1.0,21,0
497,501,0.0,22,0
497,374,0.0,23,0
497,512,0.0,24,0
497,429,0.0,25,0
497,815,0.0,26,0
497,41,0.0,27,0
497,80,0.0,28,0
497,185,0.0,29,0
497,737,0.0,30,0
498,338,9.0,1,1
498,314,6.0,2,0
498,679,4.0,3,0
498,41,3.0,4,0
498,538,2.0,5,0
498,822,1.0,6,0
498,381,0.0,7,0
498,302,0.0,8,0
498,340,0.0,9,0
498,187,0.0,10,0
498,637,0.0,11,0
498,283,0.0,12,0
498,87,0.0,13,0
498,713,0.0,14,0
498,242,0.0,15,0
498,188,0.0,16,0
498,16,0.0,17,0
498,348,0.0,18,0
498,374,0.0,19,0
498,54,0.0,20,0
498,262,0.0,21,0
498,224,0.0,22,0
498,422,0.0,23,0
498,512,0.0,24,0
498,811,0.0,25,0
498,367,0.0,26,0
498,785,0.0,27,0
498,25,0.0,28,0
499,224,13.0,1,1
499,374,9.0,2,1
499,338,6.0,3,0
499,422,6.0,4,0
499,822,4.0,5,0
499,713,3.0,6,0
499,242,3.0,7,0
499,381,3.0,8,0
499,679,2.0,9,0
499,16,1.0,10,0
499,54,0.0,11,0
499,512,0.0,12,0
499,538,0.0,13,0
499,41,0.0,14,0
499,637,0.0,15,0
499,283,0.0,16,0
499,302,0.0,17,0
499,262,0.0,18,0
499,314,0.0,19,0
499,87,0.0,20,0
499,187,0.0,21,0
499,340,0.0,22,0
499,188,0.0,23,0
499,348,0.0,24,0
499,785,0.0,25,0
499,811,0.0,26,0
499,367,0.0,27,0
499,25,0.0,28,0
500,224,18.0,1,2
500,87,13.0,2,1
500,422,9.0,3,0
500,314,7.0,4,0
500,348,6.0,5,0
500,16,6.0,6,0
500,512,4.0,7,0
500,637,3.0,8,0
500,187,3.0,9,0
500,381,2.0,10,0
500,54,2.0,11,0
500,188,1.0,12,0
500,729,1.0,13,0
500,538,0.0,14,0
500,262,0.0,15,0
500,41,0.0,16,0
500,679,0.0,17,0
500,302,0.0,18,0
500,338,0.0,19,0
500,283,0.0,20,0
500,340,0.0,21,0
500,713,0.0,22,0
500,25,0.0,23,0
500,374,0.0,24,0
500,822,0.0,25,0
500,242,0.0,26,0
500,811,0.0,27,0
500,785,0.0,28,0
501,314,18.0,1,2
501,713,18.0,2,1
501,637,13.0,3,1
501,54,8.0,4,0
501,340,7.0,5,0
501,422,6.0,6,0
501,16,6.0,7,0
501,41,4.0,8,0
501,224,4.0,9,0
501,262,3.0,10,0
501,679,3.0,11,0
501,187,3.0,12,0
501,538,2.0,13,0
501,338,2.0,14,0
501,283,2.0,15,0
501,302,1.0,16,0
501,87,0.0,17,0
501,25,0.0,18,0
501,348,0.0,19,0
501,512,0.0,20,0
501,374,0.0,21,0
501,785,0.0,22,0
501,188,0.0,23,0
501,381,0.0,24,0
501,811,0.0,25,0
501,729,0.0,26,0
501,66,0.0,27,0
502,422,21.0,1,2
502,338,19.0,2,1
502,348,18.0,3,1
502,224,17.0,4,1
502,512,7.0,5,0
502,283,6.0,6,0
502,679,6.0,7,0
502,340,6.0,8,0
502,41,4.0,9,0
502,374,4.0,10,0
502,87,3.0,11,0
502,785,3.0,12,0
502,54,3.0,13,0
502,713,2.0,14,0
502,188,2.0,15,0
502,302,2.0,16,0
502,314,1.0,17,0
502,822,1.0,18,0
502,637,0.0,19,0
502,549,0.0,20,0
502,538,0.0,21,0
502,381,0.0,22,0
502,16,0.0,23,0
502,262,0.0,24,0
502,729,0.0,25,0
502,811,0.0,26,0
502,25,0.0,27,0
503,348,22.0,1,1
503,87,21.0,2,2
503,314,19.0,3,1
503,16,17.0,4,1
503,283,15.0,5,1
503,637,12.0,6,0
503,188,7.0,7,0
503,713,6.0,8,0
503,374,5.0,9,0
503,785,4.0,10,0
503,422,4.0,11,0
503,224,3.0,12,0
503,302,3.0,13,0
503,340,3.0,14,0
503,262,3.0,15,0
503,338,2.0,16,0
503,538,2.0,17,0
503,512,2.0,18,0
503,822,0.0,19,0
503,41,0.0,20,0
503,54,0.0,21,0
503,25,0.0,22,0
503,729,0.0,23,0
503,679,0.0,24,0
503,381,0.0,25,0
503,549,0.0,26,0
503,811,0.0,27,0
504,338,28.0,1,2
504,422,25.0,2,1
504,87,23.0,3,2
504,314,23.0,4,1
504,224,16.0,5,1
504,348,16.0,6,0
504,54,7.0,7,0
504,283,6.0,8,0
504,713,5.0,9,0
504,16,4.0,10,0
504,41,4.0,11,0
504,340,3.0,12,0
504,637,3.0,13,0
504,512,3.0,14,0
504,25,3.0,15,0
504,242,2.0,16,0
504,302,2.0,17,0
504,188,2.0,18,0
504,679,0.0,19,0
504,538,0.0,20,0
504,822,0.0,21,0
504,374,0.0,22,0
504,262,0.0,23,0
504,381,0.0,24,0
504,729,0.0,25,0
504,785,0.0,26,0
504,811,0.0,27,0
505,338,37.0,1,3
505,314,31.0,2,1
505,348,23.0,3,2
505,41,23.0,4,1
505,512,20.0,5,1
505,822,16.0,6,0
505,791,7.0,7,0
505,54,6.0,8,0
505,713,6.0,9,0
505,340,5.0,10,0
505,804,4.0,11,0
505,637,4.0,12,0
505,16,4.0,13,0
505,224,4.0,14,0
505,422,3.0,15,0
505,242,3.0,16,0
505,188,2.0,17,0
505,538,2.0,18,0
505,283,0.0,19,0
505,87,0.0,20,0
505,302,0.0,21,0
505,25,0.0,22,0
505,374,0.0,23,0
505,262,0.0,24,0
505,785,0.0,25,0
505,679,0.0,26,0
505,3,0.0,27,0
506,87,41.0,1,3
506,348,34.0,2,1
506,338,26.0,3,1
506,314,25.0,4,1
506,538,23.0,5,2
506,283,23.0,6,1
506,188,7.0,7,0
506,16,6.0,8,0
506,713,6.0,9,0
506,41,5.0,10,0
506,822,4.0,11,0
506,242,4.0,12,0
506,340,4.0,13,0
506,785,4.0,14,0
506,512,4.0,15,0
506,374,4.0,16,0
506,54,3.0,17,0
506,262,2.0,18,0
506,224,0.0,19,0
506,25,0.0,20,0
506,422,0.0,21,0
506,637,0.0,22,0
506,679,0.0,23,0
506,791,0.0,24,0
506,804,0.0,25,0
506,433,0.0,26,0
507,262,47.0,1,3
507,338,36.0,2,1
507,348,30.0,3,1
507,87,28.0,4,1
507,314,23.0,5,2
507,374,23.0,6,1
507,822,9.0,7,1
507,283,7.0,8,0
507,224,7.0,9,0
507,791,6.0,10,0
507,637,5.0,11,0
507,242,4.0,12,0
507,340,4.0,13,0
507,713,4.0,14,0
507,804,4.0,15,0
507,679,4.0,16,0
507,182,4.0,17,0
507,54,3.0,18,0
507,538,2.0,19,0
507,422,0.0,20,0
507,512,0.0,21,0
507,25,0.0,22,0
507,41,0.0,23,0
507,188,0.0,24,0
507,785,0.0,25,0
507,16,0.0,26,0
508,314,47.0,1,3
508,224,45.0,2,2
508,87,33.0,3,1
508,348,32.0,4,1
508,512,29.0,5,2
508,822,23.0,6,1
508,283,9.0,7,1
508,188,7.0,8,0
508,340,7.0,9,0
508,242,6.0,10,0
508,338,6.0,11,0
508,41,5.0,12,0
508,538,5.0,13,0
508,25,4.0,14,0
508,713,4.0,15,0
508,262,4.0,16,0
508,250,4.0,17,0
508,729,3.0,18,0
508,54,2.0,19,0
508,637,0.0,20,0
508,182,0.0,21,0
508,374,0.0,22,0
508,422,0.0,23,0
508,791,0.0,24,0
508,804,0.0,25,0
508,785,0.0,26,0
508,841,0.0,27,0
508,679,0.0,28,0
508,16,0.0,29,0
509,314,54.0,1,3
509,338,53.0,2,3
509,348,37.0,3,1
509,374,32.0,4,1
509,679,29.0,5,2
509,422,24.0,6,1
509,822,10.0,7,0
509,340,9.0,8,1
509,87,7.0,9,0
509,224,6.0,10,0
509,804,6.0,11,0
509,25,6.0,12,0
509,512,5.0,13,0
509,262,5.0,14,0
509,242,4.0,15,0
509,188,4.0,16,0
509,713,4.0,17,0
509,41,3.0,18,0
509,54,2.0,19,0
509,791,0.0,20,0
509,637,0.0,21,0
509,283,0.0,22,0
509,538,0.0,23,0
509,250,0.0,24,0
509,182,0.0,25,0
509,270,0.0,26,0
509,785,0.0,27,0
509,729,0.0,28,0
510,338,62.0,1,4
510,348,54.0,2,3
510,422,40.0,3,1
510,54,32.0,4,1
510,283,29.0,5,2
510,791,28.0,6,1
510,512,10.0,7,0
510,87,9.0,8,1
510,679,7.0,9,0
510,374,6.0,10,0
510,16,6.0,11,0
510,785,6.0,12,0
510,822,6.0,13,0
510,224,6.0,14,0
510,262,5.0,15,0
510,314,5.0,16,0
510,188,4.0,17,0
510,150,4.0,18,0
510,25,2.0,19,0
510,637,1.0,20,0
510,538,0.0,21,0
510,713,0.0,22,0
510,41,0.0,23,0
510,841,0.0,24,0
510,242,0.0,25,0
510,340,0.0,26,0
510,804,0.0,27,0
510,174,0.0,28,0
511,338,67.0,1,5
511,348,54.0,2,3
511,422,42.0,3,1
511,374,34.0,4,1
511,87,32.0,5,1
511,188,29.0,6,2
511,224,13.0,7,0
511,242,9.0,8,1
511,804,7.0,9,0
511,679,6.0,10,0
511,340,6.0,11,0
511,54,6.0,12,0
511,283,6.0,13,0
511,512,6.0,14,0
511,16,5.0,15,0
511,538,5.0,16,0
511,314,4.0,17,0
511,791,4.0,18,0
511,25,2.0,19,0
511,713,1.0,20,0
511,785,1.0,21,0
511,637,0.0,22,0
511,41,0.0,23,0
511,150,0.0,24,0
511,822,0.0,25,0
511,841,0.0,26,0
511,729,0.0,27,0
512,87,9.0,1,1
512,348,6.0,2,0
512,54,4.0,3,0
512,302,3.0,4,0
512,188,2.0,5,0
512,637,1.0,6,0
512,374,0.0,7,0
512,16,0.0,8,0
512,338,0.0,9,0
512,187,0.0,10,0
512,41,0.0,11,0
512,283,0.0,12,0
512,791,0.0,13,0
512,785,0.0,14,0
512,605,0.0,15,0
512,512,0.0,16,0
512,262,0.0,17,0
512,98,0.0,18,0
512,224,0.0,19,0
512,340,0.0,20,0
512,422,0.0,21,0
512,501,0.0,22,0
512,314,0.0,23,0
512,248,0.0,24,0
512,713,0.0,25,0
512,718,0.0,26,0
513,87,18.0,1,2
513,302,10.0,2,0
513,348,9.0,3,0
513,422,4.0,4,0
513,283,3.0,5,0
513,340,2.0,6,0
513,16,2.0,7,0
513,54,1.0,8,0
513,713,1.0,9,0
513,262,0.0,10,0
513,637,0.0,11,0
513,374,0.0,12,0
513,41,0.0,13,0
513,785,0.0,14,0
513,187,0.0,15,0
513,338,0.0,16,0
513,718,0.0,17,0
513,224,0.0,18,0
513,605,0.0,19,0
513,501,0.0,20,0
513,98,0.0,21,0
513,314,0.0,22,0
513,188,0.0,23,0
513,512,0.0,24,0
513,791,0.0,25,0
513,248,0.0,26,0
514,283,18.0,1,2
514,340,12.0,2,0
514,512,11.0,3,1
514,188,9.0,4,0
514,348,7.0,5,0
514,98,5.0,6,0
514,314,4.0,7,0
514,605,4.0,8,0
514,187,3.0,9,0
514,501,1.0,10,0
514,713,1.0,11,0
514,16,0.0,12,0
514,637,0.0,13,0
514,791,0.0,14,0
514,224,0.0,15,0
514,338,0.0,16,0
514,54,0.0,17,0
514,718,0.0,18,0
514,262,0.0,19,0
514,87,0.0,20,0
514,422,0.0,21,0
514,374,0.0,22,0
514,302,0.0,23,0
514,785,0.0,24,0
514,41,0.0,25,0
514,248,0.0,26,0
515,283,20.0,1,2
515,340,18.0,2,2
515,338,13.0,3,0
515,188,12.0,4,0
515,302,11.0,5,0
515,512,8.0,6,0
515,374,5.0,7,0
515,314,4.0,8,0
515,16,4.0,9,0
515,422,3.0,10,0
515,791,1.0,11,0
515,41,1.0,12,0
515,54,0.0,13,0
515,718,0.0,14,0
515,187,0.0,15,0
515,785,0.0,16,0
515,713,0.0,17,0
515,348,0.0,18,0
515,637,0.0,19,0
515,248,0.0,20,0
515,87,0.0,21,0
515,605,0.0,22,0
515,98,0.0,23,0
515,501,0.0,24,0
515,224,0.0,25,0
515,262,0.0,26,0
516,302,20.0,1,2
516,348,20.0,2,1
516,188,18.0,3,2
516,340,18.0,4,0
516,512,16.0,5,0
516,422,12.0,6,0
516,283,7.0,7,0
516,16,4.0,8,0
516,224,4.0,9,0
516,713,4.0,10,0
516,637,1.0,11,0
516,785,1.0,12,0
516,501,0.0,13,0
516,718,0.0,14,0
516,98,0.0,15,0
516,791,0.0,16,0
516,338,0.0,17,0
516,374,0.0,18,0
516,187,0.0,19,0
516,605,0.0,20,0
516,262,0.0,21,0
516,54,0.0,22,0
516,87,0.0,23,0
516,314,0.0,24,0
516,41,0.0,25,0
516,248,0.0,26,0
516,691,0.0,27,0
517,340,24.0,1,2
517,87,24.0,2,1
517,422,20.0,3,2
517,348,20.0,4,1
517,713,19.0,5,0
517,54,12.0,6,0
517,283,8.0,7,0
517,718,7.0,8,0
517,637,5.0,9,0
517,785,4.0,10,0
517,512,2.0,11,0
517,302,1.0,12,0
517,605,1.0,13,0
517,338,0.0,14,0
517,188,0.0,15,0
517,314,0.0,16,0
517,98,0.0,17,0
517,224,0.0,18,0
517,538,0.0,19,0
517,374,0.0,20,0
517,16,0.0,21,0
517,791,0.0,22,0
517,262,0.0,23,0
517,187,0.0,24,0
517,501,0.0,25,0
517,248,0.0,26,0
517,41,0.0,27,0
517,691,0.0,28,0
518,340,30.0,1,2
518,187,24.0,2,2
518,348,20.0,3,2
518,54,20.0,4,1
518,302,20.0,5,0
518,16,12.0,6,0
518,314,8.0,7,0
518,262,8.0,8,0
518,87,7.0,9,0
518,283,6.0,10,0
518,338,4.0,11,0
518,512,2.0,12,0
518,718,1.0,13,0
518,98,1.0,14,0
518,422,1.0,15,0
518,188,0.0,16,0
518,637,0.0,17,0
518,224,0.0,18,0
518,605,0.0,19,0
518,713,0.0,20,0
518,374,0.0,21,0
518,501,0.0,22,0
518,785,0.0,23,0
518,41,0.0,24,0
518,691,0.0,25,0
519,262,30.0,1,2
519,283,26.0,2,2
519,224,24.0,3,2
519,338,20.0,4,1
519,512,20.0,5,0
519,187,12.0,6,0
519,340,9.0,7,1
519,87,9.0,8,0
519,679,8.0,9,0
519,501,8.0,10,0
519,54,7.0,11,0
519,791,7.0,12,0
519,348,4.0,13,0
519,713,2.0,14,0
519,16,1.0,15,0
519,374,1.0,16,0
519,538,1.0,17,0
519,785,0.0,18,0
519,422,0.0,19,0
519,637,0.0,20,0
519,314,0.0,21,0
519,188,0.0,22,0
519,238,0.0,23,0
519,98,0.0,24,0
519,718,0.0,25,0
519,39,0.0,26,0
519,248,0.0,27,0
520,187,32.0,1,2
520,224,26.0,2,2
520,512,24.0,3,2
520,54,20.0,4,1
520,340,20.0,5,0
520,238,16.0,6,1
520,501,13.0,7,0
520,348,12.0,8,0
520,791,11.0,9,0
520,422,10.0,10,0
520,785,9.0,11,1
520,374,8.0,12,0
520,39,7.0,13,0
520,283,2.0,14,0
520,713,1.0,15,0
520,87,1.0,16,0
520,679,1.0,17,0
520,338,1.0,18,0
520,16,0.0,19,0
520,637,0.0,20,0
520,262,0.0,21,0
520,98,0.0,22,0
520,188,0.0,23,0
520,314,0.0,24,0
520,718,0.0,25,0
520,248,0.0,26,0
521,338,35.0,1,2
521,187,28.0,2,2
521,87,26.0,3,2
521,340,22.0,4,1
521,54,20.0,5,1
521,16,20.0,6,0
521,729,16.0,7,1
521,283,13.0,8,0
521,422,13.0,9,0
521,785,12.0,10,0
521,374,10.0,11,0
521,314,9.0,12,1
521,713,8.0,13,0
521,501,2.0,14,0
521,679,2.0,15,0
521,98,1.0,16,0
521,238,1.0,17,0
521,791,1.0,18,0
521,188,0.0,19,0
521,224,0.0,20,0
521,262,0.0,21,0
521,637,0.0,22,0
521,348,0.0,23,0
521,718,0.0,24,0
521,39,0.0,25,0
521,248,0.0,26,0
522,338,38.0,1,2
522,283,32.0,2,2
522,87,32.0,3,2
522,340,25.0,4,2
522,187,24.0,5,1
522,224,20.0,6,1
522,422,20.0,7,0
522,41,13.0,8,0
522,54,13.0,9,0
522,501,12.0,10,0
522,98,11.0,11,0
522,39,9.0,12,1
522,713,8.0,13,0
522,374,2.0,14,0
522,314,2.0,15,0
522,718,1.0,16,0
522,238,1.0,17,0
522,348,1.0,18,0
522,262,0.0,19,0
522,679,0.0,20,0
522,637,0.0,21,0
522,785,0.0,22,0
522,16,0.0,23,0
522,188,0.0,24,0
522,791,0.0,25,0
522,248,0.0,26,0
523,338,44.0,1,2
523,340,36.0,2,2
523,87,34.0,3,3
523,314,32.0,4,2
523,238,24.0,5,1
523,16,20.0,6,1
523,791,20.0,7,0
523,422,13.0,8,0
523,283,13.0,9,0
523,374,12.0,10,0
523,679,11.0,11,0
523,262,9.0,12,1
523,54,8.0,13,0
523,512,3.0,14,0
523,718,3.0,15,0
523,785,3.0,16,0
523,188,2.0,17,0
523,713,1.0,18,0
523,501,1.0,19,0
523,98,0.0,20,0
523,637,0.0,21,0
523,348,0.0,22,0
523,224,0.0,23,0
523,187,0.0,24,0
523,39,0.0,25,0
523,248,0.0,26,0
524,340,51.0,1,3
524,283,38.0,2,2
524,187,36.0,3,2
524,98,34.0,4,3
524,188,27.0,5,1
524,512,20.0,6,1
524,348,20.0,7,0
524,637,14.0,8,0
524,338,14.0,9,0
524,422,13.0,10,0
524,718,11.0,11,0
524,250,9.0,12,1
524,713,8.0,13,0
524,262,4.0,14,0
524,87,3.0,15,0
524,679,3.0,16,0
524,238,3.0,17,0
524,374,2.0,18,0
524,538,1.0,19,0
524,224,0.0,20,0
524,54,0.0,21,0
524,501,0.0,22,0
524,16,0.0,23,0
524,314,0.0,24,0
524,785,0.0,25,0
524,242,0.0,26,0
524,248,0.0,27,0
524,791,0.0,28,0
525,338,51.0,1,3
525,283,44.0,2,2
525,187,40.0,3,4
525,340,36.0,4,2
525,422,29.0,5,1
525,54,20.0,6,1
525,381,20.0,7,0
525,637,14.0,8,0
525,785,14.0,9,0
525,188,14.0,10,0
525,314,11.0,11,0
525,250,10.0,12,0
525,238,9.0,13,1
525,512,4.0,14,0
525,41,3.0,15,0
525,791,3.0,16,0
525,262,3.0,17,0
525,374,2.0,18,0
525,348,1.0,19,0
525,713,0.0,20,0
525,501,0.0,21,0
525,224,0.0,22,0
525,718,0.0,23,0
525,87,0.0,24,0
525,16,0.0,25,0
525,242,0.0,26,0
525,679,0.0,27,0
525,623,0.0,28,0
525,248,0.0,29,0
525,98,0.0,30,0
526,283,51.0,1,3
526,224,47.0,2,3
526,422,40.0,3,4
526,374,36.0,4,2
526,718,29.0,5,1
526,54,20.0,6,1
526,637,20.0,7,0
526,314,17.0,8,0
526,41,15.0,9,0
526,340,14.0,10,0
526,713,14.0,11,0
526,338,14.0,12,0
526,242,9.0,13,1
526,187,4.0,14,0
526,381,3.0,15,0
526,262,3.0,16,0
526,679,3.0,17,0
526,501,3.0,18,0
526,512,2.0,19,0
526,188,2.0,20,0
526,348,1.0,21,0
526,87,0.0,22,0
526,238,0.0,23,0
526,538,0.0,24,0
526,250,0.0,25,0
526,16,0.0,26,0
526,785,0.0,27,0
526,791,0.0,28,0
526,623,0.0,29,0
526,248,0.0,30,0
527,188,9.0,1,1
527,98,6.0,2,0
527,302,4.0,3,0
527,605,3.0,4,0
527,325,2.0,5,0
527,501,1.0,6,0
527,348,0.0,7,0
527,283,0.0,8,0
527,637,0.0,9,0
527,340,0.0,10,0
527,16,0.0,11,0
527,512,0.0,12,0
527,349,0.0,13,0
527,422,0.0,14,0
527,187,0.0,15,0
527,87,0.0,16,0
527,718,0.0,17,0
527,250,0.0,18,0
527,54,0.0,19,0
527,338,0.0,20,0
527,190,0.0,21,0
527,397,0.0,22,0
527,248,0.0,23,0
527,804,0.0,24,0
527,791,0.0,25,0
527,25,0.0,26,0
527,105,0.0,27,0
528,348,12.0,1,1
528,637,10.0,2,0
528,98,9.0,3,1
528,188,6.0,4,0
528,187,4.0,5,0
528,422,3.0,6,0
528,16,2.0,7,0
528,54,2.0,8,0
528,87,1.0,9,0
528,713,1.0,10,0
528,338,0.0,11,0
528,791,0.0,12,0
528,283,0.0,13,0
528,501,0.0,14,0
528,605,0.0,15,0
528,718,0.0,16,0
528,340,0.0,17,0
528,325,0.0,18,0
528,190,0.0,19,0
528,349,0.0,20,0
528,302,0.0,21,0
528,804,0.0,22,0
528,397,0.0,23,0
528,512,0.0,24,0
528,248,0.0,25,0
528,25,0.0,26,0
528,250,0.0,27,0
528,105,0.0,28,0
529,325,12.0,1,1
529,302,11.0,2,1
529,54,10.0,3,0
529,338,10.0,4,0
529,87,9.0,5,1
529,422,6.0,6,0
529,188,4.0,7,0
529,512,3.0,8,0
529,194,3.0,9,0
529,791,2.0,10,0
529,349,2.0,11,0
529,250,2.0,12,0
529,713,1.0,13,0
529,340,0.0,14,0
529,501,0.0,15,0
529,283,0.0,16,0
529,348,0.0,17,0
529,98,0.0,18,0
529,804,0.0,19,0
529,16,0.0,20,0
529,248,0.0,21,0
529,262,0.0,22,0
529,679,0.0,23,0
529,637,0.0,24,0
529,25,0.0,25,0
529,605,0.0,26,0
529,224,0.0,27,0
529,187,0.0,28,0
529,397,0.0,29,0
529,718,0.0,30,0
530,348,18.0,1,2
530,188,18.0,2,1
530,302,14.0,3,1
530,325,14.0,4,0
530,87,10.0,5,0
530,713,6.0,6,0
530,338,4.0,7,0
530,637,4.0,8,0
530,194,3.0,9,0
530,187,3.0,10,0
530,512,2.0,11,0
530,501,2.0,12,0
530,340,1.0,13,0
530,250,1.0,14,0
530,262,0.0,15,0
530,283,0.0,16,0
530,98,0.0,17,0
530,422,0.0,18,0
530,248,0.0,19,0
530,16,0.0,20,0
530,54,0.0,21,0
530,605,0.0,22,0
530,804,0.0,23,0
530,718,0.0,24,0
530,349,0.0,25,0
530,397,0.0,26,0
530,679,0.0,27,0
530,791,0.0,28,0
530,190,0.0,29,0
530,41,0.0,30,0
531,302,23.0,1,1
531,98,18.0,2,2
531,340,18.0,3,1
531,54,16.0,4,0
531,422,14.0,5,1
531,713,7.0,6,0
531,501,6.0,7,0
531,348,4.0,8,0
531,637,4.0,9,0
531,262,4.0,10,0
531,188,3.0,11,0
531,283,3.0,12,0
531,325,2.0,13,0
531,605,2.0,14,0
531,194,1.0,15,0
531,338,0.0,16,0
531,238,0.0,17,0
531,718,0.0,18,0
531,87,0.0,19,0
531,804,0.0,20,0
531,16,0.0,21,0
531,187,0.0,22,0
531,512,0.0,23,0
531,250,0.0,24,0
531,679,0.0,25,0
531,41,0.0,26,0
531,224,0.0,27,0
531,791,0.0,28,0
531,349,0.0,29,0
531,248,0.0,30,0
532,188,27.0,1,2
532,325,23.0,2,1
532,348,22.0,3,2
532,283,20.0,4,1
532,87,16.0,5,0
532,422,7.0,6,0
532,349,6.0,7,0
532,538,6.0,8,0
532,224,5.0,9,0
532,338,4.0,10,0
532,16,3.0,11,0
532,238,3.0,12,0
532,250,3.0,13,0
532,718,2.0,14,0
532,262,2.0,15,0
532,340,1.0,16,0
532,302,0.0,17,0
532,187,0.0,18,0
532,713,0.0,19,0
532,194,0.0,20,0
532,54,0.0,21,0
532,98,0.0,22,0
532,605,0.0,23,0
532,637,0.0,24,0
532,804,0.0,25,0
532,41,0.0,26,0
532,679,0.0,27,0
532,681,0.0,28,0
532,791,0.0,29,0
532,248,0.0,30,0
533,188,36.0,1,3
533,325,26.0,2,1
533,87,23.0,3,1
533,340,22.0,4,2
533,54,16.0,5,0
533,605,10.0,6,0
533,250,9.0,7,0
533,338,7.0,8,0
533,16,6.0,9,0
533,283,5.0,10,0
533,804,4.0,11,0
533,422,3.0,12,0
533,262,3.0,13,0
533,194,2.0,14,0
533,187,2.0,15,0
533,238,1.0,16,0
533,637,0.0,17,0
533,348,0.0,18,0
533,98,0.0,19,0
533,302,0.0,20,0
533,718,0.0,21,0
533,713,0.0,22,0
533,791,0.0,23,0
533,501,0.0,24,0
533,248,0.0,25,0
533,349,0.0,26,0
533,114,0.0,27,0
533,681,0.0,28,0
533,679,0.0,29,0
534,98,36.0,1,3
534,713,30.0,2,1
534,325,25.0,3,1
534,501,23.0,4,1
534,187,22.0,5,2
534,637,10.0,6,0
534,87,9.0,7,0
534,605,8.0,8,0
534,283,7.0,9,0
534,348,7.0,10,0
534,718,5.0,11,0
534,791,4.0,12,0
534,16,4.0,13,0
534,194,4.0,14,0
534,679,3.0,15,0
534,248,3.0,16,0
534,188,0.0,17,0
534,338,0.0,18,0
534,302,0.0,19,0
534,262,0.0,20,0
534,54,0.0,21,0
534,340,0.0,22,0
534,422,0.0,23,0
534,250,0.0,24,0
534,804,0.0,25,0
534,349,0.0,26,0
534,238,0.0,27,0
535,188,45.0,1,4
535,325,36.0,2,1
535,605,25.0,3,1
535,54,23.0,4,1
535,338,22.0,5,2
535,340,12.0,6,0
535,87,10.0,7,0
535,713,8.0,8,0
535,501,8.0,9,0
535,422,8.0,10,0
535,718,7.0,11,0
535,283,5.0,12,0
535,16,5.0,13,0
535,224,4.0,14,0
535,194,4.0,15,0
535,679,3.0,16,0
535,250,0.0,17,0
535,348,0.0,18,0
535,349,0.0,19,0
535,637,0.0,20,0
535,804,0.0,21,0
535,538,0.0,22,0
535,98,0.0,23,0
535,302,0.0,24,0
535,187,0.0,25,0
535,262,0.0,26,0
535,248,0.0,27,0
535,41,0.0,28,0
535,791,0.0,29,0
536,348,45.0,1,4
536,98,36.0,2,1
536,54,31.0,3,3
536,302,31.0,4,1
536,718,26.0,5,1
536,501,16.0,6,0
536,538,10.0,7,0
536,349,8.0,8,0
536,250,8.0,9,0
536,87,8.0,10,0
536,16,7.0,11,0
536,679,5.0,12,0
536,187,5.0,13,0
536,262,5.0,14,0
536,713,4.0,15,0
536,422,3.0,16,0
536,340,2.0,17,0
536,637,0.0,18,0
536,248,0.0,19,0
536,41,0.0,20,0
536,188,0.0,21,0
536,338,0.0,22,0
536,283,0.0,23,0
536,791,0.0,24,0
536,605,0.0,25,0
536,325,0.0,26,0
536,804,0.0,27,0
536,194,0.0,28,0
536,729,0.0,29,0
536,421,0.0,30,0
537,188,54.0,1,5
537,340,36.0,2,1
537,87,31.0,3,3
537,637,31.0,4,1
537,422,26.0,5,1
537,791,16.0,6,0
537,54,14.0,7,0
537,283,14.0,8,0
537,713,10.0,9,0
537,679,8.0,10,0
537,433,8.0,11,0
537,194,7.0,12,0
537,325,5.0,13,0
537,605,5.0,14,0
537,338,4.0,15,0
537,314,3.0,16,0
537,250,2.0,17,0
537,501,1.0,18,0
537,348,0.0,19,0
537,98,0.0,20,0
537,262,0.0,21,0
537,16,0.0,22,0
537,718,0.0,23,0
537,302,0.0,24,0
537,187,0.0,25,0
537,512,0.0,26,0
537,804,0.0,27,0
537,248,0.0,28,0
537,224,0.0,29,0
537,349,0.0,30,0
538,325,54.0,1,5
538,302,45.0,2,2
538,283,32.0,3,1
538,637,31.0,4,3
538,87,31.0,5,1
538,250,16.0,6,0
538,54,16.0,7,0
538,349,14.0,8,0
538,224,13.0,9,0
538,187,8.0,10,0
538,679,8.0,11,0
538,41,7.0,12,0
538,501,7.0,13,0
538,718,5.0,14,0
538,262,5.0,15,0
538,348,4.0,16,0
538,98,2.0,17,0
538,422,1.0,18,0
538,605,1.0,19,0
538,338,0.0,20,0
538,713,0.0,21,0
538,433,0.0,22,0
538,791,0.0,23,0
538,314,0.0,24,0
538,340,0.0,25,0
538,188,0.0,26,0
538,248,0.0,27,0
538,16,0.0,28,0
538,804,0.0,29,0
538,602,0.0,30,0
538,194,0.0,31,0
539,188,63.0,1,6
539,325,51.0,2,2
539,98,35.0,3,1
539,54,32.0,4,1
539,637,31.0,5,3
539,283,19.0,6,0
539,348,16.0,7,0
539,87,15.0,8,0
539,501,14.0,9,0
539,605,8.0,10,0
539,791,8.0,11,0
539,340,8.0,12,0
539,538,7.0,13,0
539,718,5.0,14,0
539,224,5.0,15,0
539,248,4.0,16,0
539,250,2.0,17,0
539,262,1.0,18,0
539,349,1.0,19,0
539,679,0.0,20,0
539,338,0.0,21,0
539,314,0.0,22,0
539,302,0.0,23,0
539,41,0.0,24,0
539,713,0.0,25,0
539,422,0.0,26,0
539,804,0.0,27,0
539,187,0.0,28,0
539,727,0.0,29,0
539,16,0.0,30,0
539,433,0.0,31,0
539,190,0.0,32,0
539,194,0.0,33,0
540,98,64.0,1,6
540,54,51.0,2,2
540,348,44.0,3,2
540,87,35.0,4,3
540,501,32.0,5,1
540,188,25.0,6,0
540,283,19.0,7,0
540,637,15.0,8,0
540,314,14.0,9,0
540,41,8.0,10,0
540,302,8.0,11,0
540,340,8.0,12,0
540,338,7.0,13,0
540,538,7.0,14,0
540,187,5.0,15,0
540,713,4.0,16,0
540,605,2.0,17,0
540,248,1.0,18,0
540,262,1.0,19,0
540,325,0.0,20,0
540,422,0.0,21,0
540,718,0.0,22,0
540,349,0.0,23,0
540,250,0.0,24,0
540,791,0.0,25,0
540,433,0.0,26,0
540,727,0.0,27,0
540,806,0.0,28,0
540,433,0.0,29,0
540,679,0.0,30,0
540,194,0.0,31,0
540,681,0.0,32,0
541,348,64.0,1,6
541,338,51.0,2,2
541,340,44.0,3,4
541,262,44.0,4,2
541,637,32.0,5,1
541,501,25.0,6,0
541,605,19.0,7,0
541,41,18.0,8,0
541,224,17.0,9,0
541,422,11.0,10,0
541,87,8.0,11,0
541,284,8.0,12,0
541,349,8.0,13,0
541,187,8.0,14,0
541,512,7.0,15,0
541,194,4.0,16,0
541,248,3.0,17,0
541,727,2.0,18,0
541,98,1.0,19,0
541,188,1.0,20,0
541,54,0.0,21,0
541,302,0.0,22,0
541,283,0.0,23,0
541,679,0.0,24,0
541,718,0.0,25,0
541,791,0.0,26,0
541,737,0.0,27,0
542,283,64.0,1,6
542,340,51.0,2,2
542,348,48.0,3,4
542,713,44.0,4,2
542,302,34.0,5,1
542,41,25.0,6,0
542,422,24.0,7,0
542,501,19.0,8,0
542,338,17.0,9,1
542,188,17.0,10,0
542,314,11.0,11,0
542,262,11.0,12,0
542,679,8.0,13,0
542,87,8.0,14,0
542,605,7.0,15,0
542,512,4.0,16,0
542,224,3.0,17,0
542,284,2.0,18,0
542,54,1.0,19,0
542,98,1.0,20,0
542,718,1.0,21,0
542,637,0.0,22,0
542,187,0.0,23,0
542,737,0.0,24,0
542,248,0.0,25,0
542,791,0.0,26,0
542,194,0.0,27,0
542,727,0.0,28,0
543,340,9.0,1,1
543,239,6.0,2,0
543,348,4.0,3,0
543,637,3.0,4,0
543,188,2.0,5,0
543,187,1.0,6,0
543,250,0.0,7,0
543,388,0.0,8,0
543,416,0.0,9,0
543,54,0.0,10,0
543,623,0.0,11,0
543,87,0.0,12,0
543,302,0.0,13,0
543,605,0.0,14,0
543,16,0.0,15,0
543,325,0.0,16,0
543,629,0.0,17,0
543,98,0.0,18,0
543,602,0.0,19,0
543,657,0.0,20,0
543,155,0.0,21,0
544,348,13.0,1,1
544,605,9.0,2,1
544,98,6.0,3,0
544,637,6.0,4,0
544,155,6.0,5,0
544,657,4.0,6,0
544,629,2.0,7,0
544,239,2.0,8,0
544,416,1.0,9,0
544,602,1.0,10,0
544,54,0.0,11,0
544,87,0.0,12,0
544,302,0.0,13,0
544,188,0.0,14,0
544,623,0.0,15,0
544,16,0.0,16,0
544,325,0.0,17,0
544,187,0.0,18,0
544,250,0.0,19,0
544,340,0.0,20,0
544,388,0.0,21,0
544,436,0.0,22,0
545,98,15.0,1,1
545,340,13.0,2,1
545,302,13.0,3,1
545,605,9.0,4,0
545,16,6.0,5,0
545,54,6.0,6,0
545,250,4.0,7,0
545,348,2.0,8,0
545,187,2.0,9,0
545,637,2.0,10,0
545,602,1.0,11,0
545,155,1.0,12,0
545,239,1.0,13,0
545,349,0.0,14,0
545,436,0.0,15,0
545,623,0.0,16,0
545,718,0.0,17,0
545,188,0.0,18,0
545,405,0.0,19,0
545,87,0.0,20,0
545,416,0.0,21,0
545,657,0.0,22,0
545,325,0.0,23,0
546,188,19.0,1,1
546,98,19.0,2,1
546,340,13.0,3,1
546,302,11.0,4,1
546,637,9.0,5,0
546,512,8.0,6,0
546,605,7.0,7,0
546,155,6.0,8,0
546,87,2.0,9,0
546,185,2.0,10,0
546,602,1.0,11,0
546,325,1.0,12,0
546,187,1.0,13,0
546,718,1.0,14,0
546,338,0.0,15,0
546,16,0.0,16,0
546,54,0.0,17,0
546,657,0.0,18,0
546,623,0.0,19,0
546,348,0.0,20,0
546,349,0.0,21,0
546,250,0.0,22,0
547,188,23.0,1,1
547,348,20.0,2,2
547,340,19.0,3,1
547,16,19.0,4,1
547,155,9.0,5,0
547,718,8.0,6,0
547,87,7.0,7,0
547,325,6.0,8,0
547,602,5.0,9,0
547,349,4.0,10,0
547,388,1.0,11,0
547,226,1.0,12,0
547,114,1.0,13,0
547,637,1.0,14,0
547,54,1.0,15,0
547,338,0.0,16,0
547,804,0.0,17,0
547,433,0.0,18,0
547,657,0.0,19,0
547,248,0.0,20,0
547,302,0.0,21,0
547,605,0.0,22,0
547,187,0.0,23,0
547,250,0.0,24,0
547,98,0.0,25,0
547,512,0.0,26,0
547,623,0.0,27,0
547,405,0.0,28,0
547,185,0.0,29,0
547,540,0.0,30,0
547,510,0.0,31,0
548,340,32.0,1,2
548,98,25.0,2,1
548,348,23.0,3,1
548,16,22.0,4,2
548,188,9.0,5,0
548,338,8.0,6,0
548,87,8.0,7,0
548,250,7.0,8,0
548,713,6.0,9,0
548,238,4.0,10,0
548,512,1.0,11,0
548,804,1.0,12,0
548,155,1.0,13,0
548,54,1.0,14,0
548,302,1.0,15,0
548,602,1.0,16,0
548,637,0.0,17,0
548,605,0.0,18,0
548,718,0.0,19,0
548,325,0.0,20,0
548,248,0.0,21,0
548,405,0.0,22,0
548,433,0.0,23,0
548,187,0.0,24,0
548,623,0.0,25,0
548,388,0.0,26,0
549,155,32.0,1,2
549,98,31.0,2,1
549,325,23.0,3,1
549,250,22.0,4,2
549,338,13.0,5,1
549,718,9.0,6,0
549,605,8.0,7,0
549,302,8.0,8,0
549,433,7.0,9,0
549,226,6.0,10,0
549,512,4.0,11,0
549,436,3.0,12,0
549,540,3.0,13,0
549,248,2.0,14,0
549,405,1.0,15,0
549,340,1.0,16,0
549,16,1.0,17,0
549,87,1.0,18,0
549,187,0.0,19,0
549,348,0.0,20,0
549,804,0.0,21,0
549,713,0.0,22,0
549,388,0.0,23,0
549,637,0.0,24,0
549,188,0.0,25,0
549,54,0.0,26,0
549,114,0.0,27,0
549,623,0.0,28,0
549,510,0.0,29,0
549,202,0.0,30,0
549,791,0.0,31,0
550,87,32.0,1,2
550,16,31.0,2,1
550,348,27.0,3,1
550,302,23.0,4,2
550,54,14.0,5,0
550,188,13.0,6,1
550,187,10.0,7,0
550,512,9.0,8,1
550,253,9.0,9,0
550,718,8.0,10,0
550,349,6.0,11,0
550,605,4.0,12,0
550,804,3.0,13,0
550,540,3.0,14,0
550,226,3.0,15,0
550,433,2.0,16,0
550,338,1.0,17,0
550,637,1.0,18,0
550,155,1.0,19,0
550,388,0.0,20,0
550,250,0.0,21,0
550,98,0.0,22,0
550,340,0.0,23,0
550,325,0.0,24,0
550,623,0.0,25,0
550,114,0.0,26,0
550,436,0.0,27,0
550,405,0.0,28,0
550,791,0.0,29,0
550,510,0.0,30,0
550,322,0.0,31,0
551,188,33.0,1,1
551,54,32.0,2,3
551,605,32.0,3,2
551,155,28.0,4,1
551,98,16.0,5,1
551,348,14.0,6,0
551,187,13.0,7,0
551,87,10.0,8,0
551,16,9.0,9,1
551,804,9.0,10,0
551,637,8.0,11,0
551,325,6.0,12,0
551,250,4.0,13,0
551,388,3.0,14,0
551,340,3.0,15,0
551,718,2.0,16,0
551,338,1.0,17,0
551,248,1.0,18,0
551,302,1.0,19,0
551,713,0.0,20,0
551,540,0.0,21,0
551,512,0.0,22,0
551,623,0.0,23,0
551,226,0.0,24,0
551,349,0.0,25,0
551,433,0.0,26,0
551,436,0.0,27,0
551,791,0.0,28,0
551,501,0.0,29,0
551,510,0.0,30,0
552,605,39.0,1,1
552,98,32.0,2,3
552,155,32.0,3,2
552,16,28.0,4,1
552,718,22.0,5,1
552,87,20.0,6,1
552,338,17.0,7,0
552,250,10.0,8,1
552,512,10.0,9,0
552,226,9.0,10,0
552,283,8.0,11,0
552,722,6.0,12,0
552,349,4.0,13,0
552,188,4.0,14,0
552,348,3.0,15,0
552,54,3.0,16,0
552,340,1.0,17,0
552,637,1.0,18,0
552,248,1.0,19,0
552,713,0.0,20,0
552,302,0.0,21,0
552,262,0.0,22,0
552,388,0.0,23,0
552,325,0.0,24,0
552,501,0.0,25,0
552,804,0.0,26,0
552,623,0.0,27,0
552,187,0.0,28,0
552,185,0.0,29,0
552,114,0.0,30,0
552,540,0.0,31,0
552,24,0.0,32,0
552,401,0.0,33,0
552,421,0.0,34,0
552,210,0.0,35,0
552,322,0.0,36,0
553,98,48.0,1,2
553,340,38.0,2,2
553,718,32.0,3,3
553,348,31.0,4,1
553,250,22.0,5,1
553,501,20.0,6,1
553,722,17.0,7,0
553,623,10.0,8,1
553,325,10.0,9,0
553,713,9.0,10,0
553,804,8.0,11,0
553,188,8.0,12,0
553,605,6.0,13,0
553,155,5.0,14,0
553,16,4.0,15,0
553,302,3.0,16,0
553,87,1.0,17,0
553,791,1.0,18,0
553,349,1.0,19,0
553,388,1.0,20,0
553,54,0.0,21,0
553,512,0.0,22,0
553,338,0.0,23,0
553,826,0.0,24,0
553,226,0.0,25,0
553,114,0.0,26,0
553,637,0.0,27,0
553,248,0.0,28,0
553,526,0.0,29,0
554,338,54.0,1,2
554,98,38.0,2,2
554,718,34.0,3,1
554,348,32.0,4,3
554,325,22.0,5,1
554,16,20.0,6,1
554,804,18.0,7,0
554,54,12.0,8,1
554,226,12.0,9,0
554,349,10.0,10,1
554,637,10.0,11,0
554,602,9.0,12,0
554,302,8.0,13,0
554,512,6.0,14,0
554,250,6.0,15,0
554,722,5.0,16,0
554,114,1.0,17,0
554,340,1.0,18,0
554,605,1.0,19,0
554,501,1.0,20,0
554,155,0.0,21,0
554,248,0.0,22,0
554,87,0.0,23,0
554,188,0.0,24,0
554,388,0.0,25,0
554,187,0.0,26,0
554,185,0.0,27,0
554,219,0.0,28,0
554,791,0.0,29,0
554,623,0.0,30,0
555,98,63.0,1,3
555,87,42.0,2,2
555,340,35.0,3,1
555,637,32.0,4,3
555,501,22.0,5,1
555,348,20.0,6,1
555,718,18.0,7,0
555,602,16.0,8,1
555,349,12.0,9,1
555,388,12.0,10,0
555,623,11.0,11,0
555,250,10.0,12,0
555,713,9.0,13,0
555,185,6.0,14,0
555,262,6.0,15,0
555,155,5.0,16,0
555,338,3.0,17,0
555,302,1.0,18,0
555,325,1.0,19,0
555,187,1.0,20,0
555,188,0.0,21,0
555,804,0.0,22,0
555,605,0.0,23,0
555,512,0.0,24,0
555,54,0.0,25,0
555,16,0.0,26,0
555,226,0.0,27,0
555,248,0.0,28,0
555,722,0.0,29,0
555,219,0.0,30,0
555,405,0.0,31,0
555,791,0.0,32,0
555,526,0.0,33,0
555,727,0.0,34,0
556,188,69.0,1,3
556,98,42.0,2,2
556,338,41.0,3,4
556,16,35.0,4,1
556,187,22.0,5,1
556,325,21.0,6,0
556,226,20.0,7,1
556,87,16.0,8,1
556,804,16.0,9,1
556,388,12.0,10,0
556,348,11.0,11,0
556,713,10.0,12,0
556,538,9.0,13,0
556,718,7.0,14,0
556,605,6.0,15,0
556,302,5.0,16,0
556,340,3.0,17,0
556,262,3.0,18,0
556,512,1.0,19,0
556,501,1.0,20,0
556,250,0.0,21,0
556,155,0.0,22,0
556,349,0.0,23,0
556,54,0.0,24,0
556,623,0.0,25,0
556,637,0.0,26,0
556,397,0.0,27,0
556,185,0.0,28,0
556,114,0.0,29,0
556,219,0.0,30,0
556,526,0.0,31,0
556,602,0.0,32,0
556,178,0.0,33,0
556,189,0.0,34,0
557,605,72.0,1,3
557,188,47.0,2,4
557,340,46.0,3,2
557,98,36.0,4,1
557,187,31.0,5,2
557,348,21.0,6,0
557,87,20.0,7,1
557,804,16.0,8,1
557,512,16.0,9,1
557,349,12.0,10,0
557,602,11.0,11,0
557,54,10.0,12,0
557,637,9.0,13,0
557,302,7.0,14,0
557,623,6.0,15,0
557,325,5.0,16,0
557,219,5.0,17,0
557,226,3.0,18,0
557,250,1.0,19,0
557,262,1.0,20,0
557,155,0.0,21,0
557,718,0.0,22,0
557,388,0.0,23,0
557,16,0.0,24,0
557,190,0.0,25,0
557,338,0.0,26,0
557,501,0.0,27,0
558,340,72.0,1,3
558,302,55.0,2,3
558,16,47.0,3,4
558,338,36.0,4,1
558,501,31.0,5,2
558,250,25.0,6,0
558,190,20.0,7,1
558,623,19.0,8,1
558,188,16.0,9,1
558,713,16.0,10,0
558,349,12.0,11,0
558,283,11.0,12,0
558,605,9.0,13,0
558,226,7.0,14,0
558,325,6.0,15,0
558,804,6.0,16,0
558,602,5.0,17,0
558,388,5.0,18,0
558,637,1.0,19,0
558,348,1.0,20,0
558,718,0.0,21,0
558,155,0.0,22,0
558,87,0.0,23,0
558,54,0.0,24,0
558,187,0.0,25,0
558,219,0.0,26,0
558,262,0.0,27,0
559,605,72.0,1,3
559,348,55.0,2,3
559,302,47.0,3,4
559,338,42.0,4,1
559,87,40.0,5,3
559,713,25.0,6,0
559,718,22.0,7,1
559,250,20.0,8,1
559,603,20.0,9,0
559,340,18.0,10,1
559,137,12.0,11,0
559,623,11.0,12,0
559,155,9.0,13,0
559,187,7.0,14,0
559,54,6.0,15,0
559,16,6.0,16,0
559,501,5.0,17,0
559,325,5.0,18,0
559,283,1.0,19,0
559,512,1.0,20,0
559,188,1.0,21,0
559,600,0.0,22,0
559,602,0.0,23,0
560,98,9.0,1,1
560,302,6.0,2,0
560,416,4.0,3,0
560,718,3.0,4,0
560,340,2.0,5,0
560,16,1.0,6,0
560,187,0.0,7,0
560,238,0.0,8,0
560,657,0.0,9,0
560,239,0.0,10,0
560,629,0.0,11,0
560,348,0.0,12,0
560,637,0.0,13,0
560,387,0.0,14,0
560,512,0.0,15,0
560,605,0.0,16,0
560,250,0.0,17,0
560,87,0.0,18,0
560,325,0.0,19,0
560,188,0.0,20,0
560,54,0.0,21,0
560,219,0.0,22,0
561,98,18.0,1,2
561,605,6.0,2,0
561,16,6.0,3,0
561,340,5.0,4,0
561,54,5.0,5,0
561,188,4.0,6,0
561,416,3.0,7,0
561,250,2.0,8,0
561,302,1.0,9,0
561,511,0.0,10,0
561,349,0.0,11,0
561,718,0.0,12,0
561,489,0.0,13,0
561,86,0.0,14,0
561,433,0.0,15,0
561,238,0.0,16,0
561,637,0.0,17,0
561,187,0.0,18,0
561,87,0.0,19,0
561,512,0.0,20,0
561,239,0.0,21,0
561,155,0.0,22,0
561,348,0.0,23,0
561,325,0.0,24,0
561,388,0.0,25,0
562,187,24.0,1,2
562,98,10.0,2,0
562,302,9.0,3,1
562,87,7.0,4,0
562,16,6.0,5,0
562,637,5.0,6,0
562,512,4.0,7,0
562,86,3.0,8,0
562,239,3.0,9,0
562,325,2.0,10,0
562,338,1.0,11,0
562,54,1.0,12,0
562,340,0.0,13,0
562,416,0.0,14,0
562,188,0.0,15,0
562,605,0.0,16,0
562,718,0.0,17,0
562,250,0.0,18,0
562,348,0.0,19,0
562,155,0.0,20,0
562,489,0.0,21,0
562,629,0.0,22,0
562,248,0.0,23,0
562,511,0.0,24,0
562,238,0.0,25,0
562,433,0.0,26,0
562,349,0.0,27,0
563,605,30.0,1,2
563,98,15.0,2,1
563,155,10.0,3,0
563,348,9.0,4,1
563,86,7.0,5,0
563,239,5.0,6,0
563,238,4.0,7,0
563,416,4.0,8,0
563,338,3.0,9,0
563,489,3.0,10,0
563,187,3.0,11,0
563,87,2.0,12,0
563,436,2.0,13,0
563,16,1.0,14,0
563,512,1.0,15,0
563,340,1.0,16,0
563,54,0.0,17,0
563,248,0.0,18,0
563,188,0.0,19,0
563,302,0.0,20,0
563,250,0.0,21,0
563,718,0.0,22,0
563,325,0.0,23,0
563,637,0.0,24,0
563,349,0.0,25,0
563,178,0.0,26,0
563,591,0.0,27,0
563,114,0.0,28,0
563,433,0.0,29,0
563,629,0.0,30,0
564,98,39.0,1,3
564,187,15.0,2,1
564,87,15.0,3,1
564,340,10.0,4,0
564,338,8.0,5,0
564,16,8.0,6,0
564,54,7.0,7,0
564,436,4.0,8,0
564,512,4.0,9,0
564,416,3.0,10,0
564,489,3.0,11,0
564,178,2.0,12,0
564,349,2.0,13,0
564,239,2.0,14,0
564,86,1.0,15,0
564,605,1.0,16,0
564,718,1.0,17,0
564,433,0.0,18,0
564,302,0.0,19,0
564,188,0.0,20,0
564,226,0.0,21,0
564,248,0.0,22,0
564,348,0.0,23,0
564,325,0.0,24,0
564,155,0.0,25,0
564,250,0.0,26,0
564,637,0.0,27,0
564,238,0.0,28,0
564,401,0.0,29,0
565,98,48.0,1,4
565,340,15.0,2,1
565,302,15.0,3,1
565,718,14.0,4,0
565,16,14.0,5,0
565,637,10.0,6,0
565,416,7.0,7,0
565,512,6.0,8,0
565,239,4.0,9,0
565,54,4.0,10,0
565,489,3.0,11,0
565,87,2.0,12,0
565,86,2.0,13,0
565,187,2.0,14,0
565,155,2.0,15,0
565,325,1.0,16,0
565,605,1.0,17,0
565,250,0.0,18,0
565,338,0.0,19,0
565,348,0.0,20,0
565,238,0.0,21,0
565,220,0.0,22,0
565,436,0.0,23,0
565,433,0.0,24,0
565,248,0.0,25,0
566,340,52.0,1,4
566,302,23.0,2,1
566,98,20.0,3,0
566,87,17.0,4,1
566,605,16.0,5,1
566,187,10.0,6,0
566,325,10.0,7,0
566,239,6.0,8,0
566,416,4.0,9,0
566,250,4.0,10,0
566,16,3.0,11,0
566,512,2.0,12,0
566,338,2.0,13,0
566,248,2.0,14,0
566,349,2.0,15,0
566,433,1.0,16,0
566,718,1.0,17,0
566,188,0.0,18,0
566,86,0.0,19,0
566,489,0.0,20,0
566,436,0.0,21,0
566,637,0.0,22,0
566,178,0.0,23,0
566,155,0.0,24,0
566,348,0.0,25,0
566,54,0.0,26,0
566,528,0.0,27,0
567,605,52.0,1,4
567,302,26.0,2,2
567,54,26.0,3,0
567,239,24.0,4,1
567,188,16.0,5,1
567,340,10.0,6,0
567,718,10.0,7,0
567,416,6.0,8,0
567,248,6.0,9,0
567,238,4.0,10,0
567,348,4.0,11,0
567,512,4.0,12,0
567,489,3.0,13,0
567,87,3.0,14,0
567,16,2.0,15,0
567,349,2.0,16,0
567,401,2.0,17,0
567,226,0.0,18,0
567,325,0.0,19,0
567,338,0.0,20,0
567,250,0.0,21,0
567,637,0.0,22,0
567,220,0.0,23,0
567,187,0.0,24,0
567,98,0.0,25,0
567,155,0.0,26,0
567,433,0.0,27,0
567,126,0.0,28,0
567,629,0.0,29,0
567,178,0.0,30,0
568,98,61.0,1,5
568,340,30.0,2,1
568,54,26.0,3,2
568,416,26.0,4,0
568,338,16.0,5,1
568,637,10.0,6,0
568,433,10.0,7,0
568,239,10.0,8,0
568,512,7.0,9,0
568,605,6.0,10,0
568,155,4.0,11,0
568,325,4.0,12,0
568,349,4.0,13,0
568,302,3.0,14,0
568,348,3.0,15,0
568,248,3.0,16,0
568,187,2.0,17,0
568,87,0.0,18,0
568,511,0.0,19,0
568,250,0.0,20,0
568,220,0.0,21,0
568,86,0.0,22,0
568,188,0.0,23,0
568,16,0.0,24,0
568,718,0.0,25,0
568,401,0.0,26,0
568,238,0.0,27,0
568,105,0.0,28,0
568,640,0.0,29,0
568,387,0.0,30,0
569,605,61.0,1,5
569,340,36.0,2,1
569,16,35.0,3,3
569,239,26.0,4,0
569,155,16.0,5,1
569,194,14.0,6,0
569,54,10.0,7,0
569,416,10.0,8,0
569,187,7.0,9,0
569,338,7.0,10,0
569,512,6.0,11,0
569,188,6.0,12,0
569,637,4.0,13,0
569,152,3.0,14,0
569,401,3.0,15,0
569,248,3.0,16,0
569,250,2.0,17,0
569,302,1.0,18,0
569,348,0.0,19,0
569,325,0.0,20,0
569,718,0.0,21,0
569,87,0.0,22,0
569,86,0.0,23,0
569,98,0.0,24,0
569,349,0.0,25,0
569,433,0.0,26,0
569,387,0.0,27,0
569,220,0.0,28,0
570,54,61.0,1,5
570,87,38.0,2,3
570,155,36.0,3,1
570,605,26.0,4,0
570,188,19.0,5,1
570,325,16.0,6,1
570,16,16.0,7,0
570,433,14.0,8,0
570,220,10.0,9,0
570,349,7.0,10,0
570,152,7.0,11,0
570,387,6.0,12,0
570,602,5.0,13,0
570,178,4.0,14,0
570,250,3.0,15,0
570,637,3.0,16,0
570,239,2.0,17,0
570,512,1.0,18,0
570,338,1.0,19,0
570,718,0.0,20,0
570,302,0.0,21,0
570,248,0.0,22,0
570,416,0.0,23,0
570,340,0.0,24,0
570,348,0.0,25,0
571,605,61.0,1,5
571,187,47.0,2,4
571,188,38.0,3,1
571,416,26.0,4,0
571,340,22.0,5,1
571,250,19.0,6,1
571,302,16.0,7,0
571,338,14.0,8,0
571,16,10.0,9,0
571,512,10.0,10,0
571,220,9.0,11,0
571,194,7.0,12,0
571,238,6.0,13,0
571,405,4.0,14,0
571,239,3.0,15,0
571,87,3.0,16,0
571,325,2.0,17,0
571,433,1.0,18,0
571,54,1.0,19,0
571,436,1.0,20,0
571,637,0.0,21,0
571,348,0.0,22,0
571,155,0.0,23,0
571,718,0.0,24,0
571,510,0.0,25,0
571,248,0.0,26,0
571,152,0.0,27,0
572,325,64.0,1,5
572,187,47.0,2,4
572,87,40.0,3,1
572,98,28.0,4,1
572,340,27.0,5,0
572,302,20.0,6,0
572,250,19.0,7,1
572,416,14.0,8,0
572,348,10.0,9,1
572,238,10.0,10,0
572,54,10.0,11,0
572,338,9.0,12,0
572,155,7.0,13,0
572,349,6.0,14,0
572,637,4.0,15,0
572,433,3.0,16,0
572,220,3.0,17,0
572,152,2.0,18,0
572,512,1.0,19,0
572,194,1.0,20,0
572,718,0.0,21,0
572,188,0.0,22,0
572,605,0.0,23,0
572,436,0.0,24,0
572,239,0.0,25,0
572,16,0.0,26,0
572,401,0.0,27,0
572,248,0.0,28,0
572,149,0.0,29,0
573,605,64.0,1,5
573,302,56.0,2,5
573,188,43.0,3,1
573,340,33.0,4,0
573,16,29.0,5,1
573,187,20.0,6,0
573,239,19.0,7,1
573,98,16.0,8,0
573,325,13.0,9,0
573,54,10.0,10,1
573,416,10.0,11,0
573,155,10.0,12,0
573,238,7.0,13,0
573,250,6.0,14,0
573,349,4.0,15,0
573,338,3.0,16,0
573,436,3.0,17,0
573,512,2.0,18,0
573,220,1.0,19,0
573,401,1.0,20,0
573,87,0.0,21,0
573,637,0.0,22,0
573,718,0.0,23,0
573,248,0.0,24,0
573,433,0.0,25,0
573,86,0.0,26,0
573,149,0.0,27,0
574,605,68.0,1,5
574,340,65.0,2,6
574,98,49.0,3,1
574,16,33.0,4,0
574,718,29.0,5,1
574,54,20.0,6,1
574,187,20.0,7,0
574,338,19.0,8,0
574,637,13.0,9,0
574,512,10.0,10,1
574,349,10.0,11,0
574,623,10.0,12,0
574,433,8.0,13,0
574,339,7.0,14,0
574,220,4.0,15,0
574,416,3.0,16,0
574,250,3.0,17,0
574,87,2.0,18,0
574,239,1.0,19,0
574,436,1.0,20,0
574,188,0.0,21,0
574,238,0.0,22,0
574,155,0.0,23,0
574,325,0.0,24,0
574,248,0.0,25,0
574,302,0.0,26,0
574,149,0.0,27,0
575,188,69.0,1,6
575,302,68.0,2,5
575,605,49.0,3,1
575,338,39.0,4,0
575,187,31.0,5,1
575,155,22.0,6,1
575,87,20.0,7,1
575,433,20.0,8,0
575,600,19.0,9,0
575,512,11.0,10,0
575,547,10.0,11,1
575,340,10.0,12,0
575,602,8.0,13,0
575,416,7.0,14,0
575,250,7.0,15,0
575,718,3.0,16,0
575,16,3.0,17,0
575,54,2.0,18,0
575,137,1.0,19,0
575,248,1.0,20,0
575,637,0.0,21,0
575,239,0.0,22,0
575,98,0.0,23,0
575,436,0.0,24,0
575,325,0.0,25,0
575,421,0.0,26,0
576,637,9.0,1,1
576,605,6.0,2,0
576,348,4.0,3,0
576,187,3.0,4,0
576,302,2.0,5,0
576,98,1.0,6,0
576,217,0.0,7,0
576,238,0.0,8,0
576,250,0.0,9,0
576,749,0.0,10,0
576,340,0.0,11,0
576,416,0.0,12,0
576,194,0.0,13,0
576,16,0.0,14,0
576,239,0.0,15,0
576,248,0.0,16,0
576,188,0.0,17,0
576,640,0.0,18,0
576,325,0.0,19,0
576,87,0.0,20,0
576,427,0.0,21,0
576,54,0.0,22,0
577,239,15.0,1,1
577,637,9.0,2,1
577,16,7.0,3,0
577,187,6.0,4,0
577,98,4.0,5,0
577,605,4.0,6,0
577,188,3.0,7,0
577,348,2.0,8,0
577,238,0.0,9,0
577,54,0.0,10,0
577,87,0.0,11,0
577,749,0.0,12,0
577,427,0.0,13,0
577,194,0.0,14,0
577,325,0.0,15,0
577,512,0.0,16,0
577,302,0.0,17,0
577,416,0.0,18,0
577,248,0.0,19,0
577,217,0.0,20,0
577,640,0.0,21,0
577,340,0.0,22,0
577,250,0.0,23,0
578,340,15.0,1,1
578,348,12.0,2,1
578,302,10.0,3,0
578,239,9.0,4,1
578,98,7.0,5,0
578,16,6.0,6,0
578,194,6.0,7,0
578,217,5.0,8,0
578,416,5.0,9,0
578,325,0.0,10,0
578,5,0.0,11,0
578,238,0.0,12,0
578,197,0.0,13,0
578,281,0.0,14,0
578,511,0.0,15,0
578,187,0.0,16,0
578,188,0.0,17,0
578,87,0.0,18,0
578,637,0.0,19,0
578,388,0.0,20,0
578,605,0.0,21,0
578,512,0.0,22,0
578,387,0.0,23,0
578,248,0.0,24,0
578,54,0.0,25,0
578,250,0.0,26,0
578,427,0.0,27,0
578,749,0.0,28,0
579,16,15.0,1,1
579,238,12.0,2,1
579,348,12.0,3,0
579,512,9.5,4,1
579,250,9.0,5,1
579,387,7.0,6,0
579,76,6.0,7,0
579,54,6.0,8,0
579,187,5.0,9,0
579,194,3.0,10,0
579,239,1.5,11,0
579,416,1.0,12,0
579,325,0.5,13,0
579,652,0.0,14,0
579,311,0.0,15,0
579,188,0.0,16,0
579,511,0.0,17,0
579,605,0.0,18,0
579,340,0.0,19,0
579,217,0.0,20,0
579,338,0.0,21,0
579,302,0.0,22,0
579,427,0.0,23,0
579,248,0.0,24,0
579,98,0.0,25,0
579,637,0.0,26,0
580,98,21.0,1,1
580,637,16.0,2,1
580,239,14.0,3,1
580,325,12.0,4,0
580,302,10.5,5,1
580,16,9.0,6,1
580,340,8.0,7,0
580,238,7.0,8,0
580,348,6.0,9,0
580,217,3.0,10,0
580,605,3.0,11,0
580,338,1.5,12,0
580,250,1.0,13,0
580,416,0.5,14,0
580,187,0.0,15,0
580,54,0.0,16,0
580,188,0.0,17,0
580,512,0.0,18,0
580,87,0.0,19,0
580,248,0.0,20,0
580,749,0.0,21,0
580,511,0.0,22,0
580,652,0.0,23,0
580,622,0.0,24,0
580,387,0.0,25,0
580,427,0.0,26,0
581,98,23.0,1,2
581,340,21.0,2,1
581,348,16.0,3,1
581,302,16.0,4,0
581,187,15.0,5,1
581,416,11.0,6,0
581,637,10.5,7,1
581,239,8.0,8,0
581,511,7.0,9,0
581,54,3.0,10,0
581,217,3.0,11,0
581,427,1.5,12,0
581,311,1.0,13,0
581,250,1.0,14,0
581,238,0.5,15,0
581,325,0.0,16,0
581,87,0.0,17,0
581,387,0.0,18,0
581,76,0.0,19,0
581,605,0.0,20,0
581,512,0.0,21,0
581,248,0.0,22,0
581,338,0.0,23,0
581,16,0.0,24,0
582,98,32.0,1,3
582,348,22.0,2,0
582,187,21.0,3,1
582,188,16.0,4,1
582,217,15.0,5,1
582,76,12.0,6,0
582,340,11.0,7,0
582,637,10.5,8,1
582,325,7.0,9,0
582,622,3.0,10,0
582,338,3.0,11,0
582,302,3.0,12,0
582,511,2.0,13,0
582,126,1.5,14,0
582,238,1.0,15,0
582,54,1.0,16,0
582,427,1.0,17,0
582,416,0.5,18,0
582,388,0.0,19,0
582,722,0.0,20,0
582,239,0.0,21,0
582,512,0.0,22,0
582,250,0.0,23,0
582,16,0.0,24,0
582,605,0.0,25,0
582,387,0.0,26,0
583,605,38.0,1,3
583,98,25.0,2,0
583,187,21.0,3,1
583,348,18.0,4,1
583,239,16.0,5,1
583,416,16.0,6,0
583,76,15.0,7,1
583,217,11.0,8,0
583,302,10.5,9,1
583,184,3.0,10,0
583,427,3.0,11,0
583,388,3.0,12,0
583,338,2.0,13,0
583,387,2.0,14,0
583,325,1.5,15,0
583,340,1.0,16,0
583,87,1.0,17,0
583,16,0.5,18,0
583,512,0.0,19,0
583,54,0.0,20,0
583,637,0.0,21,0
583,511,0.0,22,0
583,238,0.0,23,0
583,250,0.0,24,0
583,75,0.0,25,0
584,98,47.0,1,4
584,605,25.0,2,0
584,16,24.0,3,1
584,637,22.0,4,1
584,188,18.0,5,1
584,302,16.0,6,0
584,76,15.0,7,1
584,512,14.5,8,1
584,340,12.0,9,0
584,325,5.0,10,0
584,87,3.0,11,0
584,262,3.0,12,0
584,54,2.0,13,0
584,348,2.0,14,0
584,184,1.5,15,0
584,338,1.0,16,0
584,511,1.0,17,0
584,387,0.5,18,0
584,239,0.0,19,0
584,238,0.0,20,0
584,427,0.0,21,0
584,250,0.0,22,0
584,187,0.0,23,0
584,217,0.0,24,0
584,416,0.0,25,0
584,311,0.0,26,0
585,637,47.0,1,4
585,239,33.0,2,2
585,340,25.0,3,1
585,605,25.0,4,0
585,217,24.0,5,1
585,250,19.0,6,1
585,16,16.0,7,0
585,98,14.5,8,1
585,302,12.0,9,0
585,338,5.0,10,0
585,54,4.0,11,0
585,188,3.0,12,0
585,187,3.0,13,0
585,512,2.0,14,0
585,76,2.0,15,0
585,185,1.5,16,0
585,451,1.0,17,0
585,699,0.5,18,0
585,427,0.0,19,0
585,718,0.0,20,0
585,480,0.0,21,0
585,416,0.0,22,0
585,387,0.0,23,0
585,325,0.0,24,0
585,87,0.0,25,0
585,348,0.0,26,0
585,652,0.0,27,0
585,75,0.0,28,0
586,348,51.0,1,4
586,87,34.0,2,1
586,98,33.0,3,2
586,416,25.0,4,1
586,338,24.0,5,1
586,184,19.0,6,1
586,387,16.0,7,0
586,433,14.5,8,1
586,302,12.0,9,0
586,188,6.0,10,0
586,605,5.0,11,0
586,187,5.0,12,0
586,76,4.0,13,0
586,340,3.0,14,0
586,512,3.0,15,0
586,239,2.0,16,0
586,427,2.0,17,0
586,718,1.5,18,0
586,637,1.0,19,0
586,250,1.0,20,0
586,54,0.5,21,0
586,325,0.0,22,0
586,217,0.0,23,0
586,16,0.0,24,0
586,219,0.0,25,0
586,421,0.0,26,0
587,250,51.5,1,4
587,605,34.0,2,1
587,416,33.0,3,2
587,16,28.0,4,1
587,325,24.0,5,1
587,98,19.0,6,1
587,187,16.0,7,1
587,340,16.0,8,0
587,637,12.0,9,0
587,54,7.0,10,0
587,302,6.5,11,1
587,86,6.0,12,0
587,349,5.0,13,0
587,348,4.0,14,0
587,76,4.0,15,0
587,194,3.0,16,0
587,387,2.0,17,0
587,652,1.5,18,0
587,433,1.0,19,0
587,87,1.0,20,0
587,239,0.5,21,0
587,334,0.0,22,0
587,718,0.0,23,0
587,512,0.0,24,0
587,511,0.0,25,0
587,188,0.0,26,0
587,217,0.0,27,0
587,185,0.0,28,0
587,421,0.0,29,0
587,427,0.0,30,0
588,187,55.5,1,4
588,637,39.0,2,2
588,98,37.0,3,1
588,348,30.0,4,1
588,605,25.0,5,1
588,416,24.0,6,1
588,302,19.0,7,1
588,340,16.0,8,1
588,433,12.0,9,0
588,349,8.0,10,0
588,248,6.5,11,1
588,86,6.0,12,0
588,480,5.0,13,0
588,657,4.0,14,0
588,512,4.0,15,0
588,387,3.0,16,0
588,718,2.0,17,0
588,87,1.5,18,0
588,239,1.0,19,0
588,194,1.0,20,0
588,16,0.5,21,0
588,325,0.0,22,0
588,76,0.0,23,0
588,188,0.0,24,0
588,250,0.0,25,0
588,511,0.0,26,0
588,652,0.0,27,0
588,421,0.0,28,0
589,98,64.5,1,5
589,637,45.0,2,2
589,16,37.0,3,1
589,605,33.0,4,1
589,325,25.0,5,1
589,340,24.0,6,1
589,250,20.0,7,1
589,718,20.0,8,1
589,54,12.0,9,0
589,427,8.0,10,0
589,416,6.5,11,1
589,185,6.0,12,0
589,349,6.0,13,0
589,652,5.0,14,0
589,187,4.0,15,0
589,512,3.0,16,0
589,348,2.0,17,0
589,188,1.5,18,0
589,76,1.0,19,0
589,489,1.0,20,0
589,302,0.5,21,0
589,239,0.0,22,0
589,87,0.0,23,0
589,387,0.0,24,0
590,396,9.0,1,1
590,98,6.0,2,0
590,187,4.0,3,0
590,364,3.0,4,0
590,1,2.0,5,0
590,302,1.0,6,0
590,348,0.0,7,0
590,79,0.0,8,0
590,220,0.0,9,0
590,637,0.0,10,0
590,401,0.0,11,0
590,54,0.0,12,0
590,325,0.0,13,0
590,749,0.0,14,0
590,238,0.0,15,0
590,18,0.0,16,0
590,718,0.0,17,0
590,311,0.0,18,0
590,340,0.0,19,0
590,239,0.0,20,0
590,248,0.0,21,0
590,605,0.0,22,0
590,16,0.0,23,0
590,14,0.0,24,0
590,512,0.0,25,0
591,637,10.0,1,0
591,187,9.0,2,1
591,238,9.0,3,1
591,239,6.0,4,0
591,364,5.0,5,0
591,325,4.0,6,0
591,348,3.0,7,0
591,302,2.0,8,0
591,605,1.0,9,0
591,1,1.0,10,0
591,749,0.0,11,0
591,396,0.0,12,0
591,340,0.0,13,0
591,220,0.0,14,0
591,18,0.0,15,0
591,311,0.0,16,0
591,16,0.0,17,0
591,54,0.0,18,0
591,718,0.0,19,0
591,512,0.0,20,0
591,248,0.0,21,0
591,14,0.0,22,0
591,79,0.0,23,0
591,98,0.0,24,0
591,401,0.0,25,0
592,348,10.0,1,0
592,1,9.0,2,1
592,364,9.0,3,1
592,302,9.0,4,1
592,718,9.0,5,0
592,248,8.0,6,0
592,637,6.0,7,0
592,340,4.0,8,0
592,396,4.0,9,0
592,250,3.0,10,0
592,239,2.0,11,0
592,749,1.0,12,0
592,388,1.0,13,0
592,197,0.0,14,0
592,311,0.0,15,0
592,98,0.0,16,0
592,18,0.0,17,0
592,220,0.0,18,0
592,281,0.0,19,0
592,187,0.0,20,0
592,54,0.0,21,0
592,238,0.0,22,0
592,605,0.0,23,0
592,16,0.0,24,0
592,466,0.0,25,0
592,325,0.0,26,0
592,212,0.0,27,0
593,98,16.0,1,0
593,187,15.0,2,1
593,637,13.0,3,1
593,718,10.0,4,1
593,340,9.0,5,1
593,396,9.0,6,0
593,415,8.0,7,0
593,302,5.0,8,0
593,364,4.0,9,0
593,605,4.0,10,0
593,54,3.0,11,0
593,220,2.0,12,0
593,239,1.0,13,0
593,275,1.0,14,0
593,512,0.0,15,0
593,749,0.0,16,0
593,248,0.0,17,0
593,16,0.0,18,0
593,311,0.0,19,0
593,238,0.0,20,0
593,325,0.0,21,0
593,86,0.0,22,0
593,813,0.0,23,0
593,348,0.0,24,0
593,1,0.0,25,0
593,401,0.0,26,0
593,212,0.0,27,0
594,637,22.0,1,2
594,98,21.0,2,1
594,340,19.0,3,0
594,187,11.0,4,1
594,1,10.0,5,0
594,396,9.0,6,1
594,364,9.0,7,0
594,749,6.0,8,0
594,250,5.0,9,0
594,275,4.0,10,0
594,54,4.0,11,0
594,401,3.0,12,0
594,512,1.0,13,0
594,184,1.0,14,0
594,722,0.0,15,0
594,311,0.0,16,0
594,526,0.0,17,0
594,415,0.0,18,0
594,238,0.0,19,0
594,416,0.0,20,0
594,348,0.0,21,0
594,325,0.0,22,0
594,302,0.0,23,0
594,16,0.0,24,0
594,477,0.0,25,0
594,239,0.0,26,0
594,813,0.0,27,0
594,605,0.0,28,0
594,248,0.0,29,0
594,220,0.0,30,0
594,718,0.0,31,0
594,344,0.0,32,0
595,325,24.0,1,2
595,340,22.0,2,0
595,512,21.0,3,1
595,187,12.0,4,0
595,637,11.0,5,1
595,54,10.0,6,1
595,749,10.0,7,0
595,401,9.0,8,1
595,302,9.0,9,0
595,220,5.0,10,0
595,238,4.0,11,0
595,98,4.0,12,0
595,605,4.0,13,0
595,364,3.0,14,0
595,348,1.0,15,0
595,311,1.0,16,0
595,722,0.0,17,0
595,718,0.0,18,0
595,1,0.0,19,0
595,396,0.0,20,0
595,248,0.0,21,0
595,250,0.0,22,0
595,415,0.0,23,0
595,239,0.0,24,0
595,275,0.0,25,0
595,16,0.0,26,0
595,86,0.0,27,0
595,813,0.0,28,0
596,340,27.0,1,2
596,302,22.0,2,0
596,605,21.0,3,1
596,637,21.0,4,1
596,512,11.0,5,1
596,749,10.0,6,1
596,401,10.0,7,0
596,212,10.0,8,0
596,813,9.0,9,1
596,250,9.0,10,0
596,54,6.0,11,0
596,722,5.0,12,0
596,98,4.0,13,0
596,369,4.0,14,0
596,396,3.0,15,0
596,16,1.0,16,0
596,348,1.0,17,0
596,238,1.0,18,0
596,187,0.0,19,0
596,239,0.0,20,0
596,325,0.0,21,0
596,344,0.0,22,0
596,364,0.0,23,0
596,1,0.0,24,0
596,833,0.0,25,0
596,220,0.0,26,0
596,18,0.0,27,0
597,98,31.0,1,2
597,187,30.0,2,2
597,637,28.0,3,0
597,364,23.0,4,1
597,340,12.0,5,0
597,302,11.0,6,1
597,54,11.0,7,0
597,325,10.0,8,1
597,813,10.0,9,0
597,250,9.0,10,1
597,238,6.0,11,0
597,348,5.0,12,0
597,722,4.0,13,0
597,396,4.0,14,0
597,311,3.0,15,0
597,248,1.0,16,0
597,401,1.0,17,0
597,512,1.0,18,0
597,1,0.0,19,0
597,749,0.0,20,0
597,220,0.0,21,0
597,16,0.0,22,0
597,605,0.0,23,0
597,416,0.0,24,0
597,718,0.0,25,0
597,275,0.0,26,0
597,184,0.0,27,0
598,325,36.0,1,2
598,98,32.0,2,0
598,187,31.0,3,2
598,340,26.0,4,1
598,238,19.0,5,2
598,396,12.0,6,1
598,364,12.0,7,0
598,302,11.0,8,0
598,248,10.0,9,0
598,1,9.0,10,1
598,250,6.0,11,0
598,512,6.0,12,0
598,749,5.0,13,0
598,311,4.0,14,0
598,401,3.0,15,0
598,54,1.0,16,0
598,637,1.0,17,0
598,348,1.0,18,0
598,16,0.0,19,0
598,416,0.0,20,0
598,220,0.0,21,0
598,605,0.0,22,0
598,722,0.0,23,0
598,813,0.0,24,0
598,239,0.0,25,0
598,262,0.0,26,0
598,718,0.0,27,0
598,148,0.0,28,0
598,344,0.0,29,0
598,477,0.0,30,0
599,340,38.0,1,2
599,637,37.0,2,2
599,238,35.0,3,2
599,187,35.0,4,0
599,98,19.0,5,2
599,348,12.0,6,1
599,396,12.0,7,0
599,416,11.0,8,0
599,239,10.0,9,1
599,325,10.0,10,0
599,54,10.0,11,0
599,1,6.0,12,0
599,749,5.0,13,0
599,16,4.0,14,0
599,220,3.0,15,0
599,311,1.0,16,0
599,364,1.0,17,0
599,512,1.0,18,0
599,718,0.0,19,0
599,302,0.0,20,0
599,248,0.0,21,0
599,250,0.0,22,0
599,275,0.0,23,0
599,605,0.0,24,0
599,506,0.0,25,0
599,540,0.0,26,0
599,730,0.0,27,0
599,212,0.0,28,0
599,387,0.0,29,0
599,722,0.0,30,0
599,451,0.0,31,0
599,79,0.0,32,0
599,640,0.0,33,0
599,344,0.0,34,0
600,187,44.0,1,1
600,340,41.0,2,2
600,348,38.0,3,2
600,325,37.0,4,2
600,238,22.0,5,2
600,416,14.0,6,1
600,718,12.0,7,1
600,512,12.0,8,0
600,749,12.0,9,0
600,220,11.0,10,0
600,730,10.0,11,0
600,239,6.0,12,0
600,250,5.0,13,0
600,219,4.0,14,0
600,364,3.0,15,0
600,16,1.0,16,0
600,605,1.0,17,0
600,302,1.0,18,0
600,248,1.0,19,0
600,1,0.0,20,0
600,722,0.0,21,0
600,637,0.0,22,0
600,87,0.0,23,0
600,54,0.0,24,0
600,98,0.0,25,0
600,396,0.0,26,0
600,311,0.0,27,0
600,275,0.0,28,0
600,401,0.0,29,0
600,436,0.0,30,0
600,86,0.0,31,0
600,79,0.0,32,0
601,348,46.0,1,1
601,396,41.0,2,2
601,605,38.0,3,2
601,54,37.0,4,2
601,187,23.0,5,2
601,250,22.0,6,2
601,64,18.0,7,1
601,512,12.0,8,0
601,488,12.0,9,0
601,275,11.0,10,0
601,718,10.0,11,0
601,749,8.0,12,0
601,219,6.0,13,0
601,325,5.0,14,0
601,238,4.0,15,0
601,302,3.0,16,0
601,239,1.0,17,0
601,637,1.0,18,0
601,87,1.0,19,0
601,248,1.0,20,0
601,416,0.0,21,0
601,1,0.0,22,0
601,98,0.0,23,0
601,194,0.0,24,0
601,340,0.0,25,0
601,388,0.0,26,0
601,344,0.0,27,0
601,730,0.0,28,0
601,640,0.0,29,0
601,262,0.0,30,0
601,521,0.0,31,0
602,325,46.0,1,1
602,637,45.0,2,2
602,340,43.0,3,2
602,248,38.0,4,2
602,239,31.0,5,3
602,396,23.0,6,2
602,54,19.0,7,1
602,749,12.0,8,0
602,64,12.0,9,0
602,416,11.0,10,0
602,302,10.0,11,0
602,187,8.0,12,0
602,98,6.0,13,0
602,238,5.0,14,0
602,194,5.0,15,0
602,87,4.0,16,0
602,512,4.0,17,0
602,250,1.0,18,0
602,275,1.0,19,0
602,348,1.0,20,0
602,718,0.0,21,0
602,220,0.0,22,0
602,605,0.0,23,0
602,311,0.0,24,0
602,1,0.0,25,0
602,148,0.0,26,0
602,825,0.0,27,0
602,730,0.0,28,0
602,640,0.0,29,0
602,86,0.0,30,0
602,344,0.0,31,0
603,637,52.0,1,3
603,187,52.0,2,1
603,325,45.0,3,2
603,605,38.0,4,2
603,302,35.0,5,3
603,396,23.0,6,2
603,188,20.0,7,1
603,239,13.0,8,0
603,348,12.0,9,0
603,521,12.0,10,0
603,194,11.0,11,0
603,217,10.0,12,0
603,238,6.0,13,0
603,749,5.0,14,0
603,87,5.0,15,0
603,16,4.0,16,0
603,86,4.0,17,0
603,98,1.0,18,0
603,416,1.0,19,0
603,54,1.0,20,0
603,1,0.0,21,0
603,340,0.0,22,0
603,512,0.0,23,0
603,248,0.0,24,0
603,733,0.0,25,0
603,718,0.0,26,0
603,730,0.0,27,0
603,640,0.0,28,0
603,250,0.0,29,0
603,219,0.0,30,0
604,348,55.0,1,3
604,239,52.0,2,1
604,605,45.0,3,2
604,637,38.0,4,2
604,54,35.0,5,3
604,302,32.0,6,3
604,16,20.0,7,1
604,749,15.0,8,0
604,86,14.0,9,0
604,512,12.0,10,0
604,187,12.0,11,0
604,194,11.0,12,0
604,325,10.0,13,0
604,640,6.0,14,0
604,416,6.0,15,0
604,340,5.0,16,0
604,248,4.0,17,0
604,98,1.0,18,0
604,87,1.0,19,0
604,217,1.0,20,0
604,148,0.0,21,0
604,250,0.0,22,0
604,521,0.0,23,0
604,238,0.0,24,0
604,275,0.0,25,0
604,188,0.0,26,0
604,396,0.0,27,0
604,718,0.0,28,0
604,219,0.0,29,0
604,1,0.0,30,0
605,637,9.0,1,1
605,710,6.0,2,0
605,487,4.0,3,0
605,238,3.0,4,0
605,396,2.0,5,0
605,427,1.0,6,0
605,187,0.0,7,0
605,14,0.0,8,0
605,248,0.0,9,0
605,403,0.0,10,0
605,512,0.0,11,0
605,1,0.0,12,0
605,79,0.0,13,0
605,325,0.0,14,0
605,98,0.0,15,0
605,348,0.0,16,0
605,364,0.0,17,0
605,239,0.0,18,0
605,597,0.0,19,0
606,637,18.0,1,2
606,487,10.0,2,0
606,396,6.0,3,0
606,248,6.0,4,0
606,238,5.0,5,0
606,187,3.0,6,0
606,79,1.0,7,0
606,98,1.0,8,0
606,597,0.0,9,0
606,710,0.0,10,0
606,348,0.0,11,0
606,700,0.0,12,0
606,1,0.0,13,0
606,403,0.0,14,0
606,239,0.0,15,0
606,364,0.0,16,0
606,512,0.0,17,0
606,325,0.0,18,0
606,427,0.0,19,0
606,14,0.0,20,0
607,487,22.0,1,2
607,14,19.0,2,1
607,637,8.0,3,0
607,248,6.0,4,0
607,396,6.0,5,0
607,656,6.0,6,0
607,348,5.0,7,0
607,760,1.0,8,0
607,340,1.0,9,0
607,79,1.0,10,0
607,325,0.0,11,0
607,239,0.0,12,0
607,197,0.0,13,0
607,512,0.0,14,0
607,710,0.0,15,0
607,403,0.0,16,0
607,427,0.0,17,0
607,852,0.0,18,0
607,98,0.0,19,0
607,253,0.0,20,0
607,1,0.0,21,0
607,281,0.0,22,0
607,187,0.0,23,0
607,238,0.0,24,0
607,364,0.0,25,0
608,637,31.0,1,3
608,710,19.0,2,1
608,656,12.0,3,0
608,14,9.0,4,0
608,1,9.0,5,0
608,396,6.0,6,0
608,403,5.0,7,0
608,220,5.0,8,0
608,187,2.0,9,0
608,427,1.0,10,0
608,597,1.0,11,0
608,238,0.0,12,0
608,348,0.0,13,0
608,79,0.0,14,0
608,325,0.0,15,0
608,487,0.0,16,0
608,98,0.0,17,0
608,749,0.0,18,0
608,364,0.0,19,0
608,253,0.0,20,0
608,760,0.0,21,0
608,239,0.0,22,0
609,487,35.0,1,3
609,710,28.0,2,2
609,637,18.0,3,0
609,760,9.0,4,0
609,98,9.0,5,0
609,86,6.0,6,0
609,396,5.0,7,0
609,239,5.0,8,0
609,749,3.0,9,0
609,187,2.0,10,0
609,403,2.0,11,0
609,512,1.0,12,0
609,1,1.0,13,0
609,427,1.0,14,0
609,325,0.0,15,0
609,14,0.0,16,0
609,79,0.0,17,0
609,348,0.0,18,0
609,656,0.0,19,0
609,253,0.0,20,0
609,238,0.0,21,0
609,597,0.0,22,0
609,364,0.0,23,0
610,487,41.0,1,3
610,637,37.0,2,3
610,325,21.0,3,0
610,710,11.0,4,0
610,14,10.0,5,0
610,396,6.0,6,0
610,760,5.0,7,0
610,364,5.0,8,0
610,605,4.0,9,0
610,253,3.0,10,0
610,427,2.0,11,0
610,512,2.0,12,0
610,749,1.0,13,0
610,248,1.0,14,0
610,348,1.0,15,0
610,238,0.0,16,0
610,79,0.0,17,0
610,1,0.0,18,0
610,239,0.0,19,0
610,540,0.0,20,0
610,597,0.0,21,0
610,98,0.0,22,0
610,86,0.0,23,0
610,187,0.0,24,0
610,403,0.0,25,0
611,396,41.0,1,3
611,325,39.0,2,3
611,710,25.0,3,0
611,348,19.0,4,1
611,487,11.0,5,0
611,238,10.0,6,0
611,14,6.0,7,0
611,403,6.0,8,0
611,187,5.0,9,0
611,239,3.0,10,0
611,79,3.0,11,0
611,637,2.0,12,0
611,98,2.0,13,0
611,656,1.0,14,0
611,1,1.0,15,0
611,253,1.0,16,0
611,364,0.0,17,0
611,512,0.0,18,0
611,749,0.0,19,0
611,427,0.0,20,0
611,369,0.0,21,0
612,325,42.0,1,3
612,710,41.0,2,3
612,348,31.0,3,0
612,487,19.0,4,1
612,238,19.0,5,1
612,605,11.0,6,0
612,248,8.0,7,0
612,396,7.0,8,0
612,98,6.0,9,0
612,749,5.0,10,0
612,1,3.0,11,0
612,187,2.0,12,0
612,239,2.0,13,0
612,79,1.0,14,0
612,813,1.0,15,0
612,427,1.0,16,0
612,340,1.0,17,0
612,637,0.0,18,0
612,364,0.0,19,0
612,760,0.0,20,0
612,369,0.0,21,0
612,656,0.0,22,0
612,220,0.0,23,0
612,512,0.0,24,0
612,253,0.0,25,0
613,14,42.0,1,3
613,325,41.0,2,3
613,396,33.0,3,0
613,605,25.0,4,1
613,710,23.0,5,1
613,348,20.0,6,1
613,187,8.0,7,0
613,238,8.0,8,0
613,79,6.0,9,0
613,487,5.0,10,0
613,403,4.0,11,0
613,98,3.0,12,0
613,813,2.0,13,0
613,427,2.0,14,0
613,637,1.0,15,0
613,54,1.0,16,0
613,749,1.0,17,0
613,86,0.0,18,0
613,340,0.0,19,0
613,364,0.0,20,0
613,16,0.0,21,0
613,239,0.0,22,0
613,1,0.0,23,0
613,760,0.0,24,0
613,310,0.0,25,0
613,656,0.0,26,0
613,253,0.0,27,0
613,677,0.0,28,0
613,540,0.0,29,0
614,487,51.0,1,4
614,710,41.0,2,3
614,605,39.0,3,0
614,14,25.0,4,1
614,1,23.0,5,1
614,184,23.0,6,1
614,239,8.0,7,0
614,187,8.0,8,0
614,79,8.0,9,0
614,656,6.0,10,0
614,325,5.0,11,0
614,749,4.0,12,0
614,98,3.0,13,0
614,364,2.0,14,0
614,396,1.0,15,0
614,427,1.0,16,0
614,86,1.0,17,0
614,348,1.0,18,0
614,540,0.0,19,0
614,310,0.0,20,0
614,637,0.0,21,0
614,403,0.0,22,0
614,253,0.0,23,0
614,813,0.0,24,0
615,487,60.0,1,5
615,710,45.0,2,0
615,238,42.0,3,3
615,239,25.0,4,1
615,427,23.0,5,1
615,637,23.0,6,1
615,16,12.0,7,0
615,253,8.0,8,0
615,14,8.0,9,0
615,220,6.0,10,0
615,194,5.0,11,0
615,396,4.0,12,0
615,749,3.0,13,0
615,364,3.0,14,0
615,540,3.0,15,0
615,403,2.0,16,0
615,348,1.0,17,0
615,187,1.0,18,0
615,656,1.0,19,0
615,1,0.0,20,0
615,98,0.0,21,0
615,325,0.0,22,0
616,325,66.0,1,5
616,487,45.0,2,0
616,239,42.0,3,3
616,348,34.0,4,2
616,1,23.0,5,1
616,187,23.0,6,1
616,248,12.0,7,0
616,396,11.0,8,0
616,184,8.0,9,0
616,364,7.0,10,0
616,637,6.0,11,0
616,79,6.0,12,0
616,512,5.0,13,0
616,813,3.0,14,0
616,427,3.0,15,0
616,749,2.0,16,0
616,656,2.0,17,0
616,194,1.0,18,0
616,253,1.0,19,0
616,710,0.0,20,0
616,605,0.0,21,0
616,14,0.0,22,0
616,403,0.0,23,0
617,325,69.0,1,5
617,637,48.0,2,3
617,14,47.0,3,0
617,487,43.0,4,3
617,710,27.0,5,1
617,348,23.0,6,1
617,364,12.0,7,0
617,238,12.0,8,0
617,540,8.0,9,0
617,656,7.0,10,0
617,253,6.0,11,0
617,194,6.0,12,0
617,1,5.0,13,0
617,749,3.0,14,0
617,396,3.0,15,0
617,79,2.0,16,0
617,403,2.0,17,0
617,98,1.0,18,0
617,187,1.0,19,0
617,239,0.0,20,0
617,184,0.0,21,0
617,813,0.0,22,0
617,427,0.0,23,0
617,248,0.0,24,0
617,605,0.0,25,0
618,14,71.0,1,5
618,637,54.0,2,3
618,253,47.0,3,0
618,1,43.0,4,3
618,487,36.0,5,2
618,79,23.0,6,1
618,605,12.0,7,0
618,348,12.0,8,0
618,364,9.0,9,0
618,86,8.0,10,0
618,427,7.0,11,0
618,194,6.0,12,0
618,396,5.0,13,0
618,275,4.0,14,0
618,248,3.0,15,0
618,749,3.0,16,0
618,656,2.0,17,0
618,239,2.0,18,0
618,512,1.0,19,0
618,813,1.0,20,0
618,98,1.0,21,0
618,340,0.0,22,0
618,710,0.0,23,0
618,403,0.0,24,0
618,325,0.0,25,0
618,506,0.0,26,0
619,325,71.0,1,5
619,605,55.0,2,3
619,348,52.0,3,4
619,396,47.0,4,0
619,14,38.0,5,2
619,637,26.0,6,1
619,238,16.0,7,0
619,187,14.0,8,0
619,1,12.0,9,0
619,403,9.0,10,0
619,512,7.0,11,0
619,79,6.0,12,0
619,749,5.0,13,0
619,656,4.0,14,0
619,253,3.0,15,0
619,248,3.0,16,0
619,427,2.0,17,0
619,340,2.0,18,0
619,16,1.0,19,0
619,98,1.0,20,0
619,364,1.0,21,0
619,239,0.0,22,0
619,54,0.0,23,0
619,415,0.0,24,0
619,813,0.0,25,0
619,487,0.0,26,0
619,86,0.0,27,0
619,710,0.0,28,0
620,487,9.0,1,1
620,396,6.0,2,0
620,238,4.0,3,0
620,187,3.0,4,0
620,275,2.0,5,0
620,325,1.0,6,0
620,348,0.0,7,0
620,220,0.0,8,0
620,79,0.0,9,0
620,830,0.0,10,0
620,98,0.0,11,0
620,637,0.0,12,0
620,710,0.0,13,0
620,369,0.0,14,0
620,14,0.0,15,0
620,188,0.0,16,0
620,760,0.0,17,0
620,749,0.0,18,0
620,445,0.0,19,0
620,506,0.0,20,0
620,22,0.0,21,0
621,396,15.0,1,1
621,637,9.0,2,1
621,14,6.0,3,0
621,188,4.0,4,0
621,325,4.0,5,0
621,749,3.0,6,0
621,98,3.0,7,0
621,238,3.0,8,0
621,710,2.0,9,0
621,445,1.0,10,0
621,220,0.0,11,0
621,187,0.0,12,0
621,194,0.0,13,0
621,830,0.0,14,0
621,86,0.0,15,0
621,674,0.0,16,0
621,239,0.0,17,0
621,79,0.0,18,0
621,760,0.0,19,0
621,506,0.0,20,0
621,1,0.0,21,0
621,487,0.0,22,0
621,364,0.0,23,0
621,348,0.0,24,0
621,275,0.0,25,0
621,281,0.0,26,0
622,637,15.0,1,1
622,238,15.0,2,1
622,187,10.0,3,0
622,760,9.0,4,1
622,14,7.0,5,0
622,239,6.0,6,0
622,427,3.0,7,0
622,275,3.0,8,0
622,445,3.0,9,0
622,749,2.0,10,0
622,220,1.0,11,0
622,487,1.0,12,0
622,86,0.0,13,0
622,710,0.0,14,0
622,506,0.0,15,0
622,396,0.0,16,0
622,79,0.0,17,0
622,369,0.0,18,0
622,188,0.0,19,0
622,364,0.0,20,0
622,325,0.0,21,0
622,194,0.0,22,0
622,1,0.0,23,0
622,98,0.0,24,0
622,22,0.0,25,0
622,403,0.0,26,0
623,1,19.0,1,1
623,238,16.0,2,0
623,637,15.0,3,1
623,487,12.0,4,1
623,415,9.0,5,1
623,86,7.0,6,0
623,760,6.0,7,0
623,830,3.0,8,0
623,427,3.0,9,0
623,194,3.0,10,0
623,325,2.0,11,0
623,749,2.0,12,0
623,403,1.0,13,0
623,445,1.0,14,0
623,396,1.0,15,0
623,98,0.0,16,0
623,239,0.0,17,0
623,710,0.0,18,0
623,220,0.0,19,0
623,187,0.0,20,0
623,364,0.0,21,0
623,79,0.0,22,0
623,275,0.0,23,0
623,506,0.0,24,0
623,369,0.0,25,0
624,637,28.0,1,2
624,710,19.0,2,1
624,396,16.0,3,0
624,364,12.0,4,1
624,239,9.0,5,1
624,86,7.0,6,0
624,14,6.0,7,0
624,79,6.0,8,0
624,325,3.0,9,0
624,830,3.0,10,0
624,194,3.0,11,0
624,98,3.0,12,0
624,348,3.0,13,0
624,445,2.0,14,0
624,749,2.0,15,0
624,220,2.0,16,0
624,187,1.0,17,0
624,760,0.0,18,0
624,597,0.0,19,0
624,238,0.0,20,0
624,403,0.0,21,0
624,427,0.0,22,0
624,506,0.0,23,0
624,1,0.0,24,0
624,275,0.0,25,0
625,487,34.0,1,2
625,637,21.0,2,2
625,86,19.0,3,1
625,710,16.0,4,0
625,325,9.0,5,1
625,364,9.0,6,0
625,396,7.0,7,0
625,427,6.0,8,0
625,415,6.0,9,0
625,749,5.0,10,0
625,238,4.0,11,0
625,348,3.0,12,0
625,597,3.0,13,0
625,760,3.0,14,0
625,1,2.0,15,0
625,194,2.0,16,0
625,275,1.0,17,0
625,445,0.0,18,0
625,403,0.0,19,0
625,302,0.0,20,0
625,369,0.0,21,0
625,239,0.0,22,0
625,830,0.0,23,0
625,98,0.0,24,0
625,281,0.0,25,0
626,637,43.0,1,3
626,487,27.0,2,2
626,14,21.0,3,1
626,86,16.0,4,0
626,396,10.0,5,0
626,248,9.0,6,1
626,325,9.0,7,0
626,348,9.0,8,0
626,98,7.0,9,0
626,194,5.0,10,0
626,1,4.0,11,0
626,427,3.0,12,0
626,403,3.0,13,0
626,275,3.0,14,0
626,710,2.0,15,0
626,445,2.0,16,0
626,238,1.0,17,0
626,749,1.0,18,0
626,239,0.0,19,0
626,253,0.0,20,0
626,364,0.0,21,0
626,281,0.0,22,0
626,597,0.0,23,0
626,220,0.0,24,0
626,506,0.0,25,0
626,760,0.0,26,0
627,238,43.0,1,3
627,187,27.0,2,2
627,325,25.0,3,1
627,79,21.0,4,1
627,415,13.0,5,0
627,749,10.0,6,0
627,427,9.0,7,1
627,403,9.0,8,0
627,1,9.0,9,0
627,710,9.0,10,0
627,487,4.0,11,0
627,248,4.0,12,0
627,760,3.0,13,0
627,275,3.0,14,0
627,86,3.0,15,0
627,239,3.0,16,0
627,637,2.0,17,0
627,220,2.0,18,0
627,396,1.0,19,0
627,364,0.0,20,0
627,348,0.0,21,0
627,194,0.0,22,0
627,445,0.0,23,0
627,98,0.0,24,0
627,730,0.0,25,0
627,281,0.0,26,0
627,369,0.0,27,0
628,637,52.0,1,4
628,396,27.0,2,2
628,14,27.0,3,1
628,364,25.0,4,1
628,86,14.0,5,0
628,79,13.0,6,0
628,487,11.0,7,0
628,1,9.0,8,1
628,710,9.0,9,0
628,98,9.0,10,0
628,275,7.0,11,0
628,325,4.0,12,0
628,506,4.0,13,0
628,760,3.0,14,0
628,194,3.0,15,0
628,239,3.0,16,0
628,597,2.0,17,0
628,749,2.0,18,0
628,427,1.0,19,0
628,403,0.0,20,0
628,311,0.0,21,0
628,238,0.0,22,0
628,348,0.0,23,0
628,187,0.0,24,0
628,445,0.0,25,0
629,637,61.0,1,5
629,364,31.0,2,1
629,396,27.0,3,2
629,14,25.0,4,1
629,749,17.0,5,0
629,506,13.0,6,0
629,188,13.0,7,0
629,1,11.0,8,0
629,325,9.0,9,1
629,403,9.0,10,0
629,79,9.0,11,0
629,369,4.0,12,0
629,98,4.0,13,0
629,238,4.0,14,0
629,86,3.0,15,0
629,760,3.0,16,0
629,427,3.0,17,0
629,497,2.0,18,0
629,275,1.0,19,0
629,187,1.0,20,0
629,239,0.0,21,0
629,348,0.0,22,0
629,710,0.0,23,0
629,597,0.0,24,0
629,487,0.0,25,0
629,220,0.0,26,0
629,730,0.0,27,0
630,487,61.0,1,5
630,14,36.0,2,3
630,396,35.0,3,1
630,348,25.0,4,1
630,187,23.0,5,0
630,86,15.0,6,0
630,275,13.0,7,0
630,749,12.0,8,0
630,239,9.0,9,1
630,79,9.0,10,0
630,637,9.0,11,0
630,238,4.0,12,0
630,220,4.0,13,0
630,369,4.0,14,0
630,98,3.0,15,0
630,325,3.0,16,0
630,403,3.0,17,0
630,710,3.0,18,0
630,506,2.0,19,0
630,95,1.0,20,0
630,1,1.0,21,0
630,109,0.0,22,0
630,427,0.0,23,0
630,760,0.0,24,0
631,487,61.0,1,5
631,710,45.0,2,4
631,396,39.0,3,1
631,325,27.0,4,1
631,238,23.0,5,0
631,188,15.0,6,0
631,302,15.0,7,0
631,187,13.0,8,0
631,340,12.0,9,0
631,369,12.0,10,0
631,749,9.0,11,1
631,321,4.0,12,0
631,403,4.0,13,0
631,220,4.0,14,0
631,86,4.0,15,0
631,95,3.0,16,0
631,364,3.0,17,0
631,14,3.0,18,0
631,98,2.0,19,0
631,239,1.0,20,0
631,506,1.0,21,0
631,79,0.0,22,0
631,445,0.0,23,0
631,427,0.0,24,0
631,1,0.0,25,0
631,415,0.0,26,0
631,348,0.0,27,0
631,760,0.0,28,0
631,275,0.0,29,0
631,637,0.0,30,0
631,730,0.0,31,0
632,188,9.0,1,1
632,487,6.0,2,0
632,187,4.0,3,0
632,369,3.0,4,0
632,86,2.0,5,0
632,396,1.0,6,0
632,415,0.0,7,0
632,238,0.0,8,0
632,749,0.0,9,0
632,325,0.0,10,0
632,220,0.0,11,0
632,194,0.0,12,0
632,760,0.0,13,0
632,637,0.0,14,0
632,497,0.0,15,0
632,710,0.0,16,0
632,79,0.0,17,0
632,252,0.0,18,0
632,281,0.0,19,0
632,740,0.0,20,0
632,674,0.0,21,0
632,852,0.0,22,0
632,506,0.0,23,0
632,529,0.0,24,0
632,22,0.0,25,0
633,487,15.0,1,1
633,238,9.0,2,1
633,86,6.0,3,0
633,252,6.0,4,0
633,396,4.0,5,0
633,1,3.0,6,0
633,710,3.0,7,0
633,506,3.0,8,0
633,275,1.0,9,0
633,79,0.0,10,0
633,497,0.0,11,0
633,369,0.0,12,0
633,637,0.0,13,0
633,220,0.0,14,0
633,188,0.0,15,0
633,22,0.0,16,0
633,760,0.0,17,0
633,325,0.0,18,0
633,187,0.0,19,0
633,194,0.0,20,0
633,740,0.0,21,0
633,749,0.0,22,0
634,487,24.0,1,2
634,325,10.0,2,0
634,238,9.0,3,1
634,396,6.0,4,0
634,637,6.0,5,0
634,194,6.0,6,0
634,497,4.0,7,0
634,220,3.0,8,0
634,252,3.0,9,0
634,275,2.0,10,0
634,740,1.0,11,0
634,1,1.0,12,0
634,86,0.0,13,0
634,187,0.0,14,0
634,506,0.0,15,0
634,369,0.0,16,0
634,710,0.0,17,0
634,749,0.0,18,0
634,79,0.0,19,0
634,188,0.0,20,0
634,22,0.0,21,0
634,95,0.0,22,0
635,238,24.0,1,2
635,252,19.0,2,1
635,187,9.0,3,1
635,325,9.0,4,0
635,497,9.0,5,0
635,740,8.0,6,0
635,79,6.0,7,0
635,184,6.0,8,0
635,1,3.0,9,0
635,749,2.0,10,0
635,487,2.0,11,0
635,396,1.0,12,0
635,220,1.0,13,0
635,95,1.0,14,0
635,506,0.0,15,0
635,22,0.0,16,0
635,275,0.0,17,0
635,710,0.0,18,0
635,194,0.0,19,0
635,369,0.0,20,0
635,188,0.0,21,0
635,445,0.0,22,0
635,86,0.0,23,0
636,487,33.0,1,3
636,710,19.0,2,1
636,637,9.0,3,1
636,740,9.0,4,0
636,86,9.0,5,0
636,369,8.0,6,0
636,1,8.0,7,0
636,497,6.0,8,0
636,506,6.0,9,0
636,79,6.0,10,0
636,194,4.0,11,0
636,275,4.0,12,0
636,12,2.0,13,0
636,336,1.0,14,0
636,220,1.0,15,0
636,749,0.0,16,0
636,760,0.0,17,0
636,252,0.0,18,0
636,187,0.0,19,0
636,325,0.0,20,0
636,396,0.0,21,0
636,238,0.0,22,0
636,22,0.0,23,0
637,487,42.0,1,4
637,325,19.0,2,1
637,637,15.0,3,0
637,220,10.0,4,0
637,194,9.0,5,1
637,497,9.0,6,0
637,1,8.0,7,0
637,79,8.0,8,0
637,740,6.0,9,0
637,710,6.0,10,0
637,597,4.0,11,0
637,275,4.0,12,0
637,369,3.0,13,0
637,760,3.0,14,0
637,506,3.0,15,0
637,238,1.0,16,0
637,187,0.0,17,0
637,86,0.0,18,0
637,396,0.0,19,0
637,730,0.0,20,0
637,403,0.0,21,0
637,281,0.0,22,0
637,749,0.0,23,0
637,253,0.0,24,0
638,487,51.0,1,5
638,710,19.0,2,1
638,187,17.0,3,0
638,188,12.0,4,1
638,325,12.0,5,0
638,275,12.0,6,0
638,497,10.0,7,0
638,369,9.0,8,0
638,749,8.0,9,0
638,194,6.0,10,0
638,845,4.0,11,0
638,597,4.0,12,0
638,637,3.0,13,0
638,740,3.0,14,0
638,86,3.0,15,0
638,220,1.0,16,0
638,506,1.0,17,0
638,396,0.0,18,0
638,403,0.0,19,0
638,79,0.0,20,0
638,760,0.0,21,0
638,238,0.0,22,0
638,529,0.0,23,0
639,740,51.0,1,5
639,637,19.0,2,1
639,275,17.0,3,0
639,369,16.0,4,0
639,749,13.0,5,1
639,220,12.0,6,1
639,194,12.0,7,0
639,325,12.0,8,0
639,253,9.0,9,0
639,506,8.0,10,0
639,830,7.0,11,0
639,597,6.0,12,0
639,403,5.0,13,0
639,710,4.0,14,0
639,487,3.0,15,0
639,238,3.0,16,0
639,98,2.0,17,0
639,497,1.0,18,0
639,187,0.0,19,0
639,79,0.0,20,0
639,396,0.0,21,0
639,529,0.0,22,0
640,506,51.0,1,5
640,325,23.0,2,0
640,710,19.0,3,1
640,364,16.0,4,0
640,79,16.0,5,0
640,86,13.0,6,1
640,253,12.0,7,1
640,637,12.0,8,0
640,740,9.0,9,1
640,529,9.0,10,0
640,749,9.0,11,0
640,512,7.0,12,0
640,403,6.0,13,0
640,220,5.0,14,0
640,760,4.0,15,0
640,187,3.0,16,0
640,238,3.0,17,0
640,487,3.0,18,0
640,597,2.0,19,0
640,275,2.0,20,0
640,97,1.0,21,0
640,830,0.0,22,0
640,497,0.0,23,0
640,194,0.0,24,0
641,487,60.0,1,6
641,325,29.0,2,0
641,217,19.0,3,1
641,396,17.0,4,0
641,369,16.0,5,0
641,710,13.0,6,1
641,637,12.0,7,1
641,238,12.0,8,0
641,740,9.0,9,1
641,86,9.0,10,0
641,497,9.0,11,0
641,830,9.0,12,0
641,188,9.0,13,0
641,506,5.0,14,0
641,298,4.0,15,0
641,597,4.0,16,0
641,403,3.0,17,0
641,491,3.0,18,0
641,194,3.0,19,0
641,1,2.0,20,0
641,95,2.0,21,0
641,187,1.0,22,0
641,749,0.0,23,0
641,275,0.0,24,0
641,79,0.0,25,0
641,783,0.0,26,0
642,710,62.0,1,6
642,740,33.0,2,0
642,325,26.0,3,1
642,79,19.0,4,1
642,487,19.0,5,1
642,187,16.0,6,0
642,749,13.0,7,0
642,1,12.0,8,1
642,506,9.0,9,1
642,64,9.0,10,0
642,760,9.0,11,0
642,86,9.0,12,0
642,830,9.0,13,0
642,617,5.0,14,0
642,364,5.0,15,0
642,529,4.0,16,0
642,497,4.0,17,0
642,95,3.0,18,0
642,238,3.0,19,0
642,637,3.0,20,0
642,491,2.0,21,0
642,396,1.0,22,0
642,275,0.0,23,0
642,783,0.0,24,0
642,321,0.0,25,0
642,220,0.0,26,0
642,597,0.0,27,0
642,369,0.0,28,0
642,14,0.0,29,0
643,647,9.0,1,1
643,396,6.0,2,0
643,487,4.0,3,0
643,1,3.0,4,0
643,644,2.0,5,0
643,749,1.0,6,0
643,220,0.0,7,0
643,674,0.0,8,0
643,252,0.0,9,0
643,740,0.0,10,0
643,599,0.0,11,0
643,281,0.0,12,0
643,231,0.0,13,0
643,238,0.0,14,0
643,497,0.0,15,0
643,298,0.0,16,0
643,347,0.0,17,0
643,500,0.0,18,0
643,604,0.0,19,0
643,188,0.0,20,0
643,194,0.0,21,0
643,253,0.0,22,0
643,86,0.0,23,0
644,487,13.0,1,1
644,500,9.0,2,1
644,188,6.0,3,0
644,749,6.0,4,0
644,347,4.0,5,0
644,497,4.0,6,0
644,647,3.0,7,0
644,194,2.0,8,0
644,220,2.0,9,0
644,1,0.0,10,0
644,396,0.0,11,0
644,86,0.0,12,0
644,231,0.0,13,0
644,252,0.0,14,0
644,238,0.0,15,0
644,253,0.0,16,0
644,604,0.0,17,0
644,760,0.0,18,0
644,644,0.0,19,0
644,740,0.0,20,0
644,298,0.0,21,0
644,22,0.0,22,0
645,231,15.0,1,1
645,647,13.0,2,1
645,220,9.0,3,1
645,396,9.0,4,0
645,749,6.0,5,0
645,252,6.0,6,0
645,325,4.0,7,0
645,740,4.0,8,0
645,86,3.0,9,0
645,604,2.0,10,0
645,487,2.0,11,0
645,253,1.0,12,0
645,1,0.0,13,0
645,500,0.0,14,0
645,497,0.0,15,0
645,238,0.0,16,0
645,760,0.0,17,0
645,194,0.0,18,0
645,298,0.0,19,0
645,644,0.0,20,0
645,347,0.0,21,0
646,252,15.0,1,1
646,86,13.0,2,1
646,1,10.0,3,1
646,814,9.0,4,1
646,194,9.0,5,0
646,220,7.0,6,0
646,740,6.0,7,0
646,238,6.0,8,0
646,325,6.0,9,0
646,647,5.0,10,0
646,749,4.0,11,0
646,487,3.0,12,0
646,644,2.0,13,0
646,231,2.0,14,0
646,253,2.0,15,0
646,604,0.0,16,0
646,730,0.0,17,0
647,231,19.0,1,1
647,487,18.0,2,2
647,238,15.0,3,1
647,187,10.0,4,1
647,1,9.0,5,0
647,497,9.0,6,0
647,644,6.0,7,0
647,220,6.0,8,0
647,325,6.0,9,0
647,252,5.0,10,0
647,647,4.0,11,0
647,749,4.0,12,0
647,710,3.0,13,0
647,298,3.0,14,0
647,253,2.0,15,0
647,604,2.0,16,0
647,740,2.0,17,0
647,506,1.0,18,0
647,93,0.0,19,0
647,86,0.0,20,0
647,760,0.0,21,0
647,194,0.0,22,0
647,491,0.0,23,0
647,97,0.0,24,0
648,231,27.0,1,3
648,86,19.0,2,1
648,647,19.0,3,1
648,396,12.0,4,0
648,220,12.0,5,0
648,93,10.0,6,1
648,194,9.0,7,0
648,644,7.0,8,0
648,487,6.0,9,0
648,749,6.0,10,0
648,710,4.0,11,0
648,298,4.0,12,0
648,1,3.0,13,0
648,814,3.0,14,0
648,760,2.0,15,0
648,740,2.0,16,0
648,325,2.0,17,0
648,238,1.0,18,0
648,252,1.0,19,0
648,253,0.0,20,0
648,97,0.0,21,0
648,22,0.0,22,0
648,491,0.0,23,0
649,231,36.0,1,4
649,647,25.0,2,1
649,396,19.0,3,1
649,187,16.0,4,0
649,86,14.0,5,0
649,749,10.0,6,1
649,710,9.0,7,0
649,637,7.0,8,0
649,325,7.0,9,0
649,491,6.0,10,0
649,93,6.0,11,0
649,252,4.0,12,0
649,253,4.0,13,0
649,487,3.0,14,0
649,497,2.0,15,0
649,220,2.0,16,0
649,1,2.0,17,0
649,188,1.0,18,0
649,740,1.0,19,0
649,644,0.0,20,0
649,298,0.0,21,0
649,238,0.0,22,0
649,760,0.0,23,0
650,231,45.0,1,5
650,238,25.0,2,1
650,396,20.0,3,0
650,637,19.0,4,1
650,194,14.0,5,0
650,220,10.0,6,1
650,710,10.0,7,0
650,740,9.0,8,0
650,497,8.0,9,0
650,749,7.0,10,0
650,86,6.0,11,0
650,187,6.0,12,0
650,644,4.0,13,0
650,487,4.0,14,0
650,188,3.0,15,0
650,325,3.0,16,0
650,252,2.0,17,0
650,253,2.0,18,0
650,647,1.0,19,0
650,1,1.0,20,0
650,506,0.0,21,0
650,415,0.0,22,0
650,760,0.0,23,0
650,97,0.0,24,0
650,324,0.0,25,0
651,238,45.0,1,5
651,187,25.0,2,1
651,194,20.0,3,0
651,252,19.0,4,1
651,253,19.0,5,1
651,1,14.0,6,0
651,814,13.0,7,1
651,86,12.0,8,0
651,740,10.0,9,0
651,506,8.0,10,0
651,298,8.0,11,0
651,760,7.0,12,0
651,647,6.0,13,0
651,220,4.0,14,0
651,637,3.0,15,0
651,396,3.0,16,0
651,497,2.0,17,0
651,275,2.0,18,0
651,231,2.0,19,0
651,188,1.0,20,0
651,97,1.0,21,0
651,487,0.0,22,0
651,644,0.0,23,0
651,710,0.0,24,0
652,187,45.0,1,5
652,487,25.0,2,1
652,1,25.0,3,1
652,396,23.0,4,0
652,194,21.0,5,1
652,710,19.0,6,1
652,86,14.0,7,0
652,760,14.0,8,0
652,506,13.0,9,1
652,253,10.0,10,0
652,325,8.0,11,0
652,647,7.0,12,0
652,238,6.0,13,0
652,298,4.0,14,0
652,275,3.0,15,0
652,814,3.0,16,0
652,220,2.0,17,0
652,252,2.0,18,0
652,740,2.0,19,0
652,497,1.0,20,0
652,749,1.0,21,0
652,644,1.0,22,0
652,231,0.0,23,0
652,529,0.0,24,0
652,637,0.0,25,0
652,597,0.0,26,0
652,97,0.0,27,0
653,238,45.0,1,5
653,187,28.0,2,2
653,86,27.0,3,1
653,252,25.0,4,1
653,497,25.0,5,1
653,506,23.0,6,0
653,220,18.0,7,0
653,1,16.0,8,1
653,710,14.0,9,0
653,298,10.0,10,0
653,275,8.0,11,0
653,749,7.0,12,0
653,760,6.0,13,0
653,325,4.0,14,0
653,396,3.0,15,0
653,647,3.0,16,0
653,253,3.0,17,0
653,487,2.0,18,0
653,194,2.0,19,0
653,740,2.0,20,0
654,637,45.0,1,5
654,252,31.0,2,2
654,369,27.0,3,1
654,238,25.0,4,1
654,86,25.0,5,1
654,730,23.0,6,0
654,396,22.0,7,1
654,220,20.0,8,0
654,740,14.0,9,0
654,647,12.0,10,1
654,325,10.0,11,0
654,194,8.0,12,0
654,187,7.0,13,0
654,506,6.0,14,0
654,487,4.0,15,0
654,749,4.0,16,0
654,710,3.0,17,0
654,275,3.0,18,0
654,529,2.0,19,0
654,1,2.0,20,0
654,687,2.0,21,0
654,253,1.0,22,0
654,298,1.0,23,0
654,497,1.0,24,0
654,260,1.0,25,0
654,491,0.0,26,0
654,760,0.0,27,0
655,238,45.0,1,5
655,187,40.0,2,3
655,396,33.0,3,1
655,86,27.0,4,0
655,1,25.0,5,1
655,252,25.0,6,1
655,253,23.0,7,1
655,497,23.0,8,0
655,220,16.0,9,0
655,369,12.0,10,1
655,647,10.0,11,0
655,487,8.0,12,0
655,506,7.0,13,0
655,194,6.0,14,0
655,710,4.0,15,0
655,749,4.0,16,0
655,740,3.0,17,0
655,637,3.0,18,0
656,487,9.0,1,1
656,749,6.0,2,0
656,396,4.0,3,0
656,740,3.0,4,0
656,500,2.0,5,0
656,1,1.0,6,0
656,253,0.0,7,0
656,142,0.0,8,0
656,599,0.0,9,0
656,231,0.0,10,0
656,497,0.0,11,0
656,252,0.0,12,0
656,86,0.0,13,0
656,647,0.0,14,0
656,188,0.0,15,0
656,674,0.0,16,0
656,238,0.0,17,0
656,557,0.0,18,0
657,487,18.0,1,2
657,500,8.0,2,0
657,1,7.0,3,0
657,396,6.0,4,0
657,497,5.0,5,0
657,238,3.0,6,0
657,252,2.0,7,0
657,86,1.0,8,0
657,647,0.0,9,0
657,740,0.0,10,0
657,231,0.0,11,0
657,604,0.0,12,0
657,749,0.0,13,0
657,253,0.0,14,0
658,749,18.0,1,2
658,604,15.0,2,1
658,740,10.0,3,0
658,685,8.0,4,0
658,500,7.0,5,0
658,396,6.0,6,0
658,845,5.0,7,0
658,238,3.0,8,0
658,487,2.0,9,0
658,1,1.0,10,0
658,86,0.0,11,0
658,252,0.0,12,0
658,97,0.0,13,0
658,497,0.0,14,0
658,647,0.0,15,0
658,253,0.0,16,0
659,487,27.0,1,3
659,740,15.0,2,1
659,86,13.0,3,0
659,396,11.0,4,0
659,238,10.0,5,0
659,647,6.0,6,0
659,749,5.0,7,0
659,1,4.0,8,0
659,497,3.0,9,0
659,845,3.0,10,0
659,97,2.0,11,0
659,500,1.0,12,0
659,231,0.0,13,0
659,604,0.0,14,0
659,253,0.0,15,0
660,487,36.0,1,4
660,1,16.0,2,1
660,238,13.0,3,0
660,500,13.0,4,0
660,845,11.0,5,0
660,749,11.0,6,0
660,97,7.0,7,0
660,396,6.0,8,0
660,740,4.0,9,0
660,86,3.0,10,0
660,231,2.0,11,0
660,604,2.0,12,0
660,644,1.0,13,0
661,487,45.0,1,5
661,238,17.0,2,0
661,500,16.0,3,1
661,231,13.0,4,0
661,604,13.0,5,0
661,845,11.0,6,0
661,749,11.0,7,0
661,740,8.0,8,0
661,1,4.0,9,0
661,644,3.0,10,0
661,252,3.0,11,0
661,86,3.0,12,0
661,396,2.0,13,0
661,253,1.0,14,0
661,529,0.0,15,0
661,730,0.0,16,0
661,497,0.0,17,0
662,238,51.0,1,5
662,487,22.0,2,1
662,500,21.0,3,0
662,749,19.0,4,1
662,740,15.0,5,0
662,1,12.0,6,0
662,396,11.0,7,0
662,253,8.0,8,0
662,231,4.0,9,0
662,529,3.0,10,0
662,604,3.0,11,0
662,845,3.0,12,0
662,188,2.0,13,0
662,497,1.0,14,0
663,487,60.0,1,6
663,231,24.0,2,0
663,1,22.0,3,1
663,500,19.0,4,1
663,604,16.0,5,0
663,252,15.0,6,0
663,396,11.0,7,0
663,740,10.0,8,0
663,749,9.0,9,0
663,238,4.0,10,0
663,497,3.0,11,0
663,253,3.0,12,0
663,97,2.0,13,0
663,647,1.0,14,0
663,644,1.0,15,0
664,238,60.0,1,6
664,647,31.0,2,2
664,231,26.0,3,0
664,1,19.0,4,1
664,500,19.0,5,0
664,347,15.0,6,0
664,491,13.0,7,0
664,109,11.0,8,0
664,749,10.0,9,0
664,740,7.0,10,0
664,644,4.0,11,0
664,252,3.0,12,0
664,487,3.0,13,0
664,259,2.0,14,0
664,497,1.0,15,0
664,604,1.0,16,0
664,689,0.0,17,0
664,396,0.0,18,0
664,253,0.0,19,0
664,97,0.0,20,0
665,231,60.0,1,6
665,604,31.0,2,2
665,497,26.0,3,0
665,647,22.0,4,1
665,252,19.0,5,1
665,97,19.0,6,0
665,347,16.0,7,0
665,749,15.0,8,0
665,238,11.0,9,0
665,298,10.0,10,0
665,1,6.0,11,0
665,396,4.0,12,0
665,487,3.0,13,0
665,491,3.0,14,0
665,253,3.0,15,0
665,740,1.0,16,0
665,188,1.0,17,0
665,500,0.0,18,0
666,396,63.0,1,6
666,238,37.0,2,2
666,647,26.0,3,0
666,487,22.0,4,1
666,1,21.0,5,0
666,253,20.0,6,1
666,252,19.0,7,1
666,347,16.0,8,0
666,491,15.0,9,0
666,604,14.0,10,0
666,97,6.0,11,0
666,497,4.0,12,0
666,231,3.0,13,0
666,298,3.0,14,0
666,740,3.0,15,0
666,644,1.0,16,0
666,500,1.0,17,0
667,240,9.0,1,1
667,749,6.0,2,0
667,231,4.0,3,0
667,86,3.0,4,0
667,396,2.0,5,0
667,1,1.0,6,0
667,740,0.0,7,0
667,497,0.0,8,0
667,674,0.0,9,0
667,852,0.0,10,0
667,93,0.0,11,0
667,238,0.0,12,0
667,529,0.0,13,0
667,487,0.0,14,0
667,142,0.0,15,0
667,557,0.0,16,0
667,252,0.0,17,0
667,647,0.0,18,0
667,760,0.0,19,0
667,726,0.0,20,0
667,415,0.0,21,0
667,281,0.0,22,0
667,734,0.0,23,0
668,749,15.0,1,1
668,396,9.0,2,1
668,415,8.0,3,0
668,734,4.0,4,0
668,1,4.0,5,0
668,500,3.0,6,0
668,497,3.0,7,0
668,740,3.0,8,0
668,86,0.0,9,0
668,604,0.0,10,0
668,252,0.0,11,0
668,238,0.0,12,0
668,231,0.0,13,0
668,647,0.0,14,0
669,749,24.0,1,2
669,685,10.0,2,0
669,483,9.0,3,1
669,734,6.0,4,0
669,396,6.0,5,0
669,497,4.0,6,0
669,252,4.0,7,0
669,740,4.0,8,0
669,1,3.0,9,0
669,604,3.0,10,0
669,93,0.0,11,0
669,231,0.0,12,0
669,647,0.0,13,0
669,347,0.0,14,0
669,500,0.0,15,0
669,253,0.0,16,0
669,529,0.0,17,0
669,97,0.0,18,0
670,500,24.0,1,2
670,252,10.0,2,0
670,238,9.0,3,1
670,487,9.0,4,1
670,253,6.0,5,0
670,483,6.0,6,0
670,740,6.0,7,0
670,1,5.0,8,0
670,604,4.0,9,0
670,396,4.0,10,0
670,497,4.0,11,0
670,86,3.0,12,0
670,415,3.0,13,0
670,685,3.0,14,0
670,647,2.0,15,0
670,749,0.0,16,0
670,231,0.0,17,0
670,529,0.0,18,0
671,487,24.0,1,2
671,1,12.0,2,1
671,252,10.0,3,0
671,238,10.0,4,0
671,97,9.0,5,1
671,86,9.0,6,1
671,685,9.0,7,0
671,529,7.0,8,0
671,749,6.0,9,0
671,253,6.0,10,0
671,93,5.0,11,0
671,740,4.0,12,0
671,497,4.0,13,0
671,604,4.0,14,0
671,231,2.0,15,0
671,647,2.0,16,0
671,500,0.0,17,0
671,396,0.0,18,0
671,483,0.0,19,0
672,238,24.0,1,2
672,497,16.0,2,1
672,487,16.0,3,1
672,845,12.0,4,0
672,396,10.0,5,0
672,604,9.0,6,1
672,685,9.0,7,1
672,500,9.0,8,0
672,1,6.0,9,0
672,86,6.0,10,0
672,740,6.0,11,0
672,252,5.0,12,0
672,231,4.0,13,0
672,647,4.0,14,0
672,749,4.0,15,0
672,347,3.0,16,0
672,499,2.0,17,0
673,740,24.0,1,2
673,86,20.0,2,1
673,238,17.0,3,1
673,396,15.0,4,0
673,497,10.0,5,0
673,487,10.0,6,0
673,500,9.0,7,1
673,604,9.0,8,1
673,231,9.0,9,1
673,252,9.0,10,0
673,97,8.0,11,0
673,253,6.0,12,0
673,163,6.0,13,0
673,749,5.0,14,0
673,845,4.0,15,0
673,1,4.0,16,0
673,685,3.0,17,0
673,93,2.0,18,0
673,529,2.0,19,0
673,647,1.0,20,0
674,487,30.0,1,2
674,749,26.0,2,2
674,231,23.0,3,1
674,238,15.0,4,0
674,647,11.0,5,0
674,252,10.0,6,0
674,396,9.0,7,1
674,604,9.0,8,1
674,93,9.0,9,1
674,324,9.0,10,0
674,253,8.0,11,0
674,247,8.0,12,0
674,500,6.0,13,0
674,685,6.0,14,0
674,86,5.0,15,0
674,1,4.0,16,0
674,740,3.0,17,0
674,483,2.0,18,0
674,497,2.0,19,0
674,845,2.0,20,0
675,396,30.0,1,2
675,347,27.0,2,1
675,238,26.0,3,2
675,604,24.0,4,1
675,1,11.0,5,0
675,529,11.0,6,0
675,740,10.0,7,0
675,647,9.0,8,1
675,487,9.0,9,1
675,64,9.0,10,1
675,253,8.0,11,0
675,500,8.0,12,0
675,231,6.0,13,0
675,252,6.0,14,0
675,93,6.0,15,0
675,749,5.0,16,0
675,497,4.0,17,0
675,86,4.0,18,0
675,730,3.0,19,0
675,845,2.0,20,0
675,320,2.0,21,0
675,97,2.0,22,0
676,396,33.0,1,2
676,500,33.0,2,2
676,252,27.0,3,2
676,749,27.0,4,1
676,845,15.0,5,1
676,487,15.0,6,0
676,1,11.0,7,0
676,86,10.0,8,0
676,347,9.0,9,1
676,483,9.0,10,1
676,220,8.0,11,0
676,231,8.0,12,0
676,253,6.0,13,0
676,647,6.0,14,0
676,740,6.0,15,0
676,93,5.0,16,0
676,604,5.0,17,0
676,109,4.0,18,0
676,497,4.0,19,0
676,529,2.0,20,0
676,238,2.0,21,0
677,487,39.0,1,2
677,749,36.0,2,3
677,497,33.0,3,2
677,93,27.0,4,1
677,740,16.0,5,1
677,500,15.0,6,0
677,604,12.0,7,0
677,396,11.0,8,1
677,483,11.0,9,0
677,647,10.0,10,0
677,231,9.0,11,1
677,845,8.0,12,0
677,252,6.0,13,0
677,529,6.0,14,0
677,86,6.0,15,0
677,1,5.0,16,0
677,759,5.0,17,0
677,188,4.0,18,0
677,730,4.0,19,0
677,253,3.0,20,0
678,749,48.0,1,3
678,500,36.0,2,3
678,253,33.0,3,2
678,252,27.0,4,1
678,529,22.0,5,1
678,740,18.0,6,0
678,487,12.0,7,1
678,845,12.0,8,0
678,220,11.0,9,0
678,647,10.0,10,0
678,347,9.0,11,1
678,93,8.0,12,0
678,604,6.0,13,0
678,483,6.0,14,0
678,497,6.0,15,0
678,86,6.0,16,0
678,230,5.0,17,0
678,396,5.0,18,0
678,1,4.0,19,0
678,238,4.0,20,0
678,231,3.0,21,0
679,252,9.0,1,1
679,674,6.0,2,0
679,497,4.0,3,0
679,396,3.0,4,0
679,464,2.0,5,0
679,647,1.0,6,0
679,281,0.0,7,0
679,840,0.0,8,0
679,142,0.0,9,0
679,604,0.0,10,0
679,93,0.0,11,0
679,740,0.0,12,0
679,231,0.0,13,0
679,726,0.0,14,0
679,529,0.0,15,0
679,240,0.0,16,0
679,749,0.0,17,0
679,487,0.0,18,0
680,396,12.0,1,1
680,749,11.0,2,1
680,86,6.0,3,0
680,500,6.0,4,0
680,252,4.0,5,0
680,726,4.0,6,0
680,158,3.0,7,0
680,604,2.0,8,0
680,240,1.0,9,0
680,497,1.0,10,0
680,740,0.0,11,0
680,487,0.0,12,0
680,231,0.0,13,0
680,93,0.0,14,0
680,347,0.0,15,0
680,647,0.0,16,0
680,464,0.0,17,0
680,1,0.0,18,0
680,754,0.0,19,0
681,240,16.0,1,1
681,647,11.0,2,1
681,396,9.0,3,1
681,86,7.0,4,0
681,323,7.0,5,0
681,734,6.0,6,0
681,616,6.0,7,0
681,726,4.0,8,0
681,464,3.0,9,0
681,740,2.0,10,0
681,497,2.0,11,0
681,487,1.0,12,0
681,231,1.0,13,0
681,252,0.0,14,0
681,749,0.0,15,0
681,93,0.0,16,0
681,500,0.0,17,0
682,93,16.0,1,1
682,487,11.0,2,1
682,86,11.0,3,0
682,231,10.0,4,1
682,726,9.0,5,1
682,240,7.0,6,0
682,740,6.0,7,0
682,464,6.0,8,0
682,252,6.0,9,0
682,446,4.0,10,0
682,734,3.0,11,0
682,647,3.0,12,0
682,396,3.0,13,0
682,529,2.0,14,0
682,749,2.0,15,0
682,497,1.0,16,0
682,616,0.0,17,0
682,323,0.0,18,0
683,647,22.0,1,1
683,396,16.0,2,1
683,487,12.0,3,1
683,740,11.0,4,0
683,616,10.0,5,1
683,252,10.0,6,0
683,446,9.0,7,1
683,86,6.0,8,0
683,93,6.0,9,0
683,231,4.0,10,0
683,500,3.0,11,0
683,240,3.0,12,0
683,464,3.0,13,0
683,749,3.0,14,0
683,726,2.0,15,0
684,240,28.0,1,1
684,396,19.0,2,2
684,86,19.0,3,1
684,647,15.0,4,0
684,252,14.0,5,1
684,497,10.0,6,0
684,616,9.0,7,1
684,64,6.0,8,0
684,404,6.0,9,0
684,446,5.0,10,0
684,464,3.0,11,0
684,749,3.0,12,0
684,726,3.0,13,0
684,93,3.0,14,0
684,97,2.0,15,0
684,231,2.0,16,0
684,487,2.0,17,0
684,500,1.0,18,0
684,740,0.0,19,0
684,529,0.0,20,0
684,604,0.0,21,0
685,396,37.0,1,2
685,647,25.0,2,1
685,86,19.0,3,2
685,497,19.0,4,0
685,253,14.0,5,1
685,529,10.0,6,0
685,404,9.0,7,1
685,446,8.0,8,0
685,616,6.0,9,0
685,64,6.0,10,0
685,252,3.0,11,0
685,93,3.0,12,0
685,238,3.0,13,0
685,106,3.0,14,0
685,740,2.0,15,0
685,749,2.0,16,0
685,324,2.0,17,0
685,487,2.0,18,0
685,240,1.0,19,0
685,231,1.0,20,0
685,247,0.0,21,0
685,500,0.0,22,0
685,726,0.0,23,0
685,499,0.0,24,0
686,647,43.0,1,2
686,396,34.0,2,2
686,93,20.0,3,0
686,749,19.0,4,2
686,726,14.0,5,1
686,86,13.0,6,1
686,500,10.0,7,0
686,529,9.0,8,0
686,64,8.0,9,0
686,685,6.0,10,0
686,853,5.0,11,0
686,240,3.0,12,0
686,733,3.0,13,0
686,487,3.0,14,0
686,259,2.0,15,0
686,616,2.0,16,0
686,231,2.0,17,0
686,577,2.0,18,0
687,497,43.0,1,2
687,647,40.0,2,2
687,240,23.0,3,2
687,231,20.0,4,0
687,726,17.0,5,1
687,238,14.0,6,1
687,86,13.0,7,1
687,749,10.0,8,0
687,740,9.0,9,0
687,35,7.0,10,0
687,500,6.0,11,0
687,529,6.0,12,0
687,487,3.0,13,0
687,396,3.0,14,0
687,446,2.0,15,0
687,616,2.0,16,0
687,734,2.0,17,0
687,93,2.0,18,0
688,240,47.0,1,2
688,749,42.0,2,2
688,396,32.0,3,3
688,740,20.0,4,0
688,647,17.0,5,1
688,529,15.0,6,0
688,1,14.0,7,1
688,497,13.0,8,1
688,86,10.0,9,0
688,487,7.0,10,0
688,238,6.0,11,0
688,446,6.0,12,0
688,616,6.0,13,0
688,726,3.0,14,0
688,231,3.0,15,0
688,93,2.0,16,0
688,500,2.0,17,0
688,230,2.0,18,0
689,240,51.0,1,2
689,647,46.0,2,2
689,396,41.0,3,4
689,497,20.0,4,1
689,726,20.0,5,0
689,252,15.0,6,1
689,1,15.0,7,0
689,663,13.0,8,1
689,86,10.0,9,0
689,529,9.0,10,0
689,446,6.0,11,0
689,740,6.0,12,0
689,500,6.0,13,0
689,616,3.0,14,0
689,487,3.0,15,0
689,749,2.0,16,0
689,230,2.0,17,0
689,93,2.0,18,0
689,853,1.0,19,0
690,487,9.0,1,1
690,158,6.0,2,0
690,749,4.0,3,0
690,383,3.0,4,0
690,754,0.0,5,0
690,446,0.0,6,0
690,529,0.0,7,0
690,240,0.0,8,0
690,231,0.0,9,0
690,740,0.0,10,0
690,726,0.0,11,0
690,647,0.0,12,0
690,497,0.0,13,0
690,396,0.0,14,0
690,500,0.0,15,0
690,464,0.0,16,0
691,497,10.0,1,0
691,231,9.0,2,1
691,158,9.0,3,1
691,647,6.0,4,0
691,754,4.0,5,0
691,446,3.0,6,0
691,93,3.0,7,0
691,487,2.0,8,0
691,529,0.0,9,0
691,726,0.0,10,0
691,749,0.0,11,0
691,240,0.0,12,0
691,383,0.0,13,0
691,396,0.0,14,0
691,740,0.0,15,0
691,500,0.0,16,0
691,112,0.0,17,0
691,264,0.0,18,0
692,647,12.0,1,1
692,323,10.0,2,0
692,396,9.0,3,1
692,231,9.0,4,1
692,93,9.0,5,0
692,660,6.0,6,0
692,464,4.0,7,0
692,86,4.0,8,0
692,446,3.0,9,0
692,252,2.0,10,0
692,158,2.0,11,0
692,529,1.0,12,0
692,749,0.0,13,0
692,740,0.0,14,0
692,726,0.0,15,0
692,497,0.0,16,0
692,112,0.0,17,0
693,647,21.0,1,2
693,396,11.0,2,0
693,749,10.0,3,0
693,240,10.0,4,0
693,231,9.0,5,1
693,500,9.0,6,1
693,616,8.0,7,0
693,660,6.0,8,0
693,383,3.0,9,0
693,446,3.0,10,0
693,753,2.0,11,0
693,464,2.0,12,0
693,740,1.0,13,0
693,497,1.0,14,0
693,529,0.0,15,0
693,112,0.0,16,0
693,487,0.0,17,0
693,726,0.0,18,0
693,93,0.0,19,0
693,667,0.0,20,0
694,647,30.0,1,3
694,749,14.0,2,0
694,240,12.0,3,1
694,487,11.0,4,0
694,726,11.0,5,0
694,158,10.0,6,0
694,529,9.0,7,1
694,660,7.0,8,0
694,446,6.0,9,0
694,740,3.0,10,0
694,464,2.0,11,0
694,497,2.0,12,0
694,396,2.0,13,0
694,112,1.0,14,0
694,93,1.0,15,0
694,323,0.0,16,0
694,231,0.0,17,0
695,647,39.0,1,4
695,497,17.0,2,0
695,231,15.0,3,1
695,749,15.0,4,0
695,487,14.0,5,1
695,158,12.0,6,0
695,93,10.0,7,0
695,112,7.0,8,0
695,726,6.0,9,0
695,240,3.0,10,0
695,753,2.0,11,0
695,734,2.0,12,0
695,323,2.0,13,0
695,396,1.0,14,0
695,529,1.0,15,0
695,383,0.0,16,0
695,464,0.0,17,0
695,660,0.0,18,0
695,446,0.0,19,0
696,734,39.0,1,4
696,323,18.0,2,0
696,396,17.0,3,0
696,231,15.0,4,1
696,726,14.0,5,1
696,464,14.0,6,0
696,383,12.0,7,0
696,112,12.0,8,0
696,237,9.0,9,1
696,35,7.0,10,0
696,240,4.0,11,0
696,740,3.0,12,0
696,158,2.0,13,0
696,497,2.0,14,0
696,754,1.0,15,0
696,647,1.0,16,0
696,93,1.0,17,0
696,487,0.0,18,0
696,529,0.0,19,0
696,749,0.0,20,0
696,481,0.0,21,0
696,86,0.0,22,0
697,240,39.0,1,4
697,231,22.0,2,0
697,497,19.0,3,1
697,740,17.0,4,0
697,500,16.0,5,1
697,112,14.0,6,1
697,211,14.0,7,0
697,754,12.0,8,0
697,726,12.0,9,0
697,53,9.0,10,1
697,529,4.0,11,0
697,647,3.0,12,0
697,487,3.0,13,0
697,749,3.0,14,0
697,158,2.0,15,0
697,396,2.0,16,0
697,252,1.0,17,0
697,93,1.0,18,0
697,383,1.0,19,0
698,497,42.0,1,4
698,647,28.0,2,2
698,396,22.0,3,0
698,754,18.0,4,0
698,93,17.0,5,0
698,529,16.0,6,1
698,112,14.0,7,1
698,53,12.0,8,0
698,252,12.0,9,0
698,500,9.0,10,1
698,740,5.0,11,0
698,231,4.0,12,0
698,211,4.0,13,0
698,487,3.0,14,0
698,383,3.0,15,0
698,749,3.0,16,0
698,240,1.0,17,0
698,230,1.0,18,0
699,240,9.0,1,1
699,497,6.0,2,0
699,749,4.0,3,0
699,726,3.0,4,0
699,500,2.0,5,0
699,487,1.0,6,0
699,740,0.0,7,0
699,647,0.0,8,0
699,139,0.0,9,0
699,599,0.0,10,0
699,280,0.0,11,0
699,320,0.0,12,0
699,142,0.0,13,0
699,417,0.0,14,0
699,158,0.0,15,0
699,464,0.0,16,0
699,529,0.0,17,0
699,231,0.0,18,0
699,674,0.0,19,0
699,93,0.0,20,0
699,800,0.0,21,0
699,169,0.0,22,0
699,263,0.0,23,0
699,277,0.0,24,0
699,249,0.0,25,0
699,398,0.0,26,0
699,852,0.0,27,0
699,281,0.0,28,0
699,439,0.0,29,0
699,345,0.0,30,0
699,47,0.0,31,0
700,749,13.0,1,1
700,158,9.0,2,1
700,487,9.0,3,0
700,497,6.0,4,0
700,500,5.0,5,0
700,740,4.0,6,0
700,529,3.0,7,0
700,396,1.0,8,0
700,464,0.0,9,0
700,139,0.0,10,0
700,647,0.0,11,0
700,685,0.0,12,0
700,53,0.0,13,0
700,320,0.0,14,0
700,364,0.0,15,0
700,754,0.0,16,0
700,231,0.0,17,0
701,240,18.0,1,2
701,487,15.0,2,1
701,500,11.0,3,0
701,647,9.0,4,0
701,749,8.0,5,0
701,754,6.0,6,0
701,726,3.0,7,0
701,740,3.0,8,0
701,158,1.0,9,0
701,93,1.0,10,0
701,231,0.0,11,0
701,483,0.0,12,0
701,211,0.0,13,0
701,685,0.0,14,0
701,496,0.0,15,0
701,529,0.0,16,0
701,53,0.0,17,0
701,497,0.0,18,0
701,320,0.0,19,0
702,240,27.0,1,3
702,487,17.0,2,1
702,497,17.0,3,0
702,396,13.0,4,0
702,749,8.0,5,0
702,740,6.0,6,0
702,726,3.0,7,0
702,158,3.0,8,0
702,464,3.0,9,0
702,500,2.0,10,0
702,529,1.0,11,0
702,86,0.0,12,0
702,211,0.0,13,0
702,93,0.0,14,0
702,754,0.0,15,0
702,53,0.0,16,0
702,231,0.0,17,0
703,240,36.0,1,4
703,749,23.0,2,1
703,497,19.0,3,0
703,726,17.0,4,0
703,487,8.0,5,0
703,93,6.0,6,0
703,529,6.0,7,0
703,320,3.0,8,0
703,740,3.0,9,0
703,500,2.0,10,0
703,59,1.0,11,0
703,496,1.0,12,0
703,685,0.0,13,0
703,231,0.0,14,0
703,211,0.0,15,0
703,129,0.0,16,0
703,464,0.0,17,0
703,396,0.0,18,0
703,754,0.0,19,0
703,158,0.0,20,0
703,647,0.0,21,0
703,208,0.0,22,0
703,111,0.0,23,0
704,240,45.0,1,5
704,487,26.0,2,1
704,93,25.0,3,0
704,749,17.0,4,0
704,396,8.0,5,0
704,754,6.0,6,0
704,497,6.0,7,0
704,726,5.0,8,0
704,158,5.0,9,0
704,211,3.0,10,0
704,320,2.0,11,0
704,685,2.0,12,0
704,740,0.0,13,0
704,231,0.0,14,0
704,500,0.0,15,0
704,529,0.0,16,0
704,464,0.0,17,0
705,240,54.0,1,6
705,749,30.0,2,1
705,93,25.0,3,0
705,231,17.0,4,0
705,647,9.0,5,0
705,158,8.0,6,0
705,529,7.0,7,0
705,496,6.0,8,0
705,497,5.0,9,0
705,740,5.0,10,0
705,726,3.0,11,0
705,448,2.0,12,0
705,685,2.0,13,0
705,500,0.0,14,0
705,396,0.0,15,0
705,86,0.0,16,0
705,139,0.0,17,0
705,487,0.0,18,0
705,320,0.0,19,0
705,146,0.0,20,0
705,59,0.0,21,0
706,487,54.0,1,6
706,749,34.0,2,1
706,93,33.0,3,1
706,158,17.0,4,0
706,500,13.0,5,0
706,685,10.0,6,0
706,529,10.0,7,0
706,231,6.0,8,0
706,211,5.0,9,0
706,240,5.0,10,0
706,726,3.0,11,0
706,268,2.0,12,0
706,146,2.0,13,0
706,754,1.0,14,0
706,396,0.0,15,0
706,320,0.0,16,0
706,740,0.0,17,0
706,237,0.0,18,0
706,497,0.0,19,0
706,53,0.0,20,0
706,496,0.0,21,0
706,35,0.0,22,0
706,437,0.0,23,0
707,749,54.0,1,6
707,93,40.0,2,2
707,647,33.0,3,1
707,158,19.0,4,0
707,252,17.0,5,0
707,231,13.0,6,0
707,754,10.0,7,0
707,529,9.0,8,0
707,383,6.0,9,0
707,685,5.0,10,0
707,740,4.0,11,0
707,230,2.0,12,0
707,53,2.0,13,0
707,487,2.0,14,0
707,240,1.0,15,0
707,500,0.0,16,0
707,726,0.0,17,0
707,211,0.0,18,0
708,754,54.0,1,6
708,93,40.0,2,2
708,726,33.0,3,1
708,740,25.0,4,0
708,53,17.0,5,0
708,685,13.0,6,0
708,252,11.0,7,1
708,158,10.0,8,0
708,749,10.0,9,0
708,230,9.0,10,0
708,529,5.0,11,0
708,231,5.0,12,0
708,647,4.0,13,0
708,487,2.0,14,0
708,383,2.0,15,0
708,500,2.0,16,0
708,240,0.0,17,0
708,211,0.0,18,0
708,734,0.0,19,0
709,749,9.0,1,1
709,754,6.0,2,0
709,112,4.0,3,0
709,240,3.0,4,0
709,529,2.0,5,0
709,364,1.0,6,0
709,464,0.0,7,0
709,740,0.0,8,0
709,481,0.0,9,0
709,158,0.0,10,0
709,93,0.0,11,0
709,312,0.0,12,0
709,647,0.0,13,0
709,500,0.0,14,0
709,497,0.0,15,0
709,667,0.0,16,0
709,86,0.0,17,0
709,14,0.0,18,0
709,216,0.0,19,0
709,211,0.0,20,0
709,671,0.0,21,0
709,35,0.0,22,0
709,280,0.0,23,0
710,240,12.0,1,1
710,497,12.0,2,1
710,112,8.0,3,0
710,749,6.0,4,0
710,86,6.0,5,0
710,464,2.0,6,0
710,500,2.0,7,0
710,481,1.0,8,0
710,529,1.0,9,0
710,35,0.0,10,0
710,754,0.0,11,0
710,364,0.0,12,0
710,740,0.0,13,0
710,647,0.0,14,0
710,93,0.0,15,0
710,158,0.0,16,0
710,574,0.0,17,0
710,280,0.0,18,0
711,240,21.0,1,2
711,500,14.0,2,1
711,647,9.0,3,0
711,754,8.0,4,0
711,749,6.0,5,0
711,93,6.0,6,0
711,667,4.0,7,0
711,35,2.0,8,0
711,112,2.0,9,0
711,211,1.0,10,0
711,14,1.0,11,0
711,740,1.0,12,0
711,481,0.0,13,0
711,158,0.0,14,0
711,671,0.0,15,0
711,529,0.0,16,0
711,497,0.0,17,0
711,86,0.0,18,0
712,93,21.0,1,2
712,749,20.0,2,1
712,647,11.0,3,0
712,112,11.0,4,0
712,754,10.0,5,1
712,500,8.0,6,0
712,481,7.0,7,0
712,364,6.0,8,0
712,158,2.0,9,0
712,86,2.0,10,0
712,312,1.0,11,0
712,464,1.0,12,0
712,211,0.0,13,0
712,240,0.0,14,0
712,497,0.0,15,0
712,667,0.0,16,0
712,740,0.0,17,0
713,240,30.0,1,3
713,749,26.0,2,1
713,497,11.0,3,0
713,647,11.0,4,0
713,158,11.0,5,0
713,481,10.0,6,1
713,464,10.0,7,0
713,754,7.0,8,0
713,726,2.0,9,0
713,211,2.0,10,0
713,740,2.0,11,0
713,35,1.0,12,0
713,93,1.0,13,0
713,660,1.0,14,0
713,529,0.0,15,0
713,14,0.0,16,0
713,280,0.0,17,0
713,59,0.0,18,0
713,667,0.0,19,0
713,364,0.0,20,0
713,86,0.0,21,0
713,500,0.0,22,0
713,320,0.0,23,0
713,312,0.0,24,0
713,685,0.0,25,0
714,497,32.0,1,1
714,749,30.0,2,3
714,158,19.0,3,1
714,740,11.0,4,0
714,312,11.0,5,0
714,280,11.0,6,0
714,754,10.0,7,1
714,726,7.0,8,0
714,448,6.0,9,0
714,93,3.0,10,0
714,86,2.0,11,0
714,647,2.0,12,0
714,53,2.0,13,0
714,14,1.0,14,0
714,240,1.0,15,0
714,500,1.0,16,0
714,464,1.0,17,0
714,379,0.0,18,0
714,35,0.0,19,0
714,481,0.0,20,0
714,529,0.0,21,0
714,364,0.0,22,0
714,671,0.0,23,0
715,158,32.0,1,1
715,754,30.0,2,3
715,464,19.0,3,1
715,280,17.0,4,0
715,211,15.0,5,1
715,529,11.0,6,0
715,35,11.0,7,0
715,364,10.0,8,1
715,647,7.0,9,0
715,231,5.0,10,0
715,481,4.0,11,0
715,93,3.0,12,0
715,500,3.0,13,0
715,726,2.0,14,0
715,240,2.0,15,0
715,667,2.0,16,0
715,740,1.0,17,0
715,497,1.0,18,0
715,86,0.0,19,0
715,749,0.0,20,0
716,497,32.0,1,1
716,500,30.0,2,3
716,158,28.0,3,2
716,754,20.0,4,0
716,211,19.0,5,1
716,726,13.0,6,0
716,740,11.0,7,0
716,35,11.0,8,0
716,734,10.0,9,1
716,93,5.0,10,0
716,464,4.0,11,0
716,529,4.0,12,0
716,14,3.0,13,0
716,647,3.0,14,0
716,240,2.0,15,0
716,598,2.0,16,0
716,312,1.0,17,0
716,53,1.0,18,0
716,364,1.0,19,0
716,749,0.0,20,0
716,667,0.0,21,0
716,237,0.0,22,0
716,674,0.0,23,0
716,59,0.0,24,0
717,749,39.0,1,2
717,497,34.0,2,2
717,740,30.0,3,3
717,754,23.0,4,0
717,550,19.0,5,1
717,667,13.0,6,0
717,240,11.0,7,0
717,364,11.0,8,0
717,93,10.0,9,1
717,664,7.0,10,0
717,158,5.0,11,0
717,240,4.0,12,0
717,726,4.0,12,0
717,53,4.0,13,0
717,86,3.0,14,0
717,529,2.0,15,0
717,500,2.0,16,0
717,647,2.0,17,0
717,481,1.0,18,0
717,211,1.0,19,0
718,93,40.0,1,2
718,497,39.0,2,2
718,158,32.0,3,3
718,726,23.0,4,1
718,240,23.0,5,0
718,252,19.0,6,2
718,500,13.0,7,0
718,754,11.0,8,0
718,481,11.0,9,0
718,230,7.0,10,0
718,749,5.0,11,0
718,211,4.0,12,0
718,664,4.0,13,0
718,86,4.0,14,0
718,647,3.0,15,0
718,364,2.0,16,0
718,740,2.0,17,0
718,529,2.0,18,0
718,667,1.0,19,0
719,749,9.0,1,1
719,754,6.0,2,0
719,500,4.0,3,0
719,497,3.0,4,0
719,280,2.0,5,0
719,667,1.0,6,0
719,529,0.0,7,0
719,240,0.0,8,0
719,647,0.0,9,0
719,211,0.0,10,0
719,221,0.0,11,0
719,312,0.0,12,0
719,93,0.0,13,0
719,571,0.0,14,0
719,740,0.0,15,0
719,86,0.0,16,0
719,216,0.0,17,0
719,481,0.0,18,0
719,35,0.0,19,0
719,572,0.0,20,0
719,7,0.0,21,0
719,848,0.0,22,0
719,147,0.0,23,0
719,158,0.0,24,0
719,574,0.0,25,0
720,240,10.0,1,0
720,500,9.0,2,1
720,93,9.0,3,1
720,754,9.0,4,0
720,529,4.0,5,0
720,574,3.0,6,0
720,280,2.0,7,0
720,848,2.0,8,0
720,497,1.0,9,0
720,749,1.0,10,0
720,483,0.0,11,0
720,571,0.0,12,0
720,740,0.0,13,0
720,481,0.0,14,0
720,647,0.0,15,0
720,86,0.0,16,0
720,211,0.0,17,0
720,221,0.0,18,0
720,35,0.0,19,0
720,667,0.0,20,0
720,112,0.0,21,0
720,734,0.0,22,0
720,158,0.0,23,0
720,7,0.0,24,0
721,240,18.0,1,2
721,93,11.0,2,0
721,497,10.0,3,0
721,211,10.0,4,0
721,754,9.0,5,1
721,734,7.0,6,0
721,740,3.0,7,0
721,571,2.0,8,0
721,574,2.0,9,0
721,667,1.0,10,0
721,529,1.0,11,0
721,749,1.0,12,0
721,647,0.0,13,0
721,86,0.0,14,0
721,35,0.0,15,0
721,481,0.0,16,0
721,280,0.0,17,0
721,500,0.0,18,0
721,448,0.0,19,0
721,848,0.0,20,0
721,7,0.0,21,0
722,240,27.0,1,3
722,280,12.0,2,0
722,749,11.0,3,0
722,647,10.0,4,0
722,93,9.0,5,1
722,740,8.0,6,0
722,86,7.0,7,0
722,312,3.0,8,0
722,211,3.0,9,0
722,158,2.0,10,0
722,571,1.0,11,0
722,500,1.0,12,0
722,667,1.0,13,0
722,481,1.0,14,0
722,529,0.0,15,0
722,496,0.0,16,0
722,497,0.0,17,0
722,848,0.0,18,0
722,754,0.0,19,0
722,734,0.0,20,0
722,112,0.0,21,0
722,35,0.0,22,0
722,7,0.0,23,0
722,147,0.0,24,0
723,240,36.0,1,4
723,497,14.0,2,0
723,749,13.0,3,1
723,754,13.0,4,0
723,158,12.0,5,0
723,571,10.0,6,0
723,86,8.0,7,0
723,364,3.0,8,0
723,280,3.0,9,0
723,574,2.0,10,0
723,496,2.0,11,0
723,464,1.0,12,0
723,572,1.0,13,0
723,740,1.0,14,0
723,529,1.0,15,0
723,93,1.0,16,0
723,59,0.0,17,0
723,7,0.0,18,0
723,647,0.0,19,0
723,211,0.0,20,0
723,667,0.0,21,0
723,848,0.0,22,0
723,500,0.0,23,0
723,147,0.0,24,0
723,35,0.0,25,0
723,481,0.0,26,0
724,497,42.0,1,4
724,240,22.0,2,1
724,754,18.0,3,0
724,448,13.0,4,1
724,571,12.0,5,0
724,529,10.0,6,0
724,647,8.0,7,0
724,667,3.0,8,0
724,740,3.0,9,0
724,216,3.0,10,0
724,574,3.0,11,0
724,280,3.0,12,0
724,93,2.0,13,0
724,598,1.0,14,0
724,7,1.0,15,0
724,848,1.0,16,0
724,500,1.0,17,0
724,749,0.0,18,0
724,86,0.0,19,0
724,221,0.0,20,0
724,211,0.0,21,0
724,158,0.0,22,0
724,671,0.0,23,0
724,59,0.0,24,0
724,553,0.0,25,0
724,430,0.0,26,0
724,481,0.0,27,0
724,35,0.0,28,0
724,496,0.0,29,0
725,240,51.0,1,5
725,754,24.0,2,0
725,500,22.0,3,1
725,211,14.0,4,0
725,647,13.0,5,1
725,280,12.0,6,0
725,529,9.0,7,0
725,571,6.0,8,0
725,312,5.0,9,0
725,364,3.0,10,0
725,481,3.0,11,0
725,464,3.0,12,0
725,726,2.0,13,0
725,93,1.0,14,0
725,35,1.0,15,0
725,749,1.0,16,0
725,740,1.0,17,0
725,158,0.0,18,0
725,496,0.0,19,0
725,497,0.0,20,0
725,86,0.0,21,0
725,598,0.0,22,0
725,59,0.0,23,0
725,848,0.0,24,0
725,574,0.0,25,0
725,693,0.0,26,0
725,671,0.0,27,0
725,45,0.0,28,0
725,448,0.0,29,0
725,7,0.0,30,0
725,370,0.0,31,0
725,330,0.0,32,0
725,441,0.0,33,0
726,749,51.0,1,5
726,754,28.0,2,0
726,240,22.0,3,2
726,647,22.0,4,1
726,158,14.0,5,0
726,574,12.0,6,0
726,293,9.0,7,0
726,529,8.0,8,0
726,497,6.0,9,0
726,571,4.0,10,0
726,500,3.0,11,0
726,740,3.0,12,0
726,280,3.0,13,0
726,697,2.0,14,0
726,93,1.0,15,0
726,252,1.0,16,0
726,667,1.0,17,0
726,496,0.0,18,0
726,664,0.0,19,0
726,481,0.0,20,0
726,35,0.0,21,0
726,550,0.0,22,0
726,211,0.0,23,0
726,810,0.0,24,0
727,240,54.0,1,6
727,647,29.0,2,0
727,754,25.0,3,2
727,749,22.0,4,1
727,529,14.0,5,0
727,93,14.0,6,0
727,664,13.0,7,0
727,571,9.0,8,0
727,740,6.0,9,0
727,574,5.0,10,0
727,230,4.0,11,0
727,481,3.0,12,0
727,158,3.0,13,0
727,500,2.0,14,0
727,252,1.0,15,0
727,496,1.0,16,0
727,497,1.0,17,0
727,667,0.0,18,0
727,35,0.0,19,0
727,86,0.0,20,0
727,280,0.0,21,0
727,558,0.0,22,0
727,550,0.0,23,0
727,211,0.0,24,0
727,117,0.0,25,0
728,240,54.0,1,7
728,93,29.0,2,2
728,749,29.0,3,0
728,500,22.0,4,1
728,158,19.0,5,0
728,529,17.0,6,0
728,280,14.0,7,0
728,667,9.0,8,0
728,674,6.0,9,0
728,574,6.0,10,0
728,263,6.0,11,0
728,800,3.0,12,0
728,647,3.0,13,0
728,277,2.0,14,0
728,599,1.0,15,0
728,417,1.0,16,0
728,497,1.0,17,0
728,754,0.0,18,0
728,249,0.0,19,0
728,142,0.0,20,0
728,466,0.0,21,0
728,169,0.0,22,0
729,749,9.0,1,1
729,667,6.0,2,0
729,481,4.0,3,0
729,35,3.0,4,0
729,280,2.0,5,0
729,574,1.0,6,0
729,529,0.0,7,0
729,215,0.0,8,0
729,240,0.0,9,0
729,453,0.0,10,0
729,754,0.0,11,0
729,211,0.0,12,0
729,496,0.0,13,0
729,567,0.0,14,0
729,93,0.0,15,0
729,500,0.0,16,0
729,819,0.0,17,0
729,497,0.0,18,0
729,647,0.0,19,0
729,842,0.0,20,0
729,102,0.0,21,0
729,312,0.0,22,0
730,500,10.0,1,1
730,481,10.0,2,0
730,158,9.0,3,1
730,497,6.0,4,0
730,529,4.0,5,0
730,749,3.0,6,0
730,221,3.0,7,0
730,647,2.0,8,0
730,211,2.0,9,0
730,240,1.0,10,0
730,819,0.0,11,0
730,280,0.0,12,0
730,667,0.0,13,0
730,93,0.0,14,0
730,312,0.0,15,0
730,754,0.0,16,0
730,740,0.0,17,0
730,215,0.0,18,0
730,496,0.0,19,0
730,574,0.0,20,0
730,268,0.0,21,0
730,453,0.0,22,0
730,146,0.0,23,0
730,751,0.0,24,0
731,240,16.0,1,1
731,749,14.0,2,0
731,481,9.0,3,1
731,453,9.0,4,1
731,497,6.0,5,0
731,647,5.0,6,0
731,574,4.0,7,0
731,312,3.0,8,0
731,483,3.0,9,0
731,740,2.0,10,0
731,572,2.0,11,0
731,667,1.0,12,0
731,221,1.0,13,0
731,754,0.0,14,0
731,280,0.0,15,0
731,500,0.0,16,0
731,496,0.0,17,0
731,211,0.0,18,0
731,35,0.0,19,0
731,93,0.0,20,0
731,751,0.0,21,0
731,215,0.0,22,0
731,661,0.0,23,0
731,819,0.0,24,0
731,42,0.0,25,0
731,529,0.0,26,0
732,93,16.0,1,1
732,280,14.0,2,0
732,754,12.0,3,1
732,500,9.0,4,1
732,497,9.0,5,1
732,574,8.0,6,0
732,312,7.0,7,0
732,667,6.0,8,0
732,749,4.0,9,0
732,529,4.0,10,0
732,240,3.0,11,0
732,215,3.0,12,0
732,819,2.0,13,0
732,496,2.0,14,0
732,647,1.0,15,0
732,740,0.0,16,0
732,211,0.0,17,0
732,112,0.0,18,0
732,751,0.0,19,0
732,725,0.0,20,0
733,240,19.0,1,1
733,497,18.0,2,2
733,500,16.0,3,1
733,749,14.0,4,0
733,647,13.0,5,0
733,280,9.0,6,1
733,496,9.0,7,0
733,667,6.0,8,0
733,93,4.0,9,0
733,215,4.0,10,0
733,848,3.0,11,0
733,7,3.0,12,0
733,754,3.0,13,0
733,574,2.0,14,0
733,357,2.0,15,0
733,211,0.0,16,0
733,481,0.0,17,0
733,819,0.0,18,0
733,529,0.0,19,0
733,567,0.0,20,0
733,678,0.0,21,0
733,222,0.0,22,0
733,312,0.0,23,0
733,572,0.0,24,0
733,222,0.0,25,0
733,740,0.0,26,0
734,749,28.0,1,2
734,497,21.0,2,2
734,93,19.0,3,0
734,240,18.0,4,1
734,500,14.0,5,0
734,453,13.0,6,1
734,529,9.0,7,0
734,754,6.0,8,0
734,280,4.0,9,0
734,35,4.0,10,0
734,7,4.0,11,0
734,740,3.0,12,0
734,574,3.0,13,0
734,655,2.0,14,0
734,268,2.0,15,0
734,483,0.0,16,0
734,215,0.0,17,0
734,481,0.0,18,0
734,647,0.0,19,0
734,222,0.0,20,0
734,819,0.0,21,0
734,312,0.0,22,0
734,158,0.0,23,0
734,42,0.0,24,0
734,216,0.0,25,0
734,667,0.0,26,0
734,678,0.0,27,0
734,567,0.0,28,0
734,357,0.0,29,0
734,370,0.0,30,0
734,751,0.0,31,0
735,749,36.0,1,3
735,754,22.0,2,1
735,500,21.0,3,2
735,221,19.0,4,0
735,35,14.0,5,0
735,529,13.0,6,1
735,280,10.0,7,0
735,158,9.0,8,0
735,268,6.0,9,0
735,574,5.0,10,0
735,481,4.0,11,0
735,496,4.0,12,0
735,93,3.0,13,0
735,453,3.0,14,0
735,211,3.0,15,0
735,497,2.0,16,0
735,819,0.0,17,0
735,667,0.0,18,0
735,848,0.0,19,0
735,312,0.0,20,0
735,240,0.0,21,0
735,678,0.0,22,0
735,222,0.0,23,0
735,661,0.0,24,0
735,7,0.0,25,0
735,740,0.0,26,0
735,432,0.0,27,0
735,45,0.0,28,0
735,357,0.0,29,0
735,147,0.0,30,0
735,430,0.0,31,0
736,240,39.0,1,3
736,749,30.0,2,3
736,500,24.0,3,1
736,647,19.0,4,0
736,93,15.0,5,1
736,496,14.0,6,0
736,280,10.0,7,0
736,211,9.0,8,0
736,518,6.0,9,0
736,709,6.0,10,0
736,664,5.0,11,0
736,667,4.0,12,0
736,529,4.0,13,0
736,754,3.0,14,0
736,312,3.0,15,0
736,11,2.0,16,0
736,497,1.0,17,0
736,574,0.0,18,0
736,819,0.0,19,0
736,571,0.0,20,0
737,749,42.0,1,4
737,500,30.0,2,3
737,280,27.0,3,1
737,647,19.0,4,0
737,211,15.0,5,1
737,169,14.0,6,0
737,754,13.0,7,0
737,674,10.0,8,0
737,724,9.0,9,0
737,249,6.0,10,0
737,574,5.0,11,0
737,240,4.0,12,0
737,263,4.0,13,0
737,819,3.0,14,0
737,96,3.0,15,0
737,497,2.0,16,0
737,667,2.0,17,0
737,649,1.0,18,0
737,636,1.0,19,0
737,848,0.0,20,0
737,142,0.0,21,0
738,236,9.0,1,1
738,754,6.0,2,0
738,481,4.0,3,0
738,742,3.0,4,0
738,93,2.0,5,0
738,500,1.0,6,0
738,312,0.0,7,0
738,306,0.0,8,0
738,750,0.0,9,0
738,240,0.0,10,0
738,497,0.0,11,0
738,529,0.0,12,0
738,303,0.0,13,0
738,490,0.0,14,0
738,647,0.0,15,0
738,749,0.0,16,0
738,211,0.0,17,0
738,444,0.0,18,0
738,496,0.0,19,0
738,483,0.0,20,0
738,408,0.0,21,0
739,742,12.0,1,1
739,481,12.0,2,1
739,240,10.0,3,0
739,236,8.0,4,0
739,754,4.0,5,0
739,647,2.0,6,0
739,497,1.0,7,0
739,749,1.0,8,0
739,303,0.0,9,0
739,93,0.0,10,0
739,529,0.0,11,0
739,500,0.0,12,0
739,667,0.0,13,0
739,574,0.0,14,0
739,750,0.0,15,0
739,496,0.0,16,0
739,7,0.0,17,0
740,481,19.0,1,1
740,742,18.0,2,1
740,754,12.0,3,1
740,408,12.0,4,0
740,497,4.0,5,0
740,93,3.0,6,0
740,529,3.0,7,0
740,236,2.0,8,0
740,215,1.0,9,0
740,496,1.0,10,0
740,574,0.0,11,0
740,240,0.0,12,0
740,303,0.0,13,0
740,749,0.0,14,0
740,312,0.0,15,0
740,158,0.0,16,0
740,647,0.0,17,0
740,500,0.0,18,0
740,211,0.0,19,0
740,483,0.0,20,0
740,221,0.0,21,0
740,751,0.0,22,0
740,567,0.0,23,0
740,7,0.0,24,0
740,306,0.0,25,0
740,444,0.0,26,0
741,35,19.0,1,1
741,93,18.0,2,1
741,240,12.0,3,1
741,211,12.0,4,0
741,500,9.0,5,1
741,749,9.0,6,0
741,529,8.0,7,0
741,819,3.0,8,0
741,481,3.0,9,0
741,444,3.0,10,0
741,490,2.0,11,0
741,496,1.0,12,0
741,312,1.0,13,0
741,7,0.0,14,0
741,754,0.0,15,0
741,236,0.0,16,0
741,221,0.0,17,0
741,574,0.0,18,0
741,483,0.0,19,0
741,742,0.0,20,0
741,170,0.0,21,0
741,647,0.0,22,0
741,216,0.0,23,0
741,497,0.0,24,0
741,303,0.0,25,0
741,215,0.0,26,0
741,567,0.0,27,0
741,788,0.0,28,0
741,750,0.0,29,0
741,408,0.0,30,0
741,82,0.0,31,0
742,742,27.0,1,2
742,481,25.0,2,1
742,754,16.0,3,0
742,647,12.0,4,1
742,529,9.0,5,1
742,819,9.0,6,0
742,93,8.0,7,0
742,500,4.0,8,0
742,303,3.0,9,0
742,211,3.0,10,0
742,496,3.0,11,0
742,158,2.0,12,0
742,280,2.0,13,0
742,7,1.0,14,0
742,222,1.0,15,0
742,574,0.0,16,0
742,567,0.0,17,0
742,240,0.0,18,0
742,236,0.0,19,0
742,505,0.0,19,0
742,483,0.0,20,0
742,236,0.0,21,0
742,749,0.0,22,0
742,35,0.0,23,0
742,751,0.0,24,0
742,497,0.0,25,0
742,553,0.0,26,0
742,215,0.0,27,0
742,661,0.0,28,0
742,444,0.0,29,0
742,675,0.0,30,0
742,408,0.0,31,0
743,236,33.0,1,2
743,742,29.0,2,1
743,481,21.0,3,2
743,240,16.0,4,0
743,497,11.0,5,0
743,500,9.0,6,1
743,93,9.0,7,0
743,754,4.0,8,0
743,215,4.0,9,0
743,819,4.0,10,0
743,280,3.0,11,0
743,7,3.0,12,0
743,750,2.0,13,0
743,574,1.0,14,0
743,751,1.0,15,0
743,661,0.0,16,0
743,221,0.0,17,0
743,312,0.0,18,0
743,216,0.0,19,0
743,158,0.0,20,0
743,303,0.0,21,0
743,529,0.0,22,0
743,567,0.0,23,0
743,749,0.0,24,0
743,211,0.0,25,0
743,647,0.0,26,0
743,379,0.0,27,0
743,496,0.0,28,0
743,490,0.0,29,0
743,781,0.0,30,0
743,377,0.0,31,0
743,265,0.0,32,0
743,572,0.0,33,0
744,481,34.0,1,2
744,93,33.0,2,2
744,500,21.0,3,2
744,215,16.0,4,0
744,303,15.0,5,0
744,819,11.0,6,0
744,574,9.0,7,1
744,158,8.0,8,0
744,312,4.0,9,0
744,553,4.0,10,0
744,444,3.0,11,0
744,377,3.0,12,0
744,236,3.0,13,0
744,754,2.0,14,0
744,441,2.0,15,0
744,529,2.0,16,0
744,453,1.0,17,0
744,35,0.0,18,0
744,268,0.0,19,0
744,496,0.0,20,0
744,749,0.0,21,0
744,647,0.0,22,0
744,82,0.0,23,0
744,211,0.0,24,0
744,505,0.0,25,0
744,497,0.0,26,0
744,742,0.0,27,0
744,240,0.0,28,0
744,146,0.0,29,0
744,567,0.0,30,0
744,45,0.0,31,0
744,661,0.0,32,0
744,671,0.0,33,0
744,379,0.0,34,0
744,675,0.0,35,0
744,465,0.0,36,0
744,432,0.0,37,0
744,634,0.0,38,0
744,490,0.0,39,0
745,211,34.0,1,2
745,93,33.0,2,2
745,303,21.0,3,2
745,500,21.0,4,0
745,749,16.0,5,0
745,529,12.0,6,1
745,240,11.0,7,0
745,518,11.0,8,0
745,92,9.0,9,1
745,664,6.0,10,0
745,408,4.0,11,0
745,496,4.0,11,0
745,819,4.0,12,0
745,571,3.0,13,0
745,180,3.0,14,0
745,236,3.0,15,0
745,647,3.0,16,0
745,496,2.0,17,0
745,550,0.0,18,0
745,497,0.0,19,0
745,199,0.0,20,0
746,500,8.0,1,1
746,306,6.0,2,0
746,312,3.0,3,0
746,236,3.0,3,0
746,798,2.0,4,0
746,742,1.0,5,0
746,211,0.0,6,0
746,529,0.0,7,0
746,481,0.0,8,0
746,775,0.0,9,0
746,797,0.0,10,0
746,203,0.0,11,0
746,496,0.0,12,0
746,849,0.0,13,0
746,147,0.0,14,0
746,115,0.0,15,0
746,647,0.0,16,0
746,236,0.0,17,0
746,749,0.0,18,0
746,761,0.0,19,0
746,315,0.0,20,0
746,556,0.0,21,0
746,170,0.0,22,0
747,236,14.0,1,1
747,500,8.0,2,1
747,481,6.0,3,0
747,303,4.0,4,0
747,529,3.0,5,0
747,754,3.0,6,0
747,749,2.0,7,0
747,742,2.0,8,0
747,211,1.0,9,0
747,93,1.0,10,0
747,647,0.0,11,0
747,819,0.0,12,0
747,761,0.0,13,0
747,271,0.0,14,0
747,497,0.0,15,0
747,312,0.0,16,0
747,562,0.0,17,0
747,306,0.0,18,0
747,82,0.0,19,0
747,496,0.0,20,0
747,776,0.0,21,0
747,170,0.0,22,0
747,773,0.0,23,0
747,7,0.0,24,0
748,628,14.0,1,1
748,697,8.0,2,1
748,292,8.0,3,1
748,21,6.0,4,0
748,476,6.0,5,0
748,392,4.0,6,0
748,180,4.0,7,0
748,516,3.0,8,0
748,84,3.0,9,0
748,642,3.0,10,0
748,627,2.0,11,0
748,767,2.0,12,0
748,611,2.0,13,0
748,517,1.0,14,0
748,376,1.0,15,0
748,145,1.0,16,0
748,523,0.0,17,0
748,459,0.0,18,0
748,33,0.0,19,0
748,777,0.0,20,0
748,579,0.0,21,0
748,57,0.0,22,0
748,585,0.0,23,0
748,576,0.0,24,0
748,27,0.0,25,0
748,555,0.0,26,0
748,768,0.0,27,0
748,104,0.0,28,0
748,624,0.0,29,0
748,363,0.0,30,0
748,790,0.0,31,0
748,479,0.0,32,0
748,304,0.0,33,0
749,647,14.0,1,1
749,211,11.0,2,1
749,749,8.0,3,1
749,236,8.0,4,1
749,742,7.0,5,0
749,754,6.0,6,0
749,444,6.0,7,0
749,574,4.0,8,0
749,761,4.0,9,0
749,529,4.0,10,0
749,481,4.0,11,0
749,240,3.0,12,0
749,312,3.0,13,0
749,93,3.0,14,0
749,271,2.0,15,0
749,500,2.0,16,0
749,303,2.0,17,0
749,819,1.0,18,0
749,496,0.0,19,0
749,773,0.0,20,0
749,776,0.0,21,0
750,647,20.0,1,1
750,500,16.0,2,2
750,408,11.0,3,1
750,481,8.0,4,1
750,240,7.0,5,0
750,483,7.0,6,0
750,749,6.0,7,0
750,761,6.0,8,0
750,221,4.0,9,0
750,742,4.0,10,0
750,271,4.0,11,0
750,776,4.0,12,0
750,529,3.0,13,0
750,211,3.0,14,0
750,93,3.0,15,0
750,303,2.0,16,0
750,773,2.0,17,0
750,236,2.0,18,0
750,214,2.0,19,0
751,647,24.0,1,3
751,408,24.0,2,1
751,500,11.0,3,1
751,444,10.0,4,0
751,240,8.0,5,1
751,769,7.0,6,0
751,211,7.0,7,0
751,562,6.0,8,0
751,496,6.0,9,0
751,7,4.0,10,0
751,742,4.0,11,0
751,481,4.0,12,0
751,529,4.0,13,0
751,483,3.0,14,0
751,93,3.0,15,0
751,849,3.0,16,0
751,221,3.0,17,0
751,303,2.0,18,0
751,749,2.0,19,0
751,312,2.0,20,0
751,754,1.0,21,0
751,782,1.0,22,0
751,776,1.0,23,0
752,647,32.0,1,4
752,497,27.0,2,1
752,211,11.0,3,1
752,500,11.0,4,0
752,303,10.0,5,0
752,742,8.0,6,1
752,481,7.0,7,0
752,444,6.0,8,0
752,408,6.0,9,0
752,93,6.0,10,0
752,312,5.0,11,0
752,782,5.0,12,0
752,82,4.0,13,0
752,496,4.0,14,0
752,849,4.0,15,0
752,240,3.0,16,0
752,749,3.0,17,0
752,483,3.0,18,0
752,529,2.0,19,0
752,776,2.0,20,0
752,7,2.0,21,0
752,819,1.0,22,0
752,505,1.0,23,0
752,222,1.0,24,0
752,773,0.0,25,0
753,647,40.0,1,5
753,500,33.0,2,1
753,240,12.0,3,0
753,742,11.0,4,1
753,303,10.0,5,0
753,211,8.0,6,1
753,408,8.0,7,0
753,236,8.0,8,0
753,598,7.0,9,0
753,497,7.0,10,0
753,481,6.0,11,0
753,93,6.0,12,0
753,496,6.0,13,0
753,749,4.0,14,0
753,529,4.0,15,0
754,481,40.0,1,5
754,754,33.0,2,1
754,221,15.0,3,1
754,8,12.0,4,0
754,742,11.0,5,1
754,750,10.0,6,0
754,379,10.0,7,0
754,787,8.0,8,1
754,567,8.0,9,0
754,350,8.0,10,0
754,82,7.0,11,0
754,465,6.0,12,0
754,849,6.0,13,0
754,170,6.0,14,0
754,264,4.0,15,0
754,758,4.0,16,0
754,371,4.0,17,0
755,236,43.0,1,5
755,211,34.0,2,1
755,500,19.0,3,2
755,647,18.0,4,0
755,529,16.0,5,1
755,481,10.0,6,0
755,571,10.0,7,0
755,819,8.0,8,1
755,742,8.0,9,0
755,776,8.0,10,0
755,491,7.0,11,0
755,408,6.0,12,0
755,801,6.0,13,0
755,444,6.0,14,0
755,312,4.0,15,0
755,240,4.0,16,0
755,749,4.0,17,0
755,7,4.0,18,0
755,82,3.0,19,0
755,93,3.0,20,0
755,769,3.0,21,0
755,303,3.0,22,0
755,497,2.0,23,0
756,647,9.0,1,1
756,303,6.0,2,0
756,312,4.0,3,0
756,481,3.0,4,0
756,500,2.0,5,0
756,819,0.0,6,0
756,236,0.0,7,0
756,769,0.0,8,0
756,115,0.0,9,0
756,529,0.0,10,0
756,702,0.0,11,0
756,749,0.0,12,0
756,496,0.0,13,0
756,742,0.0,14,0
756,306,0.0,15,0
756,562,0.0,16,0
756,233,0.0,17,0
756,170,0.0,18,0
756,245,0.0,19,0
756,483,0.0,20,0
756,290,0.0,21,0
756,491,0.0,22,0
756,704,0.0,23,0
756,831,0.0,24,0
757,697,9.0,1,1
757,628,8.0,2,1
757,476,6.0,3,0
757,585,6.0,4,0
757,292,5.0,5,0
757,768,4.0,6,0
757,767,3.0,7,0
757,392,3.0,8,0
757,578,2.0,9,0
757,27,2.0,10,0
757,517,0.0,11,0
757,516,0.0,12,0
757,479,0.0,13,0
757,829,0.0,14,0
757,38,0.0,15,0
757,624,0.0,16,0
757,579,0.0,17,0
757,527,0.0,18,0
757,166,0.0,19,0
757,790,0.0,20,0
757,802,0.0,21,0
757,57,0.0,22,0
757,779,0.0,23,0
757,21,0.0,24,0
757,642,0.0,25,0
757,145,0.0,26,0
757,254,0.0,27,0
757,682,0.0,28,0
757,651,0.0,29,0
757,589,0.0,30,0
757,627,0.0,31,0
757,363,0.0,32,0
757,33,0.0,33,0
758,529,15.0,1,1
758,647,8.0,2,1
758,496,8.0,3,1
758,211,6.0,4,0
758,702,6.0,5,0
758,481,5.0,6,0
758,749,4.0,7,0
758,312,4.0,8,0
758,306,3.0,9,0
758,574,3.0,10,0
758,236,3.0,11,0
758,115,2.0,12,0
758,303,2.0,13,0
758,414,2.0,14,0
758,819,1.0,15,0
759,303,19.0,1,1
759,481,14.0,2,1
759,647,9.0,3,0
759,408,8.0,4,1
759,500,8.0,5,1
759,769,6.0,6,0
759,115,5.0,7,0
759,170,4.0,8,0
759,574,4.0,9,0
759,67,4.0,10,0
759,312,3.0,11,0
759,236,3.0,12,0
759,702,3.0,13,0
759,819,2.0,14,0
759,93,2.0,15,0
759,211,2.0,16,0
759,7,0.0,17,0
759,496,0.0,18,0
759,749,0.0,19,0
759,725,0.0,20,0
759,529,0.0,21,0
759,20,0.0,22,0
760,647,27.0,1,2
760,236,14.0,2,1
760,500,9.0,3,0
760,115,8.5,4,0
760,312,8.5,5,0
760,819,8.0,6,1
760,496,8.0,7,1
760,761,6.0,8,0
760,749,6.0,9,0
760,271,5.0,10,0
760,444,4.0,11,0
760,610,3.0,12,0
760,233,3.0,13,0
760,414,3.0,14,0
760,67,3.0,15,0
760,769,2.0,16,0
760,505,2.0,17,0
760,529,0.0,18,0
760,7,0.0,19,0
760,750,0.0,20,0
760,782,0.0,21,0
760,82,0.0,22,0
760,214,0.0,23,0
760,303,0.0,24,0
760,222,0.0,25,0
760,136,0.0,26,0
760,323,0.0,27,0
760,648,0.0,28,0
760,667,0.0,29,0
760,553,0.0,30,0
761,303,27.0,1,2
761,93,23.0,2,2
761,481,13.0,3,0
761,312,10.0,4,1
761,529,9.0,5,0
761,7,8.5,6,0
761,115,8.5,7,0
761,500,8.0,8,1
761,750,6.0,9,0
761,496,6.0,10,0
761,647,5.0,11,0
761,749,4.0,12,0
761,211,3.0,13,0
761,306,3.0,14,0
761,236,3.0,15,0
762,236,27.0,1,2
762,496,23.0,2,2
762,93,17.5,3,1
762,312,13.0,4,0
762,115,12.0,5,0
762,819,10.0,6,1
762,769,10.0,7,0
762,414,10.0,8,0
762,303,8.5,9,0
762,598,8.0,10,1
762,500,6.0,11,0
762,647,5.0,12,0
762,529,5.0,13,0
762,481,3.0,14,0
762,749,3.0,15,0
762,211,3.0,16,0
763,236,31.0,1,2
763,481,25.5,2,2
763,647,23.0,3,2
763,93,20.0,4,0
763,306,13.0,5,0
763,408,12.0,6,0
763,115,10.0,7,1
763,529,10.0,8,0
763,312,8.5,9,0
763,414,8.0,10,1
763,725,6.0,11,0
763,170,5.0,12,0
763,769,5.0,13,0
763,7,3.0,14,0
763,8,3.0,15,0
763,819,3.0,16,0
763,500,2.0,17,0
763,505,2.0,18,0
763,211,2.0,19,0
763,749,0.0,20,0
763,303,0.0,21,0
764,500,31.0,1,2
764,312,27.0,2,2
764,303,25.5,3,2
764,647,20.0,4,0
764,211,19.0,5,0
764,742,16.5,6,1
764,140,13.0,7,0
764,306,10.0,8,1
764,819,10.0,9,0
764,697,8.0,10,1
764,502,6.0,11,0
764,481,5.0,12,0
764,67,5.0,13,0
764,236,5.0,14,0
764,115,3.0,15,0
764,83,3.0,16,0
764,761,2.0,17,0
764,454,2.0,18,0
764,291,2.0,19,0
765,236,8.0,1,1
765,615,6.0,2,0
765,286,4.0,3,0
765,789,4.0,4,0
765,702,2.0,5,0
765,115,0.0,6,0
765,798,0.0,7,0
765,400,0.0,8,0
765,371,0.0,9,0
765,391,0.0,10,0
766,312,12.0,1,0
766,615,8.0,2,1
766,391,8.0,3,1
766,647,5.0,4,0
766,115,4.0,5,0
766,306,4.0,6,0
766,742,3.0,7,0
766,529,2.0,8,0
766,749,2.0,9,0
766,819,0.0,10,0
766,286,0.0,11,0
766,236,0.0,12,0
766,702,0.0,13,0
766,170,0.0,14,0
766,303,0.0,15,0
766,278,0.0,16,0
766,769,0.0,17,0
766,144,0.0,18,0
766,46,0.0,19,0
766,299,0.0,20,0
766,531,0.0,21,0
766,290,0.0,22,0
766,831,0.0,23,0
766,8,0.0,24,0
766,507,0.0,25,0
766,371,0.0,26,0
766,769,0.0,27,0
766,748,0.0,28,0
766,573,0.0,29,0
766,179,0.0,30,0
766,400,0.0,31,0
767,236,17.0,1,2
767,115,12.0,2,0
767,702,8.0,3,1
767,819,8.0,4,0
767,286,7.0,5,0
767,306,6.0,6,0
767,615,4.0,7,0
767,647,4.0,8,0
767,312,3.0,9,0
767,529,3.0,10,0
767,574,0.0,11,0
767,170,0.0,12,0
767,278,0.0,13,0
767,749,0.0,14,0
767,391,0.0,15,0
767,496,0.0,16,0
767,303,0.0,17,0
767,371,0.0,18,0
768,33,17.0,1,2
768,665,12.0,2,0
768,768,8.0,3,1
768,585,8.0,4,1
768,628,8.0,5,0
768,63,7.0,6,0
768,57,6.0,7,0
768,651,6.0,8,0
768,392,4.0,9,0
768,802,4.0,10,0
768,527,4.0,11,0
768,467,4.0,12,0
768,308,3.0,13,0
768,642,3.0,14,0
768,304,2.0,15,0
768,27,0.0,16,0
768,589,0.0,17,0
768,578,0.0,18,0
768,523,0.0,19,0
768,697,0.0,20,0
768,537,0.0,21,0
768,579,0.0,22,0
768,476,0.0,23,0
768,682,0.0,24,0
768,254,0.0,25,0
768,516,0.0,26,0
768,790,0.0,27,0
768,645,0.0,28,0
768,834,0.0,29,0
768,292,0.0,30,0
768,475,0.0,31,0
768,363,0.0,32,0
768,824,0.0,33,0
769,303,17.0,1,2
769,286,14.0,2,0
769,278,12.0,3,0
769,306,10.0,4,0
769,115,8.0,5,1
769,408,8.0,6,1
769,312,8.0,7,1
769,819,6.0,8,0
769,529,6.0,9,0
769,290,4.0,10,0
769,400,4.0,11,0
769,647,4.0,12,0
769,749,4.0,13,0
769,615,4.0,14,0
769,391,3.0,15,0
769,702,3.0,16,0
769,567,3.0,17,0
769,236,2.0,18,0
769,496,0.0,19,0
770,286,23.0,1,2
770,236,23.0,2,1
770,742,12.0,3,0
770,789,10.0,4,0
770,391,8.0,5,1
770,647,8.0,6,1
770,481,8.0,7,1
770,529,7.0,8,0
770,46,6.0,9,0
770,777,6.0,10,0
770,819,6.0,11,0
770,115,4.0,12,0
770,702,4.0,13,0
770,278,4.0,14,0
770,303,4.0,14,0
770,749,4.0,15,0
770,400,3.0,16,0
770,312,3.0,17,0
770,303,3.0,18,0
770,615,2.0,19,0
770,414,0.0,20,0
770,306,0.0,21,0
771,391,30.0,1,1
771,286,23.0,2,2
771,819,14.0,3,1
771,278,12.0,4,0
771,115,12.0,5,0
771,647,8.0,6,1
771,303,8.0,7,1
771,312,8.0,8,1
771,414,7.0,9,0
771,742,7.0,10,0
771,529,7.0,11,0
771,46,6.0,12,0
771,7,6.0,13,0
771,236,4.0,14,0
771,306,4.0,15,0
771,702,4.0,16,0
771,233,3.0,17,0
771,761,3.0,18,0
771,749,2.0,19,0
771,505,0.0,20,0
772,303,30.0,1,1
772,819,24.0,2,2
772,312,16.0,3,2
772,742,14.0,4,1
772,500,13.0,5,0
772,379,12.0,6,1
772,7,12.0,7,0
772,751,12.0,8,0
772,481,8.0,9,1
772,306,7.0,10,0
772,233,7.0,11,0
772,286,7.0,12,0
772,391,6.0,13,0
772,567,6.0,14,0
772,115,4.0,15,0
772,120,4.0,16,0
772,749,3.0,17,0
772,702,3.0,18,0
772,574,2.0,19,0
772,750,0.0,20,0
772,236,0.0,21,0
772,200,0.0,22,0
772,82,0.0,23,0
772,647,0.0,24,0
772,529,0.0,25,0
772,777,0.0,26,0
773,236,36.0,1,1
773,286,32.0,2,3
773,278,16.0,3,2
773,702,14.0,4,1
773,742,13.0,5,0
773,115,12.0,6,1
773,647,12.0,7,0
773,312,12.0,8,0
773,819,11.0,9,0
773,414,9.0,10,0
773,303,9.0,11,0
773,749,8.0,12,1
773,306,7.0,13,0
773,529,6.0,14,0
773,290,4.0,15,0
774,303,40.0,1,1
774,286,32.0,2,3
774,481,24.0,3,3
774,414,15.0,4,0
774,496,15.0,4,0
774,819,14.0,5,1
774,749,12.0,6,1
774,306,12.0,7,0
774,290,12.0,8,0
774,8,11.0,9,0
774,702,9.0,10,0
774,750,9.0,11,0
774,278,8.0,12,1
774,312,7.0,13,0
774,236,6.0,14,0
774,529,5.0,15,0
774,408,4.0,16,0
774,46,4.0,17,0
774,414,3.0,18,0
774,742,3.0,19,0
774,115,2.0,20,0
774,647,0.0,21,0
775,236,42.0,1,1
775,286,41.0,2,4
775,481,24.0,3,3
775,529,15.0,4,0
775,115,14.0,5,1
775,496,14.0,6,0
775,819,12.0,7,1
775,505,12.0,8,0
775,750,11.0,9,0
775,306,9.0,10,0
775,647,9.0,11,0
775,46,9.0,12,0
775,500,8.0,13,1
775,55,7.0,14,0
775,108,6.0,15,0
775,749,4.0,16,0
775,278,4.0,17,0
775,560,3.0,18,0
775,534,3.0,19,0
775,303,3.0,20,0
775,408,2.0,21,0
775,702,0.0,22,0
775,567,0.0,23,0
775,769,0.0,24,0
775,312,0.0,25,0
776,789,8.0,1,1
776,702,6.0,2,0
776,798,4.0,3,0
776,115,3.0,4,0
776,797,1.0,5,0
776,449,1.0,5,0
776,391,1.0,6,0
776,742,1.0,6,0
776,326,1.0,6,0
776,529,1.0,7,0
776,236,0.0,8,0
776,502,0.0,9,0
776,507,0.0,10,0
776,565,0.0,11,0
776,286,0.0,12,0
776,615,0.0,13,0
776,391,0.0,14,0
777,789,17.0,1,2
777,303,6.0,2,0
777,496,6.0,3,0
777,278,4.0,4,0
777,312,4.0,5,0
777,647,3.0,6,0
777,742,3.0,7,0
777,286,3.0,7,0
777,115,2.0,8,0
777,170,2.0,8,0
777,769,1.0,9,0
777,798,1.0,10,0
777,233,1.0,11,0
777,115,0.0,12,0
777,371,0.0,13,0
777,391,0.0,14,0
777,236,0.0,15,0
777,286,0.0,16,0
777,819,0.0,17,0
777,750,0.0,18,0
777,378,0.0,19,0
777,507,0.0,20,0
777,78,0.0,21,0
778,566,17.0,1,2
778,628,8.0,2,1
778,33,7.0,3,0
778,578,6.0,4,0
778,607,6.0,5,0
778,768,4.0,6,0
778,352,4.0,7,0
778,834,4.0,8,0
778,516,3.0,9,0
778,517,3.0,10,0
778,254,3.0,11,0
778,476,2.0,12,0
778,642,2.0,13,0
778,682,1.0,14,0
778,585,1.0,15,0
778,467,1.0,16,0
778,57,0.0,17,0
778,63,0.0,18,0
778,551,0.0,19,0
778,308,0.0,20,0
778,479,0.0,21,0
778,153,0.0,22,0
778,579,0.0,23,0
778,589,0.0,24,0
778,392,0.0,25,0
778,802,0.0,26,0
778,527,0.0,27,0
778,829,0.0,28,0
778,645,0.0,29,0
778,697,0.0,30,0
778,777,0.0,31,0
778,555,0.0,32,0
778,372,0.0,33,0
779,789,25.0,1,3
779,615,8.0,2,1
779,391,7.0,3,0
779,286,7.0,4,0
779,115,6.0,5,0
779,702,6.0,6,0
779,705,5.0,7,0
779,647,5.0,7,0
779,798,4.0,8,0
779,278,4.0,9,0
779,819,4.0,10,0
779,227,4.0,11,0
779,312,3.0,12,0
779,647,3.0,13,0
779,371,3.0,14,0
779,769,2.0,15,0
780,303,25.0,1,3
780,236,25.0,1,3
780,615,13.0,2,0
780,286,10.0,3,1
780,391,8.0,4,1
780,312,8.0,4,1
780,819,7.0,5,0
780,690,7.0,6,0
780,278,6.0,7,1
780,233,6.0,8,0
780,647,5.0,9,0
780,702,5.0,10,0
780,391,4.0,11,0
780,303,4.0,12,0
780,236,4.0,12,0
780,789,4.0,13,0
780,505,4.0,14,0
780,78,3.0,15,0
780,115,3.0,16,0
780,798,2.0,17,0
780,529,2.0,18,0
780,371,1.0,19,0
781,789,34.0,1,4
781,286,16.0,2,0
781,391,13.0,3,0
781,615,10.0,4,1
781,236,8.0,5,1
781,702,8.0,6,1
781,115,8.0,7,0
781,496,7.0,8,0
781,303,6.0,9,0
781,170,5.0,10,0
781,562,5.0,11,0
781,379,4.0,12,0
781,82,4.0,13,0
781,574,4.0,14,0
781,751,3.0,15,0
781,750,3.0,16,0
781,123,2.0,17,0
781,819,2.0,18,0
781,400,1.0,19,0
781,278,1.0,20,0
781,647,0.0,21,0
781,462,0.0,22,0
781,200,0.0,23,0
781,371,0.0,24,0
782,236,40.0,1,4
782,789,17.0,2,2
782,115,16.0,3,0
782,496,13.0,4,0
782,278,10.0,5,1
782,170,9.0,6,0
782,647,8.0,7,1
782,615,8.0,8,0
782,400,7.0,9,0
782,562,7.0,10,0
782,529,6.0,11,0
782,702,5.0,12,0
782,819,5.0,13,0
782,303,4.0,14,0
782,371,4.0,15,0
782,507,3.0,16,0
783,236,40.0,1,4
783,789,25.0,2,3
783,742,16.0,3,0
783,496,13.0,4,0
783,170,11.0,5,1
783,115,11.0,5,1
783,286,10.0,6,0
783,303,10.0,7,0
783,615,8.0,8,1
783,400,8.0,9,0
783,371,7.0,10,0
783,378,6.0,11,0
783,365,6.0,11,0
783,391,5.0,12,0
783,278,5.0,13,0
783,702,4.0,14,0
783,562,4.0,15,0
783,115,4.0,16,0
783,529,3.0,17,0
783,507,2.0,18,0
784,789,6.0,1,0
784,615,6.0,1,0
784,702,5.0,2,1
784,286,4.0,3,1
784,46,4.0,4,0
784,635,4.0,4,0
784,408,2.0,5,0
784,739,1.5,6,0
784,692,1.5,6,0
784,236,1.5,7,0
784,391,0.0,8,0
784,507,0.0,9,0
784,798,0.0,10,0
784,565,0.0,11,0
784,797,0.0,12,0
784,789,0.0,13,0
785,236,10.5,1,1
785,391,10.0,2,0
785,789,10.0,2,0
785,702,8.0,3,1
785,565,4.0,4,1
785,789,4.0,4,1
785,425,4.0,5,0
785,671,3.0,6,0
785,351,3.0,6,0
785,326,2.0,7,0
785,371,2.0,8,0
785,99,1.5,9,0
785,361,1.5,10,0
785,565,1.5,11,0
785,312,0.0,12,0
785,115,0.0,13,0
785,615,0.0,14,0
785,170,0.0,15,0
785,286,0.0,16,0
785,303,0.0,17,0
785,179,0.0,18,0
786,166,10.5,1,1
786,566,10.0,2,0
786,57,8.0,3,1
786,467,8.0,4,1
786,790,6.0,5,0
786,192,4.0,6,1
786,516,4.0,7,0
786,697,4.0,8,0
786,63,3.0,9,0
786,329,3.0,10,0
786,517,2.0,11,0
786,153,2.0,12,0
786,642,2.0,13,0
786,527,1.5,14,0
786,392,1.5,15,0
786,537,1.5,16,0
786,195,1.0,17,0
786,834,0.0,18,0
786,33,0.0,19,0
786,628,0.0,20,0
786,308,0.0,21,0
786,585,0.0,22,0
786,555,0.0,23,0
786,645,0.0,23,0
786,829,0.0,24,0
786,254,0.0,25,0
786,755,0.0,26,0
786,607,0.0,27,0
786,479,0.0,28,0
786,779,0.0,29,0
786,768,0.0,30,0
786,777,0.0,31,0
786,476,0.0,32,0
786,578,0.0,33,0
787,391,11.0,1,1
787,478,11.0,2,1
787,236,10.5,3,1
787,326,10.5,3,1
787,115,10.0,4,0
787,703,8.0,5,1
787,671,6.0,6,0
787,702,6.0,7,0
787,361,4.0,8,1
787,789,4.0,9,0
787,312,4.0,10,0
787,236,3.0,11,0
787,565,3.0,12,0
787,593,2.0,13,0
787,371,2.0,14,0
787,400,2.0,15,0
788,391,19.0,1,2
788,565,14.5,2,1
788,702,14.0,3,0
788,789,12.0,4,1
788,326,8.0,5,1
788,236,8.0,5,1
788,361,7.5,6,0
788,400,6.0,7,0
788,425,6.0,8,0
788,99,4.0,9,1
788,115,4.0,10,0
788,286,4.0,10,0
788,671,4.0,11,0
788,378,3.0,12,0
788,425,3.0,13,0
788,408,3.0,14,0
788,703,2.0,15,0
788,449,2.0,16,0
788,312,2.0,17,0
788,236,2.0,18,0
788,115,1.5,19,0
788,498,1.5,20,0
789,789,22.5,1,2
789,449,22.0,2,2
789,391,22.0,2,2
789,702,18.0,3,0
789,505,13.0,4,1
789,371,8.0,5,1
789,703,7.5,6,0
789,326,6.0,7,0
789,400,6.0,8,0
789,99,4.0,9,1
789,449,4.0,10,0
789,565,4.0,10,0
789,690,4.0,11,0
789,236,3.0,12,0
789,115,3.0,13,0
789,68,3.0,14,0
789,312,3.0,15,0
789,425,3.0,16,0
789,391,2.0,17,0
789,819,2.0,18,0
789,303,2.0,19,0
789,286,2.0,20,0
789,361,2.0,21,0
789,562,1.5,22,0
789,123,1.5,23,0
789,229,1.0,24,0
789,531,0.0,25,0
789,647,0.0,26,0
789,769,0.0,27,0
789,797,0.0,28,0
790,789,30.0,1,3
790,236,22.0,2,2
790,702,22.0,3,0
790,400,19.0,4,1
790,361,8.0,5,1
790,562,7.5,6,0
790,365,6.0,7,0
790,89,6.0,8,0
790,449,4.0,9,1
790,115,4.0,10,0
790,703,4.0,11,0
790,615,3.0,12,0
790,391,3.0,13,0
790,565,3.0,14,0
790,123,3.0,15,0
790,371,3.0,16,0
790,819,3.0,17,0
790,99,2.0,18,0
790,170,2.0,19,0
790,326,2.0,20,0
790,671,2.0,21,0
790,507,2.0,22,0
791,236,30.0,1,3
791,391,27.0,2,2
791,789,27.0,2,2
791,769,25.0,3,2
791,400,22.0,4,0
791,505,8.0,5,1
791,507,7.5,6,0
791,588,6.0,7,0
791,565,6.0,8,0
791,789,6.0,8,0
791,378,6.0,9,0
791,46,5.0,10,0
791,819,4.0,11,1
791,615,4.0,12,0
791,123,4.0,13,0
791,702,4.0,13,0
791,115,4.0,14,0
791,702,3.0,15,0
791,562,3.0,16,0
791,312,3.0,17,0
791,485,3.0,18,0
791,565,2.0,19,0
791,529,2.0,20,0
791,703,2.0,20,0
791,99,2.0,21,0
791,449,2.0,22,0
791,78,2.0,23,0
791,425,2.0,24,0
791,742,1.5,25,0
792,789,9.0,1,1
792,312,3.3,2,0
792,632,3.3,2,0
792,797,3.3,2,0
792,123,3.3,3,0
792,632,3.3,3,0
792,312,3.3,3,0
792,750,2.0,4,0
792,236,2.0,4,0
792,420,2.0,4,0
792,809,2.0,5,0
792,115,1.3,6,0
792,702,1.3,6,0
792,757,1.0,7,0
792,115,1.0,7,0
792,615,1.0,7,0
792,757,1.0,8,0
792,702,1.0,8,0
792,615,1.0,8,0
792,798,1.0,9,0
792,115,1.0,9,0
792,752,1.0,9,0
792,435,0.0,10,0
792,312,0.0,11,0
792,565,0.0,12,0
792,703,0.0,12,0
792,236,0.0,13,0
792,692,0.0,14,0
792,766,0.0,15,0
792,351,0.0,16,0
792,702,0.0,17,0
792,420,0.0,18,0
792,703,0.0,19,0
792,48,0.0,20,0
792,798,0.0,21,0
793,312,11.3,1,1
793,565,10.0,2,1
793,326,6.3,3,0
793,702,6.3,3,0
793,632,6.0,4,0
793,703,2.0,5,0
793,179,2.0,6,0
793,273,2.0,7,0
793,478,2.0,8,0
793,485,2.0,8,0
793,236,2.0,9,0
793,702,1.3,10,0
793,326,1.3,10,0
793,766,1.0,11,0
793,115,1.0,12,0
793,809,1.0,13,0
793,351,0.0,14,0
793,789,0.0,15,0
793,99,0.0,16,0
793,378,0.0,17,0
793,286,0.0,18,0
793,361,0.0,19,0
793,615,0.0,20,0
793,356,0.0,21,0
793,154,0.0,22,0
793,750,0.0,23,0
794,192,11.3,1,1
794,578,10.0,2,1
794,585,10.0,2,1
794,541,8.0,3,1
794,476,6.3,4,0
794,688,6.0,5,0
794,611,6.0,5,0
794,607,4.0,6,0
794,479,3.0,7,0
794,834,3.0,8,0
794,829,3.0,9,0
794,166,2.0,10,0
794,767,2.0,11,0
794,682,2.0,12,0
794,392,2.0,13,0
794,628,2.0,14,0
794,57,1.3,15,0
794,395,1.0,16,0
794,716,1.0,17,0
794,523,1.0,18,0
794,566,1.0,19,0
794,755,1.0,20,0
794,467,1.0,21,0
794,555,0.0,22,0
794,779,0.0,23,0
794,33,0.0,24,0
794,17,0.0,25,0
794,295,0.0,26,0
794,527,0.0,27,0
794,697,0.0,28,0
794,768,0.0,29,0
794,645,0.0,30,0
794,124,0.0,31,0
794,153,0.0,32,0
794,63,0.0,33,0
795,789,19.0,1,2
795,236,11.3,2,1
795,632,10.3,3,0
795,478,8.0,4,1
795,702,7.0,5,0
795,809,7.0,5,0
795,312,6.0,6,0
795,615,4.0,7,0
795,326,3.0,8,0
795,361,3.0,9,0
795,420,3.0,10,0
795,565,3.0,11,0
795,286,3.0,12,0
795,702,3.0,13,0
795,333,2.0,14,0
795,485,2.0,15,0
795,115,2.0,16,0
796,789,27.0,1,3
796,236,13.0,2,0
796,615,11.3,3,1
796,809,10.3,4,0
796,565,8.0,5,1
796,702,8.0,6,0
796,286,7.0,7,0
796,425,4.0,8,0
796,361,4.0,9,0
796,273,3.0,10,0
796,333,3.0,11,0
796,312,3.0,12,0
796,99,3.0,13,0
796,371,3.0,14,0
796,420,2.0,15,0
796,309,2.0,16,0
797,236,33.0,1,3
797,789,22.0,2,1
797,420,11.3,3,1
797,485,10.3,4,0
797,615,8.0,5,1
797,565,8.0,6,0
797,286,8.0,6,0
797,695,7.0,7,0
797,356,6.0,8,0
797,115,5.0,9,0
797,486,5.0,9,0
797,312,4.0,10,0
797,809,3.0,11,0
797,647,3.0,12,0
797,544,3.0,13,0
797,391,3.0,14,0
797,425,3.0,15,0
797,819,3.0,16,0
797,371,2.0,17,0
797,115,2.0,18,0
797,309,2.0,19,0
797,267,2.0,19,0
797,712,1.3,20,0
797,565,1.0,21,0
797,378,1.0,22,0
797,702,1.0,23,0
797,99,1.0,24,0
797,505,0.0,25,0
798,789,40.0,1,4
798,485,23.0,2,1
798,565,12.0,3,0
798,702,11.3,4,1
798,798,10.3,5,0
798,123,9.0,6,0
798,809,8.0,7,1
798,312,7.0,8,0
798,26,6.0,9,0
798,286,6.0,10,0
798,420,5.0,11,0
798,615,4.0,12,0
798,371,3.0,13,0
798,236,3.0,14,0
798,273,3.0,15,0
798,425,3.0,16,0
798,391,2.0,17,0
798,115,2.0,18,0
798,30,2.0,19,0
798,486,2.0,20,0
798,632,1.3,21,0
798,703,1.0,22,0
798,507,1.0,23,0
799,789,8.0,1,1
799,632,6.0,2,0
799,797,5.0,3,0
799,312,3.0,4,0
799,351,2.0,5,0
799,115,0.0,6,0
799,670,0.0,7,0
799,588,0.0,8,0
799,123,0.0,9,0
799,702,0.0,10,0
799,286,0.0,11,0
799,536,0.0,12,0
799,809,0.0,13,0
799,51,0.0,14,0
799,625,0.0,15,0
799,361,0.0,16,0
800,17,8.0,1,1
800,33,8.0,2,1
800,295,6.0,3,0
800,777,6.0,4,0
800,767,6.0,4,0
800,799,5.0,5,0
800,153,5.0,6,0
800,57,3.0,7,0
800,578,2.0,8,0
800,124,2.0,8,0
800,101,2.0,9,0
800,395,1.5,10,0
800,467,1.5,11,0
800,716,1.5,11,0
800,607,1.5,11,0
800,541,1.5,11,0
800,566,1.5,11,0
800,688,0.0,12,0
800,376,0.0,12,0
800,539,0.0,13,0
800,192,0.0,14,0
800,352,0.0,15,0
800,419,0.0,15,0
800,767,0.0,15,0
800,585,0.0,15,0
800,450,0.0,16,0
800,63,0.0,17,0
800,645,0.0,18,0
800,175,0.0,18,0
800,183,0.0,19,0
800,172,0.0,19,0
800,628,0.0,20,0
800,541,0.0,20,0
800,566,0.0,20,0
800,834,0.0,21,0
800,392,0.0,22,0
800,697,0.0,22,0
800,352,0.0,23,0
800,517,0.0,23,0
800,476,0.0,24,0
800,829,0.0,24,0
800,607,0.0,24,0
800,607,0.0,25,0
800,175,0.0,25,0
800,124,0.0,26,0
800,829,0.0,27,0
800,628,0.0,28,0
800,166,0.0,28,0
800,585,0.0,29,0
800,167,0.0,30,0
800,36,0.0,30,0
800,183,0.0,31,0
800,156,0.0,31,0
800,467,0.0,32,0
800,611,0.0,33,0
801,789,17.0,1,2
801,312,9.0,2,0
801,236,8.0,3,1
801,797,6.5,4,0
801,286,6.5,4,0
801,671,6.0,5,0
801,670,6.0,6,0
801,757,5.0,7,0
801,632,4.0,8,0
801,478,2.0,9,0
801,702,2.0,10,0
801,536,2.0,11,0
801,797,1.5,12,0
801,771,1.5,13,0
801,809,1.5,14,0
802,789,25.0,1,3
802,420,9.0,2,0
802,99,8.0,3,1
802,670,6.5,4,0
802,703,6.0,5,0
802,702,6.0,6,0
802,478,6.0,7,0
802,312,5.0,8,0
802,361,4.0,9,0
802,536,4.0,10,0
802,809,3.0,11,0
802,486,2.0,12,0
802,115,2.0,13,0
802,750,2.0,14,0
802,819,2.0,15,0
802,797,1.5,16,0
802,356,1.5,17,0
802,764,1.5,18,0
802,286,1.0,19,0
802,273,0.0,20,0
802,766,0.0,21,0
802,757,0.0,22,0
803,797,28.1,1,3
803,286,14.6,2,1
803,536,11.0,3,0
803,789,8.0,4,1
803,312,7.6,5,0
803,809,6.0,6,0
803,420,6.0,7,0
803,486,6.0,8,0
803,671,5.0,9,0
803,690,4.1,10,0
803,808,4.0,11,0
803,115,4.0,12,0
803,712,3.0,13,0
803,546,2.0,14,0
803,371,2.0,15,0
803,236,2.0,16,0
803,204,2.0,17,0
803,702,1.5,18,0
803,819,1.5,19,0
803,769,1.0,20,0
803,670,1.0,20,0
803,703,0.0,21,0
803,766,0.0,21,0
803,399,0.0,22,0
803,570,0.0,23,0
803,766,0.0,24,0
803,752,0.0,25,0
803,391,0.0,26,0
803,99,0.0,27,0
803,40,0.0,28,0
803,81,0.0,29,0
803,361,0.0,30,0
803,337,0.0,31,0
803,633,0.0,32,0
804,789,36.1,1,4
804,286,17.6,2,1
804,797,17.6,2,1
804,312,15.0,3,0
804,420,10.6,4,0
804,757,10.0,5,0
804,485,8.0,6,1
804,115,6.0,7,0
804,361,6.0,8,0
804,99,5.0,9,0
804,702,4.1,10,0
804,670,4.0,11,0
804,228,4.0,12,0
804,752,3.0,13,0
804,424,2.0,14,0
804,750,2.0,15,0
804,478,2.0,16,0
804,286,2.0,17,0
804,809,2.0,18,0
804,236,1.5,19,0
804,671,1.5,20,0
804,536,1.0,21,0
804,703,0.0,22,0
804,486,0.0,23,0
805,789,42.0,1,5
805,797,23.6,2,1
805,750,15.0,3,0
805,809,10.6,4,0
805,757,10.0,5,0
805,486,8.0,6,1
805,123,6.0,7,0
805,771,6.0,8,0
805,420,5.0,9,0
805,312,5.0,10,0
805,286,4.1,11,0
805,115,4.0,12,0
805,236,4.0,13,0
805,409,4.0,14,0
805,702,3.0,15,0
805,752,3.0,16,0
805,99,2.0,17,0
806,789,42.0,1,6
806,286,25.1,2,1
806,123,17.0,3,0
806,797,17.0,3,0
806,750,16.6,4,0
806,312,10.0,5,0
806,409,8.0,6,1
806,391,8.0,7,0
806,361,6.0,8,0
806,757,6.0,9,0
806,236,5.0,10,0
806,625,4.1,11,0
806,766,4.0,12,0
806,703,4.0,13,0
806,420,4.0,14,0
806,809,3.0,15,0
806,615,3.0,16,0
806,797,2.0,17,0
806,99,2.0,18,0
806,752,2.0,19,0
806,702,2.0,20,0
806,484,2.0,21,0
807,286,42.0,1,6
807,615,25.1,2,1
807,789,24.6,3,1
807,809,17.0,4,0
807,420,12.0,5,0
807,400,8.0,6,1
807,361,8.0,7,0
807,486,6.0,8,0
807,670,6.0,9,0
807,757,6.0,10,0
807,365,6.0,11,0
807,588,6.0,11,0
807,750,5.0,12,0
807,312,4.1,13,0
807,273,4.0,14,0
807,115,4.0,15,0
807,236,4.0,16,0
807,702,3.0,17,0
807,771,2.0,18,0
807,766,2.0,19,0
807,703,2.0,20,0
807,99,2.0,21,0
807,391,2.0,22,0
808,766,9.0,1,1
808,703,6.0,2,0
808,797,4.0,3,0
808,286,3.0,4,0
808,389,2.0,5,0
808,702,0.0,6,0
808,115,0.0,7,0
808,312,0.0,7,0
808,318,0.0,8,0
808,337,0.0,9,0
808,99,0.0,10,0
808,789,0.0,11,0
808,358,0.0,12,0
808,632,0.0,13,0
808,798,0.0,14,0
808,48,0.0,15,0
808,138,0.0,16,0
809,17,9.0,1,1
809,716,9.0,2,1
809,566,6.0,3,0
809,767,6.0,3,0
809,578,6.0,4,0
809,153,6.0,4,0
809,295,4.0,5,0
809,829,3.0,6,0
809,392,2.0,7,0
809,628,2.0,7,0
809,450,2.0,8,0
809,585,2.0,9,0
809,517,2.0,9,0
809,376,2.0,9,0
809,541,2.0,10,0
809,218,1.5,11,0
809,532,1.5,12,0
809,175,1.5,12,0
809,539,0.0,13,0
809,33,0.0,14,0
809,628,0.0,15,0
809,256,0.0,15,0
809,697,0.0,16,0
809,607,0.0,16,0
809,195,0.0,16,0
809,56,0.0,17,0
809,688,0.0,17,0
809,352,0.0,18,0
809,167,0.0,19,0
809,828,0.0,19,0
809,476,0.0,19,0
809,192,0.0,20,0
809,799,0.0,21,0
809,166,0.0,22,0
809,607,0.0,23,0
809,124,0.0,23,0
809,376,0.0,23,0
809,767,0.0,24,0
809,578,0.0,25,0
809,467,0.0,26,0
809,57,0.0,27,0
809,517,0.0,28,0
809,376,0.0,29,0
809,395,0.0,30,0
809,175,0.0,31,0
809,476,0.0,32,0
809,607,0.0,33,0
810,766,17.0,1,2
810,632,9.0,2,1
810,797,7.0,3,0
810,358,7.0,3,0
810,286,6.0,4,0
810,588,6.0,5,0
810,312,6.0,6,0
810,361,6.0,7,0
810,391,2.0,8,0
810,236,2.0,9,0
810,703,2.0,10,0
810,544,2.0,11,0
810,115,2.0,12,0
810,333,2.0,13,0
810,789,1.5,14,0
810,809,1.5,15,0
810,797,0.0,16,0
810,486,0.0,17,0
810,819,0.0,18,0
810,356,0.0,19,0
811,766,25.0,1,3
811,703,13.0,2,0
811,536,9.0,3,1
811,588,7.0,4,0
811,312,6.0,5,0
811,286,6.0,6,0
811,115,6.0,7,0
811,361,5.0,8,0
811,409,4.0,9,0
811,478,2.0,10,0
811,671,2.0,11,0
811,333,2.0,12,0
811,789,2.0,12,0
811,356,2.0,13,0
811,632,2.0,14,0
811,789,2.0,15,0
811,797,1.5,16,0
811,702,1.5,17,0
811,391,0.0,18,0
811,764,0.0,19,0
811,426,0.0,20,0
812,286,28.0,1,3
812,789,14.0,2,1
812,797,13.0,3,0
812,766,11.0,4,0
812,632,9.0,5,1
812,703,8.0,6,0
812,588,7.0,7,0
812,361,6.0,8,0
812,536,5.0,9,0
812,702,4.0,10,0
812,690,2.0,11,0
812,333,2.0,12,0
812,391,2.0,13,0
812,525,2.0,14,0
812,179,2.0,15,0
812,358,2.0,16,0
812,236,1.5,17,0
812,670,1.5,18,0
812,351,0.0,19,0
812,486,0.0,20,0
812,312,0.0,21,0
812,356,0.0,22,0
812,115,0.0,23,0
812,809,0.0,24,0
812,819,0.0,25,0
813,766,33.5,1,4
813,789,16.0,2,1
813,632,13.5,3,0
813,797,13.0,4,0
813,286,13.0,5,0
813,358,12.0,6,0
813,670,9.0,7,1
813,486,6.0,8,0
813,40,5.0,9,0
813,361,4.0,10,0
813,765,2.0,11,0
813,267,2.0,12,0
813,703,2.0,13,0
813,536,2.0,14,0
813,337,2.0,15,0
813,391,2.0,16,0
813,505,1.5,17,0
813,819,1.5,18,0
813,588,0.0,19,0
813,356,0.0,20,0
813,702,0.0,21,0
813,653,0.0,22,0
813,312,0.0,23,0
813,32,0.0,24,0
813,115,0.0,25,0
813,544,0.0,26,0
813,23,0.0,27,0
814,632,33.5,1,4
814,789,20.0,2,1
814,286,19.0,3,0
814,358,18.0,4,1
814,588,13.5,5,0
814,236,13.0,6,0
814,771,9.0,7,1
814,703,7.0,8,0
814,766,7.0,8,0
814,750,6.0,9,0
814,361,5.0,10,0
814,633,4.0,11,0
814,424,2.0,12,0
814,544,2.0,13,0
814,434,2.0,14,0
814,131,2.0,15,0
814,567,2.0,16,0
814,766,1.5,17,0
814,703,1.5,17,0
814,337,1.5,18,0
814,536,0.0,19,0
814,379,0.0,20,0
814,333,0.0,21,0
814,94,0.0,22,0
814,714,0.0,23,0
814,702,0.0,24,0
814,115,0.0,25,0
814,670,0.0,26,0
814,545,0.0,27,0
814,620,0.0,28,0
814,463,0.0,29,0
814,312,0.0,30,0
814,819,0.0,31,0
814,492,0.0,32,0
814,568,0.0,33,0
814,103,0.0,34,0
815,766,34.5,1,5
815,632,24.0,2,1
815,286,20.5,3,0
815,789,19.0,4,1
815,358,19.0,4,1
815,228,13.5,5,0
815,703,13.0,6,0
815,486,9.0,7,1
815,470,7.0,8,0
815,457,6.5,9,0
815,635,6.0,10,0
815,588,4.0,11,0
815,536,2.0,12,0
815,312,2.0,13,0
815,702,2.0,14,0
815,789,2.0,15,0
815,358,2.0,15,0
815,356,2.0,16,0
815,548,2.0,17,0
815,478,1.5,18,0
815,771,1.5,19,0
815,361,0.0,20,0
816,789,34.5,1,5
816,632,28.0,2,1
816,703,26.0,3,1
816,286,19.0,4,1
816,312,17.0,5,0
816,809,13.5,6,0
816,615,9.0,7,1
816,757,9.0,7,1
816,123,7.0,8,0
816,115,6.5,9,0
816,179,6.0,10,0
816,670,4.0,11,0
816,337,4.0,12,0
816,236,2.0,13,0
816,568,2.0,14,0
816,525,2.0,15,0
816,361,2.0,16,0
816,766,2.0,17,0
816,358,1.5,18,0
816,536,1.5,19,0
816,588,0.0,20,0
816,505,0.0,21,0
816,486,0.0,22,0
816,544,0.0,23,0
816,756,0.0,24,0
816,819,0.0,25,0
816,635,0.0,26,0
816,351,0.0,27,0
816,26,0.0,28,0
816,333,0.0,29,0
816,356,0.0,30,0
817,485,9.0,1,1
817,666,6.0,2,0
817,702,4.0,3,0
817,486,3.0,4,0
817,337,2.0,5,0
817,588,0.0,6,0
817,548,0.0,7,0
817,81,0.0,8,0
817,670,0.0,9,0
817,632,0.0,10,0
817,378,0.0,10,0
817,115,0.0,11,0
817,236,0.0,12,0
817,356,0.0,13,0
817,99,0.0,14,0
817,632,0.0,15,0
817,391,0.0,16,0
817,608,0.0,17,0
817,568,0.0,18,0
817,708,0.0,19,0
817,361,0.0,20,0
817,470,0.0,21,0
818,777,9.0,1,1
818,628,8.0,2,1
818,566,6.0,3,0
818,767,6.0,4,0
818,716,4.0,5,0
818,33,4.0,6,0
818,63,3.0,7,0
818,34,3.0,8,0
818,329,2.0,9,0
818,467,2.0,10,0
818,295,1.0,11,0
818,803,0.0,12,0
818,223,0.0,13,0
818,793,0.0,14,0
818,183,0.0,15,0
818,392,0.0,16,0
818,17,0.0,17,0
818,376,0.0,18,0
818,533,0.0,19,0
818,539,0.0,20,0
818,794,0.0,21,0
818,167,0.0,22,0
818,697,0.0,23,0
818,585,0.0,24,0
818,218,0.0,25,0
818,192,0.0,26,0
818,153,0.0,27,0
818,517,0.0,28,0
818,175,0.0,29,0
818,440,0.0,30,0
818,766,0.0,31,0
818,658,0.0,32,0
818,607,0.0,33,0
819,766,9.0,1,1
819,632,9.0,2,1
819,99,8.0,3,1
819,286,6.0,4,0
819,478,6.0,5,0
819,337,6.0,6,0
819,74,4.0,7,0
819,333,4.0,8,0
819,81,4.0,9,0
819,670,3.0,10,0
819,356,3.0,11,0
819,386,3.0,12,0
819,426,2.0,13,0
819,177,2.0,14,0
819,638,2.0,15,0
819,159,1.0,16,0
819,485,0.0,17,0
819,702,0.0,18,0
819,486,0.0,19,0
819,361,0.0,20,0
819,391,0.0,21,0
819,236,0.0,22,0
820,766,18.0,1,2
820,632,13.0,2,1
820,485,12.0,3,0
820,99,8.0,4,1
820,312,7.0,5,0
820,391,6.0,6,0
820,702,6.0,7,0
820,37,4.0,8,0
820,356,4.0,9,0
820,525,3.0,10,0
820,548,3.0,11,0
820,666,3.0,11,0
820,460,3.0,12,0
820,670,2.0,13,0
820,286,2.0,14,0
820,115,2.0,15,0
820,588,2.0,15,0
820,40,2.0,16,0
820,361,1.0,17,0
820,333,0.0,18,0
820,115,0.0,19,0
820,756,0.0,20,0
821,766,27.0,1,3
821,485,19.0,2,1
821,286,12.0,3,0
821,594,8.0,4,1
821,495,7.0,5,0
821,632,7.0,6,0
821,570,6.0,7,0
821,819,6.0,8,0
821,412,4.0,9,0
821,40,4.0,10,0
821,670,3.0,11,0
821,255,3.0,12,0
821,666,3.0,13,0
821,333,2.0,14,0
821,356,2.0,15,0
821,544,2.0,16,0
821,115,2.0,17,0
821,431,2.0,18,0
821,588,1.0,19,0
821,81,0.0,20,0
821,23,0.0,21,0
821,337,0.0,22,0
821,391,0.0,23,0
821,32,0.0,24,0
821,236,0.0,25,0
821,312,0.0,26,0
821,638,0.0,27,0
821,269,0.0,28,0
821,99,0.0,29,0
821,548,0.0,30,0
821,50,0.0,31,0
821,643,0.0,32,0
822,766,36.0,1,4
822,632,22.0,2,1
822,666,18.0,3,0
822,485,10.0,4,0
822,702,8.0,5,1
822,386,7.0,6,0
822,296,7.0,7,0
822,708,6.0,8,0
822,721,6.0,9,0
822,333,4.0,10,0
822,641,3.0,11,0
822,131,3.0,12,0
822,99,3.0,13,0
822,714,2.0,14,0
822,638,2.0,15,0
822,410,2.0,16,0
822,494,2.0,17,0
822,463,2.0,18,0
822,50,1.0,19,0
822,434,0.0,20,0
822,52,0.0,21,0
822,643,0.0,22,0
822,312,0.0,23,0
822,469,0.0,24,0
822,358,0.0,25,0
822,478,0.0,26,0
822,424,0.0,27,0
822,471,0.0,28,0
822,756,0.0,29,0
822,431,0.0,30,0
823,766,36.0,1,5
823,632,24.0,2,0
823,703,22.0,3,1
823,286,10.0,4,0
823,99,10.0,5,0
823,312,9.0,6,0
823,32,8.0,7,1
823,356,6.0,8,0
823,635,6.0,9,0
823,613,6.0,9,0
823,486,4.0,10,0
823,236,4.0,11,0
823,366,3.0,12,0
823,412,3.0,13,0
823,74,3.0,14,0
823,478,2.0,15,0
823,702,2.0,16,0
823,613,2.0,17,0
823,431,2.0,18,0
824,766,36.0,1,6
824,797,24.0,2,0
824,703,22.0,3,1
824,632,10.0,4,0
824,358,10.0,5,0
824,378,9.0,6,0
824,485,8.0,7,1
824,635,8.0,8,0
824,486,6.5,9,0
824,361,6.0,10,0
824,50,6.0,11,0
824,594,4.0,12,0
824,81,3.0,13,0
824,99,3.0,14,0
824,337,3.0,15,0
824,236,2.0,16,0
824,431,2.0,17,0
824,702,2.0,18,0
824,286,2.0,19,0
824,513,2.0,20,0
824,312,2.0,21,0
824,544,1.0,22,0
824,666,0.0,23,0
824,351,0.0,24,0
824,74,0.0,25,0
824,90,0.0,26,0
824,588,0.0,27,0
824,391,0.0,28,0
824,40,0.0,29,0
824,638,0.0,30,0
824,643,0.0,31,0
824,356,0.0,32,0
824,568,0.0,33,0
824,125,0.0,34,0
824,333,0.0,35,0
825,789,9.0,1,1
825,485,6.0,2,0
825,632,4.0,3,0
825,762,3.0,4,0
825,588,2.0,5,0
825,766,0.0,6,0
825,179,0.0,7,0
825,236,0.0,8,0
825,361,0.0,9,0
825,37,0.0,10,0
825,666,0.0,11,0
825,115,0.0,12,0
825,333,0.0,13,0
825,232,0.0,14,0
825,40,0.0,15,0
825,698,0.0,16,0
825,608,0.0,17,0
825,525,0.0,18,0
825,703,0.0,19,0
825,797,0.0,20,0
825,548,0.0,21,0
826,535,9.0,1,1
826,799,9.0,2,1
826,295,6.0,3,0
826,539,6.0,3,0
826,607,6.0,4,0
826,658,4.0,5,0
826,533,3.0,6,0
826,91,3.0,7,0
826,767,2.0,8,0
826,585,2.0,9,0
826,218,2.0,10,0
826,104,2.0,11,0
826,566,0.0,12,0
826,793,0.0,13,0
826,456,0.0,14,0
826,688,0.0,15,0
826,541,0.0,16,0
826,153,0.0,17,0
826,532,0.0,18,0
826,596,0.0,19,0
826,376,0.0,20,0
826,467,0.0,21,0
826,694,0.0,22,0
826,777,0.0,23,0
826,195,0.0,24,0
826,440,0.0,25,0
826,812,0.0,26,0
826,697,0.0,27,0
826,329,0.0,28,0
826,17,0.0,29,0
826,34,0.0,30,0
826,279,0.0,31,0
826,794,0.0,32,0
826,223,0.0,33,0
827,632,12.0,1,1
827,766,10.0,2,1
827,703,9.0,3,1
827,361,6.0,4,0
827,525,6.0,5,0
827,671,6.0,6,0
827,333,4.0,7,0
827,181,3.0,8,0
827,789,3.0,9,0
827,179,3.0,10,0
827,762,2.0,11,0
827,485,2.0,12,0
827,37,2.0,13,0
828,789,15.0,1,2
828,509,15.0,1,2
828,766,14.0,2,1
828,797,14.0,2,1
828,703,9.0,3,1
828,570,9.0,4,0
828,632,8.0,5,0
828,179,6.0,6,0
828,525,6.0,7,0
828,778,4.0,8,1
828,232,3.0,9,0
828,762,3.0,10,0
828,789,3.0,11,0
828,509,3.0,11,0
828,333,3.0,12,0
828,361,3.0,13,0
828,37,2.0,14,0
828,65,2.0,15,0
828,115,2.0,16,0
828,312,2.0,17,0
828,766,2.0,18,0
828,378,0.0,19,0
828,99,0.0,20,0
828,536,0.0,21,0
828,588,0.0,22,0
828,40,0.0,23,0
829,797,21.0,1,2
829,789,15.0,2,1
829,703,12.0,3,0
829,358,11.0,4,1
829,570,9.0,5,1
829,762,9.0,6,0
829,309,6.0,7,0
829,592,6.0,8,0
829,40,5.0,9,0
829,361,4.0,10,1
829,690,3.0,11,0
829,32,3.0,12,0
829,333,3.0,13,0
829,632,3.0,14,0
829,458,2.0,15,0
829,766,2.0,16,0
829,474,2.0,17,0
829,269,2.0,18,0
829,179,2.0,19,0
829,515,0.0,20,0
830,766,27.0,1,2
830,789,17.0,2,1
830,797,15.0,3,1
830,703,15.0,4,1
830,485,15.0,5,0
830,666,9.0,6,1
830,99,8.0,7,0
830,361,6.0,8,0
830,181,5.0,9,0
830,771,4.0,10,1
830,333,3.0,11,0
830,525,3.0,12,0
830,312,3.0,13,0
830,358,3.0,14,0
830,32,2.0,15,0
830,469,2.0,16,0
830,378,2.0,17,0
830,632,2.0,18,0
830,37,2.0,19,0
830,179,0.0,20,0
830,85,0.0,21,0
830,588,0.0,22,0
831,766,27.0,1,2
831,797,25.0,2,2
831,358,21.0,3,1
831,632,21.0,3,1
831,703,17.0,4,1
831,485,15.0,5,0
831,378,10.0,6,0
831,361,9.0,7,1
831,525,6.0,8,0
831,513,5.0,9,0
831,789,5.0,10,0
831,312,4.0,11,1
831,99,3.0,12,0
831,179,3.0,13,0
831,181,3.0,14,0
831,771,2.0,15,0
831,632,2.0,16,0
831,333,2.0,17,0
831,588,2.0,18,0
831,40,2.0,19,0
831,635,0.0,20,0
831,570,0.0,21,0
831,452,0.0,22,0
832,789,31.0,1,3
832,797,25.0,2,2
832,632,24.0,3,1
832,766,19.0,4,1
832,358,15.0,5,0
832,588,10.0,6,0
832,361,9.0,7,1
832,37,7.0,8,0
832,99,6.0,9,0
832,400,5.0,10,0
832,703,4.0,11,1
832,378,3.0,12,0
832,333,3.0,13,0
832,485,3.0,14,0
832,312,2.0,15,0
832,69,2.0,16,0
832,525,2.0,17,0
832,179,2.0,18,0
832,670,2.0,19,0
832,359,0.0,20,0
833,632,9.0,1,1
833,509,6.0,2,0
833,570,4.0,3,0
833,525,3.0,4,0
833,361,2.0,5,0
833,690,0.0,6,0
833,609,0.0,7,0
833,37,0.0,8,0
833,473,0.0,9,0
833,428,0.0,10,0
833,592,0.0,10,0
833,333,0.0,11,0
833,789,0.0,12,0
833,458,0.0,13,0
833,670,0.0,14,0
833,269,0.0,15,0
833,668,0.0,16,0
833,588,0.0,17,0
833,179,0.0,18,0
833,707,0.0,19,0
833,309,0.0,20,0
833,267,0.0,20,0
833,744,0.0,21,0
834,789,9.0,1,1
834,766,9.0,2,1
834,179,6.0,3,0
834,619,6.0,4,0
834,670,4.0,5,0
834,690,4.0,6,0
834,333,3.0,7,0
834,703,3.0,8,0
834,37,2.0,9,0
834,797,2.0,10,0
834,632,0.0,11,0
834,509,0.0,12,0
834,361,0.0,13,0
834,99,0.0,14,0
834,588,0.0,15,0
834,312,0.0,16,0
834,609,0.0,17,0
834,513,0.0,18,0
834,115,0.0,19,0
834,40,0.0,20,0
834,289,0.0,21,0
835,467,9.0,1,1
835,256,9.0,2,1
835,456,9.0,3,1
835,694,6.0,4,0
835,585,6.0,5,0
835,258,6.0,5,0
835,535,6.0,6,0
835,688,4.0,7,0
835,34,4.0,8,0
835,578,4.0,9,0
835,166,3.0,10,0
835,165,3.0,11,0
835,767,3.0,12,0
835,279,2.0,13,0
835,295,2.0,14,0
835,777,1.0,15,0
835,517,1.0,16,0
835,541,0.0,17,0
835,794,0.0,18,0
835,812,0.0,19,0
835,167,0.0,20,0
835,124,0.0,21,0
835,287,0.0,22,0
835,828,0.0,23,0
835,628,0.0,24,0
835,533,0.0,25,0
835,793,0.0,26,0
835,107,0.0,27,0
835,385,0.0,27,0
835,153,0.0,28,0
835,419,0.0,29,0
835,566,0.0,30,0
835,585,0.0,31,0
835,790,0.0,32,0
835,195,0.0,33,0
836,632,18.0,1,2
836,509,12.0,2,0
836,361,9.0,3,1
836,670,9.0,4,1
836,358,6.0,5,0
836,588,6.0,6,0
836,672,6.0,7,0
836,115,5.0,8,0
836,179,4.0,9,0
836,333,4.0,10,0
836,85,4.0,11,0
836,789,3.0,12,0
836,37,3.0,13,0
836,707,3.0,14,0
836,619,2.0,15,0
836,703,1.0,16,0
836,766,1.0,17,0
836,525,0.0,18,0
837,789,22.0,1,2
837,509,18.0,2,0
837,361,17.0,3,2
837,632,10.0,4,0
837,766,9.0,5,1
837,703,8.0,6,0
837,181,6.0,7,0
837,333,5.0,8,0
837,668,4.0,9,0
837,85,4.0,10,0
837,778,4.0,11,0
837,619,3.0,12,0
837,37,3.0,13,0
837,525,3.0,14,0
838,789,26.0,1,3
838,509,24.0,2,0
838,40,22.0,3,2
838,99,10.0,4,0
838,778,9.0,5,1
838,37,9.0,5,1
838,361,8.0,6,0
838,816,8.0,6,0
838,632,6.0,7,0
838,525,5.0,8,0
838,181,4.0,9,0
838,358,4.0,10,0
838,333,4.0,11,0
838,361,4.0,12,0
838,570,3.0,13,0
838,513,3.0,14,0
838,179,3.0,15,0
838,473,3.0,16,0
838,619,2.0,17,0
838,797,1.0,18,0
839,632,30.0,1,3
839,766,27.0,2,3
839,44,27.0,2,3
839,509,24.0,3,0
839,361,13.0,4,0
839,37,11.0,5,0
839,588,9.0,6,1
839,40,6.0,7,0
839,269,5.0,8,0
839,609,4.0,9,0
839,619,4.0,10,0
839,232,4.0,11,0
839,513,4.0,12,0
839,485,3.0,13,0
839,789,3.0,13,0
839,181,3.0,14,0
839,789,3.0,15,0
839,333,3.0,16,0
839,766,3.0,17,0
839,31,3.0,18,0
839,698,2.0,19,0
839,460,1.0,20,0
839,312,1.0,21,0
839,179,1.0,22,0
839,762,0.0,23,0
839,99,0.0,24,0
839,670,0.0,25,0
839,469,0.0,26,0
839,358,0.0,27,0
841,606,25.0,1,1
841,554,18.0,2,0
841,618,15.0,3,0
841,741,12.0,4,0
841,601,10.0,5,0
841,520,8.0,6,0
841,133,6.0,7,0
841,820,4.0,8,0
841,246,2.0,9,0
841,135,1.0,10,0
841,564,0.0,11,0
841,818,0.0,12,0
841,15,0.0,13,0
841,669,0.0,14,0
841,29,0.0,15,0
841,686,0.0,16,0
841,168,0.0,17,0
841,121,0.0,18,0
841,735,0.0,19,0
841,438,0.0,20,0
842,606,50.0,1,2
842,520,26.0,2,0
842,818,22.0,3,0
842,601,22.0,4,0
842,133,20.0,5,0
842,741,16.0,6,0
842,319,15.0,7,0
842,554,15.0,8,0
842,735,6.0,9,0
842,135,4.0,10,0
842,246,2.0,11,0
842,168,2.0,12,0
842,820,2.0,13,0
842,564,0.0,14,0
842,121,0.0,15,0
842,29,0.0,16,0
842,618,0.0,17,0
842,662,0.0,18,0
842,669,0.0,19,0
842,15,0.0,20,0
842,157,0.0,21,0
842,686,0.0,22,0
842,201,0.0,23,0
842,438,0.0,24,0
843,554,68.0,1,2
843,606,47.0,2,1
843,601,38.0,3,0
843,520,37.0,4,0
843,168,26.0,5,0
843,133,24.0,6,0
843,741,17.0,7,0
843,735,15.0,8,0
843,618,10.0,9,0
843,319,7.0,10,0
843,135,6.0,11,0
843,818,4.0,12,0
843,686,2.0,13,0
843,820,2.0,14,0
843,246,0.0,15,0
843,121,0.0,16,0
843,157,0.0,17,0
843,438,0.0,18,0
843,15,0.0,19,0
843,669,0.0,20,0
843,29,0.0,21,0
843,662,0.0,22,0
843,201,0.0,23,0
843,564,0.0,24,0
844,606,93.0,1,3
844,601,59.0,2,1
844,741,55.0,3,0
844,554,46.0,4,0
844,168,41.0,5,0
844,520,24.0,6,0
844,818,21.0,7,0
844,618,21.0,8,0
844,820,20.0,9,0
844,319,8.0,10,0
844,133,6.0,11,0
844,735,6.0,12,0
844,246,2.0,13,0
844,157,2.0,14,0
844,686,0.0,15,0
844,564,0.0,16,0
844,438,0.0,17,0
844,15,0.0,18,0
844,121,0.0,19,0
844,669,0.0,20,0
844,201,0.0,21,0
844,662,0.0,22,0
844,135,0.0,23,0
844,29,0.0,24,0
845,606,118.0,1,4
845,554,77.0,2,1
845,520,67.0,3,0
845,601,61.0,4,0
845,741,51.0,5,0
845,735,26.0,6,0
845,168,25.0,7,0
845,818,24.0,8,0
845,157,21.0,9,0
845,319,14.0,10,0
845,618,9.0,11,0
845,135,6.0,12,0
845,246,2.0,13,0
845,820,2.0,14,0
845,438,2.0,15,0
845,564,0.0,16,0
845,686,0.0,17,0
845,15,0.0,18,0
845,29,0.0,19,0
845,669,0.0,20,0
845,201,0.0,21,0
845,133,0.0,22,0
845,121,0.0,23,0
845,662,0.0,24,0
846,606,143.0,1,5
846,741,85.0,2,1
846,520,79.0,3,0
846,601,76.0,4,0
846,319,69.0,5,0
846,554,29.0,6,0
846,246,26.0,7,0
846,818,24.0,8,0
846,686,21.0,9,0
846,820,19.0,10,0
846,168,14.0,11,0
846,135,8.0,12,0
846,15,7.0,13,0
846,121,2.0,14,0
846,669,2.0,15,0
846,662,2.0,16,0
846,201,0.0,17,0
846,438,0.0,18,0
846,618,0.0,19,0
846,564,0.0,20,0
846,133,0.0,21,0
846,735,0.0,22,0
846,29,0.0,23,0
846,157,0.0,24,0
847,520,161.0,1,5
847,606,101.0,2,1
847,601,94.0,3,0
847,735,85.0,4,1
847,618,69.0,5,0
847,133,32.0,6,0
847,319,31.0,7,0
847,564,29.0,8,0
847,686,26.0,9,0
847,820,26.0,10,0
847,168,25.0,11,0
847,786,8.0,12,0
847,662,8.0,13,0
847,201,4.0,14,0
847,669,4.0,15,0
847,29,2.0,16,0
847,15,2.0,17,0
847,135,0.0,18,0
847,438,0.0,19,0
847,818,0.0,20,0
847,246,0.0,21,0
847,741,0.0,22,0
847,121,0.0,23,0
847,554,0.0,24,0
848,606,186.0,1,6
848,741,109.0,2,1
848,601,109.0,3,0
848,554,97.0,4,1
848,133,87.0,5,0
848,520,42.0,6,0
848,168,32.0,7,0
848,564,31.0,8,0
848,246,30.0,9,0
848,818,26.0,10,0
848,157,25.0,11,0
848,686,10.0,12,0
848,820,8.0,13,0
848,135,8.0,14,0
848,618,4.0,15,0
848,319,2.0,16,0
848,735,2.0,17,0
848,438,0.0,18,0
848,121,0.0,19,0
848,15,0.0,20,0
848,29,0.0,21,0
848,669,0.0,22,0
848,662,0.0,23,0
848,201,0.0,24,0
849,741,204.0,1,6
849,606,124.0,2,0
849,601,112.0,3,1
849,554,109.0,4,1
849,133,109.0,5,1
849,168,52.0,6,0
849,157,40.0,7,0
849,818,34.0,8,0
849,735,31.0,9,0
849,564,28.0,10,0
849,246,25.0,11,0
849,618,10.0,12,0
849,686,9.0,13,0
849,438,8.0,14,0
849,135,8.0,15,0
849,29,4.0,16,0
849,669,2.0,17,0
849,662,0.0,18,0
849,235,0.0,19,0
849,520,0.0,20,0
849,820,0.0,21,0
849,319,0.0,22,0
849,15,0.0,23,0
849,121,0.0,24,0
850,554,216.0,1,6
850,741,139.0,2,0
850,601,134.0,3,2
850,606,130.0,4,1
850,133,109.0,5,1
850,246,62.0,6,0
850,168,46.0,7,0
850,735,34.0,8,0
850,319,32.0,9,0
850,618,32.0,10,0
850,157,27.0,11,0
850,564,18.0,12,0
850,135,9.0,13,0
850,438,8.0,14,0
850,820,8.0,15,0
850,121,4.0,16,0
850,29,2.0,17,0
850,669,0.0,18,0
850,235,0.0,19,0
850,746,0.0,20,0
850,662,0.0,21,0
850,520,0.0,22,0
850,686,0.0,23,0
850,818,0.0,24,0
851,520,234.0,1,6
851,606,149.0,2,0
851,741,146.0,3,2
851,554,145.0,4,1
851,601,134.0,5,2
851,133,70.0,6,0
851,135,48.0,7,0
851,820,34.0,8,0
851,168,32.0,9,0
851,564,32.0,10,0
851,319,27.0,11,0
851,618,18.0,12,0
851,686,12.0,13,0
851,246,10.0,14,0
851,157,8.0,15,0
851,438,8.0,16,0
851,29,4.0,17,0
851,235,0.0,18,0
851,669,0.0,19,0
851,662,0.0,20,0
851,121,0.0,21,0
851,735,0.0,22,0
851,818,0.0,23,0
851,15,0.0,24,0
852,606,259.0,1,7
852,601,167.0,2,0
852,520,157.0,3,1
852,741,149.0,4,2
852,735,146.0,5,2
852,168,74.0,6,0
852,246,56.0,7,0
852,133,42.0,8,0
852,618,34.0,9,0
852,438,34.0,10,0
852,135,27.0,11,0
852,319,24.0,12,0
852,413,12.0,13,0
852,15,10.0,14,0
852,121,8.0,15,0
852,686,8.0,16,0
852,669,4.0,17,0
852,29,1.0,18,0
852,662,0.0,19,0
852,157,0.0,20,0
852,235,0.0,21,0
852,554,0.0,22,0
852,820,0.0,23,0
852,564,0.0,24,0
853,606,284.0,1,8
853,520,172.0,2,1
853,741,167.0,3,2
853,554,167.0,4,0
853,735,158.0,5,2
853,133,82.0,6,0
853,564,56.0,7,0
853,135,52.0,8,0
853,413,34.0,9,0
853,820,34.0,10,0
853,438,27.0,11,0
853,686,24.0,12,0
853,121,16.0,13,0
853,15,13.0,14,0
853,29,12.0,15,0
853,235,8.0,16,0
853,157,4.0,17,0
853,319,2.0,18,0
853,246,1.0,19,0
853,601,0.0,20,0
853,669,0.0,21,0
853,618,0.0,22,0
853,168,0.0,23,0
853,662,0.0,24,0
854,606,309.0,1,9
854,520,185.0,2,2
854,601,184.0,3,1
854,741,182.0,4,0
854,554,168.0,5,2
854,135,84.0,6,0
854,168,62.0,7,0
854,246,52.0,8,0
854,133,34.0,9,0
854,157,34.0,10,0
854,438,28.0,11,0
854,820,27.0,12,0
854,686,20.0,13,0
854,319,16.0,14,0
854,413,13.0,15,0
854,121,9.0,16,0
854,618,4.0,17,0
854,669,2.0,18,0
854,235,1.0,19,0
854,662,0.0,20,0
854,564,0.0,21,0
854,15,0.0,22,0
854,735,0.0,23,0
854,29,0.0,24,0
855,520,324.0,1,9
855,741,210.0,2,3
855,606,202.0,3,1
855,601,194.0,4,0
855,554,178.0,5,2
855,735,90.0,6,0
855,133,63.0,7,0
855,157,60.0,8,0
855,618,36.0,9,0
855,168,34.0,10,0
855,246,28.0,11,0
855,135,27.0,12,0
855,319,20.0,13,0
855,438,16.0,14,0
855,564,13.0,15,0
855,413,13.0,16,0
855,686,4.0,17,0
855,121,2.0,18,0
855,15,1.0,19,0
855,29,0.0,20,0
855,669,0.0,21,0
855,235,0.0,22,0
855,662,0.0,23,0
855,820,0.0,24,0
856,606,349.0,1,10
856,554,222.0,2,3
856,601,212.0,3,1
856,520,209.0,4,0
856,741,196.0,5,2
856,133,98.0,6,0
856,564,67.0,7,0
856,168,60.0,8,0
856,820,36.0,9,0
856,135,34.0,10,0
856,246,28.0,11,0
856,686,27.0,12,0
856,413,22.0,13,0
856,121,21.0,14,0
856,319,15.0,15,0
856,157,13.0,16,0
856,15,4.0,17,0
856,29,2.0,18,0
856,235,1.0,19,0
856,669,0.0,20,0
856,662,0.0,21,0
856,438,0.0,22,0
856,618,0.0,23,0
856,735,0.0,24,0
857,606,374.0,1,11
857,520,240.0,2,3
857,741,227.0,3,1
857,601,221.0,4,0
857,735,202.0,5,2
857,168,98.0,6,0
857,554,75.0,7,0
857,564,70.0,8,0
857,246,36.0,9,0
857,157,34.0,10,0
857,618,30.0,11,0
857,413,27.0,12,0
857,135,26.0,13,0
857,121,21.0,14,0
857,686,15.0,15,0
857,669,14.0,16,0
857,201,4.0,17,0
857,235,2.0,18,0
857,15,1.0,19,0
857,133,0.0,20,0
857,820,0.0,21,0
857,438,0.0,22,0
857,29,0.0,23,0
857,319,0.0,24,0
858,554,374.0,1,11
858,741,255.0,2,3
858,520,245.0,3,1
858,601,233.0,4,0
858,133,227.0,5,3
858,168,108.0,6,0
858,735,83.0,7,0
858,246,76.0,8,0
858,135,36.0,9,0
858,319,34.0,10,0
858,157,34.0,11,0
858,686,28.0,12,0
858,618,26.0,13,0
858,438,23.0,14,0
858,564,15.0,15,0
858,413,14.0,16,0
858,121,4.0,17,0
858,15,2.0,18,0
858,29,1.0,19,0
858,662,0.0,20,0
858,235,0.0,21,0
858,820,0.0,22,0
858,669,0.0,23,0
858,606,0.0,24,0
859,601,392.0,1,11
859,606,270.0,2,3
859,520,258.0,3,1
859,741,257.0,4,1
859,133,227.0,5,3
859,246,118.0,6,0
859,168,89.0,7,0
859,135,76.0,8,0
859,319,42.0,9,0
859,618,37.0,10,0
859,564,34.0,11,0
859,820,30.0,12,0
859,157,27.0,13,0
859,686,26.0,14,0
859,735,15.0,15,0
859,121,14.0,16,0
859,413,4.0,17,0
859,15,2.0,18,0
859,669,1.0,19,0
859,235,0.0,20,0
859,662,0.0,21,0
859,554,0.0,22,0
859,438,0.0,23,0
859,29,0.0,24,0
860,520,25.0,1,1
860,606,18.0,2,0
860,554,15.0,3,0
860,601,12.0,4,0
860,741,10.0,5,0
860,319,8.0,6,0
860,838,6.0,7,0
860,157,4.0,8,0
860,235,2.0,9,0
860,135,1.0,10,0
860,850,0.0,11,0
860,168,0.0,12,0
860,438,0.0,13,0
860,29,0.0,14,0
860,646,0.0,15,0
860,413,0.0,16,0
860,133,0.0,17,0
860,121,0.0,18,0
860,618,0.0,19,0
860,735,0.0,20,0
860,461,0.0,21,0
860,843,0.0,22,0
860,786,0.0,23,0
860,201,0.0,24,0
861,741,35.0,1,1
861,157,30.0,2,0
861,554,25.0,3,1
861,601,24.0,4,0
861,838,22.0,5,0
861,413,18.0,6,0
861,135,16.0,7,0
861,850,8.0,8,0
861,843,8.0,9,0
861,735,7.0,10,0
861,606,4.0,11,0
861,235,2.0,12,0
861,168,2.0,13,0
861,520,1.0,14,0
861,133,0.0,15,0
861,618,0.0,16,0
861,29,0.0,17,0
861,121,0.0,18,0
861,438,0.0,19,0
861,646,0.0,20,0
861,201,0.0,21,0
861,786,0.0,22,0
861,319,0.0,23,0
861,461,0.0,24,0
862,168,45.0,1,0
862,520,43.0,2,1
862,554,37.0,3,1
862,601,36.0,4,0
862,606,28.0,5,0
862,461,25.0,6,1
862,413,22.0,7,0
862,438,16.0,8,0
862,741,14.0,9,0
862,319,9.0,10,0
862,157,8.0,11,0
862,135,7.0,12,0
862,133,4.0,13,0
862,838,4.0,14,0
862,843,2.0,15,0
862,850,2.0,16,0
862,235,1.0,17,0
862,618,0.0,18,0
862,29,0.0,19,0
862,646,0.0,20,0
862,786,0.0,21,0
862,201,0.0,22,0
862,121,0.0,23,0
862,735,0.0,24,0
863,606,53.0,1,1
863,838,49.0,2,0
863,461,48.0,3,0
863,601,43.0,4,1
863,168,43.0,5,1
863,135,35.0,6,1
863,741,34.0,7,0
863,554,23.0,8,0
863,133,22.0,9,0
863,735,15.0,10,0
863,157,14.0,11,0
863,843,9.0,12,0
863,319,4.0,13,0
863,850,4.0,14,0
863,235,2.0,15,0
863,618,2.0,16,0
863,121,2.0,17,0
863,520,2.0,18,0
863,29,0.0,19,0
863,786,0.0,20,0
863,201,0.0,21,0
863,413,0.0,22,0
863,438,0.0,23,0
863,646,0.0,24,0
864,438,61.0,1,1
864,741,61.0,2,1
864,838,53.0,3,0
864,461,49.0,4,0
864,319,48.0,5,0
864,606,45.0,6,1
864,168,41.0,7,1
864,554,35.0,8,0
864,520,29.0,9,1
864,843,22.0,10,0
864,601,19.0,11,0
864,850,15.0,12,0
864,235,14.0,13,0
864,135,4.0,14,0
864,133,3.0,15,0
864,121,2.0,16,0
864,618,2.0,17,0
864,29,2.0,18,0
864,786,0.0,19,0
864,157,0.0,20,0
864,646,0.0,21,0
864,201,0.0,22,0
864,413,0.0,23,0
864,735,0.0,24,0
865,601,76.0,1,1
865,168,73.0,2,1
865,741,73.0,3,1
865,606,63.0,4,0
865,554,59.0,5,1
865,133,51.0,6,0
865,135,45.0,7,1
865,843,35.0,8,0
865,838,29.0,9,1
865,413,22.0,10,0
865,157,21.0,11,0
865,850,19.0,12,0
865,121,15.0,13,0
865,29,10.0,14,0
865,201,7.0,15,0
865,520,4.0,16,0
865,235,2.0,17,0
865,646,2.0,18,0
865,735,0.0,19,0
865,618,0.0,20,0
865,319,0.0,21,0
865,786,0.0,22,0
865,438,0.0,23,0
865,461,0.0,24,0
866,554,88.0,1,1
866,461,86.0,2,1
866,157,85.0,3,1
866,606,79.0,4,1
866,741,67.0,5,1
866,168,55.0,6,0
866,601,53.0,7,0
866,838,45.0,8,1
866,319,37.0,9,0
866,133,29.0,10,1
866,135,21.0,11,0
866,843,21.0,12,0
866,438,15.0,13,0
866,235,11.0,14,0
866,850,7.0,15,0
866,520,4.0,16,0
866,413,2.0,17,0
866,121,2.0,18,0
866,618,0.0,19,0
866,646,0.0,20,0
866,29,0.0,21,0
866,735,0.0,22,0
866,786,0.0,23,0
866,201,0.0,24,0
867,741,111.0,1,2
867,838,91.0,2,1
867,735,88.0,3,1
867,601,85.0,4,1
867,843,75.0,5,1
867,168,73.0,6,0
867,135,53.0,7,0
867,520,49.0,8,1
867,157,39.0,9,0
867,413,29.0,10,1
867,235,27.0,11,0
867,438,21.0,12,0
867,618,17.0,13,0
867,121,17.0,14,0
867,646,16.0,15,0
867,133,11.0,16,0
867,786,4.0,17,0
867,201,2.0,18,0
867,554,0.0,19,0
867,461,0.0,20,0
867,606,0.0,21,0
867,319,0.0,22,0
867,850,0.0,23,0
867,29,0.0,24,0
868,601,129.0,1,2
868,741,116.0,2,2
868,606,100.0,3,1
868,133,92.0,4,1
868,838,83.0,5,0
868,461,75.0,6,1
868,735,61.0,7,0
868,554,50.0,8,1
868,413,39.0,9,0
868,520,29.0,10,1
868,319,27.0,11,0
868,843,23.0,12,0
868,235,23.0,13,0
868,850,21.0,14,0
868,168,18.0,15,0
868,438,17.0,16,0
868,121,4.0,17,0
868,29,2.0,18,0
868,646,0.0,19,0
868,786,0.0,20,0
868,201,0.0,21,0
868,157,0.0,22,0
868,135,0.0,23,0
868,618,0.0,24,0
869,741,154.0,1,3
869,520,120.0,2,2
869,838,110.0,3,1
869,319,98.0,4,0
869,606,92.0,5,1
869,157,76.0,6,1
869,735,68.0,7,1
869,601,61.0,8,0
869,843,47.0,9,0
869,168,33.0,10,0
869,135,29.0,11,1
869,133,29.0,12,0
869,235,27.0,13,0
869,850,23.0,14,0
869,438,19.0,15,0
869,618,18.0,16,0
869,413,4.0,17,0
869,461,2.0,18,0
869,121,0.0,19,0
869,646,0.0,20,0
869,786,0.0,21,0
869,29,0.0,22,0
869,201,0.0,23,0
869,554,0.0,24,0
870,554,164.0,1,3
870,838,124.0,2,2
870,461,122.0,3,1
870,606,117.0,4,2
870,741,116.0,5,0
870,520,77.0,6,1
870,413,76.0,7,1
870,601,76.0,8,0
870,133,47.0,9,0
870,168,33.0,10,0
870,843,29.0,11,1
870,135,29.0,12,0
870,438,27.0,13,0
870,157,25.0,14,0
870,235,24.0,15,0
870,850,19.0,16,0
870,121,4.0,17,0
870,319,2.0,18,0
870,618,0.0,19,0
870,646,0.0,20,0
870,29,0.0,21,0
870,786,0.0,22,0
870,201,0.0,23,0
870,735,0.0,24,0
871,520,164.0,1,3
871,606,140.0,2,1
871,838,132.0,3,2
871,843,131.0,4,0
871,133,117.0,5,2
871,601,101.0,6,2
871,735,77.0,7,1
871,850,76.0,8,0
871,235,47.0,9,0
871,135,35.0,10,0
871,168,35.0,11,0
871,413,33.0,12,0
871,319,31.0,13,0
871,618,29.0,14,1
871,29,28.0,15,0
871,646,24.0,16,0
871,121,8.0,17,0
871,786,4.0,18,0
871,201,0.0,19,0
871,438,0.0,20,0
871,157,0.0,21,0
871,741,0.0,22,0
871,554,0.0,23,0
871,461,0.0,24,0
872,554,179.0,1,3
872,157,142.0,2,3
872,741,141.0,3,0
872,133,140.0,4,1
872,838,132.0,5,2
872,735,101.0,6,2
872,168,83.0,7,1
872,135,76.0,8,0
872,319,65.0,9,0
872,413,47.0,10,0
872,438,43.0,11,0
872,235,35.0,12,0
872,669,32.0,13,0
872,121,31.0,14,0
872,618,29.0,15,1
872,646,25.0,16,0
872,29,8.0,17,0
872,786,4.0,18,0
872,201,0.0,19,0
872,601,0.0,20,0
872,843,0.0,21,0
872,606,0.0,22,0
872,520,0.0,23,0
872,850,0.0,24,0
873,606,194.0,1,3
873,520,165.0,2,2
873,741,149.0,3,0
873,135,142.0,4,3
873,168,132.0,5,2
873,838,119.0,6,2
873,461,93.0,7,1
873,133,82.0,8,0
873,235,66.0,9,0
873,157,51.0,10,0
873,601,44.0,11,0
873,29,43.0,12,0
873,319,35.0,13,0
873,843,31.0,14,0
873,121,29.0,15,1
873,646,25.0,16,0
873,786,8.0,17,0
873,413,6.0,18,0
873,618,0.0,19,0
873,850,0.0,20,0
873,735,0.0,21,0
873,438,0.0,22,0
873,201,0.0,23,0
873,554,0.0,24,0
874,606,194.0,1,3
874,133,190.0,2,3
874,319,157.0,3,0
874,520,152.0,4,3
874,554,134.0,5,2
874,838,131.0,6,2
874,843,93.0,7,1
874,438,82.0,8,0
874,601,69.0,9,0
874,235,66.0,10,0
874,735,50.0,11,0
874,135,44.0,12,0
874,850,43.0,13,0
874,413,37.0,14,0
874,121,33.0,15,1
874,29,25.0,16,0
874,618,8.0,17,0
874,786,7.0,18,0
874,461,0.0,19,0
874,646,0.0,20,0
874,201,0.0,21,0
874,157,0.0,22,0
874,741,0.0,23,0
874,168,0.0,24,0
875,606,215.0,1,4
875,601,209.0,2,3
875,741,167.0,3,0
875,133,153.0,4,3
875,838,152.0,5,2
875,843,131.0,6,2
875,461,93.0,7,1
875,850,88.0,8,0
875,235,81.0,9,0
875,554,66.0,10,0
875,157,50.0,11,0
875,135,45.0,12,0
875,735,44.0,13,0
875,438,43.0,14,0
875,413,33.0,15,1
875,618,25.0,16,0
875,121,12.0,17,0
875,29,9.0,18,0
875,646,0.0,19,0
875,201,0.0,20,0
875,786,0.0,21,0
875,319,0.0,22,0
875,168,0.0,23,0
875,520,0.0,24,0
876,606,240.0,1,5
876,741,227.0,2,3
876,601,173.0,3,0
876,554,167.0,4,2
876,520,165.0,5,3
876,133,141.0,6,2
876,838,93.0,7,1
876,843,90.0,8,0
876,461,89.0,9,0
876,413,66.0,10,0
876,168,50.0,11,0
876,135,49.0,12,0
876,235,44.0,13,0
876,319,43.0,14,0
876,850,33.0,15,1
876,438,26.0,16,0
876,618,12.0,17,0
876,121,9.0,18,0
876,646,0.0,19,0
876,29,0.0,20,0
876,201,0.0,21,0
876,735,0.0,22,0
876,786,0.0,23,0
876,157,0.0,24,0
877,838,255.0,1,5
877,741,245.0,2,3
877,606,198.0,3,1
877,520,167.0,4,2
877,438,165.0,5,3
877,319,153.0,6,2
877,133,95.0,7,0
877,413,93.0,8,1
877,135,90.0,9,0
877,235,66.0,10,0
877,735,58.0,11,0
877,850,49.0,12,0
877,121,46.0,13,0
877,29,43.0,14,1
877,157,43.0,15,0
877,618,30.0,16,0
877,786,12.0,17,0
877,646,10.0,18,0
877,461,0.0,19,0
877,601,0.0,20,0
877,554,0.0,21,0
877,201,0.0,22,0
877,168,0.0,23,0
877,843,0.0,24,0
878,554,273.0,1,5
878,606,260.0,2,3
878,741,206.0,3,1
878,133,190.0,4,4
878,520,167.0,5,2
878,838,163.0,6,2
878,461,107.0,7,0
878,843,96.0,8,0
878,438,93.0,9,1
878,413,66.0,10,0
878,157,58.0,11,0
878,235,53.0,12,0
878,168,46.0,13,0
878,319,45.0,14,1
878,135,43.0,15,0
878,735,31.0,16,0
878,618,12.0,17,0
878,121,10.0,18,0
878,29,0.0,19,0
878,646,0.0,20,0
878,786,0.0,21,0
878,201,0.0,22,0
878,601,0.0,23,0
878,850,0.0,24,0
879,520,281.0,1,5
879,741,278.0,2,3
879,133,207.0,3,1
879,601,190.0,4,4
879,843,188.0,5,3
879,606,179.0,6,2
879,735,122.0,7,0
879,850,96.0,8,0
879,319,93.0,9,1
879,838,66.0,10,0
879,618,63.0,11,0
879,646,60.0,12,0
879,235,49.0,13,0
879,121,46.0,14,0
879,168,45.0,15,1
879,29,31.0,16,0
879,786,16.0,17,0
879,201,10.0,18,0
879,135,0.0,19,0
879,554,0.0,20,0
879,461,0.0,21,0
879,438,0.0,22,0
879,413,0.0,23,0
879,157,0.0,24,0
880,838,25.0,1,1
880,741,18.0,2,0
880,606,15.0,3,0
880,133,12.0,4,0
880,554,10.0,5,0
880,601,8.0,6,0
880,246,6.0,7,0
880,135,4.0,8,0
880,520,2.0,9,0
880,461,1.0,10,0
880,157,0.0,11,0
880,850,0.0,12,0
880,49,0.0,13,0
880,332,0.0,14,0
880,402,0.0,15,0
880,646,0.0,16,0
880,411,0.0,17,0
880,743,0.0,18,0
880,235,0.0,19,0
880,168,0.0,20,0
880,438,0.0,21,0
880,843,0.0,22,0
881,606,40.0,1,1
881,601,31.0,2,1
881,554,26.0,3,0
881,168,25.0,4,0
881,133,22.0,5,0
881,461,18.0,6,0
881,838,12.0,7,0
881,843,9.0,8,0
881,157,6.0,9,0
881,850,4.0,10,0
881,332,4.0,11,0
881,49,2.0,12,0
881,402,2.0,13,0
881,646,1.0,14,0
881,743,0.0,15,0
881,411,0.0,16,0
881,520,0.0,17,0
881,235,0.0,18,0
881,438,0.0,19,0
881,246,0.0,20,0
881,135,0.0,21,0
881,741,0.0,22,0
882,741,52.0,1,1
882,838,49.0,2,1
882,554,43.0,3,1
882,606,40.0,4,0
882,520,30.0,5,0
882,133,26.0,6,0
882,235,12.0,7,0
882,135,12.0,8,0
882,461,11.0,9,0
882,843,8.0,10,0
882,157,6.0,11,0
882,850,6.0,12,0
882,332,5.0,13,0
882,438,2.0,14,0
882,402,1.0,15,0
882,646,0.0,16,0
882,411,0.0,17,0
882,743,0.0,18,0
882,168,0.0,19,0
882,601,0.0,20,0
882,246,0.0,21,0
882,49,0.0,22,0
883,606,77.0,1,2
883,838,67.0,2,1
883,461,50.0,3,0
883,135,47.0,4,1
883,554,32.0,5,0
883,157,30.0,6,0
883,601,26.0,7,0
883,741,20.0,8,0
883,168,14.0,9,0
883,520,13.0,10,0
883,438,10.0,11,0
883,843,6.0,12,0
883,246,6.0,13,0
883,332,5.0,14,0
883,133,1.0,15,0
883,235,0.0,16,0
883,646,0.0,17,0
883,49,0.0,18,0
883,402,0.0,19,0
883,411,0.0,20,0
883,743,0.0,21,0
883,850,0.0,22,0
884,741,89.0,1,2
884,838,85.0,2,1
884,133,72.0,3,2
884,606,50.0,4,0
884,601,45.0,5,0
884,168,42.0,6,0
884,135,26.0,7,0
884,520,26.0,8,0
884,157,22.0,9,0
884,235,17.0,10,0
884,49,12.0,11,0
884,554,7.0,12,0
884,246,6.0,13,0
884,438,5.0,14,0
884,843,1.0,15,0
884,332,0.0,16,0
884,646,0.0,17,0
884,402,0.0,18,0
884,411,0.0,19,0
884,850,0.0,20,0
884,743,0.0,21,0
884,461,0.0,22,0
885,168,107.0,1,2
885,606,86.0,2,1
885,601,78.0,3,2
885,554,62.0,4,0
885,246,57.0,5,0
885,520,47.0,6,1
885,741,45.0,7,0
885,850,28.0,8,0
885,135,26.0,9,0
885,838,25.0,10,0
885,843,16.0,11,0
885,332,12.0,12,0
885,49,7.0,13,0
885,411,5.0,14,0
885,743,5.0,15,0
885,157,0.0,16,0
885,461,0.0,17,0
885,235,0.0,18,0
885,402,0.0,19,0
885,438,0.0,20,0
885,133,0.0,21,0
885,646,0.0,22,0
886,606,132.0,1,3
886,741,96.0,2,2
886,554,88.0,3,1
886,601,77.0,4,0
886,168,69.0,5,0
886,850,57.0,6,1
886,135,49.0,7,0
886,133,34.0,8,0
886,838,26.0,9,0
886,246,25.0,10,0
886,157,17.0,11,0
886,520,13.0,12,0
886,461,12.0,13,0
886,332,7.0,14,0
886,235,5.0,15,0
886,438,0.0,16,0
886,402,0.0,17,0
886,646,0.0,18,0
886,411,0.0,19,0
886,49,0.0,20,0
886,843,0.0,21,0
886,743,0.0,22,0
887,168,132.0,1,3
887,601,111.0,2,2
887,741,98.0,3,1
887,554,89.0,4,0
887,838,87.0,5,0
887,133,82.0,6,2
887,246,57.0,7,0
887,235,36.0,8,0
887,135,26.0,9,0
887,843,25.0,10,0
887,438,23.0,11,0
887,332,13.0,12,0
887,520,12.0,13,0
887,49,11.0,14,0
887,646,6.0,15,0
887,402,0.0,16,0
887,411,0.0,17,0
887,743,0.0,18,0
887,461,0.0,19,0
887,157,0.0,20,0
887,606,0.0,21,0
887,850,0.0,22,0
888,606,157.0,1,4
888,838,123.0,2,2
888,461,116.0,3,1
888,741,99.0,4,0
888,554,93.0,5,0
888,520,84.0,6,2
888,601,57.0,7,0
888,157,41.0,8,0
888,168,36.0,9,0
888,843,33.0,10,0
888,135,23.0,11,0
888,235,16.0,12,0
888,246,13.0,13,0
888,49,11.0,14,0
888,438,7.0,15,0
888,332,0.0,16,0
888,646,0.0,17,0
888,743,0.0,18,0
888,411,0.0,19,0
888,850,0.0,20,0
888,402,0.0,21,0
888,133,0.0,22,0
890,554,172.0,1,4
890,838,134.0,2,1
890,606,133.0,3,2
890,601,124.0,4,1
890,741,105.0,5,0
890,461,84.0,6,2
890,520,61.0,7,0
890,133,49.0,8,0
890,157,39.0,9,0
890,438,36.0,10,0
890,843,23.0,11,0
890,850,18.0,12,0
890,235,13.0,13,0
890,743,11.0,14,0
890,646,7.0,15,0
890,402,1.0,16,0
890,411,0.0,17,0
890,135,0.0,18,0
890,168,0.0,19,0
890,332,0.0,20,0
890,49,0.0,21,0
890,246,0.0,22,0
891,606,197.0,1,5
891,741,151.0,2,2
891,554,139.0,3,1
891,168,134.0,4,1
891,601,115.0,5,0
891,520,96.0,6,2
891,133,67.0,7,0
891,461,53.0,8,0
891,246,47.0,9,0
891,235,36.0,10,0
891,157,25.0,11,0
891,850,18.0,12,0
891,843,13.0,13,0
891,49,12.0,14,0
891,332,7.0,15,0
891,743,1.0,16,0
891,438,0.0,17,0
891,402,0.0,18,0
891,411,0.0,19,0
891,135,0.0,20,0
891,838,0.0,21,0
891,646,0.0,22,0
892,606,222.0,1,6
892,741,169.0,2,2
892,601,141.0,3,1
892,133,134.0,4,1
892,843,130.0,5,0
892,168,104.0,6,2
892,235,79.0,7,0
892,461,57.0,8,0
892,554,48.0,9,0
892,520,36.0,10,0
892,838,25.0,11,0
892,157,18.0,12,0
892,49,18.0,13,0
892,438,17.0,14,0
892,332,13.0,15,0
892,246,1.0,16,0
892,646,0.0,17,0
892,743,0.0,18,0
892,402,0.0,19,0
892,411,0.0,20,0
892,850,0.0,21,0
892,135,0.0,22,0
893,606,247.0,1,7
893,741,187.0,2,2
893,838,151.0,3,1
893,168,149.0,4,1
893,554,130.0,5,0
893,133,116.0,6,2
893,520,87.0,7,0
893,157,57.0,8,0
893,843,54.0,9,0
893,246,36.0,10,0
893,438,26.0,11,0
893,49,22.0,12,0
893,332,19.0,13,0
893,850,18.0,14,0
893,601,13.0,15,0
893,743,1.0,16,0
893,411,0.0,17,0
893,402,0.0,18,0
893,646,0.0,19,0
893,135,0.0,20,0
893,461,0.0,21,0
893,235,0.0,22,0
894,606,272.0,1,8
894,838,195.0,2,2
894,461,167.0,3,1
894,843,161.0,4,1
894,554,130.0,5,0
894,741,122.0,6,2
894,168,89.0,7,0
894,520,72.0,8,0
894,133,58.0,9,0
894,157,36.0,10,0
894,49,31.0,11,0
894,332,26.0,12,0
894,438,23.0,13,0
894,646,18.0,14,0
894,743,13.0,15,0
894,402,1.0,16,0
894,411,0.0,17,0
894,850,0.0,18,0
894,235,0.0,19,0
894,246,0.0,20,0
894,601,0.0,21,0
894,135,0.0,22,0
895,606,297.0,1,9
895,601,207.0,2,2
895,461,177.0,3,1
895,741,161.0,4,1
895,838,148.0,5,0
895,843,126.0,6,2
895,49,90.0,7,0
895,168,87.0,8,0
895,520,60.0,9,0
895,133,39.0,10,0
895,135,36.0,11,0
895,850,26.0,12,0
895,235,23.0,13,0
895,246,18.0,14,0
895,157,13.0,15,0
895,438,6.0,16,0
895,332,1.0,17,0
895,646,0.0,18,0
895,411,0.0,19,0
895,554,0.0,20,0
895,743,0.0,21,0
895,402,0.0,22,0
896,606,322.0,1,10
896,168,207.0,2,2
896,461,183.0,3,1
896,133,169.0,4,1
896,157,148.0,5,0
896,554,144.0,6,2
896,838,102.0,7,0
896,135,102.0,8,0
896,246,60.0,9,0
896,235,40.0,10,0
896,741,39.0,11,0
896,438,33.0,12,0
896,850,28.0,13,0
896,520,19.0,14,0
896,49,13.0,15,0
896,332,6.0,16,0
896,411,1.0,17,0
896,402,0.0,18,0
896,843,0.0,19,0
896,601,0.0,20,0
896,646,0.0,21,0
896,743,0.0,22,0
897,606,347.0,1,11
897,601,217.0,2,2
897,168,183.0,3,1
897,461,175.0,4,1
897,741,166.0,5,0
897,135,159.0,6,2
897,554,114.0,7,0
897,133,106.0,8,0
897,157,60.0,9,0
897,246,48.0,10,0
897,438,39.0,11,0
897,520,35.0,12,0
897,49,29.0,13,0
897,843,19.0,14,0
897,332,13.0,15,0
897,235,6.0,16,0
897,850,1.0,17,0
897,743,0.0,18,0
897,646,0.0,19,0
897,402,0.0,20,0
897,411,0.0,21,0
897,838,0.0,22,0
898,606,372.0,1,12
898,461,227.0,2,2
898,601,187.0,3,1
898,554,183.0,4,1
898,741,181.0,5,0
898,843,161.0,6,2
898,157,132.0,7,0
898,332,106.0,8,0
898,168,61.0,9,0
898,520,48.0,10,0
898,235,47.0,11,0
898,850,41.0,12,0
898,133,29.0,13,0
898,49,19.0,14,0
898,121,13.0,15,0
898,135,6.0,16,0
898,438,4.0,17,0
898,402,1.0,18,0
898,743,0.0,19,0
898,646,0.0,20,0
898,411,0.0,21,0
898,246,0.0,22,0
899,606,397.0,1,13
899,601,242.0,2,2
899,741,199.0,3,0
899,520,189.0,4,1
899,168,183.0,5,1
899,157,171.0,6,2
899,133,132.0,7,0
899,843,112.0,8,0
899,554,73.0,9,0
899,235,51.0,10,0
899,135,49.0,11,0
899,49,48.0,12,0
899,246,29.0,13,0
899,121,20.0,14,0
899,850,13.0,15,0
899,438,6.0,16,0
899,402,4.0,17,0
899,743,1.0,18,0
899,411,0.0,19,0
899,646,0.0,20,0
899,332,0.0,21,0
899,461,0.0,22,0
900,168,25.0,1,1
900,77,18.0,2,0
900,520,15.0,3,0
900,741,12.0,4,0
900,332,10.0,5,0
900,843,8.0,6,0
900,838,6.0,7,0
900,850,4.0,8,0
900,294,2.0,9,0
900,157,1.0,10,0
900,246,0.0,11,0
900,49,0.0,12,0
900,411,0.0,13,0
900,402,0.0,14,0
900,461,0.0,15,0
900,438,0.0,16,0
900,134,0.0,17,0
900,606,0.0,18,0
900,554,0.0,19,0
900,133,0.0,20,0
900,319,0.0,21,0
900,235,0.0,22,0
901,554,43.0,1,1
901,168,25.0,2,1
901,606,24.0,3,0
901,741,23.0,4,0
901,843,20.0,5,0
901,520,18.0,6,0
901,133,15.0,7,0
901,332,14.0,8,0
901,77,6.0,9,0
901,294,6.0,10,0
901,461,4.0,11,0
901,838,3.0,12,0
901,319,1.0,13,0
901,134,0.0,14,0
901,411,0.0,15,0
901,235,0.0,16,0
901,49,0.0,17,0
901,246,0.0,18,0
901,850,0.0,19,0
901,402,0.0,20,0
901,438,0.0,21,0
901,157,0.0,22,0
902,554,61.0,1,1
902,168,50.0,2,2
902,157,28.0,3,0
902,235,26.0,4,0
902,843,23.0,5,0
902,606,23.0,6,0
902,133,20.0,7,0
902,332,18.0,8,0
902,741,16.0,9,0
902,838,12.0,10,0
902,294,12.0,11,0
902,461,7.0,12,0
902,411,4.0,13,0
902,438,3.0,14,0
902,319,0.0,15,0
902,402,0.0,16,0
902,520,0.0,17,0
902,77,0.0,18,0
902,49,0.0,19,0
902,134,0.0,20,0
902,850,0.0,21,0
902,246,0.0,22,0
903,554,79.0,1,1
903,168,75.0,2,3
903,741,41.0,3,0
903,235,36.0,4,0
903,606,33.0,5,0
903,843,24.0,6,0
903,332,24.0,7,0
903,838,23.0,8,0
903,157,20.0,9,0
903,294,18.0,10,0
903,520,12.0,11,0
903,850,11.0,12,0
903,77,4.0,13,0
903,438,4.0,14,0
903,133,0.0,15,0
903,49,0.0,16,0
903,402,0.0,17,0
903,319,0.0,18,0
903,411,0.0,19,0
903,134,0.0,20,0
903,461,0.0,21,0
903,246,0.0,22,0
904,554,100.0,1,4
904,168,97.0,2,1
904,235,49.0,3,0
904,606,45.0,4,0
904,332,39.0,5,0
904,741,37.0,6,0
904,838,34.0,7,0
904,461,23.0,8,0
904,157,20.0,9,0
904,843,20.0,10,0
904,520,17.0,11,0
904,77,12.0,12,0
904,133,4.0,13,0
904,294,4.0,14,0
904,438,4.0,15,0
904,49,0.0,16,0
904,246,0.0,17,0
904,402,0.0,18,0
904,411,0.0,19,0
904,134,0.0,20,0
904,319,0.0,21,0
904,850,0.0,22,0
905,168,122.0,1,2
905,554,118.0,2,4
905,235,61.0,3,0
905,741,54.0,4,0
905,843,47.0,5,0
905,520,45.0,6,0
905,133,34.0,7,0
905,461,31.0,8,0
905,402,21.0,9,0
905,77,20.0,10,0
905,134,18.0,11,0
905,838,17.0,12,0
905,319,8.0,13,0
905,411,4.0,14,0
905,49,4.0,15,0
905,332,2.0,16,0
905,850,0.0,17,0
905,246,0.0,18,0
905,294,0.0,19,0
905,606,0.0,20,0
905,157,0.0,21,0
905,438,0.0,22,0
906,235,140.0,1,2
906,168,118.0,2,4
906,606,79.0,3,1
906,520,69.0,4,0
906,843,60.0,5,0
906,741,57.0,6,0
906,332,43.0,7,0
906,850,40.0,8,0
906,77,23.0,9,0
906,838,20.0,10,0
906,157,18.0,11,0
906,133,18.0,12,0
906,246,8.0,13,0
906,49,8.0,14,0
906,461,4.0,15,0
906,294,2.0,16,0
906,554,0.0,17,0
906,319,0.0,18,0
906,438,0.0,19,0
906,134,0.0,20,0
906,411,0.0,21,0
906,402,0.0,22,0
907,168,165.0,1,3
907,554,136.0,2,4
907,332,83.0,3,1
907,133,79.0,4,0
907,741,60.0,5,0
907,157,59.0,6,0
907,77,55.0,7,0
907,235,43.0,8,0
907,843,30.0,9,0
907,838,29.0,10,0
907,520,28.0,11,0
907,438,19.0,12,0
907,246,8.0,13,0
907,461,8.0,14,0
907,402,4.0,15,0
907,319,2.0,16,0
907,411,0.0,17,0
907,134,0.0,18,0
907,49,0.0,19,0
907,850,0.0,20,0
907,606,0.0,21,0
907,294,0.0,22,0
908,554,165.0,1,3
908,332,161.0,2,5
908,235,98.0,3,1
908,520,87.0,4,0
908,606,73.0,5,0
908,741,70.0,6,0
908,77,63.0,7,0
908,843,55.0,8,0
908,294,35.0,9,0
908,850,30.0,10,0
908,157,28.0,11,0
908,461,19.0,12,0
908,246,9.0,13,0
908,402,8.0,14,0
908,319,6.0,15,0
908,411,2.0,16,0
908,438,0.0,17,0
908,168,0.0,18,0
908,134,0.0,19,0
908,49,0.0,20,0
908,133,0.0,21,0
908,838,0.0,22,0
909,168,190.0,1,4
909,332,176.0,2,5
909,554,106.0,3,1
909,606,97.0,4,0
909,741,91.0,5,0
909,235,82.0,6,0
909,843,69.0,7,0
909,520,59.0,8,0
909,77,37.0,9,0
909,157,30.0,10,0
909,838,29.0,11,0
909,438,19.0,12,0
909,850,9.0,13,0
909,49,8.0,14,0
909,402,6.0,15,0
909,319,2.0,16,0
909,411,0.0,17,0
909,134,0.0,18,0
909,246,0.0,19,0
909,294,0.0,20,0
909,461,0.0,21,0
909,133,0.0,22,0
910,235,202.0,1,4
910,741,191.0,2,5
910,554,131.0,3,2
910,168,115.0,4,0
910,133,95.0,5,0
910,838,88.0,6,0
910,606,69.0,7,0
910,332,60.0,8,0
910,850,40.0,9,0
910,520,37.0,10,0
910,246,29.0,11,0
910,77,27.0,12,0
910,438,11.0,13,0
910,294,8.0,14,0
910,402,6.0,15,0
910,411,2.0,16,0
910,49,0.0,17,0
910,319,0.0,18,0
910,157,0.0,19,0
910,843,0.0,20,0
910,461,0.0,21,0
910,134,0.0,22,0
911,235,220.0,1,4
911,168,191.0,2,5
911,332,156.0,3,3
911,838,121.0,4,0
911,606,110.0,5,0
911,520,98.0,6,0
911,741,70.0,7,0
911,157,68.0,8,0
911,294,40.0,9,0
911,843,39.0,10,0
911,850,37.0,11,0
911,77,33.0,12,0
911,133,11.0,13,0
911,246,8.0,14,0
911,49,8.0,15,0
911,411,2.0,16,0
911,134,0.0,17,0
911,402,0.0,18,0
911,554,0.0,19,0
911,461,0.0,20,0
911,438,0.0,21,0
911,821,0.0,22,0
912,554,238.0,1,4
912,168,216.0,2,6
912,133,166.0,3,3
912,332,122.0,4,0
912,235,121.0,5,0
912,606,106.0,6,0
912,157,72.0,7,0
912,520,70.0,8,0
912,838,55.0,9,0
912,77,41.0,10,0
912,294,39.0,11,0
912,843,38.0,12,0
912,850,11.0,13,0
912,438,8.0,14,0
912,246,8.0,15,0
912,461,2.0,16,0
912,319,0.0,17,0
912,402,0.0,18,0
912,49,0.0,19,0
912,134,0.0,20,0
912,741,0.0,21,0
912,411,0.0,22,0
913,554,241.0,1,7
913,606,238.0,2,4
913,235,181.0,3,3
913,741,133.0,4,0
913,133,124.0,5,0
913,850,122.0,6,0
913,157,72.0,7,0
913,838,72.0,8,0
913,843,65.0,9,0
913,77,45.0,10,0
913,332,45.0,11,0
913,438,39.0,12,0
913,461,19.0,13,0
913,294,8.0,14,0
913,134,8.0,15,0
913,402,2.0,16,0
913,411,0.0,17,0
913,520,0.0,18,0
913,246,0.0,19,0
913,49,0.0,20,0
913,168,0.0,21,0
913,319,0.0,22,0
914,554,266.0,1,8
914,168,256.0,2,4
914,606,193.0,3,3
914,235,139.0,4,0
914,520,133.0,5,0
914,332,130.0,6,0
914,133,82.0,7,0
914,843,76.0,8,0
914,850,71.0,9,0
914,157,46.0,10,0
914,294,45.0,11,0
914,838,39.0,12,0
914,49,21.0,13,0
914,77,8.0,14,0
914,461,8.0,15,0
914,438,2.0,16,0
914,134,0.0,17,0
914,411,0.0,18,0
914,319,0.0,19,0
914,402,0.0,20,0
914,246,0.0,21,0
914,741,0.0,22,0
915,554,291.0,1,9
915,168,274.0,2,4
915,332,199.0,3,3
915,520,145.0,4,0
915,77,143.0,5,0
915,741,141.0,6,0
915,235,94.0,7,0
915,606,76.0,8,0
915,838,71.0,9,0
915,157,49.0,10,0
915,133,47.0,11,0
915,843,47.0,12,0
915,850,21.0,13,0
915,294,8.0,14,0
915,49,8.0,15,0
915,246,2.0,16,0
915,461,0.0,17,0
915,438,0.0,18,0
915,134,0.0,19,0
915,319,0.0,20,0
915,411,0.0,21,0
916,554,316.0,1,10
916,168,292.0,2,4
916,235,214.0,3,3
916,133,155.0,4,0
916,332,149.0,5,0
916,741,149.0,6,0
916,606,94.0,7,0
916,77,83.0,8,0
916,438,76.0,9,0
916,850,53.0,10,0
916,461,47.0,11,0
916,520,47.0,12,0
916,838,22.0,13,0
916,49,8.0,14,0
916,294,8.0,15,0
916,843,2.0,16,0
916,157,2.0,17,0
916,246,0.0,18,0
917,168,334.0,1,10
917,554,317.0,2,5
917,133,214.0,3,3
917,520,159.0,4,0
917,606,157.0,5,0
917,741,156.0,6,0
917,838,106.0,7,0
917,843,98.0,8,0
917,77,80.0,9,0
917,332,55.0,10,0
917,294,53.0,11,0
917,438,47.0,12,0
917,850,22.0,13,0
917,49,8.0,14,0
917,157,8.0,15,0
917,246,2.0,16,0
917,461,2.0,17,0
917,235,0.0,18,0
918,554,384.0,1,11
918,133,317.0,2,5
918,332,238.0,3,3
918,235,186.0,4,0
918,520,167.0,5,0
918,843,161.0,6,0
918,157,134.0,7,0
918,606,126.0,8,0
918,741,96.0,9,0
918,838,59.0,10,0
918,77,55.0,11,0
918,850,55.0,12,0
918,461,22.0,13,0
918,168,8.0,14,0
918,49,8.0,15,0
918,246,2.0,16,0
918,587,2.0,17,0
918,319,0.0,18,0
918,438,0.0,19,0
918,294,0.0,20,0
926,554,25.0,1,1
926,168,18.0,2,0
926,606,15.0,3,0
926,133,12.0,4,0
926,19,10.0,5,0
926,235,8.0,6,0
926,843,6.0,7,0
926,134,4.0,8,0
926,4,2.0,9,0
926,157,1.0,10,0
926,520,0.0,11,0
926,838,0.0,12,0
926,390,0.0,13,0
926,461,0.0,14,0
926,438,0.0,15,0
926,294,0.0,16,0
926,77,0.0,17,0
926,332,0.0,18,0
927,606,43.0,1,1
927,554,40.0,2,1
927,168,33.0,3,0
927,838,20.0,4,0
927,332,12.0,5,0
927,133,10.0,6,0
927,390,10.0,7,0
927,4,9.0,8,0
927,294,6.0,9,0
927,235,6.0,10,0
927,461,6.0,11,0
927,19,4.0,12,0
927,157,2.0,13,0
927,843,1.0,14,0
927,176,0.0,15,0
927,438,0.0,16,0
927,520,0.0,17,0
927,741,0.0,18,0
927,134,0.0,19,0
927,587,0.0,20,0
928,554,68.0,1,2
928,168,55.0,2,1
928,606,51.0,3,0
928,838,30.0,4,0
928,133,24.0,5,0
928,332,18.0,6,0
928,461,14.0,7,0
928,19,11.0,8,0
928,235,6.0,9,0
928,134,6.0,10,0
928,157,6.0,11,0
928,741,6.0,12,0
928,4,5.0,13,0
928,520,2.0,14,0
928,587,1.0,15,0
928,176,0.0,16,0
928,390,0.0,17,0
928,438,0.0,18,0
928,294,0.0,19,0
928,843,0.0,20,0
929,554,93.0,1,3
929,838,66.0,2,0
929,168,65.0,3,1
929,332,42.0,4,0
929,606,31.0,5,0
929,235,30.0,6,0
929,461,19.0,7,0
929,157,14.0,8,0
929,294,12.0,9,0
929,133,6.0,10,0
929,741,6.0,11,0
929,19,6.0,12,0
929,843,5.0,13,0
929,134,5.0,14,0
929,438,4.0,15,0
929,587,0.0,16,0
929,176,0.0,17,0
929,390,0.0,18,0
929,4,0.0,19,0
929,520,0.0,20,0
930,168,111.0,1,3
930,554,91.0,2,1
930,606,80.0,3,1
930,332,52.0,4,0
930,838,42.0,5,0
930,133,39.0,6,0
930,235,25.0,7,0
930,461,16.0,8,0
930,4,14.0,9,0
930,294,8.0,10,0
930,390,6.0,11,0
930,19,6.0,12,0
930,157,5.0,13,0
930,134,5.0,14,0
930,843,5.0,15,0
930,520,0.0,16,0
930,587,0.0,17,0
930,176,0.0,18,0
930,438,0.0,19,0
930,741,0.0,20,0
931,168,126.0,1,3
931,606,116.0,2,2
931,554,98.0,3,1
931,294,60.0,4,0
931,235,42.0,5,0
931,838,39.0,6,0
931,157,35.0,7,0
931,520,17.0,8,0
931,19,16.0,9,0
931,4,16.0,10,0
931,843,11.0,11,0
931,461,9.0,12,0
931,134,6.0,13,0
931,332,6.0,14,0
931,133,5.0,15,0
931,176,4.0,16,0
931,587,0.0,17,0
931,390,0.0,18,0
931,741,0.0,19,0
931,438,0.0,20,0
932,554,151.0,1,4
932,168,134.0,2,2
932,332,108.0,3,1
932,838,72.0,4,0
932,606,57.0,5,0
932,133,47.0,6,0
932,438,35.0,7,0
932,843,19.0,8,0
932,294,17.0,9,0
932,461,16.0,10,0
932,157,11.0,11,0
932,4,10.0,12,0
932,235,9.0,13,0
932,134,6.0,14,0
932,390,6.0,15,0
932,19,5.0,16,0
932,587,4.0,17,0
932,176,0.0,18,0
932,520,0.0,19,0
932,741,0.0,20,0
933,168,169.0,1,4
933,554,159.0,2,3
933,133,120.0,3,1
933,606,72.0,4,0
933,332,67.0,5,0
933,843,62.0,6,0
933,438,36.0,7,0
933,390,19.0,8,0
933,157,18.0,9,0
933,235,17.0,10,0
933,19,16.0,11,0
933,294,13.0,12,0
933,134,12.0,13,0
933,176,10.0,14,0
933,461,9.0,15,0
933,4,5.0,16,0
933,520,4.0,17,0
933,587,0.0,18,0
933,838,0.0,19,0
933,741,0.0,20,0
934,554,194.0,1,5
934,168,177.0,2,3
934,606,135.0,3,1
934,133,77.0,4,0
934,332,76.0,5,0
934,294,74.0,6,0
934,843,36.0,7,0
934,838,27.0,8,0
934,157,24.0,9,0
934,741,17.0,10,0
934,134,16.0,11,0
934,176,15.0,12,0
934,587,12.0,13,0
934,4,10.0,14,0
934,235,9.0,15,0
934,390,5.0,16,0
934,461,4.0,17,0
934,438,1.0,18,0
934,520,0.0,19,0
934,19,0.0,20,0
936,606,202.0,1,5
936,294,181.0,2,3
936,235,160.0,3,2
936,390,77.0,4,0
936,741,76.0,5,0
936,554,74.0,6,0
936,461,51.0,7,0
936,168,45.0,8,0
936,520,24.0,9,0
936,134,23.0,10,0
936,19,22.0,11,0
936,133,16.0,12,0
936,332,15.0,13,0
936,438,12.0,14,0
936,176,11.0,15,0
936,587,9.0,16,0
936,4,6.0,17,0
936,838,6.0,18,0
936,157,0.0,19,0
936,843,0.0,20,0
937,554,227.0,1,6
937,168,199.0,2,3
937,461,160.0,3,2
937,294,82.0,4,0
937,157,82.0,5,0
937,133,79.0,6,0
937,838,57.0,7,0
937,390,51.0,8,0
937,332,38.0,9,0
937,134,26.0,10,0
937,19,25.0,11,0
937,606,24.0,12,0
937,741,16.0,13,0
937,520,12.0,14,0
937,176,11.0,15,0
937,587,9.0,16,0
937,4,7.0,17,0
937,235,6.0,18,0
937,438,0.0,19,0
937,843,0.0,20,0
938,554,252.0,1,7
938,606,199.0,2,3
938,133,178.0,3,2
938,332,97.0,4,0
938,838,92.0,5,0
938,157,91.0,6,0
938,843,58.0,7,0
938,235,55.0,8,0
938,134,38.0,9,0
938,294,33.0,10,0
938,4,30.0,11,0
938,390,26.0,12,0
938,19,16.0,13,0
938,520,12.0,14,0
938,587,11.0,15,0
938,176,9.0,16,0
938,168,9.0,17,0
938,741,6.0,18,0
938,461,0.0,19,0
938,438,0.0,20,0
939,606,252.0,1,7
939,235,211.0,2,3
939,838,203.0,3,3
939,168,107.0,4,0
939,332,101.0,5,0
939,294,97.0,6,0
939,157,73.0,7,0
939,390,66.0,8,0
939,4,39.0,9,0
939,19,38.0,10,0
939,134,30.0,11,0
939,438,30.0,12,0
939,461,17.0,13,0
939,2,12.0,14,0
939,587,11.0,15,0
939,520,11.0,16,0
939,741,9.0,17,0
939,554,6.0,18,0
939,133,0.0,19,0
939,843,0.0,20,0
940,554,277.0,1,8
940,168,229.0,2,3
940,606,218.0,3,3
940,838,119.0,4,0
940,332,111.0,5,0
940,843,97.0,6,0
940,461,73.0,7,0
940,438,66.0,8,0
940,390,44.0,9,0
940,4,39.0,10,0
940,741,38.0,11,0
940,157,32.0,12,0
940,294,17.0,13,0
940,134,16.0,14,0
940,235,12.0,15,0
940,520,11.0,16,0
940,133,9.0,17,0
940,2,6.0,18,0
940,587,0.0,19,0
940,19,0.0,20,0
941,554,302.0,1,9
941,606,236.0,2,3
941,157,229.0,3,3
941,133,123.0,4,0
941,294,111.0,5,0
941,19,109.0,6,0
941,438,76.0,7,0
941,838,73.0,8,0
941,520,54.0,9,0
941,390,44.0,10,0
941,741,38.0,11,0
941,332,33.0,12,0
941,176,25.0,13,0
941,587,22.0,14,0
941,235,12.0,15,0
941,4,11.0,16,0
941,461,9.0,17,0
941,168,8.0,18,0
941,843,0.0,19,0
941,134,0.0,20,0
942,554,327.0,1,10
942,168,251.0,2,3
942,606,247.0,3,3
942,390,123.0,4,0
942,157,111.0,5,0
942,520,109.0,6,0
942,4,76.0,7,0
942,438,74.0,8,0
942,19,64.0,9,0
942,235,45.0,10,0
942,741,44.0,11,0
942,2,38.0,12,0
942,294,27.0,13,0
942,843,26.0,14,0
942,134,18.0,15,0
942,838,16.0,16,0
942,133,11.0,17,0
942,461,9.0,18,0
942,332,0.0,19,0
942,587,0.0,20,0
943,168,345.0,1,10
943,554,272.0,2,4
943,332,251.0,3,3
943,294,126.0,4,0
943,235,123.0,5,0
943,133,117.0,6,0
943,843,88.0,7,0
943,157,84.0,8,0
943,390,68.0,9,0
943,461,47.0,10,0
943,438,45.0,11,0
943,134,44.0,12,0
943,4,27.0,13,0
943,520,26.0,14,0
943,2,18.0,15,0
943,587,16.0,16,0
943,19,11.0,17,0
943,606,9.0,18,0
943,838,0.0,19,0
943,741,0.0,20,0
944,168,363.0,1,10
944,554,297.0,2,5
944,606,266.0,3,3
944,838,136.0,4,0
944,332,135.0,5,0
944,843,117.0,6,0
944,294,94.0,7,0
944,461,84.0,8,0
944,390,68.0,9,0
944,438,52.0,10,0
944,235,49.0,11,0
944,157,49.0,12,0
944,19,27.0,13,0
944,520,27.0,14,0
944,741,18.0,15,0
944,134,16.0,16,0
944,587,11.0,17,0
944,2,9.0,18,0
944,4,0.0,19,0
944,133,0.0,20,0
945,168,381.0,1,10
945,554,322.0,2,6
945,838,278.0,3,3
945,606,150.0,4,0
945,157,136.0,5,0
945,235,121.0,6,0
945,843,95.0,7,0
945,133,92.0,8,0
945,461,78.0,9,0
945,294,58.0,10,0
945,4,51.0,11,0
945,520,49.0,12,0
945,332,27.0,13,0
945,134,27.0,14,0
945,19,18.0,15,0
945,390,16.0,16,0
945,741,11.0,17,0
945,587,9.0,18,0
945,176,0.0,19,0
945,438,0.0,20,0
948,168,25.0,1,1
948,554,18.0,2,0
948,606,15.0,3,0
948,235,12.0,4,0
948,133,10.0,5,0
948,461,8.0,6,0
948,843,6.0,7,0
948,332,4.0,8,0
948,4,2.0,9,0
948,390,1.0,10,0
948,241,0.0,11,0
948,77,0.0,12,0
948,157,0.0,13,0
948,520,0.0,14,0
948,19,0.0,15,0
948,341,0.0,16,0
948,134,0.0,17,0
948,838,0.0,18,0
948,130,0.0,19,0
948,49,0.0,20,0
948,741,0.0,21,0
948,294,0.0,22,0
949,168,50.0,1,2
949,838,33.0,2,0
949,554,24.0,3,0
949,235,18.0,4,0
949,461,18.0,5,0
949,390,15.0,6,0
949,294,14.0,7,0
949,133,9.0,8,0
949,332,6.0,9,0
949,614,6.0,10,0
949,77,6.0,11,0
949,134,2.0,12,0
949,341,1.0,13,0
949,19,0.0,14,0
949,843,0.0,15,0
949,157,0.0,16,0
949,130,0.0,17,0
949,4,0.0,18,0
949,49,0.0,19,0
949,520,0.0,20,0
949,606,0.0,21,0
949,241,0.0,22,0
950,168,75.0,1,3
950,606,39.0,2,0
950,294,36.0,3,0
950,235,33.0,4,0
950,838,28.0,5,0
950,133,22.0,6,0
950,554,21.0,7,0
950,390,18.0,8,0
950,4,13.0,9,0
950,332,7.0,10,0
950,157,6.0,11,0
950,741,4.0,12,0
950,520,1.0,13,0
950,49,0.0,14,0
950,843,0.0,15,0
950,134,0.0,16,0
950,77,0.0,17,0
950,341,0.0,18,0
950,461,0.0,19,0
950,19,0.0,20,0
950,130,0.0,21,0
950,241,0.0,22,0
951,168,100.0,1,4
951,554,57.0,2,0
951,838,43.0,3,0
951,332,36.0,4,0
951,133,33.0,5,0
951,741,32.0,6,0
951,77,22.0,7,0
951,461,21.0,8,0
951,157,19.0,9,0
951,520,13.0,10,0
951,235,8.0,11,0
951,4,6.0,12,0
951,241,6.0,13,0
951,134,4.0,14,0
951,294,2.0,15,0
951,19,1.0,16,0
951,49,1.0,17,0
951,341,0.0,18,0
951,390,0.0,19,0
951,606,0.0,20,0
951,843,0.0,21,0
951,130,0.0,22,0
952,390,100.0,1,4
952,838,61.0,2,0
952,606,57.0,3,0
952,235,48.0,4,0
952,332,48.0,5,0
952,4,38.0,6,1
952,157,36.0,7,0
952,133,29.0,8,0
952,520,22.0,9,0
952,294,22.0,10,0
952,49,12.0,11,0
952,134,8.0,12,0
952,241,8.0,13,0
952,77,6.0,14,0
952,19,6.0,15,0
952,341,3.0,16,0
952,130,1.0,17,0
952,461,0.0,18,0
952,741,0.0,19,0
952,843,0.0,20,0
952,554,0.0,21,0
952,168,0.0,22,0
953,554,106.0,1,4
953,235,82.0,2,1
953,157,66.0,3,0
953,606,61.0,4,0
953,741,60.0,5,0
953,843,38.0,6,1
953,168,37.0,7,0
953,4,29.0,8,0
953,520,23.0,9,0
953,133,22.0,10,0
953,49,22.0,11,0
953,332,18.0,12,0
953,461,16.0,13,0
953,341,14.0,14,0
953,130,6.0,15,0
953,134,5.0,16,0
953,19,1.0,17,0
953,390,0.0,18,0
953,77,0.0,19,0
953,294,0.0,20,0
953,838,0.0,21,0
953,241,0.0,22,0
954,554,116.0,1,4
954,606,107.0,2,2
954,332,78.0,3,0
954,390,72.0,4,0
954,168,69.0,5,0
954,838,50.0,6,1
954,235,44.0,7,0
954,843,37.0,8,0
954,4,24.0,9,0
954,157,22.0,10,0
954,741,22.0,11,0
954,294,18.0,12,0
954,49,18.0,13,0
954,461,18.0,14,0
954,134,6.0,15,0
954,77,5.0,16,0
954,341,1.0,17,0
954,19,0.0,18,0
954,130,0.0,19,0
954,133,0.0,20,0
954,241,0.0,21,0
954,520,0.0,22,0
955,168,141.0,1,5
955,606,117.0,2,2
955,157,96.0,3,0
955,838,81.0,4,0
955,554,78.0,5,0
955,332,54.0,6,1
955,235,52.0,7,0
955,390,39.0,8,0
955,843,38.0,9,0
955,133,22.0,10,0
955,520,22.0,11,0
955,19,20.0,12,0
955,461,18.0,13,0
955,77,18.0,14,0
955,241,6.0,15,0
955,49,5.0,16,0
955,134,1.0,17,0
955,130,0.0,18,0
955,741,0.0,19,0
955,341,0.0,20,0
955,4,0.0,21,0
955,294,0.0,22,0
956,554,153.0,1,5
956,390,142.0,2,3
956,838,96.0,3,0
956,168,96.0,4,0
956,235,88.0,5,0
956,520,72.0,6,1
956,461,54.0,7,0
956,4,39.0,8,0
956,332,38.0,9,0
956,341,28.0,10,0
956,49,22.0,11,0
956,241,22.0,12,0
956,19,20.0,13,0
956,77,18.0,14,0
956,134,13.0,15,0
956,130,6.0,16,0
956,157,1.0,17,0
956,741,1.0,18,0
956,843,0.0,19,0
956,133,0.0,20,0
956,606,0.0,21,0
956,294,0.0,22,0
957,554,168.0,1,5
957,390,167.0,2,4
957,168,106.0,3,0
957,235,100.0,4,0
957,838,98.0,5,0
957,157,90.0,6,1
957,843,54.0,7,0
957,4,47.0,8,0
957,606,38.0,9,0
957,294,28.0,10,0
957,133,26.0,11,0
957,520,26.0,12,0
957,741,23.0,13,0
957,332,18.0,14,0
957,19,13.0,15,0
957,49,6.0,16,0
957,77,1.0,17,0
957,241,1.0,18,0
957,130,0.0,19,0
957,461,0.0,20,0
957,134,0.0,21,0
957,341,0.0,22,0
958,554,192.0,1,5
958,168,186.0,2,5
958,235,115.0,3,0
958,606,114.0,4,0
958,390,110.0,5,0
958,838,100.0,6,1
958,741,56.0,7,0
958,4,47.0,8,0
958,332,38.0,9,0
958,843,30.0,10,0
958,157,28.0,11,0
958,241,27.0,12,0
958,49,24.0,13,0
958,461,23.0,14,0
958,77,13.0,15,0
958,294,6.0,16,0
958,19,1.0,17,0
958,133,1.0,18,0
958,341,0.0,19,0
958,134,0.0,20,0
958,130,0.0,21,0
958,520,0.0,22,0
959,554,217.0,1,6
959,235,198.0,2,5
959,390,133.0,3,0
959,168,122.0,4,0
959,606,120.0,5,0
959,838,115.0,6,1
959,843,58.0,7,0
959,520,48.0,8,0
959,332,38.0,9,0
959,157,33.0,10,0
959,49,30.0,11,0
959,741,28.0,12,0
959,461,24.0,13,0
959,4,23.0,14,0
959,294,17.0,15,0
959,77,6.0,16,0
959,341,1.0,17,0
959,134,1.0,18,0
959,241,0.0,19,0
959,130,0.0,20,0
959,19,0.0,21,0
959,133,0.0,22,0
960,168,232.0,1,6
960,235,223.0,2,6
960,554,151.0,3,0
960,843,128.0,4,0
960,157,124.0,5,0
960,606,115.0,6,1
960,741,62.0,7,0
960,332,58.0,8,0
960,838,45.0,9,0
960,133,39.0,10,0
960,390,30.0,11,0
960,49,30.0,12,0
960,461,28.0,13,0
960,294,23.0,14,0
960,241,17.0,15,0
960,261,6.0,16,0
960,19,1.0,17,0
960,77,1.0,18,0
960,134,0.0,19,0
960,4,0.0,20,0
960,520,0.0,21,0
960,341,0.0,22,0
961,168,250.0,1,6
961,554,248.0,2,7
961,606,161.0,3,0
961,838,143.0,4,0
961,235,136.0,5,0
961,332,121.0,6,1
961,390,70.0,7,0
961,157,62.0,8,0
961,133,46.0,9,0
961,843,41.0,10,0
961,461,30.0,11,0
961,520,30.0,12,0
961,49,28.0,13,0
961,741,23.0,14,0
961,4,17.0,15,0
961,134,6.0,16,0
961,77,1.0,17,0
961,261,1.0,18,0
961,294,0.0,19,0
961,341,0.0,20,0
961,241,0.0,21,0
961,19,0.0,22,0
962,168,273.0,1,8
962,235,265.0,2,6
962,554,179.0,3,0
962,838,153.0,4,0
962,606,148.0,5,0
962,390,129.0,6,1
962,741,70.0,7,0
962,157,66.0,8,0
962,294,46.0,9,0
962,77,41.0,10,0
962,49,36.0,11,0
962,133,30.0,12,0
962,19,28.0,13,0
962,4,25.0,14,0
962,241,17.0,15,0
962,341,7.0,16,0
962,134,1.0,17,0
962,261,1.0,18,0
962,520,0.0,19,0
962,332,0.0,20,0
962,843,0.0,21,0
962,461,0.0,22,0
963,235,288.0,1,8
963,390,265.0,2,6
963,168,204.0,3,1
963,838,160.0,4,0
963,332,153.0,5,0
963,157,147.0,6,1
963,741,80.0,7,0
963,843,74.0,8,0
963,520,50.0,9,0
963,241,42.0,10,0
963,4,41.0,11,0
963,134,30.0,12,0
963,133,28.0,13,0
963,294,25.0,14,0
963,341,19.0,15,0
963,261,7.0,16,0
963,19,1.0,17,0
963,554,1.0,18,0
963,49,1.0,19,0
963,77,0.0,20,0
963,461,0.0,21,0
963,606,0.0,22,0
964,168,313.0,1,9
964,390,280.0,2,6
964,554,212.0,3,1
964,606,170.0,4,0
964,838,165.0,5,1
964,235,165.0,6,0
964,157,81.0,7,0
964,843,80.0,8,0
964,133,54.0,9,0
964,332,43.0,10,0
964,461,42.0,11,0
964,241,30.0,12,0
964,294,28.0,13,0
964,77,25.0,14,0
964,134,19.0,15,0
964,741,7.0,16,0
964,4,1.0,17,0
964,520,1.0,18,0
964,19,1.0,19,0
964,49,0.0,20,0
964,261,0.0,21,0
964,341,0.0,22,0
965,554,331.0,1,9
965,168,305.0,2,7
965,235,227.0,3,1
965,606,177.0,4,0
965,741,170.0,5,0
965,4,165.0,6,1
965,133,84.0,7,0
965,157,81.0,8,0
965,520,54.0,9,0
965,461,52.0,10,0
965,294,49.0,11,0
965,77,38.0,12,0
965,241,29.0,13,0
965,134,25.0,14,0
965,19,21.0,15,0
965,332,7.0,16,0
965,341,1.0,17,0
965,261,1.0,18,0
965,838,1.0,19,0
965,390,0.0,20,0
965,49,0.0,21,0
965,843,0.0,22,0
966,554,349.0,1,9
966,168,330.0,2,8
966,235,242.0,3,1
966,390,187.0,4,0
966,606,178.0,5,0
966,838,177.0,6,1
966,843,85.0,7,0
966,332,85.0,8,0
966,133,60.0,9,0
966,157,52.0,10,0
966,134,51.0,11,0
966,520,38.0,12,0
966,741,29.0,13,0
966,241,25.0,14,0
966,19,21.0,15,0
966,4,7.0,16,0
966,77,1.0,17,0
966,294,1.0,18,0
966,49,1.0,19,0
966,461,0.0,20,0
966,261,0.0,21,0
966,341,0.0,22,0
967,554,367.0,1,9
967,168,355.0,2,9
967,390,246.0,3,1
967,157,197.0,4,0
967,606,192.0,5,1
967,4,178.0,6,0
967,843,97.0,7,0
967,235,85.0,8,0
967,19,66.0,9,0
967,741,53.0,10,0
967,332,51.0,11,0
967,261,46.0,12,0
967,294,29.0,13,0
967,77,25.0,14,0
967,341,21.0,15,0
967,520,7.0,16,0
967,49,2.0,17,0
967,133,1.0,18,0
967,241,1.0,19,0
967,838,1.0,20,0
967,134,0.0,21,0
967,461,0.0,22,0
968,554,385.0,1,9
968,168,380.0,2,10
968,606,256.0,3,1
968,390,212.0,4,0
968,235,204.0,5,1
968,838,186.0,6,0
968,843,101.0,7,0
968,157,85.0,8,0
968,133,72.0,9,0
968,741,54.0,10,0
968,461,53.0,11,0
968,49,46.0,12,0
968,261,29.0,13,0
968,341,25.0,14,0
968,134,21.0,15,0
968,19,7.0,16,0
968,241,2.0,17,0
968,4,1.0,18,0
968,294,1.0,19,0
968,520,1.0,20,0
968,332,0.0,21,0
968,77,0.0,22,0
969,606,25.0,1,1
969,554,18.0,2,0
969,332,15.0,3,0
969,838,12.0,4,0
969,390,10.0,5,0
969,133,8.0,6,0
969,157,6.0,7,0
969,4,4.0,8,0
969,294,2.0,9,0
969,261,1.0,10,0
969,843,0.0,11,0
969,472,0.0,12,0
969,614,0.0,13,0
969,741,0.0,14,0
969,77,0.0,15,0
969,346,0.0,16,0
969,235,0.0,17,0
969,134,0.0,18,0
969,241,0.0,19,0
969,461,0.0,20,0
970,554,43.0,1,1
970,606,43.0,2,1
970,390,25.0,3,0
970,235,23.0,4,0
970,838,22.0,5,0
970,332,12.0,6,0
970,4,10.0,7,0
970,77,8.0,8,0
970,157,8.0,9,0
970,261,4.0,10,0
970,461,2.0,11,0
970,843,2.0,12,0
970,241,0.0,13,0
970,133,0.0,14,0
970,134,0.0,15,0
970,741,0.0,16,0
970,294,0.0,17,0
970,614,0.0,18,0
970,472,0.0,19,0
970,346,0.0,20,0
971,606,68.0,1,2
971,554,61.0,2,1
971,332,38.0,3,0
971,838,34.0,4,0
971,235,25.0,5,0
971,133,22.0,6,0
971,157,16.0,7,0
971,461,14.0,8,0
971,843,10.0,9,0
971,261,4.0,10,0
971,341,4.0,11,0
971,294,3.0,12,0
971,241,2.0,13,0
971,741,2.0,14,0
971,134,0.0,15,0
971,4,0.0,16,0
971,346,0.0,17,0
971,390,0.0,18,0
971,77,0.0,19,0
971,614,0.0,20,0
972,332,86.0,1,2
972,606,73.0,2,1
972,838,63.0,3,1
972,554,49.0,4,0
972,390,35.0,5,0
972,157,22.0,6,0
972,261,22.0,7,0
972,843,18.0,8,0
972,133,11.0,9,0
972,4,9.0,10,0
972,346,6.0,11,0
972,294,4.0,12,0
972,77,4.0,13,0
972,614,2.0,14,0
972,134,0.0,15,0
972,341,0.0,16,0
972,235,0.0,17,0
972,241,0.0,18,0
972,461,0.0,19,0
972,741,0.0,20,0
973,554,104.0,1,2
973,606,98.0,2,2
973,235,63.0,3,1
973,157,49.0,4,0
973,261,37.0,5,0
973,843,35.0,6,0
973,4,34.0,7,0
973,341,19.0,8,0
973,294,18.0,9,0
973,461,17.0,10,0
973,134,14.0,11,0
973,741,5.0,12,0
973,133,4.0,13,0
973,77,4.0,14,0
973,241,4.0,15,0
973,346,0.0,16,0
973,332,0.0,17,0
973,614,0.0,18,0
973,390,0.0,19,0
973,838,0.0,20,0
974,606,129.0,1,3
974,838,104.0,2,2
974,235,75.0,3,1
974,332,67.0,4,0
974,390,52.0,5,0
974,4,45.0,6,0
974,554,34.0,7,0
974,461,25.0,8,0
974,133,20.0,9,0
974,77,19.0,10,0
974,241,14.0,11,0
974,261,9.0,12,0
974,157,5.0,13,0
974,294,4.0,14,0
974,346,4.0,15,0
974,614,0.0,16,0
974,134,0.0,17,0
974,520,0.0,18,0
974,341,0.0,19,0
974,843,0.0,20,0
975,554,141.0,1,3
975,332,129.0,2,3
975,235,93.0,3,1
975,606,73.0,4,0
975,157,67.0,5,0
975,261,45.0,6,0
975,838,44.0,7,0
975,843,27.0,8,0
975,346,25.0,9,0
975,461,20.0,10,0
975,241,18.0,11,0
975,77,10.0,12,0
975,134,5.0,13,0
975,614,4.0,14,0
975,341,4.0,15,0
975,741,2.0,16,0
975,294,0.0,17,0
975,390,0.0,18,0
975,133,0.0,19,0
975,4,0.0,20,0
976,235,153.0,1,3
976,332,139.0,2,3
976,346,111.0,3,1
976,606,92.0,4,1
976,554,73.0,5,0
976,261,45.0,6,0
976,77,44.0,7,0
976,4,35.0,8,0
976,741,29.0,9,0
976,341,20.0,10,0
976,134,18.0,11,0
976,614,17.0,12,0
976,461,11.0,13,0
976,838,10.0,14,0
976,157,5.0,15,0
976,133,4.0,16,0
976,843,2.0,17,0
976,390,0.0,18,0
976,294,0.0,19,0
976,241,0.0,20,0
977,332,171.0,1,3
977,606,151.0,2,3
977,235,136.0,3,2
977,554,107.0,4,1
977,838,83.0,5,0
977,461,50.0,6,0
977,157,45.0,7,0
977,261,39.0,8,0
977,133,29.0,9,0
977,346,22.0,10,0
977,241,18.0,11,0
977,614,18.0,12,0
977,843,18.0,13,0
977,341,11.0,14,0
977,134,5.0,15,0
977,294,4.0,16,0
977,4,2.0,17,0
977,77,0.0,18,0
977,741,0.0,19,0
977,390,0.0,20,0
978,554,177.0,1,3
978,332,176.0,2,4
978,838,154.0,3,2
978,390,117.0,4,1
978,235,98.0,5,0
978,843,57.0,6,0
978,606,52.0,7,0
978,261,43.0,8,0
978,157,29.0,9,0
978,133,26.0,10,0
978,614,23.0,11,0
978,77,18.0,12,0
978,461,18.0,13,0
978,134,11.0,14,0
978,294,5.0,15,0
978,346,4.0,16,0
978,341,2.0,17,0
978,741,0.0,18,0
978,4,0.0,19,0
978,241,0.0,20,0
979,606,202.0,1,4
979,838,188.0,2,4
979,332,169.0,3,2
979,554,117.0,4,1
979,390,116.0,5,0
979,741,67.0,6,0
979,4,56.0,7,0
979,157,45.0,8,0
979,261,35.0,9,0
979,614,26.0,10,0
979,294,23.0,11,0
979,241,18.0,12,0
979,77,18.0,13,0
979,346,11.0,14,0
979,341,10.0,15,0
979,134,5.0,16,0
979,843,4.0,17,0
979,135,1.0,18,0
979,461,0.0,19,0
979,235,0.0,20,0
980,554,220.0,1,4
980,606,213.0,2,5
980,235,179.0,3,2
980,838,132.0,4,1
980,332,128.0,5,0
980,843,67.0,6,0
980,461,56.0,7,0
980,133,47.0,8,0
980,261,36.0,9,0
980,4,34.0,10,0
980,346,27.0,11,0
980,294,24.0,12,0
980,241,18.0,13,0
980,614,11.0,14,0
980,77,10.0,15,0
980,134,5.0,16,0
980,157,4.0,17,0
980,741,1.0,18,0
980,390,0.0,19,0
980,341,0.0,20,0
981,554,238.0,1,6
981,332,235.0,2,4
981,606,197.0,3,2
981,235,144.0,4,1
981,838,138.0,5,0
981,261,68.0,6,0
981,346,58.0,7,0
981,133,55.0,8,0
981,157,36.0,9,0
981,390,34.0,10,0
981,77,31.0,11,0
981,294,24.0,12,0
981,843,24.0,13,0
981,4,11.0,14,0
981,461,10.0,15,0
981,341,5.0,16,0
981,741,4.0,17,0
981,134,1.0,18,0
981,614,0.0,19,0
981,241,0.0,20,0
982,554,263.0,1,7
982,235,235.0,2,4
982,332,212.0,3,2
982,4,162.0,4,1
982,157,138.0,5,0
982,241,68.0,6,0
982,614,68.0,7,0
982,346,56.0,8,0
982,461,48.0,9,0
982,261,34.0,10,0
982,133,31.0,11,0
982,341,28.0,12,0
982,77,26.0,13,0
982,843,11.0,14,0
982,134,10.0,15,0
982,294,8.0,16,0
982,741,7.0,17,0
982,606,5.0,18,0
982,390,4.0,19,0
982,838,0.0,20,0
983,390,281.0,1,7
983,554,247.0,2,4
983,235,222.0,3,2
983,606,177.0,4,1
983,332,138.0,5,0
983,157,93.0,6,1
983,614,76.0,7,0
983,346,57.0,8,0
983,133,48.0,9,0
983,261,34.0,10,0
983,741,33.0,11,0
983,77,32.0,12,0
983,461,26.0,13,0
983,839,13.0,14,0
983,241,11.0,15,0
983,843,10.0,16,0
983,341,8.0,17,0
983,134,5.0,18,0
983,4,4.0,19,0
983,838,0.0,20,0
984,554,306.0,1,8
984,390,247.0,2,4
984,235,234.0,3,2
984,332,192.0,4,1
984,838,148.0,5,0
984,261,111.0,6,1
984,157,82.0,7,0
984,77,65.0,8,0
984,461,48.0,9,0
984,133,34.0,10,0
984,741,34.0,11,0
984,241,32.0,12,0
984,839,28.0,13,0
984,614,15.0,14,0
984,341,13.0,15,0
984,346,10.0,16,0
984,843,8.0,17,0
984,134,5.0,18,0
984,606,4.0,19,0
984,4,0.0,20,0
985,554,331.0,1,9
985,606,265.0,2,4
985,838,244.0,3,2
985,390,192.0,4,1
985,332,163.0,5,0
985,261,123.0,6,1
985,4,86.0,7,0
985,157,73.0,8,0
985,133,54.0,9,0
985,294,36.0,10,0
985,346,34.0,11,0
985,614,32.0,12,0
985,835,28.0,13,0
985,461,15.0,14,0
985,134,13.0,15,0
985,77,10.0,16,0
985,741,8.0,17,0
985,235,5.0,18,0
985,341,5.0,19,0
985,843,0.0,20,0
986,390,333.0,1,9
986,332,277.0,2,4
986,838,262.0,3,2
986,606,192.0,4,1
986,261,178.0,5,0
986,346,148.0,6,2
986,157,92.0,7,0
986,77,83.0,8,0
986,554,54.0,9,0
986,741,40.0,10,0
986,133,36.0,11,0
986,614,34.0,12,0
986,839,28.0,13,0
986,341,19.0,14,0
986,461,13.0,15,0
986,4,11.0,16,0
986,134,8.0,17,0
986,835,5.0,18,0
986,843,5.0,19,0
986,235,0.0,20,0
987,606,345.0,1,9
987,332,302.0,2,5
987,838,280.0,3,2
987,554,200.0,4,1
987,390,193.0,5,0
987,235,158.0,6,2
987,133,94.0,7,0
987,741,83.0,8,0
987,157,54.0,9,0
987,843,42.0,10,0
987,4,40.0,11,0
987,839,35.0,12,0
987,134,28.0,13,0
987,341,19.0,14,0
987,461,15.0,15,0
987,346,13.0,16,0
987,835,8.0,17,0
987,261,5.0,18,0
987,614,5.0,19,0
987,77,0.0,20,0
988,332,363.0,1,9
988,554,317.0,2,5
988,606,305.0,3,3
988,838,205.0,4,0
988,390,200.0,5,1
988,843,168.0,6,2
988,157,100.0,7,0
988,261,87.0,8,0
988,741,54.0,9,0
988,133,43.0,10,0
988,461,43.0,11,0
988,614,40.0,12,0
988,77,28.0,13,0
988,341,19.0,14,0
988,835,17.0,15,0
988,839,13.0,16,0
988,134,8.0,17,0
988,346,5.0,18,0
988,4,5.0,19,0
988,235,0.0,20,0
989,606,25.0,1,1
989,554,18.0,2,0
989,838,15.0,3,0
989,235,12.0,4,0
989,741,10.0,5,0
989,390,8.0,6,0
989,843,6.0,7,0
989,332,4.0,8,0
989,614,2.0,9,0
989,4,1.0,10,0
989,157,0.0,11,0
989,261,0.0,12,0
989,738,0.0,13,0
989,346,0.0,14,0
989,835,0.0,15,0
989,461,0.0,16,0
989,77,0.0,17,0
989,839,0.0,18,0
989,134,0.0,19,0
989,561,0.0,20,0
990,606,50.0,1,2
990,332,33.0,2,0
990,554,22.0,3,0
990,839,16.0,4,0
990,77,15.0,5,0
990,843,14.0,6,0
990,741,12.0,7,0
990,614,12.0,8,0
990,134,10.0,9,0
990,261,8.0,10,0
990,4,6.0,11,0
990,738,2.0,12,0
990,461,1.0,13,0
990,346,1.0,14,0
990,561,0.0,15,0
990,157,0.0,16,0
990,835,0.0,17,0
990,838,0.0,18,0
990,390,0.0,19,0
990,235,0.0,20,0
991,235,54.0,1,2
991,332,45.0,2,0
991,838,40.0,3,0
991,554,37.0,4,1
991,390,30.0,5,0
991,843,22.0,6,0
991,741,22.0,7,0
991,606,18.0,8,0
991,4,12.0,9,0
991,77,11.0,10,0
991,261,6.0,11,0
991,157,3.0,12,0
991,614,2.0,13,0
991,346,1.0,14,0
991,561,0.0,15,0
991,134,0.0,16,0
991,461,0.0,17,0
991,839,0.0,18,0
991,738,0.0,19,0
991,835,0.0,20,0
992,554,70.0,1,1
992,838,66.0,2,2
992,157,48.0,3,0
992,606,40.0,4,0
992,4,37.0,5,1
992,738,28.0,6,0
992,741,22.0,7,0
992,346,18.0,8,0
992,614,15.0,9,0
992,835,13.0,10,0
992,134,12.0,11,0
992,839,11.0,12,0
992,77,8.0,13,0
992,332,8.0,14,0
992,461,4.0,15,0
992,390,2.0,16,0
992,235,1.0,17,0
992,843,1.0,18,0
992,261,0.0,19,0
992,561,0.0,20,0
993,554,95.0,1,2
993,332,78.0,2,2
993,390,58.0,3,0
993,606,48.0,4,0
993,235,47.0,5,1
993,77,33.0,6,0
993,4,32.0,7,0
993,741,22.0,8,0
993,157,19.0,9,0
993,738,19.0,10,0
993,346,17.0,11,0
993,835,12.0,12,0
993,134,9.0,13,0
993,561,8.0,14,0
993,614,4.0,15,0
993,261,2.0,16,0
993,838,1.0,17,0
993,461,1.0,18,0
993,839,0.0,19,0
993,843,0.0,20,0
994,235,110.0,1,2
994,606,96.0,2,2
994,554,72.0,3,2
994,838,68.0,4,0
994,332,60.0,5,0
994,261,35.0,6,0
994,839,32.0,7,0
994,843,26.0,8,0
994,390,20.0,9,0
994,4,19.0,10,0
994,134,18.0,11,0
994,157,17.0,12,0
994,77,9.0,13,0
994,614,9.0,14,0
994,461,8.0,15,0
994,561,4.0,16,0
994,346,2.0,17,0
994,738,1.0,18,0
994,835,0.0,19,0
994,741,0.0,20,0
995,606,121.0,1,3
995,332,120.0,2,2
995,390,86.0,3,0
995,235,84.0,4,2
995,554,68.0,5,0
995,838,50.0,6,0
995,843,32.0,7,0
995,4,32.0,8,0
995,261,24.0,9,0
995,738,19.0,10,0
995,839,18.0,11,0
995,461,17.0,12,0
995,77,11.0,13,0
995,157,10.0,14,0
995,134,8.0,15,0
995,614,4.0,16,0
995,561,2.0,17,0
995,741,1.0,18,0
995,835,0.0,19,0
995,346,0.0,20,0
996,554,145.0,1,3
996,390,131.0,2,3
996,838,96.0,3,2
996,235,92.0,4,0
996,606,83.0,5,0
996,77,68.0,6,0
996,332,34.0,7,0
996,4,32.0,8,0
996,843,28.0,9,0
996,738,27.0,10,0
996,461,18.0,11,0
996,614,17.0,12,0
996,134,11.0,13,0
996,835,11.0,14,0
996,561,8.0,15,0
996,741,4.0,16,0
996,346,2.0,17,0
996,157,1.0,18,0
996,261,0.0,19,0
996,839,0.0,20,0
997,390,146.0,1,3
997,838,145.0,2,3
997,606,101.0,3,0
997,461,96.0,4,2
997,77,93.0,5,1
997,261,92.0,6,0
997,157,37.0,7,0
997,741,36.0,8,0
997,738,34.0,9,0
997,134,28.0,10,0
997,839,23.0,11,0
997,4,19.0,12,0
997,561,18.0,13,0
997,346,13.0,14,0
997,614,12.0,15,0
997,554,8.0,16,0
997,835,4.0,17,0
997,235,3.0,18,0
997,332,1.0,19,0
997,843,0.0,20,0
998,606,171.0,1,4
998,554,163.0,2,3
998,838,116.0,3,0
998,332,106.0,4,2
998,235,104.0,5,0
998,843,93.0,6,1
998,261,42.0,7,0
998,741,40.0,8,0
998,77,39.0,9,0
998,157,28.0,10,0
998,614,25.0,11,0
998,346,24.0,12,0
998,839,18.0,13,0
998,561,13.0,14,0
998,390,12.0,15,0
998,461,8.0,16,0
998,4,4.0,17,0
998,134,3.0,18,0
998,738,1.0,19,0
998,835,0.0,20,0
999,554,188.0,1,4
999,332,171.0,2,4
999,838,131.0,3,0
999,390,122.0,4,0
999,843,106.0,5,2
999,461,105.0,6,1
999,157,52.0,7,0
999,261,40.0,8,0
999,134,39.0,9,0
999,835,30.0,10,0
999,77,29.0,11,0
999,4,28.0,12,0
999,614,20.0,13,0
999,839,18.0,14,0
999,738,13.0,15,0
999,741,8.0,16,0
999,346,5.0,17,0
999,606,4.0,18,0
999,561,2.0,19,0
999,235,0.0,20,0
1000,554,213.0,1,5
1000,606,189.0,2,4
1000,838,146.0,3,0
1000,235,132.0,4,0
1000,332,118.0,5,2
1000,839,105.0,6,1
1000,77,52.0,7,0
1000,741,45.0,8,0
1000,4,44.0,9,0
1000,461,30.0,10,0
1000,835,30.0,11,0
1000,843,29.0,12,0
1000,261,26.0,13,0
1000,157,21.0,14,0
1000,134,13.0,15,0
1000,561,8.0,16,0
1000,346,5.0,17,0
1000,614,4.0,18,0
1000,390,2.0,19,0
1000,738,0.0,20,0
1001,606,231.0,1,5
1001,554,214.0,2,5
1001,390,146.0,3,0
1001,332,144.0,4,0
1001,157,120.0,5,1
1001,261,118.0,6,2
1001,461,52.0,7,0
1001,77,49.0,8,0
1001,839,44.0,9,0
1001,134,40.0,10,0
1001,4,37.0,11,0
1001,561,30.0,12,0
1001,346,28.0,13,0
1001,835,27.0,14,0
1001,614,13.0,15,0
1001,235,8.0,16,0
1001,838,6.0,17,0
1001,738,4.0,18,0
1001,741,2.0,19,0
1001,843,0.0,20,0
1002,554,256.0,1,6
1002,838,226.0,2,5
1002,332,164.0,3,0
1002,606,159.0,4,0
1002,390,130.0,5,1
1002,261,118.0,6,2
1002,157,52.0,7,0
1002,4,49.0,8,0
1002,346,46.0,9,0
1002,561,45.0,10,0
1002,738,44.0,11,0
1002,614,34.0,12,0
1002,843,28.0,13,0
1002,839,27.0,14,0
1002,134,13.0,15,0
1002,77,8.0,16,0
1002,235,6.0,17,0
1002,741,6.0,18,0
1002,835,2.0,19,0
1002,461,1.0,20,0
1003,554,281.0,1,7
1003,390,241.0,2,5
1003,606,174.0,3,0
1003,332,171.0,4,0
1003,838,148.0,5,1
1003,235,126.0,6,2
1003,741,53.0,7,0
1003,4,50.0,8,0
1003,738,49.0,9,0
1003,843,46.0,10,0
1003,134,45.0,11,0
1003,614,38.0,12,0
1003,839,28.0,13,0
1003,346,27.0,14,0
1003,461,15.0,15,0
1003,157,8.0,16,0
1003,835,6.0,17,0
1003,77,6.0,18,0
1003,561,2.0,19,0
1003,261,1.0,20,0
1004,554,306.0,1,8
1004,332,256.0,2,5
1004,606,189.0,3,0
1004,838,186.0,4,0
1004,390,158.0,5,1
1004,235,134.0,6,2
1004,738,53.0,7,0
1004,77,53.0,8,0
1004,261,50.0,9,0
1004,157,47.0,10,0
1004,461,47.0,11,0
1004,843,38.0,12,0
1004,134,28.0,13,0
1004,741,27.0,14,0
1004,346,21.0,15,0
1004,614,8.0,16,0
1004,4,6.0,17,0
1004,561,6.0,18,0
1004,839,2.0,19,0
1004,835,1.0,20,0
1005,554,331.0,1,9
1005,332,264.0,2,5
1005,390,207.0,3,0
1005,235,196.0,4,0
1005,838,173.0,5,1
1005,606,146.0,6,2
1005,157,53.0,7,0
1005,461,53.0,8,0
1005,261,53.0,9,0
1005,4,50.0,10,0
1005,839,49.0,11,0
1005,134,39.0,12,0
1005,835,31.0,13,0
1005,741,28.0,14,0
1005,614,21.0,15,0
1005,561,8.0,16,0
1005,346,6.0,17,0
1005,738,6.0,18,0
1005,843,2.0,19,0
1005,77,1.0,20,0
1006,838,346.0,1,9
1006,390,276.0,2,5
1006,554,221.0,3,1
1006,606,217.0,4,0
1006,332,191.0,5,1
1006,843,146.0,6,2
1006,4,61.0,7,0
1006,157,57.0,8,0
1006,835,53.0,9,0
1006,134,50.0,10,0
1006,614,49.0,11,0
1006,839,45.0,12,0
1006,561,31.0,13,0
1006,346,28.0,14,0
1006,738,21.0,15,0
1006,235,8.0,16,0
1006,461,7.0,17,0
1006,741,6.0,18,0
1006,261,4.0,19,0
1006,77,1.0,20,0
1007,390,358.0,1,9
1007,606,294.0,2,5
1007,838,236.0,3,1
1007,554,227.0,4,0
1007,332,216.0,5,2
1007,843,146.0,6,2
1007,738,69.0,7,0
1007,614,57.0,8,0
1007,134,53.0,9,0
1007,839,50.0,10,0
1007,261,49.0,11,0
1007,346,45.0,12,0
1007,561,31.0,13,0
1007,835,29.0,14,0
1007,77,27.0,15,0
1007,461,12.0,16,0
1007,235,9.0,17,0
1007,157,6.0,18,0
1007,4,4.0,19,0
1007,741,1.0,20,0
1008,554,383.0,1,10
1008,390,302.0,2,5
1008,838,251.0,3,1
1008,235,237.0,4,0
1008,332,234.0,5,2
1008,606,158.0,6,2
1008,738,69.0,7,0
1008,461,58.0,8,0
1008,77,55.0,9,0
1008,157,50.0,10,0
1008,835,49.0,11,0
1008,4,45.0,12,0
1008,839,35.0,13,0
1008,614,33.0,14,0
1008,261,29.0,15,0
1008,561,12.0,16,0
1008,741,9.0,17,0
1008,346,6.0,18,0
1008,843,4.0,19,0
1008,134,1.0,20,0
1009,554,408.0,1,11
1009,606,320.0,2,5
1009,390,251.0,3,1
1009,235,249.0,4,2
1009,332,247.0,5,0
1009,4,170.0,6,2
1009,738,69.0,7,0
1009,157,62.0,8,0
1009,461,56.0,9,0
1009,77,53.0,10,0
1009,741,50.0,11,0
1009,835,49.0,12,0
1009,346,39.0,13,0
1009,614,37.0,14,0
1009,561,29.0,15,0
1009,839,12.0,16,0
1009,261,9.0,17,0
1009,134,6.0,18,0
1009,838,4.0,19,0
1009,843,1.0,20,0
1010,332,26.0,1,1
1010,554,18.0,2,0
1010,390,15.0,3,0
1010,606,12.0,4,0
1010,738,10.0,5,0
1010,77,8.0,6,0
1010,843,6.0,7,0
1010,838,4.0,8,0
1010,346,2.0,9,0
1010,294,1.0,10,0
1010,839,0.0,11,0
1010,654,0.0,12,0
1010,157,0.0,13,0
1010,61,0.0,14,0
1010,472,0.0,15,0
1010,62,0.0,16,0
1010,493,0.0,17,0
1010,461,0.0,18,0
1010,235,0.0,19,0
1010,4,0.0,20,0
1011,554,44.0,1,1
1011,332,43.0,2,1
1011,738,27.0,3,0
1011,390,26.0,4,0
1011,606,22.0,5,0
1011,654,10.0,6,0
1011,838,8.0,7,0
1011,839,8.0,8,0
1011,61,6.0,9,0
1011,157,4.0,10,0
1011,472,2.0,11,0
1011,294,2.0,12,0
1011,77,1.0,13,0
1011,346,1.0,14,0
1011,62,0.0,15,0
1011,493,0.0,16,0
1011,843,0.0,17,0
1011,235,0.0,18,0
1011,4,0.0,19,0
1011,461,0.0,20,0
1012,554,68.0,1,2
1012,332,62.0,2,1
1012,606,39.0,3,0
1012,390,37.0,4,0
1012,738,36.0,5,0
1012,839,13.0,6,0
1012,235,12.0,7,0
1012,157,8.0,8,0
1012,838,8.0,9,0
1012,61,6.0,10,0
1012,461,6.0,11,0
1012,346,5.0,12,0
1012,77,3.0,13,0
1012,4,2.0,14,0
1012,472,1.0,15,0
1012,62,0.0,16,0
1012,493,0.0,17,0
1012,654,0.0,18,0
1012,294,0.0,19,0
1012,843,0.0,20,0
1013,332,87.0,1,2
1013,554,86.0,2,2
1013,606,52.0,3,0
1013,390,51.0,4,0
1013,738,47.0,5,0
1013,157,13.0,6,0
1013,4,13.0,7,0
1013,654,13.0,8,0
1013,346,12.0,9,0
1013,838,8.0,10,0
1013,61,6.0,11,0
1013,472,6.0,12,0
1013,77,6.0,13,0
1013,843,4.0,14,0
1013,62,3.0,15,0
1013,493,1.0,16,0
1013,839,0.0,17,0
1013,461,0.0,18,0
1013,294,0.0,19,0
1013,235,0.0,20,0
1014,554,112.0,1,3
1014,332,105.0,2,2
1014,390,66.0,3,0
1014,606,64.0,4,0
1014,738,57.0,5,0
1014,839,21.0,6,0
1014,77,14.0,7,0
1014,4,13.0,8,0
1014,294,13.0,9,0
1014,461,12.0,10,0
1014,61,10.0,11,0
1014,235,6.0,12,0
1014,843,6.0,13,0
1014,838,4.0,14,0
1014,157,3.0,15,0
1014,472,3.0,16,0
1014,62,1.0,17,0
1014,493,0.0,18,0
1014,346,0.0,19,0
1014,654,0.0,20,0
1015,554,137.0,1,4
1015,606,120.0,2,2
1015,332,82.0,3,0
1015,390,78.0,4,0
1015,839,57.0,5,0
1015,4,32.0,6,0
1015,294,18.0,7,0
1015,61,14.0,8,0
1015,235,13.0,9,0
1015,461,13.0,10,0
1015,654,12.0,11,0
1015,157,9.0,12,0
1015,843,8.0,13,0
1015,77,7.0,14,0
1015,62,6.0,15,0
1015,346,4.0,16,0
1015,838,2.0,17,0
1015,493,0.0,18,0
1015,472,0.0,19,0
1015,738,0.0,20,0
1016,554,162.0,1,5
1016,606,133.0,2,2
1016,738,100.0,3,0
1016,332,88.0,4,0
1016,390,72.0,5,0
1016,235,36.0,6,0
1016,843,18.0,7,0
1016,839,16.0,8,0
1016,346,14.0,9,0
1016,294,13.0,10,0
1016,4,13.0,11,0
1016,157,12.0,12,0
1016,472,12.0,13,0
1016,461,10.0,14,0
1016,838,7.0,15,0
1016,62,6.0,16,0
1016,77,2.0,17,0
1016,493,0.0,18,0
1016,61,0.0,19,0
1016,654,0.0,20,0
1017,554,187.0,1,6
1017,332,151.0,2,2
1017,738,111.0,3,0
1017,390,100.0,4,0
1017,606,87.0,5,0
1017,4,37.0,6,0
1017,838,26.0,7,0
1017,843,19.0,8,0
1017,654,16.0,9,0
1017,839,16.0,10,0
1017,235,14.0,11,0
1017,157,14.0,12,0
1017,346,13.0,13,0
1017,294,10.0,14,0
1017,61,7.0,15,0
1017,472,6.0,16,0
1017,77,2.0,17,0
1017,493,0.0,18,0
1017,62,0.0,19,0
1017,461,0.0,20,0
1018,390,197.0,1,6
1018,738,166.0,2,2
1018,332,126.0,3,1
1018,606,123.0,4,0
1018,554,105.0,5,0
1018,654,43.0,6,0
1018,839,30.0,7,0
1018,4,22.0,8,0
1018,838,21.0,9,0
1018,472,16.0,10,0
1018,157,16.0,11,0
1018,235,14.0,12,0
1018,843,13.0,13,0
1018,346,10.0,14,0
1018,61,7.0,15,0
1018,461,6.0,16,0
1018,294,2.0,17,0
1018,62,1.0,18,0
1018,77,0.0,19,0
1018,493,0.0,20,0
1019,554,223.0,1,7
1019,332,184.0,2,2
1019,738,136.0,3,1
1019,839,123.0,4,0
1019,390,120.0,5,0
1019,4,55.0,6,0
1019,235,38.0,7,0
1019,838,25.0,8,0
1019,294,22.0,9,0
1019,843,22.0,10,0
1019,654,17.0,11,0
1019,61,14.0,12,0
1019,346,13.0,13,0
1019,62,12.0,14,0
1019,493,7.0,15,0
1019,606,6.0,16,0
1019,157,2.0,17,0
1019,472,1.0,18,0
1019,461,0.0,19,0
1019,77,0.0,20,0
1020,390,225.0,1,7
1020,606,184.0,2,2
1020,294,162.0,3,2
1020,346,141.0,4,0
1020,4,120.0,5,0
1020,61,55.0,6,0
1020,461,48.0,7,0
1020,77,27.0,8,0
1020,554,25.0,9,0
1020,493,22.0,10,0
1020,62,22.0,11,0
1020,838,18.0,12,0
1020,472,18.0,13,0
1020,839,17.0,14,0
1020,332,15.0,15,0
1020,843,13.0,16,0
1020,738,8.0,17,0
1020,654,1.0,18,0
1020,235,1.0,19,0
1020,157,0.0,20,0
1021,554,250.0,1,8
1021,390,188.0,2,2
1021,606,181.0,3,2
1021,738,156.0,4,0
1021,4,132.0,5,0
1021,839,63.0,6,0
1021,838,58.0,7,0
1021,332,31.0,8,0
1021,654,27.0,9,0
1021,61,24.0,10,0
1021,157,22.0,11,0
1021,843,18.0,12,0
1021,77,18.0,13,0
1021,235,17.0,14,0
1021,294,16.0,15,0
1021,62,13.0,16,0
1021,346,8.0,17,0
1021,472,1.0,18,0
1021,493,1.0,19,0
1021,461,0.0,20,0
1022,738,268.0,1,8
1022,554,203.0,2,2
1022,332,181.0,3,2
1022,606,169.0,4,0
1022,61,157.0,5,1
1022,157,65.0,6,0
1022,294,58.0,7,0
1022,843,33.0,8,0
1022,839,31.0,9,0
1022,346,26.0,10,0
1022,654,24.0,11,0
1022,77,22.0,12,0
1022,461,21.0,13,0
1022,235,21.0,14,0
1022,62,19.0,15,0
1022,838,18.0,16,0
1022,493,8.0,17,0
1022,472,1.0,18,0
1022,4,1.0,19,0
1022,390,0.0,20,0
1023,738,284.0,1,8
1023,332,221.0,2,2
1023,554,185.0,3,2
1023,235,182.0,4,2
1023,843,169.0,5,0
1023,61,65.0,6,0
1023,157,58.0,7,0
1023,390,34.0,8,0
1023,472,34.0,9,0
1023,654,33.0,10,0
1023,839,31.0,11,0
1023,346,31.0,12,0
1023,606,27.0,13,0
1023,62,25.0,14,0
1023,838,19.0,15,0
1023,461,18.0,16,0
1023,493,8.0,17,0
1023,77,3.0,18,0
1023,294,1.0,19,0
1023,4,0.0,20,0
1024,606,296.0,1,8
1024,738,231.0,2,2
1024,390,200.0,3,2
1024,554,200.0,4,2
1024,332,194.0,5,1
1024,61,69.0,6,0
1024,654,58.0,7,0
1024,839,42.0,8,0
1024,843,34.0,9,0
1024,472,33.0,10,0
1024,461,33.0,11,0
1024,4,31.0,12,0
1024,346,31.0,13,0
1024,235,27.0,14,0
1024,294,19.0,15,0
1024,493,18.0,16,0
1024,77,8.0,17,0
1024,838,4.0,18,0
1024,157,1.0,19,0
1024,62,0.0,20,0
1025,554,322.0,1,9
1025,332,249.0,2,2
1025,738,215.0,3,2
1025,390,212.0,4,2
1025,61,194.0,5,1
1025,4,69.0,6,0
1025,157,66.0,7,0
1025,654,52.0,8,0
1025,77,35.0,9,0
1025,843,34.0,10,0
1025,346,34.0,11,0
1025,294,33.0,12,0
1025,838,33.0,13,0
1025,839,31.0,14,0
1025,472,20.0,15,0
1025,493,19.0,16,0
1025,62,8.0,17,0
1025,606,4.0,18,0
1025,235,1.0,19,0
1025,461,0.0,20,0
1026,332,338.0,1,9
1026,606,274.0,2,3
1026,554,223.0,3,2
1026,61,212.0,4,2
1026,4,212.0,5,1
1026,738,76.0,6,0
1026,839,75.0,7,0
1026,157,64.0,8,0
1026,346,37.0,9,0
1026,294,35.0,10,0
1026,654,34.0,11,0
1026,838,34.0,12,0
1026,461,34.0,13,0
1026,472,31.0,14,0
1026,77,21.0,15,0
1026,62,20.0,16,0
1026,493,8.0,17,0
1026,390,4.0,18,0
1026,235,1.0,19,0
1026,843,0.0,20,0
1027,554,363.0,1,10
1027,606,289.0,2,3
1027,332,236.0,3,2
1027,738,230.0,4,1
1027,61,220.0,5,2
1027,390,77.0,6,0
1027,157,76.0,7,0
1027,235,74.0,8,0
1027,839,43.0,9,0
1027,843,38.0,10,0
1027,294,35.0,11,0
1027,346,35.0,12,0
1027,4,34.0,13,0
1027,472,31.0,14,0
1027,77,21.0,15,0
1027,62,20.0,16,0
1027,461,8.0,17,0
1027,493,4.0,18,0
1027,838,1.0,19,0
1027,654,0.0,20,0
1028,332,381.0,1,10
1028,554,314.0,2,4
1028,390,249.0,3,2
1028,738,235.0,4,2
1028,61,230.0,5,1
1028,235,84.0,6,0
1028,654,80.0,7,0
1028,4,77.0,8,0
1028,843,46.0,9,0
1028,157,44.0,10,0
1028,838,41.0,11,0
1028,294,37.0,12,0
1028,346,34.0,13,0
1028,472,31.0,14,0
1028,461,21.0,15,0
1028,839,20.0,16,0
1028,62,8.0,17,0
1028,77,4.0,18,0
1028,493,1.0,19,0
1028,606,0.0,20,0
1029,390,387.0,1,10
1029,839,314.0,2,4
1029,4,260.0,3,3
1029,838,249.0,4,2
1029,472,230.0,5,1
1029,235,95.0,6,0
1029,554,95.0,7,0
1029,654,84.0,8,0
1029,157,54.0,9,0
1029,294,46.0,10,0
1029,77,45.0,11,0
1029,62,43.0,12,0
1029,461,37.0,13,0
1029,61,35.0,14,0
1029,843,21.0,15,0
1029,493,20.0,16,0
1029,606,14.0,17,0
1029,738,8.0,18,0
1029,346,1.0,19,0
1029,332,0.0,20,0
1030,554,413.0,1,11
1030,390,326.0,2,4
1030,738,278.0,3,3
1030,332,264.0,4,2
1030,606,240.0,5,1
1030,61,96.0,6,0
1030,157,95.0,7,0
1030,654,92.0,8,0
1030,294,54.0,9,0
1030,4,52.0,10,0
1030,235,49.0,11,0
1030,843,43.0,12,0
1030,838,37.0,13,0
1030,77,37.0,14,0
1030,461,21.0,15,0
1030,472,20.0,16,0
1030,62,14.0,17,0
1030,839,8.0,18,0
1030,493,1.0,19,0
1030,346,0.0,20,0
1031,332,25.0,1,1
1031,738,18.0,2,0
1031,654,16.0,3,0
1031,554,12.0,4,0
1031,4,10.0,5,0
1031,157,8.0,6,0
1031,839,6.0,7,0
1031,261,4.0,8,0
1031,472,2.0,9,0
1031,606,1.0,10,0
1031,207,0.0,11,0
1031,294,0.0,12,0
1031,61,0.0,13,0
1031,838,0.0,14,0
1031,62,0.0,15,0
1031,461,0.0,16,0
1031,77,0.0,17,0
1031,346,0.0,18,0
1031,235,0.0,19,0
1031,390,0.0,20,0
1032,554,43.0,1,1
1032,332,37.0,2,1
1032,390,26.0,3,0
1032,61,18.0,4,0
1032,654,16.0,5,0
1032,157,15.0,6,0
1032,346,13.0,7,0
1032,235,12.0,8,0
1032,4,6.0,9,0
1032,294,6.0,10,0
1032,838,4.0,11,0
1032,77,4.0,12,0
1032,461,2.0,13,0
1032,472,1.0,14,0
1032,839,1.0,15,0
1032,62,0.0,16,0
1032,207,0.0,17,0
1032,261,0.0,18,0
1032,738,0.0,19,0
1032,606,0.0,20,0
1033,554,63.0,1,2
1033,390,58.0,2,1
1033,332,33.0,3,0
1033,346,26.0,4,0
1033,61,22.0,5,0
1033,606,22.0,6,0
1033,157,18.0,7,0
1033,235,18.0,8,0
1033,4,15.0,9,0
1033,77,9.0,10,0
1033,738,8.0,11,0
1033,294,6.0,12,0
1033,654,4.0,13,0
1033,261,2.0,14,0
1033,838,1.0,15,0
1033,461,1.0,16,0
1033,472,0.0,17,0
1033,62,0.0,18,0
1033,207,0.0,19,0
1033,839,0.0,20,0
1034,554,88.0,1,3
1034,390,58.0,2,1
1034,738,52.0,3,0
1034,235,36.0,4,0
1034,654,33.0,5,0
1034,261,26.0,6,0
1034,839,22.0,7,0
1034,61,20.0,8,0
1034,346,20.0,9,0
1034,606,15.0,10,0
1034,332,12.0,11,0
1034,62,12.0,12,0
1034,4,10.0,13,0
1034,472,2.0,14,0
1034,207,1.0,15,0
1034,461,1.0,16,0
1034,838,0.0,17,0
1034,294,0.0,18,0
1034,77,0.0,19,0
1034,843,0.0,20,0
1035,390,107.0,1,3
1035,554,77.0,2,1
1035,332,73.0,3,1
1035,738,45.0,4,0
1035,61,38.0,5,0
1035,346,36.0,6,0
1035,843,28.0,7,0
1035,261,22.0,8,0
1035,654,20.0,9,0
1035,294,16.0,10,0
1035,839,15.0,11,0
1035,606,12.0,12,0
1035,4,10.0,13,0
1035,235,6.0,14,0
1035,838,2.0,15,0
1035,461,2.0,16,0
1035,472,1.0,17,0
1035,62,0.0,18,0
1035,207,0.0,19,0
1035,77,0.0,20,0
1036,554,132.0,1,4
1036,390,95.0,2,1
1036,332,89.0,3,1
1036,346,45.0,4,0
1036,157,40.0,5,0
1036,4,40.0,6,0
1036,606,39.0,7,0
1036,61,32.0,8,0
1036,839,23.0,9,0
1036,654,20.0,10,0
1036,235,16.0,11,0
1036,294,16.0,12,0
1036,261,14.0,13,0
1036,838,6.0,14,0
1036,77,2.0,15,0
1036,472,2.0,16,0
1036,62,1.0,17,0
1036,207,0.0,18,0
1036,461,0.0,19,0
1036,738,0.0,20,0
1037,554,157.0,1,5
1037,332,110.0,2,1
1037,390,107.0,3,1
1037,235,48.0,4,0
1037,261,45.0,5,0
1037,61,45.0,6,0
1037,654,42.0,7,0
1037,839,33.0,8,0
1037,346,33.0,9,0
1037,157,26.0,10,0
1037,294,23.0,11,0
1037,838,18.0,12,0
1037,606,16.0,13,0
1037,738,6.0,14,0
1037,461,2.0,15,0
1037,207,2.0,16,0
1037,77,1.0,17,0
1037,472,0.0,18,0
1037,62,0.0,19,0
1037,4,0.0,20,0
1038,839,164.0,1,5
1038,4,117.0,2,1
1038,346,110.0,3,1
1038,654,57.0,4,0
1038,332,57.0,5,0
1038,235,48.0,6,0
1038,554,45.0,7,0
1038,261,43.0,8,1
1038,294,41.0,9,0
1038,157,41.0,10,0
1038,207,34.0,11,0
1038,461,30.0,12,0
1038,838,16.0,13,0
1038,62,6.0,14,0
1038,61,4.0,15,0
1038,472,2.0,16,0
1038,390,1.0,17,0
1038,738,0.0,18,0
1038,77,0.0,19,0
1038,606,0.0,20,0
1039,554,190.0,1,6
1039,332,135.0,2,1
1039,61,110.0,3,1
1039,235,65.0,4,0
1039,157,63.0,5,0
1039,654,57.0,6,0
1039,294,53.0,7,0
1039,738,49.0,8,0
1039,838,44.0,9,0
1039,606,43.0,10,1
1039,62,41.0,11,0
1039,461,30.0,12,0
1039,346,17.0,13,0
1039,261,10.0,14,0
1039,207,6.0,15,0
1039,77,2.0,16,0
1039,472,2.0,17,0
1039,4,1.0,18,0
1039,390,0.0,19,0
1039,839,0.0,20,0
1040,332,205.0,1,6
1040,390,161.0,2,2
1040,554,128.0,3,1
1040,157,65.0,4,0
1040,235,64.0,5,0
1040,738,63.0,6,0
1040,261,57.0,7,0
1040,294,57.0,8,0
1040,839,56.0,9,0
1040,61,45.0,10,1
1040,472,41.0,11,0
1040,77,36.0,12,0
1040,606,17.0,13,0
1040,838,14.0,14,0
1040,654,6.0,15,0
1040,207,2.0,16,0
1040,461,2.0,17,0
1040,62,1.0,18,0
1040,4,0.0,19,0
1040,346,0.0,20,0
1041,554,230.0,1,7
1041,390,161.0,2,2
1041,235,147.0,3,1
1041,157,78.0,4,0
1041,4,68.0,5,0
1041,839,65.0,6,0
1041,738,64.0,7,0
1041,843,63.0,8,0
1041,461,57.0,9,0
1041,472,53.0,10,1
1041,606,51.0,11,0
1041,838,36.0,12,0
1041,77,17.0,13,0
1041,207,14.0,14,0
1041,294,10.0,15,0
1041,654,3.0,16,0
1041,61,2.0,17,0
1041,261,2.0,18,0
1041,332,1.0,19,0
1041,62,0.0,20,0
1042,554,256.0,1,8
1042,332,179.0,2,2
1042,390,162.0,3,1
1042,738,80.0,4,0
1042,839,75.0,5,0
1042,4,74.0,6,0
1042,157,65.0,7,0
1042,261,64.0,8,0
1042,235,63.0,9,1
1042,606,59.0,10,0
1042,838,57.0,11,0
1042,61,40.0,12,0
1042,654,18.0,13,0
1042,62,14.0,14,0
1042,472,10.0,15,0
1042,77,3.0,16,0
1042,461,2.0,17,0
1042,207,2.0,18,0
1042,294,1.0,19,0
1042,346,0.0,20,0
1043,554,282.0,1,9
1043,332,197.0,2,2
1043,235,162.0,3,1
1043,294,95.0,4,0
1043,738,85.0,5,0
1043,157,82.0,6,0
1043,4,69.0,7,0
1043,654,65.0,8,0
1043,838,64.0,9,0
1043,472,63.0,10,1
1043,207,57.0,11,0
1043,606,40.0,12,0
1043,346,26.0,13,0
1043,461,18.0,14,0
1043,61,10.0,15,0
1043,62,4.0,16,0
1043,390,4.0,17,0
1043,77,2.0,18,0
1043,261,1.0,19,0
1043,839,0.0,20,0
1044,554,307.0,1,10
1044,157,197.0,2,2
1044,606,170.0,3,1
1044,738,100.0,4,0
1044,4,97.0,5,0
1044,390,96.0,6,0
1044,61,75.0,7,0
1044,654,74.0,8,0
1044,346,70.0,9,0
1044,235,63.0,10,1
1044,261,59.0,11,0
1044,294,40.0,12,0
1044,839,33.0,13,0
1044,332,26.0,14,0
1044,838,10.0,15,0
1044,62,4.0,16,0
1044,77,4.0,17,0
1044,461,2.0,18,0
1044,207,1.0,19,0
1044,472,0.0,20,0
1045,554,332.0,1,11
1045,390,201.0,2,2
1045,61,189.0,3,1
1045,654,102.0,4,0
1045,4,100.0,5,0
1045,839,98.0,6,0
1045,235,86.0,7,0
1045,332,85.0,8,0
1045,261,85.0,9,0
1045,738,71.0,10,1
1045,294,59.0,11,0
1045,62,42.0,12,0
1045,606,33.0,13,0
1045,207,26.0,14,0
1045,838,10.0,15,0
1045,472,4.0,16,0
1045,77,4.0,17,0
1045,157,2.0,18,0
1045,346,1.0,19,0
1045,461,0.0,20,0
1046,157,332.0,1,11
1046,261,205.0,2,2
1046,346,189.0,3,1
1046,4,125.0,4,1
1046,235,112.0,5,0
1046,61,98.0,6,0
1046,294,97.0,7,0
1046,332,93.0,8,0
1046,62,87.0,9,0
1046,654,74.0,10,0
1046,839,71.0,11,1
1046,606,60.0,12,0
1046,472,33.0,13,0
1046,838,32.0,14,0
1046,77,10.0,15,0
1046,723,4.0,16,0
1046,355,4.0,17,0
1046,207,3.0,18,0
1046,390,2.0,19,0
1046,738,1.0,20,0
1047,390,347.0,1,11
1047,332,223.0,2,2
1047,554,214.0,3,2
1047,61,125.0,4,1
1047,654,119.0,5,0
1047,4,105.0,6,0
1047,235,105.0,7,0
1047,839,98.0,8,0
1047,261,97.0,9,0
1047,346,75.0,10,1
1047,294,75.0,11,0
1047,838,62.0,12,0
1047,738,33.0,13,0
1047,606,32.0,14,0
1047,62,10.0,15,0
1047,472,4.0,16,0
1047,207,4.0,17,0
1047,77,3.0,18,0
1047,355,2.0,19,0
1047,157,1.0,20,0
1051,554,351.5,1,9
1051,390,343.5,2,7
1051,741,203.0,3,1
1051,157,190.0,4,1
1051,261,153.0,5,0
1051,346,152.0,6,0
1051,4,145.5,7,0
1051,738,105.0,8,1
1051,654,92.0,9,0
1051,606,77.0,10,0
1051,839,60.0,11,1
1051,235,43.0,12,0
1051,10,34.0,13,0
1051,838,20.0,14,0
1051,472,16.0,15,0
1051,285,10.0,16,0
1051,62,7.0,17,0
1051,113,1.0,18,0
1051,207,0.0,19,0
1051,332,0.0,20,0
1052,554,25.0,1,1
1052,390,18.0,2,0
1052,332,16.0,3,0
1052,654,12.0,4,0
1052,157,10.0,5,0
1052,738,8.0,6,0
1052,235,6.0,7,0
1052,4,4.0,8,0
1052,10,2.0,9,0
1052,346,1.0,10,0
1052,838,0.0,11,0
1052,472,0.0,12,0
1052,261,0.0,13,0
1052,62,0.0,14,0
1052,606,0.0,15,0
1052,285,0.0,16,0
1052,839,0.0,17,0
1052,207,0.0,18,0
1052,741,0.0,19,0
1052,113,0.0,20,0
1053,390,44.0,1,1
1053,554,43.0,2,1
1053,654,27.0,3,0
1053,738,20.0,4,0
1053,4,16.0,5,0
1053,235,14.0,6,0
1053,839,14.0,7,0
1053,346,10.0,8,0
1053,261,6.0,9,0
1053,741,5.0,10,0
1053,157,2.0,11,0
1053,10,2.0,12,0
1053,838,1.0,13,0
1053,472,0.0,14,0
1053,606,0.0,15,0
1053,285,0.0,16,0
1053,113,0.0,17,0
1053,332,0.0,18,0
1053,62,0.0,19,0
1053,207,0.0,20,0
1054,554,69.0,1,2
1054,390,61.0,2,1
1054,332,37.0,3,0
1054,157,32.0,4,0
1054,654,28.0,5,0
1054,738,22.0,6,0
1054,261,16.0,7,0
1054,741,14.0,8,0
1054,235,8.0,9,0
1054,839,7.0,10,0
1054,4,5.0,11,0
1054,472,5.0,12,0
1054,606,2.0,13,0
1054,346,0.0,14,0
1054,10,0.0,15,0
1054,62,0.0,16,0
1054,285,0.0,17,0
1054,207,0.0,18,0
1054,113,0.0,19,0
1054,838,0.0,20,0
1055,554,94.0,1,3
1055,390,80.0,2,1
1055,332,47.0,3,0
1055,738,41.0,4,0
1055,157,40.0,5,0
1055,235,32.0,6,0
1055,4,24.0,7,0
1055,654,20.0,8,0
1055,261,10.0,9,0
1055,839,8.0,10,0
1055,346,5.0,11,0
1055,838,5.0,12,0
1055,606,2.0,13,0
1055,62,0.0,14,0
1055,472,0.0,15,0
1055,207,0.0,16,0
1055,741,0.0,17,0
1055,285,0.0,18,0
1055,113,0.0,19,0
1055,10,0.0,20,0
1056,390,105.0,1,2
1056,4,101.0,2,3
1056,654,56.0,3,0
1056,157,47.0,4,0
1056,606,44.0,5,0
1056,839,40.0,6,0
1056,554,38.0,7,0
1056,346,24.0,8,0
1056,261,16.0,9,0
1056,472,12.0,10,0
1056,838,10.0,11,0
1056,235,9.0,12,0
1056,741,5.0,13,0
1056,62,2.0,14,0
1056,207,1.0,15,0
1056,10,0.0,16,0
1056,113,0.0,17,0
1056,285,0.0,18,0
1056,332,0.0,19,0
1056,738,0.0,20,0
1057,157,105.0,1,2
1057,606,101.0,2,3
1057,839,69.0,3,1
1057,738,66.0,4,0
1057,654,52.0,5,0
1057,741,47.0,6,0
1057,10,42.0,7,0
1057,4,31.0,8,0
1057,235,28.0,9,0
1057,838,26.0,10,0
1057,472,13.0,11,0
1057,332,12.0,12,0
1057,285,9.0,13,0
1057,113,8.0,14,0
1057,554,1.0,15,0
1057,207,1.0,16,0
1057,62,0.0,17,0
1057,390,0.0,18,0
1057,346,0.0,19,0
1057,261,0.0,20,0
1058,390,156.0,1,4
1058,554,138.0,2,3
1058,332,96.0,3,1
1058,157,86.0,4,0
1058,654,74.0,5,0
1058,4,58.0,6,0
1058,738,50.0,7,0
1058,346,37.0,8,0
1058,741,34.0,9,0
1058,10,30.0,10,0
1058,838,19.0,11,0
1058,606,14.0,12,0
1058,235,12.0,13,0
1058,261,9.0,14,0
1058,472,1.0,15,0
1058,285,1.0,16,0
1058,207,0.0,17,0
1058,113,0.0,18,0
1058,62,0.0,19,0
1058,839,0.0,20,0
1059,390,131.0,1,3
1059,554,119.0,2,3
1059,157,84.0,3,1
1059,332,76.0,4,0
1059,654,59.0,5,0
1059,235,52.0,6,0
1059,839,42.0,7,0
1059,741,37.0,8,0
1059,606,34.0,9,0
1059,346,30.0,10,0
1059,4,17.0,11,0
1059,62,12.0,12,0
1059,10,10.0,13,0
1059,261,8.0,14,0
1059,472,1.0,15,0
1059,738,1.0,16,0
1059,838,0.0,17,0
1059,207,0.0,18,0
1059,285,0.0,19,0
1059,113,0.0,20,0
1060,390,182.0,1,5
1060,332,150.0,2,3
1060,654,104.0,3,1
1060,554,101.0,4,0
1060,4,92.0,5,0
1060,157,62.0,6,0
1060,235,60.0,7,0
1060,738,40.0,8,0
1060,839,39.0,9,0
1060,741,30.0,10,0
1060,62,20.0,11,0
1060,10,14.0,12,0
1060,346,12.0,13,0
1060,472,9.0,14,0
1060,838,1.0,15,0
1060,207,1.0,16,0
1060,606,0.0,17,0
1060,285,0.0,18,0
1060,113,0.0,19,0
1060,261,0.0,20,0
1061,554,185.0,1,5
1061,738,177.0,2,4
1061,332,113.0,3,0
1061,654,108.0,4,0
1061,235,104.0,5,1
1061,4,80.0,6,0
1061,741,68.0,7,0
1061,346,50.0,8,0
1061,261,39.0,9,0
1061,10,30.0,10,0
1061,839,26.0,11,0
1061,62,18.0,12,0
1061,472,14.0,13,0
1061,207,10.0,14,0
1061,838,1.0,15,0
1061,157,1.0,16,0
1061,113,0.0,17,0
1061,285,0.0,18,0
1061,606,0.0,19,0
1061,390,0.0,20,0
1062,261,195.0,1,4
1062,554,187.0,2,5
1062,4,113.0,3,0
1062,741,108.0,4,0
1062,839,104.0,5,1
1062,10,83.0,6,0
1062,207,80.0,7,0
1062,62,50.0,8,0
1062,390,50.0,9,0
1062,838,39.0,10,1
1062,235,38.0,11,0
1062,285,30.0,12,0
1062,472,18.0,13,0
1062,113,18.0,14,0
1062,654,6.0,15,0
1062,332,4.0,16,0
1062,157,2.0,17,0
1062,738,1.0,18,0
1062,346,0.0,19,0
1062,606,0.0,20,0
1063,390,202.5,1,4
1063,62,199.5,2,6
1063,554,113.0,3,0
1063,235,108.0,4,0
1063,606,104.0,5,1
1063,839,83.5,6,0
1063,261,82.0,7,0
1063,738,56.0,8,0
1063,207,54.0,9,0
1063,4,42.0,10,1
1063,741,38.0,11,0
1063,332,35.0,12,0
1063,472,18.0,13,0
1063,654,18.0,14,0
1063,10,13.0,15,0
1063,285,7.0,16,0
1063,113,2.0,17,0
1063,838,1.0,18,0
1063,157,0.0,19,0
1063,346,0.0,20,0
1064,390,224.5,1,7
1064,554,221.5,2,4
1064,332,123.0,3,0
1064,839,114.0,4,0
1064,738,108.0,5,1
1064,741,92.0,6,0
1064,4,89.5,7,0
1064,157,66.0,8,0
1064,261,56.0,9,0
1064,654,46.0,10,0
1064,235,44.0,11,1
1064,346,35.0,12,0
1064,606,18.0,13,0
1064,472,18.0,14,0
1064,493,13.0,15,0
1064,207,7.0,16,0
1064,62,2.0,17,0
1064,285,1.0,18,0
1064,10,0.0,19,0
1064,113,0.0,20,0
1065,235,226.5,1,7
1065,654,221.5,2,4
1065,332,141.0,3,0
1065,738,132.0,4,0
1065,157,118.0,5,1
1065,4,104.0,6,0
1065,346,97.5,7,0
1065,741,83.0,8,1
1065,62,66.0,9,0
1065,261,50.0,10,0
1065,207,45.0,11,1
1065,606,35.0,12,0
1065,472,24.0,13,0
1065,493,18.0,14,0
1065,285,15.0,15,0
1065,113,7.0,16,0
1065,554,2.0,17,0
1065,390,1.0,18,0
1065,839,0.0,19,0
1065,10,0.0,20,0
1066,554,246.5,1,5
1066,390,244.5,2,7
1066,4,151.0,3,0
1066,235,139.0,4,0
1066,332,120.0,5,1
1066,741,112.5,6,0
1066,654,104.0,7,0
1066,838,95.0,8,1
1066,157,66.0,9,0
1066,62,58.0,10,0
1066,346,45.0,11,1
1066,606,35.0,12,0
1066,839,24.0,13,0
1066,261,18.0,14,0
1066,738,16.0,15,0
1066,472,7.0,16,0
1066,10,6.0,17,0
1066,113,1.0,18,0
1066,207,0.0,19,0
1066,285,0.0,20,0
1067,332,262.5,1,7
1067,390,256.5,2,5
1067,157,177.0,3,1
1067,738,145.0,4,0
1067,554,135.0,5,1
1067,839,116.5,6,0
1067,654,116.0,7,0
1067,4,95.0,8,1
1067,346,74.0,9,0
1067,261,58.0,10,0
1067,472,46.0,11,1
1067,838,35.0,12,0
1067,235,26.0,13,0
1067,10,18.0,14,0
1067,62,16.0,15,0
1067,741,7.0,16,0
1067,207,6.0,17,0
1067,606,1.0,18,0
1067,285,0.0,19,0
1067,113,0.0,20,0
1069,390,287.5,1,8
1069,554,275.5,2,5
1069,157,185.0,3,1
1069,738,150.0,4,1
1069,235,149.0,5,0
1069,332,128.0,6,0
1069,4,122.5,7,0
1069,654,105.0,8,1
1069,10,74.0,9,0
1069,606,58.0,10,0
1069,472,46.0,11,1
1069,346,36.0,12,0
1069,838,26.0,13,0
1069,62,20.0,14,0
1069,207,16.0,15,0
1069,285,7.0,16,0
1069,113,6.0,17,0
1069,741,1.0,18,0
1069,261,0.0,19,0
1069,839,0.0,20,0
1070,390,312.5,1,9
1070,554,293.5,2,5
1070,157,185.0,3,1
1070,839,165.0,4,1
1070,738,150.0,5,0
1070,4,138.0,6,0
1070,606,130.5,7,0
1070,838,105.0,8,1
1070,741,86.0,9,0
1070,654,60.0,10,0
1070,472,46.0,11,1
1070,235,42.0,12,0
1070,261,26.0,13,0
1070,346,20.0,14,0
1070,332,16.0,15,0
1070,62,10.0,16,0
1070,207,7.0,17,0
1070,113,1.0,18,0
1070,285,0.0,19,0
1070,10,0.0,20,0
1071,554,332.5,1,9
1071,390,318.5,2,6
1071,332,203.0,3,1
1071,157,178.0,4,1
1071,738,151.0,5,0
1071,4,148.0,6,0
1071,839,139.5,7,0
1071,261,105.0,8,1
1071,741,92.0,9,0
1071,654,62.0,10,0
1071,606,50.0,11,1
1071,838,42.0,12,0
1071,62,26.0,13,0
1071,472,20.0,14,0
1071,10,16.0,15,0
1071,207,10.0,16,0
1071,113,7.0,17,0
1071,285,1.0,18,0
1071,235,0.0,19,0
1071,346,0.0,20,0
1072,554,369.5,1,9
1072,390,369.5,2,8
1072,332,218.0,3,1
1072,261,190.0,4,1
1072,235,158.0,5,0
1072,839,154.0,6,0
1072,738,149.5,7,0
1072,4,115.0,8,1
1072,472,100.0,9,0
1072,654,77.0,10,0
1072,346,72.0,11,1
1072,207,43.0,12,0
1072,741,34.0,13,0
1072,10,20.0,14,0
1072,838,16.0,15,0
1072,606,10.0,16,0
1072,157,7.0,17,0
1072,113,3.0,18,0
1072,62,0.0,19,0
1072,285,0.0,20,0
1073,390,395.5,1,10
1073,554,387.5,2,8
1073,4,226.0,3,1
1073,10,190.0,4,1
1073,839,164.5,5,0
1073,332,160.0,6,0
1073,654,159.0,7,0
1073,741,115.0,8,1
1073,261,110.0,9,0
1073,738,81.0,10,0
1073,606,74.0,11,1
1073,235,43.0,12,0
1073,346,34.0,13,0
1073,285,32.0,14,0
1073,157,16.0,15,0
1073,207,10.0,16,0
1073,472,7.0,17,0
1073,62,3.0,18,0
1073,838,0.0,19,0
1073,113,0.0,20,0
1074,738,26.0,1,1
1074,4,18.0,2,0
1074,554,15.0,3,0
1074,62,12.0,4,0
1074,77,10.0,5,0
1074,332,8.0,6,0
1074,261,6.0,7,0
1074,10,4.0,8,0
1074,741,2.0,9,0
1074,612,1.0,10,0
1074,285,0.0,11,0
1074,346,0.0,12,0
1074,61,0.0,13,0
1074,235,0.0,14,0
1074,654,0.0,15,0
1074,207,0.0,16,0
1074,843,0.0,17,0
1074,157,0.0,18,0
1074,390,0.0,19,0
1074,839,0.0,20,0
1075,390,45.0,1,1
1075,738,33.0,2,0
1075,4,25.0,3,1
1075,157,22.0,4,0
1075,62,16.0,5,0
1075,261,14.0,6,0
1075,654,12.0,7,0
1075,839,12.0,8,0
1075,77,8.0,9,0
1075,554,6.0,10,0
1075,612,4.0,11,0
1075,843,4.0,12,0
1075,346,2.0,13,0
1075,61,1.0,14,0
1075,332,0.0,15,0
1075,741,0.0,16,0
1075,235,0.0,17,0
1075,207,0.0,18,0
1075,10,0.0,19,0
1075,285,0.0,20,0
1076,738,71.0,1,2
1076,157,37.0,2,0
1076,62,33.0,3,0
1076,554,30.0,4,0
1076,654,28.0,5,0
1076,235,25.0,6,1
1076,261,20.0,7,0
1076,332,16.0,8,0
1076,839,12.0,9,0
1076,61,12.0,10,0
1076,612,8.0,11,0
1076,346,6.0,12,0
1076,285,4.0,13,0
1076,77,2.0,14,0
1076,10,1.0,15,0
1076,207,1.0,16,0
1076,741,0.0,17,0
1076,390,0.0,18,0
1076,606,0.0,19,0
1076,4,0.0,20,0
1077,390,86.0,1,2
1077,157,59.0,2,2
1077,654,54.0,3,0
1077,62,49.0,4,0
1077,332,38.0,5,0
1077,738,35.0,6,0
1077,10,28.0,7,0
1077,606,24.0,8,0
1077,77,20.0,9,0
1077,346,15.0,10,0
1077,61,11.0,11,0
1077,839,10.0,12,0
1077,554,6.0,13,0
1077,261,4.0,14,0
1077,612,2.0,15,0
1077,207,1.0,16,0
1077,285,1.0,17,0
1077,235,1.0,18,0
1077,741,0.0,19,0
1077,4,0.0,20,0
1078,390,104.0,1,2
1078,738,85.0,2,3
1078,4,66.0,3,0
1078,157,59.0,4,0
1078,62,53.0,5,0
1078,554,36.0,6,0
1078,332,35.0,7,0
1078,261,30.0,8,0
1078,61,24.0,9,0
1078,346,15.0,10,0
1078,741,11.0,11,0
1078,10,10.0,12,0
1078,235,6.0,13,0
1078,207,4.0,14,0
1078,285,3.0,15,0
1078,77,2.0,16,0
1078,606,2.0,17,0
1078,839,1.0,18,0
1078,654,0.0,19,0
1078,612,0.0,20,0
1079,390,110.0,1,4
1079,157,104.0,2,2
1079,62,85.0,3,0
1079,4,74.0,4,0
1079,554,65.0,5,0
1079,332,46.0,6,0
1079,261,39.0,7,0
1079,654,38.0,8,0
1079,741,30.0,9,0
1079,10,15.0,10,0
1079,606,11.0,11,0
1079,235,11.0,12,0
1079,839,6.0,13,0
1079,285,4.0,14,0
1079,346,4.0,15,0
1079,207,3.0,16,0
1079,77,2.0,17,0
1079,61,1.0,18,0
1079,612,0.0,19,0
1079,738,0.0,20,0
1080,157,125.0,1,4
1080,4,116.0,2,2
1080,390,110.0,3,1
1080,738,84.0,4,0
1080,62,83.0,5,0
1080,654,50.0,6,0
1080,741,48.0,7,0
1080,554,40.0,8,0
1080,332,30.0,9,0
1080,606,15.0,10,0
1080,839,11.0,11,0
1080,261,11.0,12,0
1080,235,10.0,13,0
1080,346,6.0,14,0
1080,207,5.0,15,0
1080,612,3.0,16,0
1080,10,2.0,17,0
1080,61,1.0,18,0
1080,285,0.0,19,0
1080,77,0.0,20,0
